<?xml version="1.0" encoding="utf-8" ?>
<gpx xmlns="http://www.topografix.com/GPX/1/1" creator="http://furkot.com/" version="1.1" xmlns:xsi="http://www.w3.org/2001/XMLSchema-instance" xsi:schemaLocation="http://www.topografix.com/GPX/1/1 http://www.topografix.com/GPX/1/1/gpx.xsd">
  <metadata>
    <name>Hanging Rock Tavern Run</name>
    <author>
      <name>Furkot - road trip planner</name>
      <email id="trips" domain="furkot.com"></email>
      <link href="https://trips.furkot.com">
        <text>Furkot</text>
      </link>
    </author>
  </metadata>
  <wpt lat="37.796515" lon="-80.297573">
    <time>2026-07-25T13:00:00.000Z</time>
    <name>White Sulphur Springs</name>
    <cmt>West Virginia, USA</cmt>
    <desc>West Virginia, USA</desc>
    <sym>Flag, Blue</sym>
  </wpt>
  <wpt lat="37.359200" lon="-80.089800">
    <time>2026-07-25T15:15:54.000Z</time>
    <name>Hanging Rock Tavern</name>
    <cmt>Bluebird Lane, VA</cmt>
    <desc>Bluebird Lane, VA</desc>
  </wpt>
  <wpt lat="37.350278" lon="-80.808611">
    <time>2026-07-25T17:24:32.000Z</time>
    <name>The Narrows</name>
    <cmt>Giles County, VA</cmt>
    <desc>Giles County, VA</desc>
    <link href="https://ridethedivides.org/"></link>
    <sym>Bike Trail</sym>
  </wpt>
  <trk>
    <name>Day 1 - Sat, Jul 25, 2026</name>
    <trkseg>
      <trkpt lat="37.796468" lon="-80.297512"></trkpt>
      <trkpt lat="37.796564" lon="-80.297395"></trkpt>
      <trkpt lat="37.796825" lon="-80.297032"></trkpt>
      <trkpt lat="37.797112" lon="-80.296343"></trkpt>
      <trkpt lat="37.797272" lon="-80.296021"></trkpt>
      <trkpt lat="37.797722" lon="-80.295251"></trkpt>
      <trkpt lat="37.797762" lon="-80.295187"></trkpt>
      <trkpt lat="37.797872" lon="-80.294976"></trkpt>
      <trkpt lat="37.798914" lon="-80.292964"></trkpt>
      <trkpt lat="37.799041" lon="-80.292688"></trkpt>
      <trkpt lat="37.799548" lon="-80.291669"></trkpt>
      <trkpt lat="37.799926" lon="-80.290872"></trkpt>
      <trkpt lat="37.800055" lon="-80.290623"></trkpt>
      <trkpt lat="37.800404" lon="-80.289994"></trkpt>
      <trkpt lat="37.800807" lon="-80.289193"></trkpt>
      <trkpt lat="37.801096" lon="-80.288640"></trkpt>
      <trkpt lat="37.801631" lon="-80.287618"></trkpt>
      <trkpt lat="37.801642" lon="-80.287597"></trkpt>
      <trkpt lat="37.801801" lon="-80.287286"></trkpt>
      <trkpt lat="37.801928" lon="-80.286963"></trkpt>
      <trkpt lat="37.801994" lon="-80.286674"></trkpt>
      <trkpt lat="37.802013" lon="-80.286591"></trkpt>
      <trkpt lat="37.802082" lon="-80.285750"></trkpt>
      <trkpt lat="37.802152" lon="-80.284470"></trkpt>
      <trkpt lat="37.802162" lon="-80.283687"></trkpt>
      <trkpt lat="37.802068" lon="-80.283254"></trkpt>
      <trkpt lat="37.801953" lon="-80.282892"></trkpt>
      <trkpt lat="37.801755" lon="-80.282541"></trkpt>
      <trkpt lat="37.801520" lon="-80.282225"></trkpt>
      <trkpt lat="37.800250" lon="-80.281027"></trkpt>
      <trkpt lat="37.799730" lon="-80.280545"></trkpt>
      <trkpt lat="37.798500" lon="-80.279426"></trkpt>
      <trkpt lat="37.797282" lon="-80.278296"></trkpt>
      <trkpt lat="37.796481" lon="-80.277540"></trkpt>
      <trkpt lat="37.795667" lon="-80.276695"></trkpt>
      <trkpt lat="37.795193" lon="-80.276149"></trkpt>
      <trkpt lat="37.794366" lon="-80.275198"></trkpt>
      <trkpt lat="37.793978" lon="-80.274715"></trkpt>
      <trkpt lat="37.793768" lon="-80.274452"></trkpt>
      <trkpt lat="37.793300" lon="-80.273857"></trkpt>
      <trkpt lat="37.792980" lon="-80.273428"></trkpt>
      <trkpt lat="37.792531" lon="-80.272803"></trkpt>
      <trkpt lat="37.792365" lon="-80.272560"></trkpt>
      <trkpt lat="37.792213" lon="-80.272333"></trkpt>
      <trkpt lat="37.792005" lon="-80.272057"></trkpt>
      <trkpt lat="37.791852" lon="-80.271853"></trkpt>
      <trkpt lat="37.791686" lon="-80.271640"></trkpt>
      <trkpt lat="37.791524" lon="-80.271443"></trkpt>
      <trkpt lat="37.791357" lon="-80.271246"></trkpt>
      <trkpt lat="37.790939" lon="-80.270752"></trkpt>
      <trkpt lat="37.790465" lon="-80.270181"></trkpt>
      <trkpt lat="37.790127" lon="-80.269644"></trkpt>
      <trkpt lat="37.789818" lon="-80.269214"></trkpt>
      <trkpt lat="37.789627" lon="-80.268904"></trkpt>
      <trkpt lat="37.789449" lon="-80.268554"></trkpt>
      <trkpt lat="37.789279" lon="-80.268163"></trkpt>
      <trkpt lat="37.789131" lon="-80.267767"></trkpt>
      <trkpt lat="37.789012" lon="-80.267341"></trkpt>
      <trkpt lat="37.788919" lon="-80.266941"></trkpt>
      <trkpt lat="37.788298" lon="-80.263262"></trkpt>
      <trkpt lat="37.787931" lon="-80.261040"></trkpt>
      <trkpt lat="37.787614" lon="-80.258860"></trkpt>
      <trkpt lat="37.787575" lon="-80.258350"></trkpt>
      <trkpt lat="37.787558" lon="-80.257853"></trkpt>
      <trkpt lat="37.787563" lon="-80.257449"></trkpt>
      <trkpt lat="37.787605" lon="-80.256983"></trkpt>
      <trkpt lat="37.787652" lon="-80.256581"></trkpt>
      <trkpt lat="37.788100" lon="-80.254118"></trkpt>
      <trkpt lat="37.788165" lon="-80.253646"></trkpt>
      <trkpt lat="37.788211" lon="-80.253250"></trkpt>
      <trkpt lat="37.788249" lon="-80.252685"></trkpt>
      <trkpt lat="37.788236" lon="-80.252155"></trkpt>
      <trkpt lat="37.788176" lon="-80.251630"></trkpt>
      <trkpt lat="37.788088" lon="-80.251163"></trkpt>
      <trkpt lat="37.787957" lon="-80.250665"></trkpt>
      <trkpt lat="37.787680" lon="-80.249842"></trkpt>
      <trkpt lat="37.785612" lon="-80.243623"></trkpt>
      <trkpt lat="37.784639" lon="-80.241092"></trkpt>
      <trkpt lat="37.783610" lon="-80.238568"></trkpt>
      <trkpt lat="37.782647" lon="-80.236112"></trkpt>
      <trkpt lat="37.782450" lon="-80.235638"></trkpt>
      <trkpt lat="37.782361" lon="-80.235375"></trkpt>
      <trkpt lat="37.782292" lon="-80.235149"></trkpt>
      <trkpt lat="37.782212" lon="-80.234822"></trkpt>
      <trkpt lat="37.782140" lon="-80.234447"></trkpt>
      <trkpt lat="37.781965" lon="-80.233375"></trkpt>
      <trkpt lat="37.781842" lon="-80.232403"></trkpt>
      <trkpt lat="37.781801" lon="-80.232139"></trkpt>
      <trkpt lat="37.781741" lon="-80.231947"></trkpt>
      <trkpt lat="37.781674" lon="-80.231771"></trkpt>
      <trkpt lat="37.781600" lon="-80.231632"></trkpt>
      <trkpt lat="37.781426" lon="-80.231384"></trkpt>
      <trkpt lat="37.781322" lon="-80.231260"></trkpt>
      <trkpt lat="37.781186" lon="-80.231143"></trkpt>
      <trkpt lat="37.781111" lon="-80.231082"></trkpt>
      <trkpt lat="37.780859" lon="-80.230949"></trkpt>
      <trkpt lat="37.780792" lon="-80.230907"></trkpt>
      <trkpt lat="37.780740" lon="-80.230864"></trkpt>
      <trkpt lat="37.780686" lon="-80.230808"></trkpt>
      <trkpt lat="37.780642" lon="-80.230748"></trkpt>
      <trkpt lat="37.780605" lon="-80.230677"></trkpt>
      <trkpt lat="37.780566" lon="-80.230595"></trkpt>
      <trkpt lat="37.780543" lon="-80.230525"></trkpt>
      <trkpt lat="37.780528" lon="-80.230440"></trkpt>
      <trkpt lat="37.780520" lon="-80.230369"></trkpt>
      <trkpt lat="37.780517" lon="-80.230263"></trkpt>
      <trkpt lat="37.780532" lon="-80.229973"></trkpt>
      <trkpt lat="37.780533" lon="-80.229910"></trkpt>
      <trkpt lat="37.780525" lon="-80.229840"></trkpt>
      <trkpt lat="37.780512" lon="-80.229775"></trkpt>
      <trkpt lat="37.780491" lon="-80.229701"></trkpt>
      <trkpt lat="37.780427" lon="-80.229546"></trkpt>
      <trkpt lat="37.780341" lon="-80.229362"></trkpt>
      <trkpt lat="37.780262" lon="-80.229231"></trkpt>
      <trkpt lat="37.780204" lon="-80.229148"></trkpt>
      <trkpt lat="37.780164" lon="-80.229098"></trkpt>
      <trkpt lat="37.780124" lon="-80.229063"></trkpt>
      <trkpt lat="37.780078" lon="-80.229034"></trkpt>
      <trkpt lat="37.780013" lon="-80.229002"></trkpt>
      <trkpt lat="37.779942" lon="-80.228986"></trkpt>
      <trkpt lat="37.779867" lon="-80.228967"></trkpt>
      <trkpt lat="37.779594" lon="-80.228942"></trkpt>
      <trkpt lat="37.779522" lon="-80.228922"></trkpt>
      <trkpt lat="37.779450" lon="-80.228890"></trkpt>
      <trkpt lat="37.779393" lon="-80.228852"></trkpt>
      <trkpt lat="37.779335" lon="-80.228801"></trkpt>
      <trkpt lat="37.779281" lon="-80.228739"></trkpt>
      <trkpt lat="37.779225" lon="-80.228660"></trkpt>
      <trkpt lat="37.779181" lon="-80.228563"></trkpt>
      <trkpt lat="37.779138" lon="-80.228427"></trkpt>
      <trkpt lat="37.779117" lon="-80.228344"></trkpt>
      <trkpt lat="37.779106" lon="-80.228286"></trkpt>
      <trkpt lat="37.779066" lon="-80.228066"></trkpt>
      <trkpt lat="37.779041" lon="-80.227967"></trkpt>
      <trkpt lat="37.779001" lon="-80.227871"></trkpt>
      <trkpt lat="37.778955" lon="-80.227786"></trkpt>
      <trkpt lat="37.778883" lon="-80.227699"></trkpt>
      <trkpt lat="37.778823" lon="-80.227633"></trkpt>
      <trkpt lat="37.778723" lon="-80.227556"></trkpt>
      <trkpt lat="37.778612" lon="-80.227510"></trkpt>
      <trkpt lat="37.778481" lon="-80.227493"></trkpt>
      <trkpt lat="37.778393" lon="-80.227511"></trkpt>
      <trkpt lat="37.778295" lon="-80.227539"></trkpt>
      <trkpt lat="37.778225" lon="-80.227588"></trkpt>
      <trkpt lat="37.778137" lon="-80.227638"></trkpt>
      <trkpt lat="37.778059" lon="-80.227696"></trkpt>
      <trkpt lat="37.777974" lon="-80.227801"></trkpt>
      <trkpt lat="37.777782" lon="-80.228072"></trkpt>
      <trkpt lat="37.777526" lon="-80.228445"></trkpt>
      <trkpt lat="37.777439" lon="-80.228560"></trkpt>
      <trkpt lat="37.777278" lon="-80.228723"></trkpt>
      <trkpt lat="37.777258" lon="-80.228738"></trkpt>
      <trkpt lat="37.777123" lon="-80.228840"></trkpt>
      <trkpt lat="37.776826" lon="-80.229017"></trkpt>
      <trkpt lat="37.776556" lon="-80.229223"></trkpt>
      <trkpt lat="37.775554" lon="-80.229944"></trkpt>
      <trkpt lat="37.775047" lon="-80.230303"></trkpt>
      <trkpt lat="37.774722" lon="-80.230524"></trkpt>
      <trkpt lat="37.774158" lon="-80.230974"></trkpt>
      <trkpt lat="37.774100" lon="-80.231025"></trkpt>
      <trkpt lat="37.773109" lon="-80.231633"></trkpt>
      <trkpt lat="37.772287" lon="-80.232237"></trkpt>
      <trkpt lat="37.771962" lon="-80.232465"></trkpt>
      <trkpt lat="37.771683" lon="-80.232660"></trkpt>
      <trkpt lat="37.771075" lon="-80.233109"></trkpt>
      <trkpt lat="37.770413" lon="-80.233581"></trkpt>
      <trkpt lat="37.770076" lon="-80.233821"></trkpt>
      <trkpt lat="37.769385" lon="-80.234292"></trkpt>
      <trkpt lat="37.769247" lon="-80.234390"></trkpt>
      <trkpt lat="37.768739" lon="-80.234748"></trkpt>
      <trkpt lat="37.768668" lon="-80.234798"></trkpt>
      <trkpt lat="37.768129" lon="-80.235169"></trkpt>
      <trkpt lat="37.767526" lon="-80.235609"></trkpt>
      <trkpt lat="37.766967" lon="-80.236017"></trkpt>
      <trkpt lat="37.766811" lon="-80.236109"></trkpt>
      <trkpt lat="37.766304" lon="-80.236338"></trkpt>
      <trkpt lat="37.765680" lon="-80.236574"></trkpt>
      <trkpt lat="37.765291" lon="-80.236740"></trkpt>
      <trkpt lat="37.765115" lon="-80.236835"></trkpt>
      <trkpt lat="37.764945" lon="-80.236945"></trkpt>
      <trkpt lat="37.764719" lon="-80.237099"></trkpt>
      <trkpt lat="37.763719" lon="-80.237810"></trkpt>
      <trkpt lat="37.763261" lon="-80.238131"></trkpt>
      <trkpt lat="37.762985" lon="-80.238324"></trkpt>
      <trkpt lat="37.762556" lon="-80.238635"></trkpt>
      <trkpt lat="37.761962" lon="-80.239051"></trkpt>
      <trkpt lat="37.761607" lon="-80.239306"></trkpt>
      <trkpt lat="37.760964" lon="-80.239768"></trkpt>
      <trkpt lat="37.760695" lon="-80.239951"></trkpt>
      <trkpt lat="37.760328" lon="-80.240190"></trkpt>
      <trkpt lat="37.760142" lon="-80.240280"></trkpt>
      <trkpt lat="37.759952" lon="-80.240358"></trkpt>
      <trkpt lat="37.759860" lon="-80.240390"></trkpt>
      <trkpt lat="37.759812" lon="-80.240406"></trkpt>
      <trkpt lat="37.759564" lon="-80.240471"></trkpt>
      <trkpt lat="37.759405" lon="-80.240490"></trkpt>
      <trkpt lat="37.759254" lon="-80.240502"></trkpt>
      <trkpt lat="37.758748" lon="-80.240544"></trkpt>
      <trkpt lat="37.758233" lon="-80.240618"></trkpt>
      <trkpt lat="37.757978" lon="-80.240655"></trkpt>
      <trkpt lat="37.757749" lon="-80.240679"></trkpt>
      <trkpt lat="37.756942" lon="-80.240785"></trkpt>
      <trkpt lat="37.756835" lon="-80.240795"></trkpt>
      <trkpt lat="37.756037" lon="-80.240873"></trkpt>
      <trkpt lat="37.755984" lon="-80.240878"></trkpt>
      <trkpt lat="37.754771" lon="-80.241018"></trkpt>
      <trkpt lat="37.754138" lon="-80.241081"></trkpt>
      <trkpt lat="37.753872" lon="-80.241117"></trkpt>
      <trkpt lat="37.753605" lon="-80.241136"></trkpt>
      <trkpt lat="37.753498" lon="-80.241138"></trkpt>
      <trkpt lat="37.752578" lon="-80.241066"></trkpt>
      <trkpt lat="37.752244" lon="-80.241033"></trkpt>
      <trkpt lat="37.751885" lon="-80.241005"></trkpt>
      <trkpt lat="37.751712" lon="-80.240997"></trkpt>
      <trkpt lat="37.751532" lon="-80.240989"></trkpt>
      <trkpt lat="37.751179" lon="-80.241001"></trkpt>
      <trkpt lat="37.750277" lon="-80.241100"></trkpt>
      <trkpt lat="37.750155" lon="-80.241100"></trkpt>
      <trkpt lat="37.750004" lon="-80.241084"></trkpt>
      <trkpt lat="37.749677" lon="-80.241028"></trkpt>
      <trkpt lat="37.749658" lon="-80.241024"></trkpt>
      <trkpt lat="37.749467" lon="-80.240980"></trkpt>
      <trkpt lat="37.749394" lon="-80.240963"></trkpt>
      <trkpt lat="37.748971" lon="-80.240870"></trkpt>
      <trkpt lat="37.748685" lon="-80.240798"></trkpt>
      <trkpt lat="37.748475" lon="-80.240745"></trkpt>
      <trkpt lat="37.748186" lon="-80.240667"></trkpt>
      <trkpt lat="37.748135" lon="-80.240653"></trkpt>
      <trkpt lat="37.747963" lon="-80.240586"></trkpt>
      <trkpt lat="37.747874" lon="-80.240551"></trkpt>
      <trkpt lat="37.747669" lon="-80.240457"></trkpt>
      <trkpt lat="37.747622" lon="-80.240428"></trkpt>
      <trkpt lat="37.747449" lon="-80.240321"></trkpt>
      <trkpt lat="37.747224" lon="-80.240159"></trkpt>
      <trkpt lat="37.747153" lon="-80.240101"></trkpt>
      <trkpt lat="37.747039" lon="-80.239995"></trkpt>
      <trkpt lat="37.746967" lon="-80.239956"></trkpt>
      <trkpt lat="37.746901" lon="-80.239943"></trkpt>
      <trkpt lat="37.746777" lon="-80.239949"></trkpt>
      <trkpt lat="37.746462" lon="-80.239941"></trkpt>
      <trkpt lat="37.746357" lon="-80.239914"></trkpt>
      <trkpt lat="37.746339" lon="-80.239907"></trkpt>
      <trkpt lat="37.746267" lon="-80.239861"></trkpt>
      <trkpt lat="37.746204" lon="-80.239799"></trkpt>
      <trkpt lat="37.746156" lon="-80.239724"></trkpt>
      <trkpt lat="37.746109" lon="-80.239617"></trkpt>
      <trkpt lat="37.746024" lon="-80.239421"></trkpt>
      <trkpt lat="37.745777" lon="-80.238874"></trkpt>
      <trkpt lat="37.745573" lon="-80.238364"></trkpt>
      <trkpt lat="37.745231" lon="-80.237472"></trkpt>
      <trkpt lat="37.745151" lon="-80.237291"></trkpt>
      <trkpt lat="37.745039" lon="-80.237074"></trkpt>
      <trkpt lat="37.744990" lon="-80.236991"></trkpt>
      <trkpt lat="37.744481" lon="-80.235996"></trkpt>
      <trkpt lat="37.744311" lon="-80.235649"></trkpt>
      <trkpt lat="37.744223" lon="-80.235469"></trkpt>
      <trkpt lat="37.744098" lon="-80.235215"></trkpt>
      <trkpt lat="37.744005" lon="-80.234985"></trkpt>
      <trkpt lat="37.743940" lon="-80.234796"></trkpt>
      <trkpt lat="37.743521" lon="-80.233450"></trkpt>
      <trkpt lat="37.743284" lon="-80.232461"></trkpt>
      <trkpt lat="37.743177" lon="-80.231933"></trkpt>
      <trkpt lat="37.743125" lon="-80.231742"></trkpt>
      <trkpt lat="37.743066" lon="-80.231580"></trkpt>
      <trkpt lat="37.742936" lon="-80.231275"></trkpt>
      <trkpt lat="37.742851" lon="-80.231105"></trkpt>
      <trkpt lat="37.742697" lon="-80.230835"></trkpt>
      <trkpt lat="37.742632" lon="-80.230731"></trkpt>
      <trkpt lat="37.742274" lon="-80.230073"></trkpt>
      <trkpt lat="37.741920" lon="-80.229433"></trkpt>
      <trkpt lat="37.741705" lon="-80.229001"></trkpt>
      <trkpt lat="37.741412" lon="-80.228315"></trkpt>
      <trkpt lat="37.740787" lon="-80.226848"></trkpt>
      <trkpt lat="37.740606" lon="-80.226461"></trkpt>
      <trkpt lat="37.740568" lon="-80.226384"></trkpt>
      <trkpt lat="37.740492" lon="-80.226233"></trkpt>
      <trkpt lat="37.740332" lon="-80.225935"></trkpt>
      <trkpt lat="37.740238" lon="-80.225725"></trkpt>
      <trkpt lat="37.740136" lon="-80.225545"></trkpt>
      <trkpt lat="37.740043" lon="-80.225406"></trkpt>
      <trkpt lat="37.739906" lon="-80.225237"></trkpt>
      <trkpt lat="37.739742" lon="-80.225068"></trkpt>
      <trkpt lat="37.739662" lon="-80.224988"></trkpt>
      <trkpt lat="37.739534" lon="-80.224880"></trkpt>
      <trkpt lat="37.739397" lon="-80.224788"></trkpt>
      <trkpt lat="37.739255" lon="-80.224713"></trkpt>
      <trkpt lat="37.739167" lon="-80.224678"></trkpt>
      <trkpt lat="37.739019" lon="-80.224618"></trkpt>
      <trkpt lat="37.738921" lon="-80.224592"></trkpt>
      <trkpt lat="37.738797" lon="-80.224577"></trkpt>
      <trkpt lat="37.738673" lon="-80.224580"></trkpt>
      <trkpt lat="37.738444" lon="-80.224626"></trkpt>
      <trkpt lat="37.738217" lon="-80.224691"></trkpt>
      <trkpt lat="37.737508" lon="-80.224927"></trkpt>
      <trkpt lat="37.737331" lon="-80.224982"></trkpt>
      <trkpt lat="37.736593" lon="-80.225209"></trkpt>
      <trkpt lat="37.736274" lon="-80.225299"></trkpt>
      <trkpt lat="37.736094" lon="-80.225373"></trkpt>
      <trkpt lat="37.735919" lon="-80.225465"></trkpt>
      <trkpt lat="37.735817" lon="-80.225528"></trkpt>
      <trkpt lat="37.735343" lon="-80.225887"></trkpt>
      <trkpt lat="37.735176" lon="-80.225992"></trkpt>
      <trkpt lat="37.735003" lon="-80.226082"></trkpt>
      <trkpt lat="37.734824" lon="-80.226147"></trkpt>
      <trkpt lat="37.734715" lon="-80.226178"></trkpt>
      <trkpt lat="37.734548" lon="-80.226211"></trkpt>
      <trkpt lat="37.734430" lon="-80.226215"></trkpt>
      <trkpt lat="37.734346" lon="-80.226204"></trkpt>
      <trkpt lat="37.734313" lon="-80.226200"></trkpt>
      <trkpt lat="37.734220" lon="-80.226174"></trkpt>
      <trkpt lat="37.733538" lon="-80.225913"></trkpt>
      <trkpt lat="37.733460" lon="-80.225906"></trkpt>
      <trkpt lat="37.733382" lon="-80.225917"></trkpt>
      <trkpt lat="37.733308" lon="-80.225945"></trkpt>
      <trkpt lat="37.733199" lon="-80.226013"></trkpt>
      <trkpt lat="37.733123" lon="-80.226082"></trkpt>
      <trkpt lat="37.733058" lon="-80.226165"></trkpt>
      <trkpt lat="37.733024" lon="-80.226221"></trkpt>
      <trkpt lat="37.732829" lon="-80.226635"></trkpt>
      <trkpt lat="37.732724" lon="-80.226821"></trkpt>
      <trkpt lat="37.732649" lon="-80.226917"></trkpt>
      <trkpt lat="37.732610" lon="-80.226952"></trkpt>
      <trkpt lat="37.732576" lon="-80.226983"></trkpt>
      <trkpt lat="37.732495" lon="-80.227032"></trkpt>
      <trkpt lat="37.732427" lon="-80.227060"></trkpt>
      <trkpt lat="37.732339" lon="-80.227078"></trkpt>
      <trkpt lat="37.732187" lon="-80.227087"></trkpt>
      <trkpt lat="37.732071" lon="-80.227075"></trkpt>
      <trkpt lat="37.731957" lon="-80.227046"></trkpt>
      <trkpt lat="37.731655" lon="-80.226925"></trkpt>
      <trkpt lat="37.731357" lon="-80.226841"></trkpt>
      <trkpt lat="37.730968" lon="-80.226778"></trkpt>
      <trkpt lat="37.730409" lon="-80.226766"></trkpt>
      <trkpt lat="37.729326" lon="-80.226716"></trkpt>
      <trkpt lat="37.729192" lon="-80.226710"></trkpt>
      <trkpt lat="37.728737" lon="-80.226689"></trkpt>
      <trkpt lat="37.728651" lon="-80.226683"></trkpt>
      <trkpt lat="37.727738" lon="-80.226622"></trkpt>
      <trkpt lat="37.727653" lon="-80.226602"></trkpt>
      <trkpt lat="37.727551" lon="-80.226562"></trkpt>
      <trkpt lat="37.727454" lon="-80.226505"></trkpt>
      <trkpt lat="37.727382" lon="-80.226448"></trkpt>
      <trkpt lat="37.727299" lon="-80.226364"></trkpt>
      <trkpt lat="37.727239" lon="-80.226287"></trkpt>
      <trkpt lat="37.727210" lon="-80.226239"></trkpt>
      <trkpt lat="37.727174" lon="-80.226179"></trkpt>
      <trkpt lat="37.727131" lon="-80.226086"></trkpt>
      <trkpt lat="37.727108" lon="-80.226029"></trkpt>
      <trkpt lat="37.727065" lon="-80.225921"></trkpt>
      <trkpt lat="37.726936" lon="-80.225555"></trkpt>
      <trkpt lat="37.726544" lon="-80.224376"></trkpt>
      <trkpt lat="37.726231" lon="-80.223470"></trkpt>
      <trkpt lat="37.725817" lon="-80.222254"></trkpt>
      <trkpt lat="37.725688" lon="-80.221915"></trkpt>
      <trkpt lat="37.725148" lon="-80.220638"></trkpt>
      <trkpt lat="37.725024" lon="-80.220353"></trkpt>
      <trkpt lat="37.724955" lon="-80.220158"></trkpt>
      <trkpt lat="37.724900" lon="-80.219956"></trkpt>
      <trkpt lat="37.724859" lon="-80.219749"></trkpt>
      <trkpt lat="37.724823" lon="-80.219468"></trkpt>
      <trkpt lat="37.724812" lon="-80.219273"></trkpt>
      <trkpt lat="37.724816" lon="-80.219078"></trkpt>
      <trkpt lat="37.724835" lon="-80.218884"></trkpt>
      <trkpt lat="37.724880" lon="-80.218612"></trkpt>
      <trkpt lat="37.725237" lon="-80.216927"></trkpt>
      <trkpt lat="37.725278" lon="-80.216667"></trkpt>
      <trkpt lat="37.725304" lon="-80.216404"></trkpt>
      <trkpt lat="37.725315" lon="-80.216140"></trkpt>
      <trkpt lat="37.725312" lon="-80.215938"></trkpt>
      <trkpt lat="37.725298" lon="-80.215748"></trkpt>
      <trkpt lat="37.725268" lon="-80.215513"></trkpt>
      <trkpt lat="37.725243" lon="-80.215373"></trkpt>
      <trkpt lat="37.725190" lon="-80.215122"></trkpt>
      <trkpt lat="37.725125" lon="-80.214857"></trkpt>
      <trkpt lat="37.725065" lon="-80.214645"></trkpt>
      <trkpt lat="37.724995" lon="-80.214347"></trkpt>
      <trkpt lat="37.724973" lon="-80.214232"></trkpt>
      <trkpt lat="37.724912" lon="-80.213815"></trkpt>
      <trkpt lat="37.724750" lon="-80.212386"></trkpt>
      <trkpt lat="37.724677" lon="-80.211906"></trkpt>
      <trkpt lat="37.724627" lon="-80.211655"></trkpt>
      <trkpt lat="37.724563" lon="-80.211408"></trkpt>
      <trkpt lat="37.724484" lon="-80.211168"></trkpt>
      <trkpt lat="37.724395" lon="-80.210955"></trkpt>
      <trkpt lat="37.724264" lon="-80.210685"></trkpt>
      <trkpt lat="37.722610" lon="-80.207611"></trkpt>
      <trkpt lat="37.722393" lon="-80.207191"></trkpt>
      <trkpt lat="37.722235" lon="-80.206908"></trkpt>
      <trkpt lat="37.722074" lon="-80.206633"></trkpt>
      <trkpt lat="37.721942" lon="-80.206438"></trkpt>
      <trkpt lat="37.721829" lon="-80.206290"></trkpt>
      <trkpt lat="37.721679" lon="-80.206117"></trkpt>
      <trkpt lat="37.721553" lon="-80.205987"></trkpt>
      <trkpt lat="37.721237" lon="-80.205698"></trkpt>
      <trkpt lat="37.720656" lon="-80.205183"></trkpt>
      <trkpt lat="37.720110" lon="-80.204689"></trkpt>
      <trkpt lat="37.719963" lon="-80.204525"></trkpt>
      <trkpt lat="37.719827" lon="-80.204347"></trkpt>
      <trkpt lat="37.719751" lon="-80.204233"></trkpt>
      <trkpt lat="37.719672" lon="-80.204069"></trkpt>
      <trkpt lat="37.719606" lon="-80.203896"></trkpt>
      <trkpt lat="37.719571" lon="-80.203783"></trkpt>
      <trkpt lat="37.719560" lon="-80.203747"></trkpt>
      <trkpt lat="37.719518" lon="-80.203555"></trkpt>
      <trkpt lat="37.719329" lon="-80.202578"></trkpt>
      <trkpt lat="37.719105" lon="-80.202068"></trkpt>
      <trkpt lat="37.719015" lon="-80.201878"></trkpt>
      <trkpt lat="37.718953" lon="-80.201782"></trkpt>
      <trkpt lat="37.718879" lon="-80.201698"></trkpt>
      <trkpt lat="37.718797" lon="-80.201628"></trkpt>
      <trkpt lat="37.718743" lon="-80.201595"></trkpt>
      <trkpt lat="37.718508" lon="-80.201771"></trkpt>
      <trkpt lat="37.718279" lon="-80.201952"></trkpt>
      <trkpt lat="37.718174" lon="-80.202029"></trkpt>
      <trkpt lat="37.717999" lon="-80.202158"></trkpt>
      <trkpt lat="37.717733" lon="-80.202369"></trkpt>
      <trkpt lat="37.717672" lon="-80.202424"></trkpt>
      <trkpt lat="37.717527" lon="-80.202574"></trkpt>
      <trkpt lat="37.717401" lon="-80.202728"></trkpt>
      <trkpt lat="37.717280" lon="-80.202913"></trkpt>
      <trkpt lat="37.717192" lon="-80.203079"></trkpt>
      <trkpt lat="37.717057" lon="-80.203385"></trkpt>
      <trkpt lat="37.716962" lon="-80.203642"></trkpt>
      <trkpt lat="37.716760" lon="-80.204217"></trkpt>
      <trkpt lat="37.716581" lon="-80.204710"></trkpt>
      <trkpt lat="37.716517" lon="-80.204855"></trkpt>
      <trkpt lat="37.716427" lon="-80.205028"></trkpt>
      <trkpt lat="37.716336" lon="-80.205170"></trkpt>
      <trkpt lat="37.716237" lon="-80.205296"></trkpt>
      <trkpt lat="37.716127" lon="-80.205408"></trkpt>
      <trkpt lat="37.715854" lon="-80.205628"></trkpt>
      <trkpt lat="37.715482" lon="-80.205892"></trkpt>
      <trkpt lat="37.715143" lon="-80.206177"></trkpt>
      <trkpt lat="37.715020" lon="-80.206302"></trkpt>
      <trkpt lat="37.714752" lon="-80.206601"></trkpt>
      <trkpt lat="37.714389" lon="-80.207049"></trkpt>
      <trkpt lat="37.714229" lon="-80.207229"></trkpt>
      <trkpt lat="37.714093" lon="-80.207364"></trkpt>
      <trkpt lat="37.713995" lon="-80.207449"></trkpt>
      <trkpt lat="37.713865" lon="-80.207548"></trkpt>
      <trkpt lat="37.713695" lon="-80.207657"></trkpt>
      <trkpt lat="37.713547" lon="-80.207737"></trkpt>
      <trkpt lat="37.712941" lon="-80.208006"></trkpt>
      <trkpt lat="37.711676" lon="-80.208539"></trkpt>
      <trkpt lat="37.711178" lon="-80.208758"></trkpt>
      <trkpt lat="37.711127" lon="-80.208780"></trkpt>
      <trkpt lat="37.710328" lon="-80.209127"></trkpt>
      <trkpt lat="37.709124" lon="-80.209638"></trkpt>
      <trkpt lat="37.708455" lon="-80.209937"></trkpt>
      <trkpt lat="37.707963" lon="-80.210144"></trkpt>
      <trkpt lat="37.706830" lon="-80.210644"></trkpt>
      <trkpt lat="37.706661" lon="-80.210713"></trkpt>
      <trkpt lat="37.705786" lon="-80.211089"></trkpt>
      <trkpt lat="37.705620" lon="-80.211171"></trkpt>
      <trkpt lat="37.705415" lon="-80.211273"></trkpt>
      <trkpt lat="37.704929" lon="-80.211537"></trkpt>
      <trkpt lat="37.704697" lon="-80.211675"></trkpt>
      <trkpt lat="37.704143" lon="-80.212005"></trkpt>
      <trkpt lat="37.703487" lon="-80.212391"></trkpt>
      <trkpt lat="37.703324" lon="-80.212487"></trkpt>
      <trkpt lat="37.702168" lon="-80.213174"></trkpt>
      <trkpt lat="37.701667" lon="-80.213461"></trkpt>
      <trkpt lat="37.701305" lon="-80.213679"></trkpt>
      <trkpt lat="37.700912" lon="-80.213906"></trkpt>
      <trkpt lat="37.700303" lon="-80.214270"></trkpt>
      <trkpt lat="37.699282" lon="-80.214859"></trkpt>
      <trkpt lat="37.698035" lon="-80.215595"></trkpt>
      <trkpt lat="37.697532" lon="-80.215897"></trkpt>
      <trkpt lat="37.697434" lon="-80.215957"></trkpt>
      <trkpt lat="37.696733" lon="-80.216369"></trkpt>
      <trkpt lat="37.696667" lon="-80.216408"></trkpt>
      <trkpt lat="37.696160" lon="-80.216708"></trkpt>
      <trkpt lat="37.695786" lon="-80.216941"></trkpt>
      <trkpt lat="37.695366" lon="-80.217212"></trkpt>
      <trkpt lat="37.694395" lon="-80.217863"></trkpt>
      <trkpt lat="37.693463" lon="-80.218500"></trkpt>
      <trkpt lat="37.693094" lon="-80.218762"></trkpt>
      <trkpt lat="37.692910" lon="-80.218911"></trkpt>
      <trkpt lat="37.692739" lon="-80.219058"></trkpt>
      <trkpt lat="37.692549" lon="-80.219246"></trkpt>
      <trkpt lat="37.692300" lon="-80.219524"></trkpt>
      <trkpt lat="37.692092" lon="-80.219791"></trkpt>
      <trkpt lat="37.691597" lon="-80.220447"></trkpt>
      <trkpt lat="37.691578" lon="-80.220472"></trkpt>
      <trkpt lat="37.690894" lon="-80.221396"></trkpt>
      <trkpt lat="37.690521" lon="-80.221903"></trkpt>
      <trkpt lat="37.690185" lon="-80.222345"></trkpt>
      <trkpt lat="37.690005" lon="-80.222549"></trkpt>
      <trkpt lat="37.689774" lon="-80.222792"></trkpt>
      <trkpt lat="37.689522" lon="-80.223027"></trkpt>
      <trkpt lat="37.689211" lon="-80.223300"></trkpt>
      <trkpt lat="37.689093" lon="-80.223400"></trkpt>
      <trkpt lat="37.688885" lon="-80.223577"></trkpt>
      <trkpt lat="37.688820" lon="-80.223629"></trkpt>
      <trkpt lat="37.688596" lon="-80.223837"></trkpt>
      <trkpt lat="37.688445" lon="-80.223997"></trkpt>
      <trkpt lat="37.688296" lon="-80.224178"></trkpt>
      <trkpt lat="37.688126" lon="-80.224421"></trkpt>
      <trkpt lat="37.687934" lon="-80.224726"></trkpt>
      <trkpt lat="37.687505" lon="-80.225452"></trkpt>
      <trkpt lat="37.687062" lon="-80.226227"></trkpt>
      <trkpt lat="37.686785" lon="-80.226703"></trkpt>
      <trkpt lat="37.686667" lon="-80.226883"></trkpt>
      <trkpt lat="37.686521" lon="-80.227082"></trkpt>
      <trkpt lat="37.686380" lon="-80.227243"></trkpt>
      <trkpt lat="37.686243" lon="-80.227375"></trkpt>
      <trkpt lat="37.685998" lon="-80.227578"></trkpt>
      <trkpt lat="37.685795" lon="-80.227728"></trkpt>
      <trkpt lat="37.685528" lon="-80.227904"></trkpt>
      <trkpt lat="37.685496" lon="-80.227925"></trkpt>
      <trkpt lat="37.685229" lon="-80.228097"></trkpt>
      <trkpt lat="37.685120" lon="-80.228162"></trkpt>
      <trkpt lat="37.684913" lon="-80.228303"></trkpt>
      <trkpt lat="37.684749" lon="-80.228433"></trkpt>
      <trkpt lat="37.684586" lon="-80.228578"></trkpt>
      <trkpt lat="37.684391" lon="-80.228771"></trkpt>
      <trkpt lat="37.684111" lon="-80.229112"></trkpt>
      <trkpt lat="37.683086" lon="-80.230524"></trkpt>
      <trkpt lat="37.682975" lon="-80.230671"></trkpt>
      <trkpt lat="37.682783" lon="-80.230906"></trkpt>
      <trkpt lat="37.682580" lon="-80.231127"></trkpt>
      <trkpt lat="37.682459" lon="-80.231247"></trkpt>
      <trkpt lat="37.682228" lon="-80.231443"></trkpt>
      <trkpt lat="37.682026" lon="-80.231589"></trkpt>
      <trkpt lat="37.681735" lon="-80.231768"></trkpt>
      <trkpt lat="37.681521" lon="-80.231879"></trkpt>
      <trkpt lat="37.681303" lon="-80.231971"></trkpt>
      <trkpt lat="37.680925" lon="-80.232089"></trkpt>
      <trkpt lat="37.680460" lon="-80.232204"></trkpt>
      <trkpt lat="37.679603" lon="-80.232385"></trkpt>
      <trkpt lat="37.679266" lon="-80.232455"></trkpt>
      <trkpt lat="37.679156" lon="-80.232478"></trkpt>
      <trkpt lat="37.678929" lon="-80.232546"></trkpt>
      <trkpt lat="37.678691" lon="-80.232641"></trkpt>
      <trkpt lat="37.678526" lon="-80.232725"></trkpt>
      <trkpt lat="37.678367" lon="-80.232826"></trkpt>
      <trkpt lat="37.678256" lon="-80.232909"></trkpt>
      <trkpt lat="37.677885" lon="-80.233199"></trkpt>
      <trkpt lat="37.677463" lon="-80.233530"></trkpt>
      <trkpt lat="37.676921" lon="-80.233938"></trkpt>
      <trkpt lat="37.676829" lon="-80.234003"></trkpt>
      <trkpt lat="37.676671" lon="-80.234097"></trkpt>
      <trkpt lat="37.676486" lon="-80.234184"></trkpt>
      <trkpt lat="37.676408" lon="-80.234206"></trkpt>
      <trkpt lat="37.676282" lon="-80.234222"></trkpt>
      <trkpt lat="37.676124" lon="-80.234225"></trkpt>
      <trkpt lat="37.675978" lon="-80.234210"></trkpt>
      <trkpt lat="37.675852" lon="-80.234179"></trkpt>
      <trkpt lat="37.675729" lon="-80.234131"></trkpt>
      <trkpt lat="37.675658" lon="-80.234093"></trkpt>
      <trkpt lat="37.675465" lon="-80.233972"></trkpt>
      <trkpt lat="37.675371" lon="-80.233898"></trkpt>
      <trkpt lat="37.675261" lon="-80.233793"></trkpt>
      <trkpt lat="37.674721" lon="-80.233169"></trkpt>
      <trkpt lat="37.674547" lon="-80.232978"></trkpt>
      <trkpt lat="37.674456" lon="-80.232891"></trkpt>
      <trkpt lat="37.674296" lon="-80.232758"></trkpt>
      <trkpt lat="37.674163" lon="-80.232664"></trkpt>
      <trkpt lat="37.674058" lon="-80.232614"></trkpt>
      <trkpt lat="37.673923" lon="-80.232567"></trkpt>
      <trkpt lat="37.673784" lon="-80.232539"></trkpt>
      <trkpt lat="37.673673" lon="-80.232531"></trkpt>
      <trkpt lat="37.673537" lon="-80.232539"></trkpt>
      <trkpt lat="37.673402" lon="-80.232566"></trkpt>
      <trkpt lat="37.673155" lon="-80.232653"></trkpt>
      <trkpt lat="37.672913" lon="-80.232769"></trkpt>
      <trkpt lat="37.672462" lon="-80.233005"></trkpt>
      <trkpt lat="37.671537" lon="-80.233469"></trkpt>
      <trkpt lat="37.671083" lon="-80.233704"></trkpt>
      <trkpt lat="37.670616" lon="-80.233939"></trkpt>
      <trkpt lat="37.670319" lon="-80.234070"></trkpt>
      <trkpt lat="37.670168" lon="-80.234119"></trkpt>
      <trkpt lat="37.669983" lon="-80.234154"></trkpt>
      <trkpt lat="37.669856" lon="-80.234162"></trkpt>
      <trkpt lat="37.669827" lon="-80.234164"></trkpt>
      <trkpt lat="37.669654" lon="-80.234154"></trkpt>
      <trkpt lat="37.669575" lon="-80.234143"></trkpt>
      <trkpt lat="37.669515" lon="-80.234128"></trkpt>
      <trkpt lat="37.669385" lon="-80.234097"></trkpt>
      <trkpt lat="37.669213" lon="-80.234028"></trkpt>
      <trkpt lat="37.669045" lon="-80.233933"></trkpt>
      <trkpt lat="37.668930" lon="-80.233851"></trkpt>
      <trkpt lat="37.668792" lon="-80.233735"></trkpt>
      <trkpt lat="37.668663" lon="-80.233604"></trkpt>
      <trkpt lat="37.668562" lon="-80.233482"></trkpt>
      <trkpt lat="37.668438" lon="-80.233308"></trkpt>
      <trkpt lat="37.668327" lon="-80.233123"></trkpt>
      <trkpt lat="37.667828" lon="-80.232097"></trkpt>
      <trkpt lat="37.667656" lon="-80.231768"></trkpt>
      <trkpt lat="37.667550" lon="-80.231584"></trkpt>
      <trkpt lat="37.667373" lon="-80.231317"></trkpt>
      <trkpt lat="37.667092" lon="-80.230935"></trkpt>
      <trkpt lat="37.666700" lon="-80.230417"></trkpt>
      <trkpt lat="37.666514" lon="-80.230179"></trkpt>
      <trkpt lat="37.666318" lon="-80.229955"></trkpt>
      <trkpt lat="37.666236" lon="-80.229879"></trkpt>
      <trkpt lat="37.666093" lon="-80.229764"></trkpt>
      <trkpt lat="37.665943" lon="-80.229665"></trkpt>
      <trkpt lat="37.665786" lon="-80.229583"></trkpt>
      <trkpt lat="37.665711" lon="-80.229556"></trkpt>
      <trkpt lat="37.665690" lon="-80.229548"></trkpt>
      <trkpt lat="37.665587" lon="-80.229518"></trkpt>
      <trkpt lat="37.665452" lon="-80.229489"></trkpt>
      <trkpt lat="37.665282" lon="-80.229469"></trkpt>
      <trkpt lat="37.665159" lon="-80.229470"></trkpt>
      <trkpt lat="37.665007" lon="-80.229487"></trkpt>
      <trkpt lat="37.664856" lon="-80.229522"></trkpt>
      <trkpt lat="37.664709" lon="-80.229571"></trkpt>
      <trkpt lat="37.664600" lon="-80.229617"></trkpt>
      <trkpt lat="37.664468" lon="-80.229690"></trkpt>
      <trkpt lat="37.664248" lon="-80.229841"></trkpt>
      <trkpt lat="37.663979" lon="-80.230039"></trkpt>
      <trkpt lat="37.663676" lon="-80.230278"></trkpt>
      <trkpt lat="37.663217" lon="-80.230612"></trkpt>
      <trkpt lat="37.663064" lon="-80.230745"></trkpt>
      <trkpt lat="37.662835" lon="-80.230978"></trkpt>
      <trkpt lat="37.662677" lon="-80.231166"></trkpt>
      <trkpt lat="37.662604" lon="-80.231267"></trkpt>
      <trkpt lat="37.662394" lon="-80.231587"></trkpt>
      <trkpt lat="37.662102" lon="-80.232107"></trkpt>
      <trkpt lat="37.661876" lon="-80.232553"></trkpt>
      <trkpt lat="37.661644" lon="-80.233044"></trkpt>
      <trkpt lat="37.661408" lon="-80.233473"></trkpt>
      <trkpt lat="37.661279" lon="-80.233658"></trkpt>
      <trkpt lat="37.661139" lon="-80.233831"></trkpt>
      <trkpt lat="37.660990" lon="-80.233990"></trkpt>
      <trkpt lat="37.660760" lon="-80.234200"></trkpt>
      <trkpt lat="37.660575" lon="-80.234353"></trkpt>
      <trkpt lat="37.660382" lon="-80.234489"></trkpt>
      <trkpt lat="37.660152" lon="-80.234628"></trkpt>
      <trkpt lat="37.659654" lon="-80.234922"></trkpt>
      <trkpt lat="37.658760" lon="-80.235437"></trkpt>
      <trkpt lat="37.658388" lon="-80.235643"></trkpt>
      <trkpt lat="37.657784" lon="-80.235992"></trkpt>
      <trkpt lat="37.657625" lon="-80.236081"></trkpt>
      <trkpt lat="37.657562" lon="-80.236117"></trkpt>
      <trkpt lat="37.657037" lon="-80.236414"></trkpt>
      <trkpt lat="37.656472" lon="-80.236746"></trkpt>
      <trkpt lat="37.656119" lon="-80.236935"></trkpt>
      <trkpt lat="37.655800" lon="-80.237116"></trkpt>
      <trkpt lat="37.655699" lon="-80.237164"></trkpt>
      <trkpt lat="37.655568" lon="-80.237209"></trkpt>
      <trkpt lat="37.655435" lon="-80.237235"></trkpt>
      <trkpt lat="37.655364" lon="-80.237237"></trkpt>
      <trkpt lat="37.655257" lon="-80.237224"></trkpt>
      <trkpt lat="37.655151" lon="-80.237194"></trkpt>
      <trkpt lat="37.655050" lon="-80.237147"></trkpt>
      <trkpt lat="37.654954" lon="-80.237083"></trkpt>
      <trkpt lat="37.654740" lon="-80.236897"></trkpt>
      <trkpt lat="37.653971" lon="-80.236146"></trkpt>
      <trkpt lat="37.653574" lon="-80.235768"></trkpt>
      <trkpt lat="37.653417" lon="-80.235638"></trkpt>
      <trkpt lat="37.653286" lon="-80.235545"></trkpt>
      <trkpt lat="37.653116" lon="-80.235442"></trkpt>
      <trkpt lat="37.652950" lon="-80.235367"></trkpt>
      <trkpt lat="37.652782" lon="-80.235312"></trkpt>
      <trkpt lat="37.652610" lon="-80.235275"></trkpt>
      <trkpt lat="37.652441" lon="-80.235257"></trkpt>
      <trkpt lat="37.652286" lon="-80.235255"></trkpt>
      <trkpt lat="37.652132" lon="-80.235271"></trkpt>
      <trkpt lat="37.651979" lon="-80.235306"></trkpt>
      <trkpt lat="37.651609" lon="-80.235433"></trkpt>
      <trkpt lat="37.651065" lon="-80.235632"></trkpt>
      <trkpt lat="37.650703" lon="-80.235764"></trkpt>
      <trkpt lat="37.650564" lon="-80.235812"></trkpt>
      <trkpt lat="37.650353" lon="-80.235887"></trkpt>
      <trkpt lat="37.649397" lon="-80.236239"></trkpt>
      <trkpt lat="37.648953" lon="-80.236399"></trkpt>
      <trkpt lat="37.648350" lon="-80.236625"></trkpt>
      <trkpt lat="37.648005" lon="-80.236749"></trkpt>
      <trkpt lat="37.646932" lon="-80.237148"></trkpt>
      <trkpt lat="37.646376" lon="-80.237354"></trkpt>
      <trkpt lat="37.645684" lon="-80.237607"></trkpt>
      <trkpt lat="37.645571" lon="-80.237642"></trkpt>
      <trkpt lat="37.645286" lon="-80.237718"></trkpt>
      <trkpt lat="37.645057" lon="-80.237766"></trkpt>
      <trkpt lat="37.644995" lon="-80.237774"></trkpt>
      <trkpt lat="37.644852" lon="-80.237791"></trkpt>
      <trkpt lat="37.644799" lon="-80.237797"></trkpt>
      <trkpt lat="37.644143" lon="-80.237873"></trkpt>
      <trkpt lat="37.643503" lon="-80.237934"></trkpt>
      <trkpt lat="37.643104" lon="-80.237966"></trkpt>
      <trkpt lat="37.642953" lon="-80.237972"></trkpt>
      <trkpt lat="37.642860" lon="-80.237976"></trkpt>
      <trkpt lat="37.642465" lon="-80.237977"></trkpt>
      <trkpt lat="37.642023" lon="-80.238019"></trkpt>
      <trkpt lat="37.641858" lon="-80.238059"></trkpt>
      <trkpt lat="37.641695" lon="-80.238116"></trkpt>
      <trkpt lat="37.641642" lon="-80.238139"></trkpt>
      <trkpt lat="37.641142" lon="-80.238371"></trkpt>
      <trkpt lat="37.640964" lon="-80.238445"></trkpt>
      <trkpt lat="37.640495" lon="-80.238616"></trkpt>
      <trkpt lat="37.639505" lon="-80.238874"></trkpt>
      <trkpt lat="37.638189" lon="-80.239193"></trkpt>
      <trkpt lat="37.637685" lon="-80.239320"></trkpt>
      <trkpt lat="37.634390" lon="-80.240158"></trkpt>
      <trkpt lat="37.633347" lon="-80.240427"></trkpt>
      <trkpt lat="37.632360" lon="-80.240681"></trkpt>
      <trkpt lat="37.631878" lon="-80.240802"></trkpt>
      <trkpt lat="37.630914" lon="-80.241036"></trkpt>
      <trkpt lat="37.630194" lon="-80.241216"></trkpt>
      <trkpt lat="37.629931" lon="-80.241328"></trkpt>
      <trkpt lat="37.629698" lon="-80.241454"></trkpt>
      <trkpt lat="37.629533" lon="-80.241597"></trkpt>
      <trkpt lat="37.629159" lon="-80.242025"></trkpt>
      <trkpt lat="37.628580" lon="-80.242483"></trkpt>
      <trkpt lat="37.628374" lon="-80.242663"></trkpt>
      <trkpt lat="37.628057" lon="-80.243077"></trkpt>
      <trkpt lat="37.626865" lon="-80.246011"></trkpt>
      <trkpt lat="37.626615" lon="-80.246310"></trkpt>
      <trkpt lat="37.626456" lon="-80.246472"></trkpt>
      <trkpt lat="37.626375" lon="-80.246536"></trkpt>
      <trkpt lat="37.626259" lon="-80.246614"></trkpt>
      <trkpt lat="37.626138" lon="-80.246683"></trkpt>
      <trkpt lat="37.625937" lon="-80.246772"></trkpt>
      <trkpt lat="37.625124" lon="-80.246904"></trkpt>
      <trkpt lat="37.622608" lon="-80.247338"></trkpt>
      <trkpt lat="37.621734" lon="-80.247494"></trkpt>
      <trkpt lat="37.621337" lon="-80.247599"></trkpt>
      <trkpt lat="37.620631" lon="-80.248021"></trkpt>
      <trkpt lat="37.619900" lon="-80.248506"></trkpt>
      <trkpt lat="37.619518" lon="-80.248759"></trkpt>
      <trkpt lat="37.619127" lon="-80.248914"></trkpt>
      <trkpt lat="37.618842" lon="-80.248892"></trkpt>
      <trkpt lat="37.618555" lon="-80.248782"></trkpt>
      <trkpt lat="37.618254" lon="-80.248549"></trkpt>
      <trkpt lat="37.618016" lon="-80.248238"></trkpt>
      <trkpt lat="37.617928" lon="-80.247993"></trkpt>
      <trkpt lat="37.617861" lon="-80.247774"></trkpt>
      <trkpt lat="37.617826" lon="-80.247485"></trkpt>
      <trkpt lat="37.617827" lon="-80.247184"></trkpt>
      <trkpt lat="37.618245" lon="-80.245872"></trkpt>
      <trkpt lat="37.618275" lon="-80.245499"></trkpt>
      <trkpt lat="37.618228" lon="-80.245086"></trkpt>
      <trkpt lat="37.618162" lon="-80.244640"></trkpt>
      <trkpt lat="37.618139" lon="-80.244217"></trkpt>
      <trkpt lat="37.618183" lon="-80.243774"></trkpt>
      <trkpt lat="37.618277" lon="-80.243356"></trkpt>
      <trkpt lat="37.618443" lon="-80.242767"></trkpt>
      <trkpt lat="37.618596" lon="-80.242371"></trkpt>
      <trkpt lat="37.618774" lon="-80.242047"></trkpt>
      <trkpt lat="37.618993" lon="-80.241765"></trkpt>
      <trkpt lat="37.619229" lon="-80.241521"></trkpt>
      <trkpt lat="37.619413" lon="-80.241167"></trkpt>
      <trkpt lat="37.619471" lon="-80.240995"></trkpt>
      <trkpt lat="37.619501" lon="-80.240824"></trkpt>
      <trkpt lat="37.619507" lon="-80.240633"></trkpt>
      <trkpt lat="37.619498" lon="-80.240440"></trkpt>
      <trkpt lat="37.619441" lon="-80.240137"></trkpt>
      <trkpt lat="37.619356" lon="-80.239853"></trkpt>
      <trkpt lat="37.619290" lon="-80.239555"></trkpt>
      <trkpt lat="37.619269" lon="-80.239252"></trkpt>
      <trkpt lat="37.619299" lon="-80.238949"></trkpt>
      <trkpt lat="37.619377" lon="-80.238670"></trkpt>
      <trkpt lat="37.619586" lon="-80.238230"></trkpt>
      <trkpt lat="37.619658" lon="-80.238015"></trkpt>
      <trkpt lat="37.619681" lon="-80.237903"></trkpt>
      <trkpt lat="37.619694" lon="-80.237769"></trkpt>
      <trkpt lat="37.619685" lon="-80.237640"></trkpt>
      <trkpt lat="37.619647" lon="-80.237519"></trkpt>
      <trkpt lat="37.619541" lon="-80.237329"></trkpt>
      <trkpt lat="37.619131" lon="-80.236709"></trkpt>
      <trkpt lat="37.618950" lon="-80.236288"></trkpt>
      <trkpt lat="37.618806" lon="-80.235832"></trkpt>
      <trkpt lat="37.618640" lon="-80.235068"></trkpt>
      <trkpt lat="37.618630" lon="-80.234783"></trkpt>
      <trkpt lat="37.618697" lon="-80.234502"></trkpt>
      <trkpt lat="37.618821" lon="-80.234360"></trkpt>
      <trkpt lat="37.618951" lon="-80.234277"></trkpt>
      <trkpt lat="37.619292" lon="-80.234233"></trkpt>
      <trkpt lat="37.619437" lon="-80.234191"></trkpt>
      <trkpt lat="37.619549" lon="-80.234118"></trkpt>
      <trkpt lat="37.619622" lon="-80.233987"></trkpt>
      <trkpt lat="37.619679" lon="-80.233839"></trkpt>
      <trkpt lat="37.619779" lon="-80.233343"></trkpt>
      <trkpt lat="37.620034" lon="-80.231749"></trkpt>
      <trkpt lat="37.620049" lon="-80.231547"></trkpt>
      <trkpt lat="37.620052" lon="-80.231421"></trkpt>
      <trkpt lat="37.620041" lon="-80.231278"></trkpt>
      <trkpt lat="37.620022" lon="-80.231121"></trkpt>
      <trkpt lat="37.620011" lon="-80.231000"></trkpt>
      <trkpt lat="37.620008" lon="-80.230906"></trkpt>
      <trkpt lat="37.620013" lon="-80.230825"></trkpt>
      <trkpt lat="37.620020" lon="-80.230745"></trkpt>
      <trkpt lat="37.620043" lon="-80.230662"></trkpt>
      <trkpt lat="37.620094" lon="-80.230531"></trkpt>
      <trkpt lat="37.620216" lon="-80.230310"></trkpt>
      <trkpt lat="37.620291" lon="-80.230167"></trkpt>
      <trkpt lat="37.620319" lon="-80.230092"></trkpt>
      <trkpt lat="37.620337" lon="-80.230025"></trkpt>
      <trkpt lat="37.620341" lon="-80.229947"></trkpt>
      <trkpt lat="37.620336" lon="-80.229892"></trkpt>
      <trkpt lat="37.620321" lon="-80.229834"></trkpt>
      <trkpt lat="37.620293" lon="-80.229777"></trkpt>
      <trkpt lat="37.620246" lon="-80.229719"></trkpt>
      <trkpt lat="37.620195" lon="-80.229685"></trkpt>
      <trkpt lat="37.620136" lon="-80.229668"></trkpt>
      <trkpt lat="37.620082" lon="-80.229665"></trkpt>
      <trkpt lat="37.620022" lon="-80.229682"></trkpt>
      <trkpt lat="37.619967" lon="-80.229706"></trkpt>
      <trkpt lat="37.619909" lon="-80.229756"></trkpt>
      <trkpt lat="37.619850" lon="-80.229833"></trkpt>
      <trkpt lat="37.619795" lon="-80.229924"></trkpt>
      <trkpt lat="37.619758" lon="-80.230004"></trkpt>
      <trkpt lat="37.619730" lon="-80.230078"></trkpt>
      <trkpt lat="37.619707" lon="-80.230165"></trkpt>
      <trkpt lat="37.619695" lon="-80.230244"></trkpt>
      <trkpt lat="37.619682" lon="-80.230361"></trkpt>
      <trkpt lat="37.619681" lon="-80.230463"></trkpt>
      <trkpt lat="37.619687" lon="-80.230594"></trkpt>
      <trkpt lat="37.619700" lon="-80.230713"></trkpt>
      <trkpt lat="37.619717" lon="-80.230876"></trkpt>
      <trkpt lat="37.619725" lon="-80.230988"></trkpt>
      <trkpt lat="37.619725" lon="-80.231077"></trkpt>
      <trkpt lat="37.619722" lon="-80.231161"></trkpt>
      <trkpt lat="37.619703" lon="-80.231272"></trkpt>
      <trkpt lat="37.619668" lon="-80.231389"></trkpt>
      <trkpt lat="37.619639" lon="-80.231468"></trkpt>
      <trkpt lat="37.619598" lon="-80.231550"></trkpt>
      <trkpt lat="37.619536" lon="-80.231647"></trkpt>
      <trkpt lat="37.619457" lon="-80.231742"></trkpt>
      <trkpt lat="37.619357" lon="-80.231845"></trkpt>
      <trkpt lat="37.619047" lon="-80.232133"></trkpt>
      <trkpt lat="37.618535" lon="-80.232586"></trkpt>
      <trkpt lat="37.618371" lon="-80.232719"></trkpt>
      <trkpt lat="37.618293" lon="-80.232778"></trkpt>
      <trkpt lat="37.618212" lon="-80.232829"></trkpt>
      <trkpt lat="37.618099" lon="-80.232890"></trkpt>
      <trkpt lat="37.618019" lon="-80.232926"></trkpt>
      <trkpt lat="37.617924" lon="-80.232961"></trkpt>
      <trkpt lat="37.617835" lon="-80.232986"></trkpt>
      <trkpt lat="37.617741" lon="-80.233003"></trkpt>
      <trkpt lat="37.617617" lon="-80.233022"></trkpt>
      <trkpt lat="37.617523" lon="-80.233041"></trkpt>
      <trkpt lat="37.617460" lon="-80.233061"></trkpt>
      <trkpt lat="37.617368" lon="-80.233103"></trkpt>
      <trkpt lat="37.617285" lon="-80.233163"></trkpt>
      <trkpt lat="37.617193" lon="-80.233266"></trkpt>
      <trkpt lat="37.617132" lon="-80.233355"></trkpt>
      <trkpt lat="37.617087" lon="-80.233452"></trkpt>
      <trkpt lat="37.617049" lon="-80.233578"></trkpt>
      <trkpt lat="37.617032" lon="-80.233691"></trkpt>
      <trkpt lat="37.617003" lon="-80.233843"></trkpt>
      <trkpt lat="37.616974" lon="-80.233955"></trkpt>
      <trkpt lat="37.616944" lon="-80.234025"></trkpt>
      <trkpt lat="37.616891" lon="-80.234112"></trkpt>
      <trkpt lat="37.616814" lon="-80.234207"></trkpt>
      <trkpt lat="37.616716" lon="-80.234292"></trkpt>
      <trkpt lat="37.616523" lon="-80.234430"></trkpt>
      <trkpt lat="37.616096" lon="-80.234701"></trkpt>
      <trkpt lat="37.615960" lon="-80.234804"></trkpt>
      <trkpt lat="37.615889" lon="-80.234882"></trkpt>
      <trkpt lat="37.615845" lon="-80.234962"></trkpt>
      <trkpt lat="37.615813" lon="-80.235052"></trkpt>
      <trkpt lat="37.615797" lon="-80.235128"></trkpt>
      <trkpt lat="37.615785" lon="-80.235227"></trkpt>
      <trkpt lat="37.615793" lon="-80.235320"></trkpt>
      <trkpt lat="37.615829" lon="-80.235452"></trkpt>
      <trkpt lat="37.615879" lon="-80.235610"></trkpt>
      <trkpt lat="37.615904" lon="-80.235708"></trkpt>
      <trkpt lat="37.615913" lon="-80.235796"></trkpt>
      <trkpt lat="37.615915" lon="-80.235865"></trkpt>
      <trkpt lat="37.615902" lon="-80.235939"></trkpt>
      <trkpt lat="37.615873" lon="-80.236027"></trkpt>
      <trkpt lat="37.615831" lon="-80.236110"></trkpt>
      <trkpt lat="37.615776" lon="-80.236183"></trkpt>
      <trkpt lat="37.615696" lon="-80.236271"></trkpt>
      <trkpt lat="37.615570" lon="-80.236380"></trkpt>
      <trkpt lat="37.615382" lon="-80.236523"></trkpt>
      <trkpt lat="37.615201" lon="-80.236638"></trkpt>
      <trkpt lat="37.615097" lon="-80.236696"></trkpt>
      <trkpt lat="37.615007" lon="-80.236727"></trkpt>
      <trkpt lat="37.614933" lon="-80.236734"></trkpt>
      <trkpt lat="37.614821" lon="-80.236728"></trkpt>
      <trkpt lat="37.614754" lon="-80.236714"></trkpt>
      <trkpt lat="37.614648" lon="-80.236681"></trkpt>
      <trkpt lat="37.614552" lon="-80.236667"></trkpt>
      <trkpt lat="37.614481" lon="-80.236654"></trkpt>
      <trkpt lat="37.614410" lon="-80.236661"></trkpt>
      <trkpt lat="37.614360" lon="-80.236685"></trkpt>
      <trkpt lat="37.614298" lon="-80.236728"></trkpt>
      <trkpt lat="37.614239" lon="-80.236784"></trkpt>
      <trkpt lat="37.614146" lon="-80.236886"></trkpt>
      <trkpt lat="37.614071" lon="-80.236960"></trkpt>
      <trkpt lat="37.614008" lon="-80.237011"></trkpt>
      <trkpt lat="37.613918" lon="-80.237061"></trkpt>
      <trkpt lat="37.613833" lon="-80.237097"></trkpt>
      <trkpt lat="37.613691" lon="-80.237131"></trkpt>
      <trkpt lat="37.613456" lon="-80.237187"></trkpt>
      <trkpt lat="37.613355" lon="-80.237223"></trkpt>
      <trkpt lat="37.613312" lon="-80.237262"></trkpt>
      <trkpt lat="37.613276" lon="-80.237315"></trkpt>
      <trkpt lat="37.613246" lon="-80.237367"></trkpt>
      <trkpt lat="37.613226" lon="-80.237438"></trkpt>
      <trkpt lat="37.613220" lon="-80.237495"></trkpt>
      <trkpt lat="37.613223" lon="-80.237598"></trkpt>
      <trkpt lat="37.613239" lon="-80.237711"></trkpt>
      <trkpt lat="37.613271" lon="-80.237840"></trkpt>
      <trkpt lat="37.613317" lon="-80.238007"></trkpt>
      <trkpt lat="37.613337" lon="-80.238127"></trkpt>
      <trkpt lat="37.613339" lon="-80.238175"></trkpt>
      <trkpt lat="37.613332" lon="-80.238238"></trkpt>
      <trkpt lat="37.613311" lon="-80.238301"></trkpt>
      <trkpt lat="37.613273" lon="-80.238372"></trkpt>
      <trkpt lat="37.613226" lon="-80.238426"></trkpt>
      <trkpt lat="37.613157" lon="-80.238479"></trkpt>
      <trkpt lat="37.613077" lon="-80.238517"></trkpt>
      <trkpt lat="37.612891" lon="-80.238577"></trkpt>
      <trkpt lat="37.612763" lon="-80.238625"></trkpt>
      <trkpt lat="37.612718" lon="-80.238654"></trkpt>
      <trkpt lat="37.612663" lon="-80.238695"></trkpt>
      <trkpt lat="37.612611" lon="-80.238753"></trkpt>
      <trkpt lat="37.612532" lon="-80.238862"></trkpt>
      <trkpt lat="37.612464" lon="-80.238973"></trkpt>
      <trkpt lat="37.612401" lon="-80.239051"></trkpt>
      <trkpt lat="37.612342" lon="-80.239100"></trkpt>
      <trkpt lat="37.612289" lon="-80.239127"></trkpt>
      <trkpt lat="37.612230" lon="-80.239138"></trkpt>
      <trkpt lat="37.612163" lon="-80.239136"></trkpt>
      <trkpt lat="37.612106" lon="-80.239119"></trkpt>
      <trkpt lat="37.612043" lon="-80.239092"></trkpt>
      <trkpt lat="37.611926" lon="-80.239017"></trkpt>
      <trkpt lat="37.611743" lon="-80.238878"></trkpt>
      <trkpt lat="37.611564" lon="-80.238752"></trkpt>
      <trkpt lat="37.611483" lon="-80.238707"></trkpt>
      <trkpt lat="37.611398" lon="-80.238676"></trkpt>
      <trkpt lat="37.611317" lon="-80.238666"></trkpt>
      <trkpt lat="37.611176" lon="-80.238664"></trkpt>
      <trkpt lat="37.610939" lon="-80.238687"></trkpt>
      <trkpt lat="37.610742" lon="-80.238710"></trkpt>
      <trkpt lat="37.610659" lon="-80.238739"></trkpt>
      <trkpt lat="37.610597" lon="-80.238790"></trkpt>
      <trkpt lat="37.610529" lon="-80.238874"></trkpt>
      <trkpt lat="37.610495" lon="-80.238935"></trkpt>
      <trkpt lat="37.610467" lon="-80.239007"></trkpt>
      <trkpt lat="37.610411" lon="-80.239183"></trkpt>
      <trkpt lat="37.610359" lon="-80.239340"></trkpt>
      <trkpt lat="37.610328" lon="-80.239420"></trkpt>
      <trkpt lat="37.610291" lon="-80.239482"></trkpt>
      <trkpt lat="37.610244" lon="-80.239532"></trkpt>
      <trkpt lat="37.610199" lon="-80.239558"></trkpt>
      <trkpt lat="37.610139" lon="-80.239574"></trkpt>
      <trkpt lat="37.610070" lon="-80.239580"></trkpt>
      <trkpt lat="37.610002" lon="-80.239578"></trkpt>
      <trkpt lat="37.609888" lon="-80.239568"></trkpt>
      <trkpt lat="37.609825" lon="-80.239569"></trkpt>
      <trkpt lat="37.609766" lon="-80.239580"></trkpt>
      <trkpt lat="37.609706" lon="-80.239603"></trkpt>
      <trkpt lat="37.609659" lon="-80.239632"></trkpt>
      <trkpt lat="37.609618" lon="-80.239666"></trkpt>
      <trkpt lat="37.609579" lon="-80.239706"></trkpt>
      <trkpt lat="37.609536" lon="-80.239775"></trkpt>
      <trkpt lat="37.609499" lon="-80.239847"></trkpt>
      <trkpt lat="37.609439" lon="-80.239999"></trkpt>
      <trkpt lat="37.609380" lon="-80.240155"></trkpt>
      <trkpt lat="37.609342" lon="-80.240246"></trkpt>
      <trkpt lat="37.609306" lon="-80.240309"></trkpt>
      <trkpt lat="37.609285" lon="-80.240338"></trkpt>
      <trkpt lat="37.609266" lon="-80.240364"></trkpt>
      <trkpt lat="37.609208" lon="-80.240426"></trkpt>
      <trkpt lat="37.609126" lon="-80.240478"></trkpt>
      <trkpt lat="37.609054" lon="-80.240513"></trkpt>
      <trkpt lat="37.608958" lon="-80.240538"></trkpt>
      <trkpt lat="37.608825" lon="-80.240564"></trkpt>
      <trkpt lat="37.608708" lon="-80.240594"></trkpt>
      <trkpt lat="37.608585" lon="-80.240644"></trkpt>
      <trkpt lat="37.608439" lon="-80.240709"></trkpt>
      <trkpt lat="37.608331" lon="-80.240753"></trkpt>
      <trkpt lat="37.608243" lon="-80.240777"></trkpt>
      <trkpt lat="37.608147" lon="-80.240794"></trkpt>
      <trkpt lat="37.608073" lon="-80.240802"></trkpt>
      <trkpt lat="37.607975" lon="-80.240801"></trkpt>
      <trkpt lat="37.607879" lon="-80.240789"></trkpt>
      <trkpt lat="37.607740" lon="-80.240759"></trkpt>
      <trkpt lat="37.607558" lon="-80.240731"></trkpt>
      <trkpt lat="37.607436" lon="-80.240723"></trkpt>
      <trkpt lat="37.607356" lon="-80.240723"></trkpt>
      <trkpt lat="37.607242" lon="-80.240741"></trkpt>
      <trkpt lat="37.607066" lon="-80.240787"></trkpt>
      <trkpt lat="37.606662" lon="-80.240922"></trkpt>
      <trkpt lat="37.606637" lon="-80.240929"></trkpt>
      <trkpt lat="37.606428" lon="-80.240999"></trkpt>
      <trkpt lat="37.606325" lon="-80.241043"></trkpt>
      <trkpt lat="37.606178" lon="-80.241129"></trkpt>
      <trkpt lat="37.605987" lon="-80.241273"></trkpt>
      <trkpt lat="37.605827" lon="-80.241415"></trkpt>
      <trkpt lat="37.605513" lon="-80.241737"></trkpt>
      <trkpt lat="37.604939" lon="-80.242417"></trkpt>
      <trkpt lat="37.604487" lon="-80.242970"></trkpt>
      <trkpt lat="37.604113" lon="-80.243403"></trkpt>
      <trkpt lat="37.603554" lon="-80.243947"></trkpt>
      <trkpt lat="37.603309" lon="-80.244205"></trkpt>
      <trkpt lat="37.603132" lon="-80.244401"></trkpt>
      <trkpt lat="37.602860" lon="-80.244733"></trkpt>
      <trkpt lat="37.602700" lon="-80.244921"></trkpt>
      <trkpt lat="37.602559" lon="-80.245070"></trkpt>
      <trkpt lat="37.602409" lon="-80.245204"></trkpt>
      <trkpt lat="37.602317" lon="-80.245274"></trkpt>
      <trkpt lat="37.602133" lon="-80.245381"></trkpt>
      <trkpt lat="37.601973" lon="-80.245451"></trkpt>
      <trkpt lat="37.601818" lon="-80.245495"></trkpt>
      <trkpt lat="37.601660" lon="-80.245520"></trkpt>
      <trkpt lat="37.601455" lon="-80.245526"></trkpt>
      <trkpt lat="37.601181" lon="-80.245512"></trkpt>
      <trkpt lat="37.600525" lon="-80.245431"></trkpt>
      <trkpt lat="37.600138" lon="-80.245392"></trkpt>
      <trkpt lat="37.599976" lon="-80.245394"></trkpt>
      <trkpt lat="37.599785" lon="-80.245418"></trkpt>
      <trkpt lat="37.599628" lon="-80.245458"></trkpt>
      <trkpt lat="37.599465" lon="-80.245521"></trkpt>
      <trkpt lat="37.599303" lon="-80.245599"></trkpt>
      <trkpt lat="37.598893" lon="-80.245832"></trkpt>
      <trkpt lat="37.598170" lon="-80.246280"></trkpt>
      <trkpt lat="37.598025" lon="-80.246357"></trkpt>
      <trkpt lat="37.597908" lon="-80.246404"></trkpt>
      <trkpt lat="37.597805" lon="-80.246427"></trkpt>
      <trkpt lat="37.597701" lon="-80.246431"></trkpt>
      <trkpt lat="37.597610" lon="-80.246420"></trkpt>
      <trkpt lat="37.597576" lon="-80.246414"></trkpt>
      <trkpt lat="37.597435" lon="-80.246382"></trkpt>
      <trkpt lat="37.597254" lon="-80.246317"></trkpt>
      <trkpt lat="37.597097" lon="-80.246272"></trkpt>
      <trkpt lat="37.596936" lon="-80.246245"></trkpt>
      <trkpt lat="37.596815" lon="-80.246256"></trkpt>
      <trkpt lat="37.596695" lon="-80.246278"></trkpt>
      <trkpt lat="37.596576" lon="-80.246312"></trkpt>
      <trkpt lat="37.596448" lon="-80.246362"></trkpt>
      <trkpt lat="37.596278" lon="-80.246450"></trkpt>
      <trkpt lat="37.596075" lon="-80.246577"></trkpt>
      <trkpt lat="37.595832" lon="-80.246729"></trkpt>
      <trkpt lat="37.595672" lon="-80.246844"></trkpt>
      <trkpt lat="37.595008" lon="-80.247279"></trkpt>
      <trkpt lat="37.594339" lon="-80.247691"></trkpt>
      <trkpt lat="37.594049" lon="-80.247839"></trkpt>
      <trkpt lat="37.593873" lon="-80.247914"></trkpt>
      <trkpt lat="37.593808" lon="-80.247936"></trkpt>
      <trkpt lat="37.593548" lon="-80.247985"></trkpt>
      <trkpt lat="37.593443" lon="-80.247999"></trkpt>
      <trkpt lat="37.593213" lon="-80.248009"></trkpt>
      <trkpt lat="37.592809" lon="-80.248017"></trkpt>
      <trkpt lat="37.592438" lon="-80.248041"></trkpt>
      <trkpt lat="37.592345" lon="-80.248061"></trkpt>
      <trkpt lat="37.592126" lon="-80.248142"></trkpt>
      <trkpt lat="37.592002" lon="-80.248197"></trkpt>
      <trkpt lat="37.591954" lon="-80.248219"></trkpt>
      <trkpt lat="37.591145" lon="-80.248652"></trkpt>
      <trkpt lat="37.590549" lon="-80.248971"></trkpt>
      <trkpt lat="37.590214" lon="-80.249174"></trkpt>
      <trkpt lat="37.590061" lon="-80.249290"></trkpt>
      <trkpt lat="37.589917" lon="-80.249423"></trkpt>
      <trkpt lat="37.589636" lon="-80.249708"></trkpt>
      <trkpt lat="37.589538" lon="-80.249815"></trkpt>
      <trkpt lat="37.589388" lon="-80.249963"></trkpt>
      <trkpt lat="37.589208" lon="-80.250160"></trkpt>
      <trkpt lat="37.589047" lon="-80.250358"></trkpt>
      <trkpt lat="37.588957" lon="-80.250481"></trkpt>
      <trkpt lat="37.588648" lon="-80.250945"></trkpt>
      <trkpt lat="37.588520" lon="-80.251109"></trkpt>
      <trkpt lat="37.588359" lon="-80.251282"></trkpt>
      <trkpt lat="37.588211" lon="-80.251422"></trkpt>
      <trkpt lat="37.588135" lon="-80.251488"></trkpt>
      <trkpt lat="37.587777" lon="-80.251771"></trkpt>
      <trkpt lat="37.587753" lon="-80.251789"></trkpt>
      <trkpt lat="37.586933" lon="-80.252396"></trkpt>
      <trkpt lat="37.586765" lon="-80.252504"></trkpt>
      <trkpt lat="37.586618" lon="-80.252574"></trkpt>
      <trkpt lat="37.586467" lon="-80.252626"></trkpt>
      <trkpt lat="37.586312" lon="-80.252660"></trkpt>
      <trkpt lat="37.585978" lon="-80.252687"></trkpt>
      <trkpt lat="37.585721" lon="-80.252694"></trkpt>
      <trkpt lat="37.585517" lon="-80.252673"></trkpt>
      <trkpt lat="37.585436" lon="-80.252648"></trkpt>
      <trkpt lat="37.585359" lon="-80.252605"></trkpt>
      <trkpt lat="37.585287" lon="-80.252546"></trkpt>
      <trkpt lat="37.585209" lon="-80.252456"></trkpt>
      <trkpt lat="37.585155" lon="-80.252367"></trkpt>
      <trkpt lat="37.585108" lon="-80.252250"></trkpt>
      <trkpt lat="37.585077" lon="-80.252115"></trkpt>
      <trkpt lat="37.585062" lon="-80.251978"></trkpt>
      <trkpt lat="37.585060" lon="-80.251824"></trkpt>
      <trkpt lat="37.585054" lon="-80.251662"></trkpt>
      <trkpt lat="37.585038" lon="-80.251471"></trkpt>
      <trkpt lat="37.585012" lon="-80.251321"></trkpt>
      <trkpt lat="37.584967" lon="-80.251137"></trkpt>
      <trkpt lat="37.584921" lon="-80.250995"></trkpt>
      <trkpt lat="37.584833" lon="-80.250773"></trkpt>
      <trkpt lat="37.584708" lon="-80.250493"></trkpt>
      <trkpt lat="37.584660" lon="-80.250356"></trkpt>
      <trkpt lat="37.584629" lon="-80.250251"></trkpt>
      <trkpt lat="37.584611" lon="-80.250091"></trkpt>
      <trkpt lat="37.584611" lon="-80.249955"></trkpt>
      <trkpt lat="37.584621" lon="-80.249848"></trkpt>
      <trkpt lat="37.584648" lon="-80.249709"></trkpt>
      <trkpt lat="37.584680" lon="-80.249601"></trkpt>
      <trkpt lat="37.584732" lon="-80.249472"></trkpt>
      <trkpt lat="37.584915" lon="-80.249134"></trkpt>
      <trkpt lat="37.585318" lon="-80.248450"></trkpt>
      <trkpt lat="37.585361" lon="-80.248348"></trkpt>
      <trkpt lat="37.585387" lon="-80.248262"></trkpt>
      <trkpt lat="37.585413" lon="-80.248091"></trkpt>
      <trkpt lat="37.585413" lon="-80.247990"></trkpt>
      <trkpt lat="37.585399" lon="-80.247890"></trkpt>
      <trkpt lat="37.585369" lon="-80.247795"></trkpt>
      <trkpt lat="37.585309" lon="-80.247688"></trkpt>
      <trkpt lat="37.585260" lon="-80.247626"></trkpt>
      <trkpt lat="37.585191" lon="-80.247562"></trkpt>
      <trkpt lat="37.585133" lon="-80.247526"></trkpt>
      <trkpt lat="37.585055" lon="-80.247496"></trkpt>
      <trkpt lat="37.584993" lon="-80.247485"></trkpt>
      <trkpt lat="37.584895" lon="-80.247488"></trkpt>
      <trkpt lat="37.584811" lon="-80.247527"></trkpt>
      <trkpt lat="37.584733" lon="-80.247583"></trkpt>
      <trkpt lat="37.584664" lon="-80.247655"></trkpt>
      <trkpt lat="37.584561" lon="-80.247799"></trkpt>
      <trkpt lat="37.584473" lon="-80.247948"></trkpt>
      <trkpt lat="37.584316" lon="-80.248268"></trkpt>
      <trkpt lat="37.584166" lon="-80.248630"></trkpt>
      <trkpt lat="37.584078" lon="-80.248808"></trkpt>
      <trkpt lat="37.583977" lon="-80.248959"></trkpt>
      <trkpt lat="37.583881" lon="-80.249071"></trkpt>
      <trkpt lat="37.583745" lon="-80.249198"></trkpt>
      <trkpt lat="37.583656" lon="-80.249250"></trkpt>
      <trkpt lat="37.583577" lon="-80.249275"></trkpt>
      <trkpt lat="37.583512" lon="-80.249283"></trkpt>
      <trkpt lat="37.583427" lon="-80.249277"></trkpt>
      <trkpt lat="37.583327" lon="-80.249251"></trkpt>
      <trkpt lat="37.583232" lon="-80.249206"></trkpt>
      <trkpt lat="37.583142" lon="-80.249144"></trkpt>
      <trkpt lat="37.582794" lon="-80.248852"></trkpt>
      <trkpt lat="37.582716" lon="-80.248807"></trkpt>
      <trkpt lat="37.582633" lon="-80.248780"></trkpt>
      <trkpt lat="37.582582" lon="-80.248773"></trkpt>
      <trkpt lat="37.582497" lon="-80.248776"></trkpt>
      <trkpt lat="37.582396" lon="-80.248804"></trkpt>
      <trkpt lat="37.582295" lon="-80.248852"></trkpt>
      <trkpt lat="37.582219" lon="-80.248902"></trkpt>
      <trkpt lat="37.582130" lon="-80.248977"></trkpt>
      <trkpt lat="37.581984" lon="-80.249121"></trkpt>
      <trkpt lat="37.581888" lon="-80.249232"></trkpt>
      <trkpt lat="37.581757" lon="-80.249416"></trkpt>
      <trkpt lat="37.581636" lon="-80.249627"></trkpt>
      <trkpt lat="37.581348" lon="-80.250229"></trkpt>
      <trkpt lat="37.581163" lon="-80.250581"></trkpt>
      <trkpt lat="37.581025" lon="-80.250793"></trkpt>
      <trkpt lat="37.580874" lon="-80.250992"></trkpt>
      <trkpt lat="37.580798" lon="-80.251076"></trkpt>
      <trkpt lat="37.580712" lon="-80.251194"></trkpt>
      <trkpt lat="37.580638" lon="-80.251324"></trkpt>
      <trkpt lat="37.580572" lon="-80.251475"></trkpt>
      <trkpt lat="37.580537" lon="-80.251595"></trkpt>
      <trkpt lat="37.580517" lon="-80.251719"></trkpt>
      <trkpt lat="37.580496" lon="-80.252025"></trkpt>
      <trkpt lat="37.580473" lon="-80.252207"></trkpt>
      <trkpt lat="37.580453" lon="-80.252317"></trkpt>
      <trkpt lat="37.580420" lon="-80.252421"></trkpt>
      <trkpt lat="37.580373" lon="-80.252516"></trkpt>
      <trkpt lat="37.580302" lon="-80.252616"></trkpt>
      <trkpt lat="37.580033" lon="-80.252904"></trkpt>
      <trkpt lat="37.579757" lon="-80.253175"></trkpt>
      <trkpt lat="37.579305" lon="-80.253618"></trkpt>
      <trkpt lat="37.579147" lon="-80.253791"></trkpt>
      <trkpt lat="37.578990" lon="-80.253983"></trkpt>
      <trkpt lat="37.578892" lon="-80.254131"></trkpt>
      <trkpt lat="37.578728" lon="-80.254421"></trkpt>
      <trkpt lat="37.578589" lon="-80.254733"></trkpt>
      <trkpt lat="37.578527" lon="-80.254835"></trkpt>
      <trkpt lat="37.578455" lon="-80.254924"></trkpt>
      <trkpt lat="37.578390" lon="-80.254986"></trkpt>
      <trkpt lat="37.578252" lon="-80.255088"></trkpt>
      <trkpt lat="37.578124" lon="-80.255159"></trkpt>
      <trkpt lat="37.577890" lon="-80.255246"></trkpt>
      <trkpt lat="37.577564" lon="-80.255355"></trkpt>
      <trkpt lat="37.577029" lon="-80.255553"></trkpt>
      <trkpt lat="37.576907" lon="-80.255612"></trkpt>
      <trkpt lat="37.576790" lon="-80.255687"></trkpt>
      <trkpt lat="37.576682" lon="-80.255779"></trkpt>
      <trkpt lat="37.576582" lon="-80.255885"></trkpt>
      <trkpt lat="37.576496" lon="-80.256012"></trkpt>
      <trkpt lat="37.576409" lon="-80.256180"></trkpt>
      <trkpt lat="37.576351" lon="-80.256330"></trkpt>
      <trkpt lat="37.576327" lon="-80.256435"></trkpt>
      <trkpt lat="37.576318" lon="-80.256543"></trkpt>
      <trkpt lat="37.576323" lon="-80.256651"></trkpt>
      <trkpt lat="37.576337" lon="-80.256736"></trkpt>
      <trkpt lat="37.576353" lon="-80.256798"></trkpt>
      <trkpt lat="37.576449" lon="-80.257060"></trkpt>
      <trkpt lat="37.576519" lon="-80.257283"></trkpt>
      <trkpt lat="37.576536" lon="-80.257399"></trkpt>
      <trkpt lat="37.576538" lon="-80.257541"></trkpt>
      <trkpt lat="37.576524" lon="-80.257658"></trkpt>
      <trkpt lat="37.576491" lon="-80.257793"></trkpt>
      <trkpt lat="37.576449" lon="-80.257898"></trkpt>
      <trkpt lat="37.576381" lon="-80.258025"></trkpt>
      <trkpt lat="37.576298" lon="-80.258137"></trkpt>
      <trkpt lat="37.576233" lon="-80.258201"></trkpt>
      <trkpt lat="37.576217" lon="-80.258217"></trkpt>
      <trkpt lat="37.576129" lon="-80.258282"></trkpt>
      <trkpt lat="37.576035" lon="-80.258332"></trkpt>
      <trkpt lat="37.575936" lon="-80.258364"></trkpt>
      <trkpt lat="37.575815" lon="-80.258386"></trkpt>
      <trkpt lat="37.575714" lon="-80.258385"></trkpt>
      <trkpt lat="37.575614" lon="-80.258366"></trkpt>
      <trkpt lat="37.575498" lon="-80.258321"></trkpt>
      <trkpt lat="37.575364" lon="-80.258255"></trkpt>
      <trkpt lat="37.575167" lon="-80.258184"></trkpt>
      <trkpt lat="37.574999" lon="-80.258144"></trkpt>
      <trkpt lat="37.574924" lon="-80.258151"></trkpt>
      <trkpt lat="37.574833" lon="-80.258176"></trkpt>
      <trkpt lat="37.574746" lon="-80.258217"></trkpt>
      <trkpt lat="37.574664" lon="-80.258273"></trkpt>
      <trkpt lat="37.574634" lon="-80.258304"></trkpt>
      <trkpt lat="37.574579" lon="-80.258381"></trkpt>
      <trkpt lat="37.574521" lon="-80.258486"></trkpt>
      <trkpt lat="37.574474" lon="-80.258600"></trkpt>
      <trkpt lat="37.574401" lon="-80.258861"></trkpt>
      <trkpt lat="37.574362" lon="-80.259023"></trkpt>
      <trkpt lat="37.574313" lon="-80.259256"></trkpt>
      <trkpt lat="37.574222" lon="-80.259598"></trkpt>
      <trkpt lat="37.574161" lon="-80.259801"></trkpt>
      <trkpt lat="37.574094" lon="-80.259934"></trkpt>
      <trkpt lat="37.574016" lon="-80.260056"></trkpt>
      <trkpt lat="37.573926" lon="-80.260166"></trkpt>
      <trkpt lat="37.573651" lon="-80.260436"></trkpt>
      <trkpt lat="37.573032" lon="-80.261029"></trkpt>
      <trkpt lat="37.572879" lon="-80.261170"></trkpt>
      <trkpt lat="37.572485" lon="-80.261532"></trkpt>
      <trkpt lat="37.571558" lon="-80.262391"></trkpt>
      <trkpt lat="37.571285" lon="-80.262628"></trkpt>
      <trkpt lat="37.571252" lon="-80.262657"></trkpt>
      <trkpt lat="37.571144" lon="-80.262721"></trkpt>
      <trkpt lat="37.571032" lon="-80.262769"></trkpt>
      <trkpt lat="37.570915" lon="-80.262799"></trkpt>
      <trkpt lat="37.570797" lon="-80.262811"></trkpt>
      <trkpt lat="37.570678" lon="-80.262805"></trkpt>
      <trkpt lat="37.570491" lon="-80.262745"></trkpt>
      <trkpt lat="37.570391" lon="-80.262702"></trkpt>
      <trkpt lat="37.570308" lon="-80.262666"></trkpt>
      <trkpt lat="37.570131" lon="-80.262568"></trkpt>
      <trkpt lat="37.570070" lon="-80.262530"></trkpt>
      <trkpt lat="37.569584" lon="-80.262233"></trkpt>
      <trkpt lat="37.569271" lon="-80.262031"></trkpt>
      <trkpt lat="37.569211" lon="-80.261985"></trkpt>
      <trkpt lat="37.569081" lon="-80.261885"></trkpt>
      <trkpt lat="37.568982" lon="-80.261795"></trkpt>
      <trkpt lat="37.568951" lon="-80.261762"></trkpt>
      <trkpt lat="37.568846" lon="-80.261641"></trkpt>
      <trkpt lat="37.568743" lon="-80.261500"></trkpt>
      <trkpt lat="37.568635" lon="-80.261330"></trkpt>
      <trkpt lat="37.568591" lon="-80.261260"></trkpt>
      <trkpt lat="37.568399" lon="-80.260958"></trkpt>
      <trkpt lat="37.567314" lon="-80.259218"></trkpt>
      <trkpt lat="37.566670" lon="-80.258195"></trkpt>
      <trkpt lat="37.566410" lon="-80.257778"></trkpt>
      <trkpt lat="37.566323" lon="-80.257634"></trkpt>
      <trkpt lat="37.566069" lon="-80.257224"></trkpt>
      <trkpt lat="37.565812" lon="-80.256828"></trkpt>
      <trkpt lat="37.565656" lon="-80.256608"></trkpt>
      <trkpt lat="37.565410" lon="-80.256293"></trkpt>
      <trkpt lat="37.565194" lon="-80.256044"></trkpt>
      <trkpt lat="37.565015" lon="-80.255854"></trkpt>
      <trkpt lat="37.564720" lon="-80.255528"></trkpt>
      <trkpt lat="37.564424" lon="-80.255198"></trkpt>
      <trkpt lat="37.563964" lon="-80.254644"></trkpt>
      <trkpt lat="37.563733" lon="-80.254321"></trkpt>
      <trkpt lat="37.563437" lon="-80.253874"></trkpt>
      <trkpt lat="37.563303" lon="-80.253697"></trkpt>
      <trkpt lat="37.563288" lon="-80.253679"></trkpt>
      <trkpt lat="37.563159" lon="-80.253533"></trkpt>
      <trkpt lat="37.562930" lon="-80.253314"></trkpt>
      <trkpt lat="37.562858" lon="-80.253255"></trkpt>
      <trkpt lat="37.562815" lon="-80.253223"></trkpt>
      <trkpt lat="37.562704" lon="-80.253142"></trkpt>
      <trkpt lat="37.562542" lon="-80.253044"></trkpt>
      <trkpt lat="37.562409" lon="-80.252978"></trkpt>
      <trkpt lat="37.561797" lon="-80.252738"></trkpt>
      <trkpt lat="37.561293" lon="-80.252520"></trkpt>
      <trkpt lat="37.561081" lon="-80.252418"></trkpt>
      <trkpt lat="37.560898" lon="-80.252311"></trkpt>
      <trkpt lat="37.560756" lon="-80.252213"></trkpt>
      <trkpt lat="37.560587" lon="-80.252077"></trkpt>
      <trkpt lat="37.560489" lon="-80.251987"></trkpt>
      <trkpt lat="37.560259" lon="-80.251763"></trkpt>
      <trkpt lat="37.559489" lon="-80.251047"></trkpt>
      <trkpt lat="37.559300" lon="-80.250844"></trkpt>
      <trkpt lat="37.559127" lon="-80.250632"></trkpt>
      <trkpt lat="37.558891" lon="-80.250315"></trkpt>
      <trkpt lat="37.558669" lon="-80.250039"></trkpt>
      <trkpt lat="37.558484" lon="-80.249828"></trkpt>
      <trkpt lat="37.558317" lon="-80.249661"></trkpt>
      <trkpt lat="37.558178" lon="-80.249538"></trkpt>
      <trkpt lat="37.557812" lon="-80.249247"></trkpt>
      <trkpt lat="37.557318" lon="-80.248884"></trkpt>
      <trkpt lat="37.557163" lon="-80.248792"></trkpt>
      <trkpt lat="37.557002" lon="-80.248718"></trkpt>
      <trkpt lat="37.556547" lon="-80.248540"></trkpt>
      <trkpt lat="37.556103" lon="-80.248344"></trkpt>
      <trkpt lat="37.555993" lon="-80.248275"></trkpt>
      <trkpt lat="37.555891" lon="-80.248190"></trkpt>
      <trkpt lat="37.555852" lon="-80.248152"></trkpt>
      <trkpt lat="37.555776" lon="-80.248043"></trkpt>
      <trkpt lat="37.555710" lon="-80.247923"></trkpt>
      <trkpt lat="37.555658" lon="-80.247793"></trkpt>
      <trkpt lat="37.555503" lon="-80.247274"></trkpt>
      <trkpt lat="37.555358" lon="-80.246751"></trkpt>
      <trkpt lat="37.555284" lon="-80.246543"></trkpt>
      <trkpt lat="37.555235" lon="-80.246421"></trkpt>
      <trkpt lat="37.555142" lon="-80.246226"></trkpt>
      <trkpt lat="37.554953" lon="-80.245873"></trkpt>
      <trkpt lat="37.554709" lon="-80.245450"></trkpt>
      <trkpt lat="37.554613" lon="-80.245243"></trkpt>
      <trkpt lat="37.554545" lon="-80.245071"></trkpt>
      <trkpt lat="37.554471" lon="-80.244850"></trkpt>
      <trkpt lat="37.554351" lon="-80.244391"></trkpt>
      <trkpt lat="37.554258" lon="-80.244001"></trkpt>
      <trkpt lat="37.554212" lon="-80.243856"></trkpt>
      <trkpt lat="37.554158" lon="-80.243716"></trkpt>
      <trkpt lat="37.554074" lon="-80.243543"></trkpt>
      <trkpt lat="37.554005" lon="-80.243432"></trkpt>
      <trkpt lat="37.553941" lon="-80.243352"></trkpt>
      <trkpt lat="37.553853" lon="-80.243265"></trkpt>
      <trkpt lat="37.553756" lon="-80.243192"></trkpt>
      <trkpt lat="37.553655" lon="-80.243139"></trkpt>
      <trkpt lat="37.553571" lon="-80.243108"></trkpt>
      <trkpt lat="37.553529" lon="-80.243099"></trkpt>
      <trkpt lat="37.553485" lon="-80.243089"></trkpt>
      <trkpt lat="37.553337" lon="-80.243087"></trkpt>
      <trkpt lat="37.553189" lon="-80.243105"></trkpt>
      <trkpt lat="37.553032" lon="-80.243146"></trkpt>
      <trkpt lat="37.552986" lon="-80.243162"></trkpt>
      <trkpt lat="37.552918" lon="-80.243202"></trkpt>
      <trkpt lat="37.552746" lon="-80.243305"></trkpt>
      <trkpt lat="37.552668" lon="-80.243352"></trkpt>
      <trkpt lat="37.552589" lon="-80.243398"></trkpt>
      <trkpt lat="37.552162" lon="-80.243679"></trkpt>
      <trkpt lat="37.551467" lon="-80.244115"></trkpt>
      <trkpt lat="37.551286" lon="-80.244246"></trkpt>
      <trkpt lat="37.551147" lon="-80.244363"></trkpt>
      <trkpt lat="37.551048" lon="-80.244472"></trkpt>
      <trkpt lat="37.550976" lon="-80.244569"></trkpt>
      <trkpt lat="37.550951" lon="-80.244609"></trkpt>
      <trkpt lat="37.550883" lon="-80.244729"></trkpt>
      <trkpt lat="37.550834" lon="-80.244836"></trkpt>
      <trkpt lat="37.550753" lon="-80.245042"></trkpt>
      <trkpt lat="37.550680" lon="-80.245253"></trkpt>
      <trkpt lat="37.550550" lon="-80.245684"></trkpt>
      <trkpt lat="37.550490" lon="-80.245863"></trkpt>
      <trkpt lat="37.550394" lon="-80.246150"></trkpt>
      <trkpt lat="37.550306" lon="-80.246348"></trkpt>
      <trkpt lat="37.550205" lon="-80.246535"></trkpt>
      <trkpt lat="37.550091" lon="-80.246712"></trkpt>
      <trkpt lat="37.549968" lon="-80.246869"></trkpt>
      <trkpt lat="37.549915" lon="-80.246937"></trkpt>
      <trkpt lat="37.549271" lon="-80.247724"></trkpt>
      <trkpt lat="37.548234" lon="-80.248980"></trkpt>
      <trkpt lat="37.547704" lon="-80.249629"></trkpt>
      <trkpt lat="37.547667" lon="-80.249675"></trkpt>
      <trkpt lat="37.547462" lon="-80.249915"></trkpt>
      <trkpt lat="37.547306" lon="-80.250116"></trkpt>
      <trkpt lat="37.547170" lon="-80.250304"></trkpt>
      <trkpt lat="37.547078" lon="-80.250453"></trkpt>
      <trkpt lat="37.546997" lon="-80.250612"></trkpt>
      <trkpt lat="37.546929" lon="-80.250780"></trkpt>
      <trkpt lat="37.546894" lon="-80.250884"></trkpt>
      <trkpt lat="37.546836" lon="-80.251115"></trkpt>
      <trkpt lat="37.546787" lon="-80.251349"></trkpt>
      <trkpt lat="37.546682" lon="-80.251966"></trkpt>
      <trkpt lat="37.546654" lon="-80.252140"></trkpt>
      <trkpt lat="37.546627" lon="-80.252324"></trkpt>
      <trkpt lat="37.546263" lon="-80.254549"></trkpt>
      <trkpt lat="37.546209" lon="-80.254807"></trkpt>
      <trkpt lat="37.546140" lon="-80.255060"></trkpt>
      <trkpt lat="37.546093" lon="-80.255199"></trkpt>
      <trkpt lat="37.546007" lon="-80.255388"></trkpt>
      <trkpt lat="37.545908" lon="-80.255567"></trkpt>
      <trkpt lat="37.545680" lon="-80.255918"></trkpt>
      <trkpt lat="37.545417" lon="-80.256324"></trkpt>
      <trkpt lat="37.545217" lon="-80.256618"></trkpt>
      <trkpt lat="37.545066" lon="-80.256862"></trkpt>
      <trkpt lat="37.544946" lon="-80.257072"></trkpt>
      <trkpt lat="37.544854" lon="-80.257265"></trkpt>
      <trkpt lat="37.544790" lon="-80.257426"></trkpt>
      <trkpt lat="37.544708" lon="-80.257665"></trkpt>
      <trkpt lat="37.544627" lon="-80.257940"></trkpt>
      <trkpt lat="37.544377" lon="-80.258950"></trkpt>
      <trkpt lat="37.543796" lon="-80.261186"></trkpt>
      <trkpt lat="37.543746" lon="-80.261376"></trkpt>
      <trkpt lat="37.543575" lon="-80.261965"></trkpt>
      <trkpt lat="37.543522" lon="-80.262113"></trkpt>
      <trkpt lat="37.543461" lon="-80.262255"></trkpt>
      <trkpt lat="37.543374" lon="-80.262426"></trkpt>
      <trkpt lat="37.542178" lon="-80.264280"></trkpt>
      <trkpt lat="37.541936" lon="-80.264646"></trkpt>
      <trkpt lat="37.541505" lon="-80.265277"></trkpt>
      <trkpt lat="37.541229" lon="-80.265677"></trkpt>
      <trkpt lat="37.540592" lon="-80.266599"></trkpt>
      <trkpt lat="37.540509" lon="-80.266718"></trkpt>
      <trkpt lat="37.539722" lon="-80.267846"></trkpt>
      <trkpt lat="37.539408" lon="-80.268270"></trkpt>
      <trkpt lat="37.539138" lon="-80.268676"></trkpt>
      <trkpt lat="37.538988" lon="-80.268935"></trkpt>
      <trkpt lat="37.538937" lon="-80.269047"></trkpt>
      <trkpt lat="37.538916" lon="-80.269108"></trkpt>
      <trkpt lat="37.538743" lon="-80.269604"></trkpt>
      <trkpt lat="37.538608" lon="-80.270020"></trkpt>
      <trkpt lat="37.538524" lon="-80.270277"></trkpt>
      <trkpt lat="37.538358" lon="-80.270745"></trkpt>
      <trkpt lat="37.538294" lon="-80.270875"></trkpt>
      <trkpt lat="37.538218" lon="-80.270994"></trkpt>
      <trkpt lat="37.538174" lon="-80.271037"></trkpt>
      <trkpt lat="37.538113" lon="-80.271077"></trkpt>
      <trkpt lat="37.538047" lon="-80.271100"></trkpt>
      <trkpt lat="37.537973" lon="-80.271105"></trkpt>
      <trkpt lat="37.537910" lon="-80.271092"></trkpt>
      <trkpt lat="37.537846" lon="-80.271061"></trkpt>
      <trkpt lat="37.537785" lon="-80.271006"></trkpt>
      <trkpt lat="37.537717" lon="-80.270925"></trkpt>
      <trkpt lat="37.537660" lon="-80.270832"></trkpt>
      <trkpt lat="37.537615" lon="-80.270728"></trkpt>
      <trkpt lat="37.537447" lon="-80.270159"></trkpt>
      <trkpt lat="37.537374" lon="-80.269925"></trkpt>
      <trkpt lat="37.537241" lon="-80.269540"></trkpt>
      <trkpt lat="37.537140" lon="-80.269289"></trkpt>
      <trkpt lat="37.537082" lon="-80.269143"></trkpt>
      <trkpt lat="37.537011" lon="-80.268981"></trkpt>
      <trkpt lat="37.536904" lon="-80.268705"></trkpt>
      <trkpt lat="37.536827" lon="-80.268479"></trkpt>
      <trkpt lat="37.536743" lon="-80.268189"></trkpt>
      <trkpt lat="37.536704" lon="-80.268011"></trkpt>
      <trkpt lat="37.536666" lon="-80.267784"></trkpt>
      <trkpt lat="37.536647" lon="-80.267600"></trkpt>
      <trkpt lat="37.536600" lon="-80.267219"></trkpt>
      <trkpt lat="37.536536" lon="-80.266705"></trkpt>
      <trkpt lat="37.536491" lon="-80.266444"></trkpt>
      <trkpt lat="37.536432" lon="-80.266187"></trkpt>
      <trkpt lat="37.536332" lon="-80.265849"></trkpt>
      <trkpt lat="37.536274" lon="-80.265604"></trkpt>
      <trkpt lat="37.536225" lon="-80.265335"></trkpt>
      <trkpt lat="37.536203" lon="-80.265133"></trkpt>
      <trkpt lat="37.536195" lon="-80.264930"></trkpt>
      <trkpt lat="37.536231" lon="-80.263522"></trkpt>
      <trkpt lat="37.536229" lon="-80.263464"></trkpt>
      <trkpt lat="37.536231" lon="-80.263397"></trkpt>
      <trkpt lat="37.536233" lon="-80.263319"></trkpt>
      <trkpt lat="37.536252" lon="-80.263177"></trkpt>
      <trkpt lat="37.536277" lon="-80.263065"></trkpt>
      <trkpt lat="37.536320" lon="-80.262931"></trkpt>
      <trkpt lat="37.536396" lon="-80.262772"></trkpt>
      <trkpt lat="37.536503" lon="-80.262583"></trkpt>
      <trkpt lat="37.536598" lon="-80.262440"></trkpt>
      <trkpt lat="37.536666" lon="-80.262314"></trkpt>
      <trkpt lat="37.536722" lon="-80.262179"></trkpt>
      <trkpt lat="37.536770" lon="-80.262007"></trkpt>
      <trkpt lat="37.536791" lon="-80.261888"></trkpt>
      <trkpt lat="37.536803" lon="-80.261741"></trkpt>
      <trkpt lat="37.536801" lon="-80.261626"></trkpt>
      <trkpt lat="37.536786" lon="-80.261484"></trkpt>
      <trkpt lat="37.536750" lon="-80.261318"></trkpt>
      <trkpt lat="37.536714" lon="-80.261212"></trkpt>
      <trkpt lat="37.536612" lon="-80.260978"></trkpt>
      <trkpt lat="37.536431" lon="-80.260538"></trkpt>
      <trkpt lat="37.536365" lon="-80.260359"></trkpt>
      <trkpt lat="37.536320" lon="-80.260183"></trkpt>
      <trkpt lat="37.536288" lon="-80.260002"></trkpt>
      <trkpt lat="37.536241" lon="-80.259456"></trkpt>
      <trkpt lat="37.536234" lon="-80.259184"></trkpt>
      <trkpt lat="37.536242" lon="-80.258911"></trkpt>
      <trkpt lat="37.536264" lon="-80.258639"></trkpt>
      <trkpt lat="37.536423" lon="-80.257829"></trkpt>
      <trkpt lat="37.536458" lon="-80.257610"></trkpt>
      <trkpt lat="37.536476" lon="-80.257432"></trkpt>
      <trkpt lat="37.536486" lon="-80.257209"></trkpt>
      <trkpt lat="37.536481" lon="-80.256985"></trkpt>
      <trkpt lat="37.536466" lon="-80.256818"></trkpt>
      <trkpt lat="37.536431" lon="-80.256651"></trkpt>
      <trkpt lat="37.536394" lon="-80.256521"></trkpt>
      <trkpt lat="37.536335" lon="-80.256365"></trkpt>
      <trkpt lat="37.536263" lon="-80.256218"></trkpt>
      <trkpt lat="37.536165" lon="-80.256058"></trkpt>
      <trkpt lat="37.536092" lon="-80.255926"></trkpt>
      <trkpt lat="37.536073" lon="-80.255882"></trkpt>
      <trkpt lat="37.536043" lon="-80.255813"></trkpt>
      <trkpt lat="37.535992" lon="-80.255666"></trkpt>
      <trkpt lat="37.535950" lon="-80.255480"></trkpt>
      <trkpt lat="37.535934" lon="-80.255354"></trkpt>
      <trkpt lat="37.535921" lon="-80.255072"></trkpt>
      <trkpt lat="37.535914" lon="-80.254528"></trkpt>
      <trkpt lat="37.535922" lon="-80.253983"></trkpt>
      <trkpt lat="37.535918" lon="-80.253473"></trkpt>
      <trkpt lat="37.535899" lon="-80.252964"></trkpt>
      <trkpt lat="37.535886" lon="-80.252798"></trkpt>
      <trkpt lat="37.535844" lon="-80.252483"></trkpt>
      <trkpt lat="37.535817" lon="-80.252328"></trkpt>
      <trkpt lat="37.535811" lon="-80.252295"></trkpt>
      <trkpt lat="37.535733" lon="-80.251925"></trkpt>
      <trkpt lat="37.535631" lon="-80.251541"></trkpt>
      <trkpt lat="37.535569" lon="-80.251345"></trkpt>
      <trkpt lat="37.535494" lon="-80.251157"></trkpt>
      <trkpt lat="37.535426" lon="-80.251012"></trkpt>
      <trkpt lat="37.535310" lon="-80.250806"></trkpt>
      <trkpt lat="37.535201" lon="-80.250646"></trkpt>
      <trkpt lat="37.535106" lon="-80.250537"></trkpt>
      <trkpt lat="37.535022" lon="-80.250415"></trkpt>
      <trkpt lat="37.534963" lon="-80.250310"></trkpt>
      <trkpt lat="37.534912" lon="-80.250198"></trkpt>
      <trkpt lat="37.534859" lon="-80.250051"></trkpt>
      <trkpt lat="37.534850" lon="-80.250002"></trkpt>
      <trkpt lat="37.534837" lon="-80.249878"></trkpt>
      <trkpt lat="37.534841" lon="-80.249728"></trkpt>
      <trkpt lat="37.534865" lon="-80.249582"></trkpt>
      <trkpt lat="37.534901" lon="-80.249465"></trkpt>
      <trkpt lat="37.534991" lon="-80.249143"></trkpt>
      <trkpt lat="37.535052" lon="-80.248870"></trkpt>
      <trkpt lat="37.535099" lon="-80.248591"></trkpt>
      <trkpt lat="37.535087" lon="-80.248338"></trkpt>
      <trkpt lat="37.535060" lon="-80.248086"></trkpt>
      <trkpt lat="37.535028" lon="-80.247887"></trkpt>
      <trkpt lat="37.534975" lon="-80.247642"></trkpt>
      <trkpt lat="37.534930" lon="-80.247490"></trkpt>
      <trkpt lat="37.534838" lon="-80.247235"></trkpt>
      <trkpt lat="37.534733" lon="-80.246987"></trkpt>
      <trkpt lat="37.534682" lon="-80.246896"></trkpt>
      <trkpt lat="37.534621" lon="-80.246768"></trkpt>
      <trkpt lat="37.534556" lon="-80.246601"></trkpt>
      <trkpt lat="37.534504" lon="-80.246427"></trkpt>
      <trkpt lat="37.534459" lon="-80.246210"></trkpt>
      <trkpt lat="37.534432" lon="-80.245987"></trkpt>
      <trkpt lat="37.534399" lon="-80.245610"></trkpt>
      <trkpt lat="37.534381" lon="-80.245232"></trkpt>
      <trkpt lat="37.534379" lon="-80.244853"></trkpt>
      <trkpt lat="37.534389" lon="-80.244735"></trkpt>
      <trkpt lat="37.534404" lon="-80.244438"></trkpt>
      <trkpt lat="37.534406" lon="-80.244200"></trkpt>
      <trkpt lat="37.534395" lon="-80.243925"></trkpt>
      <trkpt lat="37.534400" lon="-80.243768"></trkpt>
      <trkpt lat="37.534419" lon="-80.243614"></trkpt>
      <trkpt lat="37.534461" lon="-80.243434"></trkpt>
      <trkpt lat="37.534506" lon="-80.243312"></trkpt>
      <trkpt lat="37.534603" lon="-80.243074"></trkpt>
      <trkpt lat="37.534724" lon="-80.242812"></trkpt>
      <trkpt lat="37.534784" lon="-80.242662"></trkpt>
      <trkpt lat="37.534832" lon="-80.242505"></trkpt>
      <trkpt lat="37.534866" lon="-80.242343"></trkpt>
      <trkpt lat="37.534887" lon="-80.242176"></trkpt>
      <trkpt lat="37.534893" lon="-80.242008"></trkpt>
      <trkpt lat="37.534886" lon="-80.241840"></trkpt>
      <trkpt lat="37.534849" lon="-80.241585"></trkpt>
      <trkpt lat="37.534807" lon="-80.241366"></trkpt>
      <trkpt lat="37.534742" lon="-80.241096"></trkpt>
      <trkpt lat="37.534699" lon="-80.240953"></trkpt>
      <trkpt lat="37.534663" lon="-80.240817"></trkpt>
      <trkpt lat="37.534584" lon="-80.240473"></trkpt>
      <trkpt lat="37.534541" lon="-80.240239"></trkpt>
      <trkpt lat="37.534535" lon="-80.240108"></trkpt>
      <trkpt lat="37.534544" lon="-80.239977"></trkpt>
      <trkpt lat="37.534566" lon="-80.239848"></trkpt>
      <trkpt lat="37.534602" lon="-80.239725"></trkpt>
      <trkpt lat="37.534640" lon="-80.239631"></trkpt>
      <trkpt lat="37.534947" lon="-80.239047"></trkpt>
      <trkpt lat="37.534985" lon="-80.238935"></trkpt>
      <trkpt lat="37.535009" lon="-80.238819"></trkpt>
      <trkpt lat="37.535019" lon="-80.238699"></trkpt>
      <trkpt lat="37.535015" lon="-80.238578"></trkpt>
      <trkpt lat="37.534978" lon="-80.238360"></trkpt>
      <trkpt lat="37.534951" lon="-80.238164"></trkpt>
      <trkpt lat="37.534929" lon="-80.237916"></trkpt>
      <trkpt lat="37.534921" lon="-80.237666"></trkpt>
      <trkpt lat="37.534929" lon="-80.237215"></trkpt>
      <trkpt lat="37.534931" lon="-80.236587"></trkpt>
      <trkpt lat="37.534915" lon="-80.236332"></trkpt>
      <trkpt lat="37.534885" lon="-80.236080"></trkpt>
      <trkpt lat="37.534829" lon="-80.235767"></trkpt>
      <trkpt lat="37.534809" lon="-80.235708"></trkpt>
      <trkpt lat="37.534773" lon="-80.235640"></trkpt>
      <trkpt lat="37.534746" lon="-80.235606"></trkpt>
      <trkpt lat="37.534694" lon="-80.235558"></trkpt>
      <trkpt lat="37.534635" lon="-80.235526"></trkpt>
      <trkpt lat="37.534571" lon="-80.235511"></trkpt>
      <trkpt lat="37.534507" lon="-80.235514"></trkpt>
      <trkpt lat="37.534443" lon="-80.235549"></trkpt>
      <trkpt lat="37.534363" lon="-80.235613"></trkpt>
      <trkpt lat="37.534307" lon="-80.235672"></trkpt>
      <trkpt lat="37.534282" lon="-80.235706"></trkpt>
      <trkpt lat="37.534143" lon="-80.235950"></trkpt>
      <trkpt lat="37.533675" lon="-80.236776"></trkpt>
      <trkpt lat="37.533300" lon="-80.237479"></trkpt>
      <trkpt lat="37.533132" lon="-80.237760"></trkpt>
      <trkpt lat="37.532952" lon="-80.238029"></trkpt>
      <trkpt lat="37.532876" lon="-80.238133"></trkpt>
      <trkpt lat="37.532424" lon="-80.238693"></trkpt>
      <trkpt lat="37.532293" lon="-80.238881"></trkpt>
      <trkpt lat="37.532196" lon="-80.239040"></trkpt>
      <trkpt lat="37.532108" lon="-80.239205"></trkpt>
      <trkpt lat="37.531996" lon="-80.239378"></trkpt>
      <trkpt lat="37.531846" lon="-80.239582"></trkpt>
      <trkpt lat="37.531586" lon="-80.239897"></trkpt>
      <trkpt lat="37.531539" lon="-80.239964"></trkpt>
      <trkpt lat="37.531470" lon="-80.240093"></trkpt>
      <trkpt lat="37.531411" lon="-80.240232"></trkpt>
      <trkpt lat="37.531366" lon="-80.240378"></trkpt>
      <trkpt lat="37.531274" lon="-80.240749"></trkpt>
      <trkpt lat="37.531153" lon="-80.241316"></trkpt>
      <trkpt lat="37.531079" lon="-80.241588"></trkpt>
      <trkpt lat="37.531010" lon="-80.241800"></trkpt>
      <trkpt lat="37.530811" lon="-80.242250"></trkpt>
      <trkpt lat="37.530685" lon="-80.242515"></trkpt>
      <trkpt lat="37.530204" lon="-80.243454"></trkpt>
      <trkpt lat="37.530001" lon="-80.243792"></trkpt>
      <trkpt lat="37.529875" lon="-80.244026"></trkpt>
      <trkpt lat="37.529757" lon="-80.244266"></trkpt>
      <trkpt lat="37.529653" lon="-80.244523"></trkpt>
      <trkpt lat="37.529561" lon="-80.244787"></trkpt>
      <trkpt lat="37.529432" lon="-80.245218"></trkpt>
      <trkpt lat="37.529283" lon="-80.245694"></trkpt>
      <trkpt lat="37.529194" lon="-80.245926"></trkpt>
      <trkpt lat="37.529091" lon="-80.246150"></trkpt>
      <trkpt lat="37.528872" lon="-80.246667"></trkpt>
      <trkpt lat="37.528616" lon="-80.247237"></trkpt>
      <trkpt lat="37.528481" lon="-80.247576"></trkpt>
      <trkpt lat="37.528213" lon="-80.248280"></trkpt>
      <trkpt lat="37.528157" lon="-80.248384"></trkpt>
      <trkpt lat="37.528089" lon="-80.248476"></trkpt>
      <trkpt lat="37.528012" lon="-80.248554"></trkpt>
      <trkpt lat="37.527442" lon="-80.248967"></trkpt>
      <trkpt lat="37.527339" lon="-80.249023"></trkpt>
      <trkpt lat="37.527209" lon="-80.249067"></trkpt>
      <trkpt lat="37.526996" lon="-80.249097"></trkpt>
      <trkpt lat="37.526874" lon="-80.249128"></trkpt>
      <trkpt lat="37.526756" lon="-80.249177"></trkpt>
      <trkpt lat="37.526622" lon="-80.249245"></trkpt>
      <trkpt lat="37.526489" lon="-80.249343"></trkpt>
      <trkpt lat="37.526225" lon="-80.249564"></trkpt>
      <trkpt lat="37.525921" lon="-80.249827"></trkpt>
      <trkpt lat="37.525744" lon="-80.249947"></trkpt>
      <trkpt lat="37.525677" lon="-80.249970"></trkpt>
      <trkpt lat="37.525614" lon="-80.249972"></trkpt>
      <trkpt lat="37.525552" lon="-80.249956"></trkpt>
      <trkpt lat="37.525517" lon="-80.249938"></trkpt>
      <trkpt lat="37.525467" lon="-80.249896"></trkpt>
      <trkpt lat="37.525433" lon="-80.249853"></trkpt>
      <trkpt lat="37.525401" lon="-80.249790"></trkpt>
      <trkpt lat="37.525381" lon="-80.249719"></trkpt>
      <trkpt lat="37.525375" lon="-80.249644"></trkpt>
      <trkpt lat="37.525385" lon="-80.249565"></trkpt>
      <trkpt lat="37.525415" lon="-80.249475"></trkpt>
      <trkpt lat="37.525444" lon="-80.249423"></trkpt>
      <trkpt lat="37.525501" lon="-80.249358"></trkpt>
      <trkpt lat="37.525546" lon="-80.249326"></trkpt>
      <trkpt lat="37.525810" lon="-80.249213"></trkpt>
      <trkpt lat="37.526079" lon="-80.249106"></trkpt>
      <trkpt lat="37.526237" lon="-80.249019"></trkpt>
      <trkpt lat="37.526362" lon="-80.248929"></trkpt>
      <trkpt lat="37.526433" lon="-80.248868"></trkpt>
      <trkpt lat="37.527254" lon="-80.248059"></trkpt>
      <trkpt lat="37.527340" lon="-80.247949"></trkpt>
      <trkpt lat="37.527414" lon="-80.247827"></trkpt>
      <trkpt lat="37.527441" lon="-80.247775"></trkpt>
      <trkpt lat="37.527480" lon="-80.247631"></trkpt>
      <trkpt lat="37.527506" lon="-80.247482"></trkpt>
      <trkpt lat="37.527517" lon="-80.247330"></trkpt>
      <trkpt lat="37.527516" lon="-80.247238"></trkpt>
      <trkpt lat="37.527476" lon="-80.246855"></trkpt>
      <trkpt lat="37.527453" lon="-80.246469"></trkpt>
      <trkpt lat="37.527424" lon="-80.245862"></trkpt>
      <trkpt lat="37.527419" lon="-80.245420"></trkpt>
      <trkpt lat="37.527421" lon="-80.245244"></trkpt>
      <trkpt lat="37.527477" lon="-80.243994"></trkpt>
      <trkpt lat="37.527504" lon="-80.243682"></trkpt>
      <trkpt lat="37.527545" lon="-80.243373"></trkpt>
      <trkpt lat="37.527599" lon="-80.243067"></trkpt>
      <trkpt lat="37.527698" lon="-80.242630"></trkpt>
      <trkpt lat="37.527877" lon="-80.241945"></trkpt>
      <trkpt lat="37.527913" lon="-80.241743"></trkpt>
      <trkpt lat="37.527918" lon="-80.241697"></trkpt>
      <trkpt lat="37.527922" lon="-80.241655"></trkpt>
      <trkpt lat="37.527916" lon="-80.241546"></trkpt>
      <trkpt lat="37.527890" lon="-80.241441"></trkpt>
      <trkpt lat="37.527854" lon="-80.241362"></trkpt>
      <trkpt lat="37.527676" lon="-80.241104"></trkpt>
      <trkpt lat="37.527415" lon="-80.240756"></trkpt>
      <trkpt lat="37.527199" lon="-80.240487"></trkpt>
      <trkpt lat="37.527036" lon="-80.240324"></trkpt>
      <trkpt lat="37.526864" lon="-80.240177"></trkpt>
      <trkpt lat="37.526757" lon="-80.240096"></trkpt>
      <trkpt lat="37.526361" lon="-80.239758"></trkpt>
      <trkpt lat="37.526281" lon="-80.239666"></trkpt>
      <trkpt lat="37.526212" lon="-80.239562"></trkpt>
      <trkpt lat="37.526172" lon="-80.239479"></trkpt>
      <trkpt lat="37.526145" lon="-80.239400"></trkpt>
      <trkpt lat="37.526134" lon="-80.239352"></trkpt>
      <trkpt lat="37.526122" lon="-80.239274"></trkpt>
      <trkpt lat="37.526119" lon="-80.239167"></trkpt>
      <trkpt lat="37.526131" lon="-80.239060"></trkpt>
      <trkpt lat="37.526159" lon="-80.238930"></trkpt>
      <trkpt lat="37.526170" lon="-80.238813"></trkpt>
      <trkpt lat="37.526167" lon="-80.238696"></trkpt>
      <trkpt lat="37.526150" lon="-80.238580"></trkpt>
      <trkpt lat="37.526120" lon="-80.238469"></trkpt>
      <trkpt lat="37.526095" lon="-80.238405"></trkpt>
      <trkpt lat="37.526022" lon="-80.238268"></trkpt>
      <trkpt lat="37.525941" lon="-80.238087"></trkpt>
      <trkpt lat="37.525874" lon="-80.237898"></trkpt>
      <trkpt lat="37.525820" lon="-80.237698"></trkpt>
      <trkpt lat="37.525803" lon="-80.237584"></trkpt>
      <trkpt lat="37.525800" lon="-80.237468"></trkpt>
      <trkpt lat="37.525811" lon="-80.237353"></trkpt>
      <trkpt lat="37.525836" lon="-80.237242"></trkpt>
      <trkpt lat="37.525858" lon="-80.237178"></trkpt>
      <trkpt lat="37.525901" lon="-80.237109"></trkpt>
      <trkpt lat="37.525964" lon="-80.237034"></trkpt>
      <trkpt lat="37.526037" lon="-80.236973"></trkpt>
      <trkpt lat="37.526117" lon="-80.236930"></trkpt>
      <trkpt lat="37.526151" lon="-80.236917"></trkpt>
      <trkpt lat="37.526293" lon="-80.236891"></trkpt>
      <trkpt lat="37.526433" lon="-80.236849"></trkpt>
      <trkpt lat="37.526515" lon="-80.236815"></trkpt>
      <trkpt lat="37.526587" lon="-80.236751"></trkpt>
      <trkpt lat="37.526684" lon="-80.236640"></trkpt>
      <trkpt lat="37.526753" lon="-80.236533"></trkpt>
      <trkpt lat="37.526790" lon="-80.236465"></trkpt>
      <trkpt lat="37.526825" lon="-80.236390"></trkpt>
      <trkpt lat="37.526884" lon="-80.236181"></trkpt>
      <trkpt lat="37.526983" lon="-80.235784"></trkpt>
      <trkpt lat="37.527125" lon="-80.235254"></trkpt>
      <trkpt lat="37.527251" lon="-80.234839"></trkpt>
      <trkpt lat="37.527266" lon="-80.234739"></trkpt>
      <trkpt lat="37.527267" lon="-80.234634"></trkpt>
      <trkpt lat="37.527265" lon="-80.234605"></trkpt>
      <trkpt lat="37.527247" lon="-80.234497"></trkpt>
      <trkpt lat="37.527221" lon="-80.234439"></trkpt>
      <trkpt lat="37.527164" lon="-80.234347"></trkpt>
      <trkpt lat="37.527096" lon="-80.234267"></trkpt>
      <trkpt lat="37.526976" lon="-80.234161"></trkpt>
      <trkpt lat="37.526899" lon="-80.234069"></trkpt>
      <trkpt lat="37.526865" lon="-80.233981"></trkpt>
      <trkpt lat="37.526852" lon="-80.233901"></trkpt>
      <trkpt lat="37.526853" lon="-80.233820"></trkpt>
      <trkpt lat="37.526865" lon="-80.233756"></trkpt>
      <trkpt lat="37.526957" lon="-80.233472"></trkpt>
      <trkpt lat="37.527122" lon="-80.233026"></trkpt>
      <trkpt lat="37.527230" lon="-80.232764"></trkpt>
      <trkpt lat="37.527392" lon="-80.232401"></trkpt>
      <trkpt lat="37.527539" lon="-80.232113"></trkpt>
      <trkpt lat="37.527661" lon="-80.231896"></trkpt>
      <trkpt lat="37.527740" lon="-80.231724"></trkpt>
      <trkpt lat="37.527793" lon="-80.231581"></trkpt>
      <trkpt lat="37.527850" lon="-80.231304"></trkpt>
      <trkpt lat="37.527904" lon="-80.230963"></trkpt>
      <trkpt lat="37.527938" lon="-80.230851"></trkpt>
      <trkpt lat="37.527985" lon="-80.230747"></trkpt>
      <trkpt lat="37.528069" lon="-80.230619"></trkpt>
      <trkpt lat="37.528148" lon="-80.230517"></trkpt>
      <trkpt lat="37.528275" lon="-80.230375"></trkpt>
      <trkpt lat="37.528369" lon="-80.230243"></trkpt>
      <trkpt lat="37.528434" lon="-80.230128"></trkpt>
      <trkpt lat="37.528487" lon="-80.229977"></trkpt>
      <trkpt lat="37.528527" lon="-80.229820"></trkpt>
      <trkpt lat="37.528556" lon="-80.229646"></trkpt>
      <trkpt lat="37.528578" lon="-80.229415"></trkpt>
      <trkpt lat="37.528584" lon="-80.229228"></trkpt>
      <trkpt lat="37.528590" lon="-80.228497"></trkpt>
      <trkpt lat="37.528590" lon="-80.228416"></trkpt>
      <trkpt lat="37.528598" lon="-80.228297"></trkpt>
      <trkpt lat="37.528625" lon="-80.228034"></trkpt>
      <trkpt lat="37.528636" lon="-80.227956"></trkpt>
      <trkpt lat="37.528635" lon="-80.227911"></trkpt>
      <trkpt lat="37.528622" lon="-80.227801"></trkpt>
      <trkpt lat="37.528595" lon="-80.227694"></trkpt>
      <trkpt lat="37.528555" lon="-80.227595"></trkpt>
      <trkpt lat="37.528493" lon="-80.227489"></trkpt>
      <trkpt lat="37.528454" lon="-80.227410"></trkpt>
      <trkpt lat="37.528431" lon="-80.227340"></trkpt>
      <trkpt lat="37.528415" lon="-80.227248"></trkpt>
      <trkpt lat="37.528429" lon="-80.227180"></trkpt>
      <trkpt lat="37.528464" lon="-80.227109"></trkpt>
      <trkpt lat="37.528506" lon="-80.227063"></trkpt>
      <trkpt lat="37.528556" lon="-80.227031"></trkpt>
      <trkpt lat="37.528662" lon="-80.227000"></trkpt>
      <trkpt lat="37.528785" lon="-80.226983"></trkpt>
      <trkpt lat="37.528877" lon="-80.226958"></trkpt>
      <trkpt lat="37.528964" lon="-80.226916"></trkpt>
      <trkpt lat="37.529027" lon="-80.226852"></trkpt>
      <trkpt lat="37.529104" lon="-80.226758"></trkpt>
      <trkpt lat="37.529220" lon="-80.226586"></trkpt>
      <trkpt lat="37.529335" lon="-80.226435"></trkpt>
      <trkpt lat="37.529466" lon="-80.226290"></trkpt>
      <trkpt lat="37.529550" lon="-80.226176"></trkpt>
      <trkpt lat="37.529609" lon="-80.226076"></trkpt>
      <trkpt lat="37.529701" lon="-80.225883"></trkpt>
      <trkpt lat="37.529770" lon="-80.225710"></trkpt>
      <trkpt lat="37.529994" lon="-80.225118"></trkpt>
      <trkpt lat="37.530057" lon="-80.225002"></trkpt>
      <trkpt lat="37.530194" lon="-80.224812"></trkpt>
      <trkpt lat="37.530249" lon="-80.224718"></trkpt>
      <trkpt lat="37.530305" lon="-80.224596"></trkpt>
      <trkpt lat="37.530326" lon="-80.224551"></trkpt>
      <trkpt lat="37.530346" lon="-80.224480"></trkpt>
      <trkpt lat="37.530359" lon="-80.224406"></trkpt>
      <trkpt lat="37.530371" lon="-80.224155"></trkpt>
      <trkpt lat="37.530369" lon="-80.223955"></trkpt>
      <trkpt lat="37.530381" lon="-80.223731"></trkpt>
      <trkpt lat="37.530439" lon="-80.223069"></trkpt>
      <trkpt lat="37.530497" lon="-80.222512"></trkpt>
      <trkpt lat="37.530520" lon="-80.222389"></trkpt>
      <trkpt lat="37.530560" lon="-80.222241"></trkpt>
      <trkpt lat="37.530609" lon="-80.222118"></trkpt>
      <trkpt lat="37.530682" lon="-80.221973"></trkpt>
      <trkpt lat="37.530764" lon="-80.221836"></trkpt>
      <trkpt lat="37.530784" lon="-80.221782"></trkpt>
      <trkpt lat="37.530824" lon="-80.221642"></trkpt>
      <trkpt lat="37.530850" lon="-80.221497"></trkpt>
      <trkpt lat="37.530875" lon="-80.221216"></trkpt>
      <trkpt lat="37.530904" lon="-80.220758"></trkpt>
      <trkpt lat="37.530897" lon="-80.220604"></trkpt>
      <trkpt lat="37.530875" lon="-80.220451"></trkpt>
      <trkpt lat="37.530817" lon="-80.220240"></trkpt>
      <trkpt lat="37.530738" lon="-80.220003"></trkpt>
      <trkpt lat="37.530727" lon="-80.219955"></trkpt>
      <trkpt lat="37.530709" lon="-80.219833"></trkpt>
      <trkpt lat="37.530706" lon="-80.219684"></trkpt>
      <trkpt lat="37.530718" lon="-80.219561"></trkpt>
      <trkpt lat="37.530747" lon="-80.219436"></trkpt>
      <trkpt lat="37.530806" lon="-80.219233"></trkpt>
      <trkpt lat="37.530893" lon="-80.218998"></trkpt>
      <trkpt lat="37.530972" lon="-80.218810"></trkpt>
      <trkpt lat="37.531064" lon="-80.218631"></trkpt>
      <trkpt lat="37.531174" lon="-80.218451"></trkpt>
      <trkpt lat="37.531238" lon="-80.218362"></trkpt>
      <trkpt lat="37.531263" lon="-80.218329"></trkpt>
      <trkpt lat="37.531376" lon="-80.218206"></trkpt>
      <trkpt lat="37.531410" lon="-80.218167"></trkpt>
      <trkpt lat="37.531447" lon="-80.218109"></trkpt>
      <trkpt lat="37.531477" lon="-80.218031"></trkpt>
      <trkpt lat="37.531494" lon="-80.217948"></trkpt>
      <trkpt lat="37.531495" lon="-80.217869"></trkpt>
      <trkpt lat="37.531488" lon="-80.217787"></trkpt>
      <trkpt lat="37.531466" lon="-80.217688"></trkpt>
      <trkpt lat="37.531430" lon="-80.217596"></trkpt>
      <trkpt lat="37.531382" lon="-80.217512"></trkpt>
      <trkpt lat="37.531282" lon="-80.217381"></trkpt>
      <trkpt lat="37.531193" lon="-80.217294"></trkpt>
      <trkpt lat="37.531097" lon="-80.217223"></trkpt>
      <trkpt lat="37.530996" lon="-80.217170"></trkpt>
      <trkpt lat="37.530893" lon="-80.217108"></trkpt>
      <trkpt lat="37.530735" lon="-80.216992"></trkpt>
      <trkpt lat="37.530605" lon="-80.216874"></trkpt>
      <trkpt lat="37.530508" lon="-80.216769"></trkpt>
      <trkpt lat="37.530134" lon="-80.216296"></trkpt>
      <trkpt lat="37.530077" lon="-80.216215"></trkpt>
      <trkpt lat="37.529996" lon="-80.216126"></trkpt>
      <trkpt lat="37.529902" lon="-80.216049"></trkpt>
      <trkpt lat="37.529809" lon="-80.215994"></trkpt>
      <trkpt lat="37.529750" lon="-80.215971"></trkpt>
      <trkpt lat="37.529651" lon="-80.215951"></trkpt>
      <trkpt lat="37.529551" lon="-80.215948"></trkpt>
      <trkpt lat="37.529451" lon="-80.215963"></trkpt>
      <trkpt lat="37.529258" lon="-80.216030"></trkpt>
      <trkpt lat="37.529119" lon="-80.216060"></trkpt>
      <trkpt lat="37.529021" lon="-80.216066"></trkpt>
      <trkpt lat="37.528903" lon="-80.216056"></trkpt>
      <trkpt lat="37.528787" lon="-80.216028"></trkpt>
      <trkpt lat="37.528675" lon="-80.215983"></trkpt>
      <trkpt lat="37.528019" lon="-80.215618"></trkpt>
      <trkpt lat="37.527688" lon="-80.215450"></trkpt>
      <trkpt lat="37.527484" lon="-80.215369"></trkpt>
      <trkpt lat="37.527224" lon="-80.215285"></trkpt>
      <trkpt lat="37.526943" lon="-80.215210"></trkpt>
      <trkpt lat="37.526797" lon="-80.215152"></trkpt>
      <trkpt lat="37.526659" lon="-80.215061"></trkpt>
      <trkpt lat="37.526528" lon="-80.214954"></trkpt>
      <trkpt lat="37.525928" lon="-80.214330"></trkpt>
      <trkpt lat="37.525525" lon="-80.213857"></trkpt>
      <trkpt lat="37.525182" lon="-80.213372"></trkpt>
      <trkpt lat="37.525122" lon="-80.213303"></trkpt>
      <trkpt lat="37.525053" lon="-80.213249"></trkpt>
      <trkpt lat="37.524977" lon="-80.213211"></trkpt>
      <trkpt lat="37.524909" lon="-80.213200"></trkpt>
      <trkpt lat="37.524841" lon="-80.213202"></trkpt>
      <trkpt lat="37.524756" lon="-80.213220"></trkpt>
      <trkpt lat="37.524676" lon="-80.213257"></trkpt>
      <trkpt lat="37.524633" lon="-80.213296"></trkpt>
      <trkpt lat="37.524580" lon="-80.213344"></trkpt>
      <trkpt lat="37.524493" lon="-80.213445"></trkpt>
      <trkpt lat="37.524390" lon="-80.213598"></trkpt>
      <trkpt lat="37.524328" lon="-80.213664"></trkpt>
      <trkpt lat="37.524258" lon="-80.213715"></trkpt>
      <trkpt lat="37.524183" lon="-80.213750"></trkpt>
      <trkpt lat="37.524120" lon="-80.213765"></trkpt>
      <trkpt lat="37.524041" lon="-80.213766"></trkpt>
      <trkpt lat="37.523979" lon="-80.213754"></trkpt>
      <trkpt lat="37.523904" lon="-80.213725"></trkpt>
      <trkpt lat="37.523847" lon="-80.213689"></trkpt>
      <trkpt lat="37.523794" lon="-80.213630"></trkpt>
      <trkpt lat="37.523668" lon="-80.213473"></trkpt>
      <trkpt lat="37.523151" lon="-80.212705"></trkpt>
      <trkpt lat="37.523067" lon="-80.212572"></trkpt>
      <trkpt lat="37.522879" lon="-80.212248"></trkpt>
      <trkpt lat="37.522755" lon="-80.212019"></trkpt>
      <trkpt lat="37.522409" lon="-80.211287"></trkpt>
      <trkpt lat="37.522347" lon="-80.211176"></trkpt>
      <trkpt lat="37.522259" lon="-80.211047"></trkpt>
      <trkpt lat="37.522161" lon="-80.210929"></trkpt>
      <trkpt lat="37.522006" lon="-80.210777"></trkpt>
      <trkpt lat="37.521883" lon="-80.210678"></trkpt>
      <trkpt lat="37.521751" lon="-80.210596"></trkpt>
      <trkpt lat="37.521606" lon="-80.210525"></trkpt>
      <trkpt lat="37.521489" lon="-80.210489"></trkpt>
      <trkpt lat="37.521394" lon="-80.210473"></trkpt>
      <trkpt lat="37.520957" lon="-80.210463"></trkpt>
      <trkpt lat="37.520767" lon="-80.210447"></trkpt>
      <trkpt lat="37.520501" lon="-80.210397"></trkpt>
      <trkpt lat="37.520395" lon="-80.210371"></trkpt>
      <trkpt lat="37.519649" lon="-80.210147"></trkpt>
      <trkpt lat="37.519405" lon="-80.210050"></trkpt>
      <trkpt lat="37.519303" lon="-80.209989"></trkpt>
      <trkpt lat="37.519207" lon="-80.209913"></trkpt>
      <trkpt lat="37.519120" lon="-80.209821"></trkpt>
      <trkpt lat="37.519049" lon="-80.209724"></trkpt>
      <trkpt lat="37.518999" lon="-80.209625"></trkpt>
      <trkpt lat="37.518962" lon="-80.209518"></trkpt>
      <trkpt lat="37.518943" lon="-80.209428"></trkpt>
      <trkpt lat="37.518940" lon="-80.209316"></trkpt>
      <trkpt lat="37.518953" lon="-80.209204"></trkpt>
      <trkpt lat="37.518980" lon="-80.209097"></trkpt>
      <trkpt lat="37.519098" lon="-80.208816"></trkpt>
      <trkpt lat="37.519169" lon="-80.208618"></trkpt>
      <trkpt lat="37.519221" lon="-80.208449"></trkpt>
      <trkpt lat="37.519251" lon="-80.208295"></trkpt>
      <trkpt lat="37.519267" lon="-80.208138"></trkpt>
      <trkpt lat="37.519268" lon="-80.208012"></trkpt>
      <trkpt lat="37.519245" lon="-80.207850"></trkpt>
      <trkpt lat="37.519225" lon="-80.207754"></trkpt>
      <trkpt lat="37.519179" lon="-80.207600"></trkpt>
      <trkpt lat="37.519145" lon="-80.207511"></trkpt>
      <trkpt lat="37.519053" lon="-80.207354"></trkpt>
      <trkpt lat="37.518949" lon="-80.207208"></trkpt>
      <trkpt lat="37.518372" lon="-80.206520"></trkpt>
      <trkpt lat="37.517795" lon="-80.205832"></trkpt>
      <trkpt lat="37.517655" lon="-80.205692"></trkpt>
      <trkpt lat="37.517507" lon="-80.205567"></trkpt>
      <trkpt lat="37.517365" lon="-80.205464"></trkpt>
      <trkpt lat="37.517140" lon="-80.205326"></trkpt>
      <trkpt lat="37.517118" lon="-80.205313"></trkpt>
      <trkpt lat="37.517021" lon="-80.205235"></trkpt>
      <trkpt lat="37.516934" lon="-80.205142"></trkpt>
      <trkpt lat="37.516886" lon="-80.205079"></trkpt>
      <trkpt lat="37.516839" lon="-80.204986"></trkpt>
      <trkpt lat="37.516811" lon="-80.204905"></trkpt>
      <trkpt lat="37.516787" lon="-80.204798"></trkpt>
      <trkpt lat="37.516770" lon="-80.204621"></trkpt>
      <trkpt lat="37.516770" lon="-80.204465"></trkpt>
      <trkpt lat="37.516802" lon="-80.204034"></trkpt>
      <trkpt lat="37.516810" lon="-80.203792"></trkpt>
      <trkpt lat="37.516795" lon="-80.203421"></trkpt>
      <trkpt lat="37.516773" lon="-80.203128"></trkpt>
      <trkpt lat="37.516754" lon="-80.202975"></trkpt>
      <trkpt lat="37.516712" lon="-80.202778"></trkpt>
      <trkpt lat="37.516656" lon="-80.202587"></trkpt>
      <trkpt lat="37.516630" lon="-80.202513"></trkpt>
      <trkpt lat="37.516466" lon="-80.202146"></trkpt>
      <trkpt lat="37.516354" lon="-80.201925"></trkpt>
      <trkpt lat="37.516093" lon="-80.201438"></trkpt>
      <trkpt lat="37.515981" lon="-80.201256"></trkpt>
      <trkpt lat="37.515884" lon="-80.201119"></trkpt>
      <trkpt lat="37.515781" lon="-80.200993"></trkpt>
      <trkpt lat="37.515646" lon="-80.200860"></trkpt>
      <trkpt lat="37.515502" lon="-80.200743"></trkpt>
      <trkpt lat="37.515325" lon="-80.200618"></trkpt>
      <trkpt lat="37.515171" lon="-80.200532"></trkpt>
      <trkpt lat="37.515044" lon="-80.200475"></trkpt>
      <trkpt lat="37.514825" lon="-80.200398"></trkpt>
      <trkpt lat="37.514634" lon="-80.200351"></trkpt>
      <trkpt lat="37.514462" lon="-80.200328"></trkpt>
      <trkpt lat="37.514304" lon="-80.200325"></trkpt>
      <trkpt lat="37.514209" lon="-80.200332"></trkpt>
      <trkpt lat="37.513570" lon="-80.200432"></trkpt>
      <trkpt lat="37.513066" lon="-80.200524"></trkpt>
      <trkpt lat="37.512573" lon="-80.200588"></trkpt>
      <trkpt lat="37.512420" lon="-80.200591"></trkpt>
      <trkpt lat="37.512242" lon="-80.200570"></trkpt>
      <trkpt lat="37.512110" lon="-80.200544"></trkpt>
      <trkpt lat="37.511955" lon="-80.200491"></trkpt>
      <trkpt lat="37.511833" lon="-80.200426"></trkpt>
      <trkpt lat="37.511656" lon="-80.200308"></trkpt>
      <trkpt lat="37.511400" lon="-80.200093"></trkpt>
      <trkpt lat="37.511088" lon="-80.199811"></trkpt>
      <trkpt lat="37.510456" lon="-80.199214"></trkpt>
      <trkpt lat="37.510088" lon="-80.198874"></trkpt>
      <trkpt lat="37.509992" lon="-80.198762"></trkpt>
      <trkpt lat="37.509922" lon="-80.198664"></trkpt>
      <trkpt lat="37.509878" lon="-80.198588"></trkpt>
      <trkpt lat="37.509825" lon="-80.198462"></trkpt>
      <trkpt lat="37.509787" lon="-80.198328"></trkpt>
      <trkpt lat="37.509768" lon="-80.198217"></trkpt>
      <trkpt lat="37.509752" lon="-80.198056"></trkpt>
      <trkpt lat="37.509751" lon="-80.197889"></trkpt>
      <trkpt lat="37.509808" lon="-80.196763"></trkpt>
      <trkpt lat="37.509833" lon="-80.196360"></trkpt>
      <trkpt lat="37.509842" lon="-80.196078"></trkpt>
      <trkpt lat="37.509841" lon="-80.195796"></trkpt>
      <trkpt lat="37.509811" lon="-80.195471"></trkpt>
      <trkpt lat="37.509786" lon="-80.195277"></trkpt>
      <trkpt lat="37.509728" lon="-80.195013"></trkpt>
      <trkpt lat="37.509680" lon="-80.194817"></trkpt>
      <trkpt lat="37.509495" lon="-80.194223"></trkpt>
      <trkpt lat="37.509016" lon="-80.192773"></trkpt>
      <trkpt lat="37.508426" lon="-80.190976"></trkpt>
      <trkpt lat="37.508275" lon="-80.190495"></trkpt>
      <trkpt lat="37.508126" lon="-80.190006"></trkpt>
      <trkpt lat="37.508085" lon="-80.189830"></trkpt>
      <trkpt lat="37.508039" lon="-80.189588"></trkpt>
      <trkpt lat="37.508028" lon="-80.189519"></trkpt>
      <trkpt lat="37.507998" lon="-80.189318"></trkpt>
      <trkpt lat="37.507973" lon="-80.189068"></trkpt>
      <trkpt lat="37.507964" lon="-80.188861"></trkpt>
      <trkpt lat="37.507966" lon="-80.188584"></trkpt>
      <trkpt lat="37.507982" lon="-80.188306"></trkpt>
      <trkpt lat="37.508241" lon="-80.186119"></trkpt>
      <trkpt lat="37.508256" lon="-80.185947"></trkpt>
      <trkpt lat="37.508261" lon="-80.185741"></trkpt>
      <trkpt lat="37.508251" lon="-80.185522"></trkpt>
      <trkpt lat="37.508243" lon="-80.185435"></trkpt>
      <trkpt lat="37.508187" lon="-80.185149"></trkpt>
      <trkpt lat="37.508116" lon="-80.184868"></trkpt>
      <trkpt lat="37.508038" lon="-80.184655"></trkpt>
      <trkpt lat="37.507948" lon="-80.184449"></trkpt>
      <trkpt lat="37.507411" lon="-80.183452"></trkpt>
      <trkpt lat="37.507327" lon="-80.183309"></trkpt>
      <trkpt lat="37.507247" lon="-80.183164"></trkpt>
      <trkpt lat="37.507131" lon="-80.182957"></trkpt>
      <trkpt lat="37.507065" lon="-80.182839"></trkpt>
      <trkpt lat="37.506982" lon="-80.182656"></trkpt>
      <trkpt lat="37.506912" lon="-80.182464"></trkpt>
      <trkpt lat="37.506865" lon="-80.182287"></trkpt>
      <trkpt lat="37.506817" lon="-80.182052"></trkpt>
      <trkpt lat="37.506721" lon="-80.181435"></trkpt>
      <trkpt lat="37.506632" lon="-80.181011"></trkpt>
      <trkpt lat="37.506494" lon="-80.180568"></trkpt>
      <trkpt lat="37.506477" lon="-80.180520"></trkpt>
      <trkpt lat="37.506234" lon="-80.179836"></trkpt>
      <trkpt lat="37.506108" lon="-80.179466"></trkpt>
      <trkpt lat="37.506090" lon="-80.179410"></trkpt>
      <trkpt lat="37.505946" lon="-80.178985"></trkpt>
      <trkpt lat="37.505802" lon="-80.178567"></trkpt>
      <trkpt lat="37.505153" lon="-80.176722"></trkpt>
      <trkpt lat="37.504744" lon="-80.175551"></trkpt>
      <trkpt lat="37.504456" lon="-80.174714"></trkpt>
      <trkpt lat="37.504347" lon="-80.174438"></trkpt>
      <trkpt lat="37.504281" lon="-80.174295"></trkpt>
      <trkpt lat="37.504183" lon="-80.174126"></trkpt>
      <trkpt lat="37.504073" lon="-80.173967"></trkpt>
      <trkpt lat="37.503978" lon="-80.173850"></trkpt>
      <trkpt lat="37.503884" lon="-80.173756"></trkpt>
      <trkpt lat="37.503762" lon="-80.173659"></trkpt>
      <trkpt lat="37.503668" lon="-80.173599"></trkpt>
      <trkpt lat="37.503442" lon="-80.173476"></trkpt>
      <trkpt lat="37.503260" lon="-80.173396"></trkpt>
      <trkpt lat="37.502928" lon="-80.173284"></trkpt>
      <trkpt lat="37.502804" lon="-80.173243"></trkpt>
      <trkpt lat="37.502043" lon="-80.173005"></trkpt>
      <trkpt lat="37.501648" lon="-80.172874"></trkpt>
      <trkpt lat="37.501613" lon="-80.172858"></trkpt>
      <trkpt lat="37.501516" lon="-80.172804"></trkpt>
      <trkpt lat="37.501371" lon="-80.172703"></trkpt>
      <trkpt lat="37.501277" lon="-80.172622"></trkpt>
      <trkpt lat="37.501189" lon="-80.172532"></trkpt>
      <trkpt lat="37.501096" lon="-80.172400"></trkpt>
      <trkpt lat="37.501016" lon="-80.172257"></trkpt>
      <trkpt lat="37.500960" lon="-80.172134"></trkpt>
      <trkpt lat="37.500926" lon="-80.172037"></trkpt>
      <trkpt lat="37.500886" lon="-80.171865"></trkpt>
      <trkpt lat="37.500859" lon="-80.171689"></trkpt>
      <trkpt lat="37.500848" lon="-80.171547"></trkpt>
      <trkpt lat="37.500857" lon="-80.171364"></trkpt>
      <trkpt lat="37.500882" lon="-80.171183"></trkpt>
      <trkpt lat="37.500913" lon="-80.171041"></trkpt>
      <trkpt lat="37.500944" lon="-80.170946"></trkpt>
      <trkpt lat="37.501039" lon="-80.170696"></trkpt>
      <trkpt lat="37.501516" lon="-80.169642"></trkpt>
      <trkpt lat="37.501550" lon="-80.169541"></trkpt>
      <trkpt lat="37.501580" lon="-80.169409"></trkpt>
      <trkpt lat="37.501598" lon="-80.169246"></trkpt>
      <trkpt lat="37.501601" lon="-80.169110"></trkpt>
      <trkpt lat="37.501589" lon="-80.168974"></trkpt>
      <trkpt lat="37.501565" lon="-80.168847"></trkpt>
      <trkpt lat="37.501527" lon="-80.168730"></trkpt>
      <trkpt lat="37.501465" lon="-80.168600"></trkpt>
      <trkpt lat="37.501400" lon="-80.168504"></trkpt>
      <trkpt lat="37.501341" lon="-80.168436"></trkpt>
      <trkpt lat="37.500950" lon="-80.168077"></trkpt>
      <trkpt lat="37.500833" lon="-80.167975"></trkpt>
      <trkpt lat="37.500261" lon="-80.167477"></trkpt>
      <trkpt lat="37.500154" lon="-80.167363"></trkpt>
      <trkpt lat="37.500079" lon="-80.167267"></trkpt>
      <trkpt lat="37.499986" lon="-80.167125"></trkpt>
      <trkpt lat="37.499880" lon="-80.166935"></trkpt>
      <trkpt lat="37.499787" lon="-80.166735"></trkpt>
      <trkpt lat="37.499212" lon="-80.165278"></trkpt>
      <trkpt lat="37.499018" lon="-80.164754"></trkpt>
      <trkpt lat="37.498916" lon="-80.164512"></trkpt>
      <trkpt lat="37.498791" lon="-80.164184"></trkpt>
      <trkpt lat="37.498656" lon="-80.163844"></trkpt>
      <trkpt lat="37.498610" lon="-80.163727"></trkpt>
      <trkpt lat="37.498357" lon="-80.163069"></trkpt>
      <trkpt lat="37.498132" lon="-80.162452"></trkpt>
      <trkpt lat="37.498098" lon="-80.162348"></trkpt>
      <trkpt lat="37.498052" lon="-80.162170"></trkpt>
      <trkpt lat="37.498018" lon="-80.161972"></trkpt>
      <trkpt lat="37.497991" lon="-80.161692"></trkpt>
      <trkpt lat="37.497981" lon="-80.161420"></trkpt>
      <trkpt lat="37.497984" lon="-80.161211"></trkpt>
      <trkpt lat="37.498007" lon="-80.160876"></trkpt>
      <trkpt lat="37.498033" lon="-80.160694"></trkpt>
      <trkpt lat="37.498084" lon="-80.160476"></trkpt>
      <trkpt lat="37.498186" lon="-80.160151"></trkpt>
      <trkpt lat="37.498229" lon="-80.160035"></trkpt>
      <trkpt lat="37.498647" lon="-80.158906"></trkpt>
      <trkpt lat="37.498702" lon="-80.158756"></trkpt>
      <trkpt lat="37.498868" lon="-80.158352"></trkpt>
      <trkpt lat="37.498968" lon="-80.158128"></trkpt>
      <trkpt lat="37.499018" lon="-80.158024"></trkpt>
      <trkpt lat="37.499144" lon="-80.157788"></trkpt>
      <trkpt lat="37.499679" lon="-80.156911"></trkpt>
      <trkpt lat="37.499771" lon="-80.156746"></trkpt>
      <trkpt lat="37.499827" lon="-80.156631"></trkpt>
      <trkpt lat="37.499912" lon="-80.156431"></trkpt>
      <trkpt lat="37.499963" lon="-80.156279"></trkpt>
      <trkpt lat="37.500256" lon="-80.155284"></trkpt>
      <trkpt lat="37.500346" lon="-80.154963"></trkpt>
      <trkpt lat="37.500516" lon="-80.154397"></trkpt>
      <trkpt lat="37.500709" lon="-80.153734"></trkpt>
      <trkpt lat="37.500753" lon="-80.153607"></trkpt>
      <trkpt lat="37.500819" lon="-80.153443"></trkpt>
      <trkpt lat="37.500909" lon="-80.153252"></trkpt>
      <trkpt lat="37.501020" lon="-80.153058"></trkpt>
      <trkpt lat="37.501271" lon="-80.152655"></trkpt>
      <trkpt lat="37.501488" lon="-80.152276"></trkpt>
      <trkpt lat="37.501575" lon="-80.152077"></trkpt>
      <trkpt lat="37.501635" lon="-80.151912"></trkpt>
      <trkpt lat="37.501697" lon="-80.151698"></trkpt>
      <trkpt lat="37.501755" lon="-80.151431"></trkpt>
      <trkpt lat="37.501784" lon="-80.151249"></trkpt>
      <trkpt lat="37.501807" lon="-80.151019"></trkpt>
      <trkpt lat="37.501842" lon="-80.150271"></trkpt>
      <trkpt lat="37.501893" lon="-80.149497"></trkpt>
      <trkpt lat="37.502008" lon="-80.147977"></trkpt>
      <trkpt lat="37.502017" lon="-80.147891"></trkpt>
      <trkpt lat="37.502061" lon="-80.147588"></trkpt>
      <trkpt lat="37.502206" lon="-80.146846"></trkpt>
      <trkpt lat="37.502265" lon="-80.146587"></trkpt>
      <trkpt lat="37.502433" lon="-80.145900"></trkpt>
      <trkpt lat="37.502576" lon="-80.145445"></trkpt>
      <trkpt lat="37.502759" lon="-80.144921"></trkpt>
      <trkpt lat="37.502918" lon="-80.144512"></trkpt>
      <trkpt lat="37.503020" lon="-80.144272"></trkpt>
      <trkpt lat="37.503257" lon="-80.143776"></trkpt>
      <trkpt lat="37.503505" lon="-80.143289"></trkpt>
      <trkpt lat="37.503588" lon="-80.143145"></trkpt>
      <trkpt lat="37.503662" lon="-80.142996"></trkpt>
      <trkpt lat="37.503745" lon="-80.142800"></trkpt>
      <trkpt lat="37.503814" lon="-80.142597"></trkpt>
      <trkpt lat="37.503887" lon="-80.142360"></trkpt>
      <trkpt lat="37.503933" lon="-80.142158"></trkpt>
      <trkpt lat="37.503965" lon="-80.141952"></trkpt>
      <trkpt lat="37.503999" lon="-80.141412"></trkpt>
      <trkpt lat="37.504033" lon="-80.141060"></trkpt>
      <trkpt lat="37.504079" lon="-80.140754"></trkpt>
      <trkpt lat="37.504113" lon="-80.140572"></trkpt>
      <trkpt lat="37.504171" lon="-80.140341"></trkpt>
      <trkpt lat="37.504256" lon="-80.140058"></trkpt>
      <trkpt lat="37.504354" lon="-80.139782"></trkpt>
      <trkpt lat="37.504397" lon="-80.139673"></trkpt>
      <trkpt lat="37.504862" lon="-80.138626"></trkpt>
      <trkpt lat="37.504937" lon="-80.138434"></trkpt>
      <trkpt lat="37.505018" lon="-80.138187"></trkpt>
      <trkpt lat="37.505073" lon="-80.137984"></trkpt>
      <trkpt lat="37.505151" lon="-80.137641"></trkpt>
      <trkpt lat="37.505189" lon="-80.137396"></trkpt>
      <trkpt lat="37.505210" lon="-80.137197"></trkpt>
      <trkpt lat="37.505227" lon="-80.136884"></trkpt>
      <trkpt lat="37.505227" lon="-80.136617"></trkpt>
      <trkpt lat="37.505212" lon="-80.136350"></trkpt>
      <trkpt lat="37.505193" lon="-80.136178"></trkpt>
      <trkpt lat="37.505164" lon="-80.136008"></trkpt>
      <trkpt lat="37.505138" lon="-80.135851"></trkpt>
      <trkpt lat="37.505090" lon="-80.135625"></trkpt>
      <trkpt lat="37.505019" lon="-80.135338"></trkpt>
      <trkpt lat="37.504678" lon="-80.134101"></trkpt>
      <trkpt lat="37.504476" lon="-80.133355"></trkpt>
      <trkpt lat="37.504128" lon="-80.132104"></trkpt>
      <trkpt lat="37.503781" lon="-80.130827"></trkpt>
      <trkpt lat="37.503601" lon="-80.130205"></trkpt>
      <trkpt lat="37.503554" lon="-80.130023"></trkpt>
      <trkpt lat="37.503482" lon="-80.129740"></trkpt>
      <trkpt lat="37.503367" lon="-80.129292"></trkpt>
      <trkpt lat="37.503290" lon="-80.128912"></trkpt>
      <trkpt lat="37.503227" lon="-80.128528"></trkpt>
      <trkpt lat="37.503102" lon="-80.127556"></trkpt>
      <trkpt lat="37.502942" lon="-80.126210"></trkpt>
      <trkpt lat="37.502903" lon="-80.125835"></trkpt>
      <trkpt lat="37.502736" lon="-80.124499"></trkpt>
      <trkpt lat="37.502586" lon="-80.123260"></trkpt>
      <trkpt lat="37.502503" lon="-80.122537"></trkpt>
      <trkpt lat="37.502477" lon="-80.122312"></trkpt>
      <trkpt lat="37.502422" lon="-80.121683"></trkpt>
      <trkpt lat="37.502395" lon="-80.121279"></trkpt>
      <trkpt lat="37.502363" lon="-80.120552"></trkpt>
      <trkpt lat="37.502350" lon="-80.119932"></trkpt>
      <trkpt lat="37.502349" lon="-80.119684"></trkpt>
      <trkpt lat="37.502369" lon="-80.118990"></trkpt>
      <trkpt lat="37.502373" lon="-80.118855"></trkpt>
      <trkpt lat="37.502395" lon="-80.118357"></trkpt>
      <trkpt lat="37.502460" lon="-80.117588"></trkpt>
      <trkpt lat="37.502493" lon="-80.117203"></trkpt>
      <trkpt lat="37.502733" lon="-80.114373"></trkpt>
      <trkpt lat="37.502787" lon="-80.113879"></trkpt>
      <trkpt lat="37.502803" lon="-80.113730"></trkpt>
      <trkpt lat="37.502860" lon="-80.113202"></trkpt>
      <trkpt lat="37.502874" lon="-80.112979"></trkpt>
      <trkpt lat="37.502872" lon="-80.112711"></trkpt>
      <trkpt lat="37.502860" lon="-80.112533"></trkpt>
      <trkpt lat="37.502843" lon="-80.112406"></trkpt>
      <trkpt lat="37.502810" lon="-80.112256"></trkpt>
      <trkpt lat="37.502756" lon="-80.112073"></trkpt>
      <trkpt lat="37.502688" lon="-80.111898"></trkpt>
      <trkpt lat="37.502662" lon="-80.111838"></trkpt>
      <trkpt lat="37.502640" lon="-80.111798"></trkpt>
      <trkpt lat="37.502616" lon="-80.111761"></trkpt>
      <trkpt lat="37.502443" lon="-80.111480"></trkpt>
      <trkpt lat="37.502382" lon="-80.111390"></trkpt>
      <trkpt lat="37.502306" lon="-80.111280"></trkpt>
      <trkpt lat="37.502290" lon="-80.111257"></trkpt>
      <trkpt lat="37.502179" lon="-80.111106"></trkpt>
      <trkpt lat="37.502117" lon="-80.111022"></trkpt>
      <trkpt lat="37.502071" lon="-80.110959"></trkpt>
      <trkpt lat="37.501877" lon="-80.110694"></trkpt>
      <trkpt lat="37.501762" lon="-80.110547"></trkpt>
      <trkpt lat="37.501664" lon="-80.110421"></trkpt>
      <trkpt lat="37.501477" lon="-80.110194"></trkpt>
      <trkpt lat="37.501185" lon="-80.109837"></trkpt>
      <trkpt lat="37.501151" lon="-80.109796"></trkpt>
      <trkpt lat="37.501131" lon="-80.109771"></trkpt>
      <trkpt lat="37.500888" lon="-80.109524"></trkpt>
      <trkpt lat="37.500848" lon="-80.109491"></trkpt>
      <trkpt lat="37.500781" lon="-80.109436"></trkpt>
      <trkpt lat="37.500683" lon="-80.109372"></trkpt>
      <trkpt lat="37.500513" lon="-80.109282"></trkpt>
      <trkpt lat="37.500430" lon="-80.109247"></trkpt>
      <trkpt lat="37.500345" lon="-80.109211"></trkpt>
      <trkpt lat="37.500326" lon="-80.109203"></trkpt>
      <trkpt lat="37.500242" lon="-80.109167"></trkpt>
      <trkpt lat="37.499937" lon="-80.109038"></trkpt>
      <trkpt lat="37.499784" lon="-80.108979"></trkpt>
      <trkpt lat="37.499615" lon="-80.108915"></trkpt>
      <trkpt lat="37.499318" lon="-80.108801"></trkpt>
      <trkpt lat="37.499266" lon="-80.108781"></trkpt>
      <trkpt lat="37.499027" lon="-80.108686"></trkpt>
      <trkpt lat="37.498845" lon="-80.108614"></trkpt>
      <trkpt lat="37.498698" lon="-80.108556"></trkpt>
      <trkpt lat="37.498402" lon="-80.108440"></trkpt>
      <trkpt lat="37.498370" lon="-80.108427"></trkpt>
      <trkpt lat="37.498289" lon="-80.108393"></trkpt>
      <trkpt lat="37.498251" lon="-80.108377"></trkpt>
      <trkpt lat="37.497897" lon="-80.108230"></trkpt>
      <trkpt lat="37.497782" lon="-80.108182"></trkpt>
      <trkpt lat="37.497627" lon="-80.108118"></trkpt>
      <trkpt lat="37.497443" lon="-80.108041"></trkpt>
      <trkpt lat="37.496982" lon="-80.107849"></trkpt>
      <trkpt lat="37.496756" lon="-80.107752"></trkpt>
      <trkpt lat="37.496025" lon="-80.107466"></trkpt>
      <trkpt lat="37.495082" lon="-80.107090"></trkpt>
      <trkpt lat="37.494146" lon="-80.106724"></trkpt>
      <trkpt lat="37.494037" lon="-80.106684"></trkpt>
      <trkpt lat="37.493909" lon="-80.106631"></trkpt>
      <trkpt lat="37.493406" lon="-80.106427"></trkpt>
      <trkpt lat="37.491536" lon="-80.105666"></trkpt>
      <trkpt lat="37.490748" lon="-80.105344"></trkpt>
      <trkpt lat="37.490433" lon="-80.105220"></trkpt>
      <trkpt lat="37.490081" lon="-80.105067"></trkpt>
      <trkpt lat="37.489174" lon="-80.104703"></trkpt>
      <trkpt lat="37.487778" lon="-80.104146"></trkpt>
      <trkpt lat="37.487625" lon="-80.104084"></trkpt>
      <trkpt lat="37.487512" lon="-80.104038"></trkpt>
      <trkpt lat="37.487448" lon="-80.104012"></trkpt>
      <trkpt lat="37.487292" lon="-80.103959"></trkpt>
      <trkpt lat="37.487182" lon="-80.103930"></trkpt>
      <trkpt lat="37.487050" lon="-80.103898"></trkpt>
      <trkpt lat="37.486905" lon="-80.103872"></trkpt>
      <trkpt lat="37.486735" lon="-80.103848"></trkpt>
      <trkpt lat="37.486514" lon="-80.103836"></trkpt>
      <trkpt lat="37.486381" lon="-80.103834"></trkpt>
      <trkpt lat="37.486182" lon="-80.103857"></trkpt>
      <trkpt lat="37.485971" lon="-80.103901"></trkpt>
      <trkpt lat="37.485756" lon="-80.103965"></trkpt>
      <trkpt lat="37.485625" lon="-80.104015"></trkpt>
      <trkpt lat="37.485404" lon="-80.104128"></trkpt>
      <trkpt lat="37.485232" lon="-80.104231"></trkpt>
      <trkpt lat="37.485052" lon="-80.104360"></trkpt>
      <trkpt lat="37.484880" lon="-80.104503"></trkpt>
      <trkpt lat="37.484716" lon="-80.104663"></trkpt>
      <trkpt lat="37.484562" lon="-80.104838"></trkpt>
      <trkpt lat="37.484281" lon="-80.105198"></trkpt>
      <trkpt lat="37.484072" lon="-80.105492"></trkpt>
      <trkpt lat="37.483885" lon="-80.105770"></trkpt>
      <trkpt lat="37.483703" lon="-80.106077"></trkpt>
      <trkpt lat="37.483469" lon="-80.106491"></trkpt>
      <trkpt lat="37.483392" lon="-80.106605"></trkpt>
      <trkpt lat="37.483290" lon="-80.106719"></trkpt>
      <trkpt lat="37.483207" lon="-80.106793"></trkpt>
      <trkpt lat="37.483124" lon="-80.106851"></trkpt>
      <trkpt lat="37.483014" lon="-80.106904"></trkpt>
      <trkpt lat="37.482899" lon="-80.106940"></trkpt>
      <trkpt lat="37.482782" lon="-80.106959"></trkpt>
      <trkpt lat="37.482687" lon="-80.106961"></trkpt>
      <trkpt lat="37.482512" lon="-80.106940"></trkpt>
      <trkpt lat="37.482338" lon="-80.106902"></trkpt>
      <trkpt lat="37.481682" lon="-80.106706"></trkpt>
      <trkpt lat="37.479763" lon="-80.106111"></trkpt>
      <trkpt lat="37.479162" lon="-80.105924"></trkpt>
      <trkpt lat="37.478198" lon="-80.105622"></trkpt>
      <trkpt lat="37.478110" lon="-80.105595"></trkpt>
      <trkpt lat="37.477966" lon="-80.105550"></trkpt>
      <trkpt lat="37.476704" lon="-80.105157"></trkpt>
      <trkpt lat="37.476300" lon="-80.105038"></trkpt>
      <trkpt lat="37.476041" lon="-80.104963"></trkpt>
      <trkpt lat="37.475769" lon="-80.104886"></trkpt>
      <trkpt lat="37.475711" lon="-80.104870"></trkpt>
      <trkpt lat="37.475462" lon="-80.104817"></trkpt>
      <trkpt lat="37.475326" lon="-80.104798"></trkpt>
      <trkpt lat="37.475190" lon="-80.104790"></trkpt>
      <trkpt lat="37.475088" lon="-80.104792"></trkpt>
      <trkpt lat="37.474952" lon="-80.104804"></trkpt>
      <trkpt lat="37.474417" lon="-80.104859"></trkpt>
      <trkpt lat="37.473641" lon="-80.104954"></trkpt>
      <trkpt lat="37.473282" lon="-80.104998"></trkpt>
      <trkpt lat="37.472283" lon="-80.105117"></trkpt>
      <trkpt lat="37.471822" lon="-80.105164"></trkpt>
      <trkpt lat="37.471649" lon="-80.105184"></trkpt>
      <trkpt lat="37.471473" lon="-80.105203"></trkpt>
      <trkpt lat="37.470148" lon="-80.105345"></trkpt>
      <trkpt lat="37.469813" lon="-80.105390"></trkpt>
      <trkpt lat="37.469734" lon="-80.105404"></trkpt>
      <trkpt lat="37.469656" lon="-80.105419"></trkpt>
      <trkpt lat="37.469527" lon="-80.105456"></trkpt>
      <trkpt lat="37.469454" lon="-80.105482"></trkpt>
      <trkpt lat="37.469261" lon="-80.105567"></trkpt>
      <trkpt lat="37.469079" lon="-80.105668"></trkpt>
      <trkpt lat="37.468673" lon="-80.105933"></trkpt>
      <trkpt lat="37.468605" lon="-80.105978"></trkpt>
      <trkpt lat="37.468369" lon="-80.106124"></trkpt>
      <trkpt lat="37.468215" lon="-80.106207"></trkpt>
      <trkpt lat="37.468001" lon="-80.106302"></trkpt>
      <trkpt lat="37.467890" lon="-80.106352"></trkpt>
      <trkpt lat="37.467659" lon="-80.106434"></trkpt>
      <trkpt lat="37.467433" lon="-80.106493"></trkpt>
      <trkpt lat="37.467290" lon="-80.106518"></trkpt>
      <trkpt lat="37.467146" lon="-80.106542"></trkpt>
      <trkpt lat="37.467021" lon="-80.106560"></trkpt>
      <trkpt lat="37.466881" lon="-80.106581"></trkpt>
      <trkpt lat="37.465917" lon="-80.106751"></trkpt>
      <trkpt lat="37.465717" lon="-80.106787"></trkpt>
      <trkpt lat="37.465502" lon="-80.106829"></trkpt>
      <trkpt lat="37.464552" lon="-80.106993"></trkpt>
      <trkpt lat="37.463832" lon="-80.107125"></trkpt>
      <trkpt lat="37.462899" lon="-80.107288"></trkpt>
      <trkpt lat="37.461582" lon="-80.107531"></trkpt>
      <trkpt lat="37.461193" lon="-80.107605"></trkpt>
      <trkpt lat="37.460982" lon="-80.107658"></trkpt>
      <trkpt lat="37.460753" lon="-80.107728"></trkpt>
      <trkpt lat="37.460538" lon="-80.107813"></trkpt>
      <trkpt lat="37.460229" lon="-80.107967"></trkpt>
      <trkpt lat="37.460000" lon="-80.108104"></trkpt>
      <trkpt lat="37.459911" lon="-80.108164"></trkpt>
      <trkpt lat="37.459622" lon="-80.108376"></trkpt>
      <trkpt lat="37.459513" lon="-80.108461"></trkpt>
      <trkpt lat="37.459359" lon="-80.108583"></trkpt>
      <trkpt lat="37.459274" lon="-80.108644"></trkpt>
      <trkpt lat="37.459080" lon="-80.108778"></trkpt>
      <trkpt lat="37.458807" lon="-80.108943"></trkpt>
      <trkpt lat="37.458575" lon="-80.109040"></trkpt>
      <trkpt lat="37.458385" lon="-80.109104"></trkpt>
      <trkpt lat="37.458172" lon="-80.109163"></trkpt>
      <trkpt lat="37.457962" lon="-80.109203"></trkpt>
      <trkpt lat="37.457757" lon="-80.109224"></trkpt>
      <trkpt lat="37.457599" lon="-80.109229"></trkpt>
      <trkpt lat="37.457441" lon="-80.109222"></trkpt>
      <trkpt lat="37.457079" lon="-80.109189"></trkpt>
      <trkpt lat="37.456648" lon="-80.109160"></trkpt>
      <trkpt lat="37.456405" lon="-80.109160"></trkpt>
      <trkpt lat="37.456259" lon="-80.109169"></trkpt>
      <trkpt lat="37.456204" lon="-80.109178"></trkpt>
      <trkpt lat="37.455743" lon="-80.109263"></trkpt>
      <trkpt lat="37.455675" lon="-80.109279"></trkpt>
      <trkpt lat="37.455411" lon="-80.109356"></trkpt>
      <trkpt lat="37.455178" lon="-80.109445"></trkpt>
      <trkpt lat="37.454949" lon="-80.109546"></trkpt>
      <trkpt lat="37.454726" lon="-80.109664"></trkpt>
      <trkpt lat="37.454472" lon="-80.109822"></trkpt>
      <trkpt lat="37.454212" lon="-80.110004"></trkpt>
      <trkpt lat="37.454135" lon="-80.110066"></trkpt>
      <trkpt lat="37.454074" lon="-80.110115"></trkpt>
      <trkpt lat="37.453941" lon="-80.110235"></trkpt>
      <trkpt lat="37.453671" lon="-80.110499"></trkpt>
      <trkpt lat="37.452975" lon="-80.111194"></trkpt>
      <trkpt lat="37.452950" lon="-80.111218"></trkpt>
      <trkpt lat="37.452713" lon="-80.111458"></trkpt>
      <trkpt lat="37.452275" lon="-80.111902"></trkpt>
      <trkpt lat="37.452042" lon="-80.112127"></trkpt>
      <trkpt lat="37.451915" lon="-80.112254"></trkpt>
      <trkpt lat="37.451702" lon="-80.112466"></trkpt>
      <trkpt lat="37.451545" lon="-80.112636"></trkpt>
      <trkpt lat="37.451149" lon="-80.112992"></trkpt>
      <trkpt lat="37.450889" lon="-80.113220"></trkpt>
      <trkpt lat="37.450772" lon="-80.113326"></trkpt>
      <trkpt lat="37.450244" lon="-80.113806"></trkpt>
      <trkpt lat="37.449972" lon="-80.114060"></trkpt>
      <trkpt lat="37.449845" lon="-80.114184"></trkpt>
      <trkpt lat="37.449647" lon="-80.114416"></trkpt>
      <trkpt lat="37.449494" lon="-80.114615"></trkpt>
      <trkpt lat="37.449029" lon="-80.115253"></trkpt>
      <trkpt lat="37.448963" lon="-80.115345"></trkpt>
      <trkpt lat="37.448775" lon="-80.115608"></trkpt>
      <trkpt lat="37.448507" lon="-80.115931"></trkpt>
      <trkpt lat="37.448328" lon="-80.116121"></trkpt>
      <trkpt lat="37.448141" lon="-80.116300"></trkpt>
      <trkpt lat="37.447982" lon="-80.116435"></trkpt>
      <trkpt lat="37.447795" lon="-80.116573"></trkpt>
      <trkpt lat="37.447565" lon="-80.116725"></trkpt>
      <trkpt lat="37.447174" lon="-80.116958"></trkpt>
      <trkpt lat="37.446658" lon="-80.117259"></trkpt>
      <trkpt lat="37.446250" lon="-80.117497"></trkpt>
      <trkpt lat="37.446123" lon="-80.117564"></trkpt>
      <trkpt lat="37.445468" lon="-80.117944"></trkpt>
      <trkpt lat="37.445244" lon="-80.118072"></trkpt>
      <trkpt lat="37.445170" lon="-80.118114"></trkpt>
      <trkpt lat="37.445097" lon="-80.118157"></trkpt>
      <trkpt lat="37.445035" lon="-80.118192"></trkpt>
      <trkpt lat="37.444641" lon="-80.118423"></trkpt>
      <trkpt lat="37.444454" lon="-80.118537"></trkpt>
      <trkpt lat="37.444157" lon="-80.118747"></trkpt>
      <trkpt lat="37.444124" lon="-80.118772"></trkpt>
      <trkpt lat="37.443950" lon="-80.118906"></trkpt>
      <trkpt lat="37.443722" lon="-80.119110"></trkpt>
      <trkpt lat="37.443426" lon="-80.119406"></trkpt>
      <trkpt lat="37.443244" lon="-80.119610"></trkpt>
      <trkpt lat="37.442968" lon="-80.119960"></trkpt>
      <trkpt lat="37.442805" lon="-80.120192"></trkpt>
      <trkpt lat="37.442624" lon="-80.120479"></trkpt>
      <trkpt lat="37.442479" lon="-80.120738"></trkpt>
      <trkpt lat="37.442299" lon="-80.121104"></trkpt>
      <trkpt lat="37.442159" lon="-80.121423"></trkpt>
      <trkpt lat="37.442045" lon="-80.121715"></trkpt>
      <trkpt lat="37.441971" lon="-80.121936"></trkpt>
      <trkpt lat="37.441871" lon="-80.122272"></trkpt>
      <trkpt lat="37.441796" lon="-80.122582"></trkpt>
      <trkpt lat="37.441722" lon="-80.122939"></trkpt>
      <trkpt lat="37.441690" lon="-80.123133"></trkpt>
      <trkpt lat="37.441549" lon="-80.124082"></trkpt>
      <trkpt lat="37.441543" lon="-80.124125"></trkpt>
      <trkpt lat="37.441515" lon="-80.124307"></trkpt>
      <trkpt lat="37.441494" lon="-80.124420"></trkpt>
      <trkpt lat="37.441452" lon="-80.124624"></trkpt>
      <trkpt lat="37.441375" lon="-80.124936"></trkpt>
      <trkpt lat="37.441306" lon="-80.125160"></trkpt>
      <trkpt lat="37.441272" lon="-80.125259"></trkpt>
      <trkpt lat="37.441189" lon="-80.125476"></trkpt>
      <trkpt lat="37.441077" lon="-80.125730"></trkpt>
      <trkpt lat="37.440948" lon="-80.125974"></trkpt>
      <trkpt lat="37.440920" lon="-80.126020"></trkpt>
      <trkpt lat="37.440806" lon="-80.126207"></trkpt>
      <trkpt lat="37.440653" lon="-80.126431"></trkpt>
      <trkpt lat="37.440488" lon="-80.126648"></trkpt>
      <trkpt lat="37.440347" lon="-80.126811"></trkpt>
      <trkpt lat="37.440219" lon="-80.126942"></trkpt>
      <trkpt lat="37.440050" lon="-80.127094"></trkpt>
      <trkpt lat="37.439926" lon="-80.127194"></trkpt>
      <trkpt lat="37.439661" lon="-80.127407"></trkpt>
      <trkpt lat="37.439087" lon="-80.127851"></trkpt>
      <trkpt lat="37.439006" lon="-80.127908"></trkpt>
      <trkpt lat="37.438935" lon="-80.127959"></trkpt>
      <trkpt lat="37.438750" lon="-80.128105"></trkpt>
      <trkpt lat="37.438615" lon="-80.128209"></trkpt>
      <trkpt lat="37.437572" lon="-80.129016"></trkpt>
      <trkpt lat="37.437452" lon="-80.129107"></trkpt>
      <trkpt lat="37.437099" lon="-80.129360"></trkpt>
      <trkpt lat="37.436934" lon="-80.129456"></trkpt>
      <trkpt lat="37.436832" lon="-80.129506"></trkpt>
      <trkpt lat="37.436768" lon="-80.129533"></trkpt>
      <trkpt lat="37.436633" lon="-80.129591"></trkpt>
      <trkpt lat="37.436409" lon="-80.129674"></trkpt>
      <trkpt lat="37.436124" lon="-80.129777"></trkpt>
      <trkpt lat="37.435710" lon="-80.129928"></trkpt>
      <trkpt lat="37.435208" lon="-80.130116"></trkpt>
      <trkpt lat="37.435055" lon="-80.130188"></trkpt>
      <trkpt lat="37.434907" lon="-80.130277"></trkpt>
      <trkpt lat="37.434787" lon="-80.130361"></trkpt>
      <trkpt lat="37.434701" lon="-80.130435"></trkpt>
      <trkpt lat="37.434602" lon="-80.130541"></trkpt>
      <trkpt lat="37.434546" lon="-80.130610"></trkpt>
      <trkpt lat="37.434455" lon="-80.130744"></trkpt>
      <trkpt lat="37.434364" lon="-80.130903"></trkpt>
      <trkpt lat="37.434284" lon="-80.131071"></trkpt>
      <trkpt lat="37.434067" lon="-80.131583"></trkpt>
      <trkpt lat="37.434008" lon="-80.131734"></trkpt>
      <trkpt lat="37.433945" lon="-80.131897"></trkpt>
      <trkpt lat="37.433535" lon="-80.132911"></trkpt>
      <trkpt lat="37.433319" lon="-80.133420"></trkpt>
      <trkpt lat="37.432925" lon="-80.134385"></trkpt>
      <trkpt lat="37.432766" lon="-80.134787"></trkpt>
      <trkpt lat="37.432562" lon="-80.135279"></trkpt>
      <trkpt lat="37.432443" lon="-80.135558"></trkpt>
      <trkpt lat="37.432374" lon="-80.135698"></trkpt>
      <trkpt lat="37.432230" lon="-80.135941"></trkpt>
      <trkpt lat="37.432107" lon="-80.136128"></trkpt>
      <trkpt lat="37.431952" lon="-80.136338"></trkpt>
      <trkpt lat="37.431931" lon="-80.136367"></trkpt>
      <trkpt lat="37.431598" lon="-80.136779"></trkpt>
      <trkpt lat="37.431559" lon="-80.136827"></trkpt>
      <trkpt lat="37.431393" lon="-80.137041"></trkpt>
      <trkpt lat="37.431008" lon="-80.137515"></trkpt>
      <trkpt lat="37.430732" lon="-80.137877"></trkpt>
      <trkpt lat="37.430629" lon="-80.137999"></trkpt>
      <trkpt lat="37.430283" lon="-80.138439"></trkpt>
      <trkpt lat="37.430213" lon="-80.138523"></trkpt>
      <trkpt lat="37.429512" lon="-80.139421"></trkpt>
      <trkpt lat="37.429292" lon="-80.139673"></trkpt>
      <trkpt lat="37.429265" lon="-80.139701"></trkpt>
      <trkpt lat="37.429142" lon="-80.139829"></trkpt>
      <trkpt lat="37.429117" lon="-80.139852"></trkpt>
      <trkpt lat="37.429016" lon="-80.139944"></trkpt>
      <trkpt lat="37.428718" lon="-80.140172"></trkpt>
      <trkpt lat="37.428289" lon="-80.140486"></trkpt>
      <trkpt lat="37.428028" lon="-80.140667"></trkpt>
      <trkpt lat="37.427659" lon="-80.140933"></trkpt>
      <trkpt lat="37.427320" lon="-80.141176"></trkpt>
      <trkpt lat="37.427229" lon="-80.141241"></trkpt>
      <trkpt lat="37.427000" lon="-80.141407"></trkpt>
      <trkpt lat="37.426717" lon="-80.141596"></trkpt>
      <trkpt lat="37.426597" lon="-80.141663"></trkpt>
      <trkpt lat="37.426443" lon="-80.141729"></trkpt>
      <trkpt lat="37.426105" lon="-80.141846"></trkpt>
      <trkpt lat="37.424227" lon="-80.142461"></trkpt>
      <trkpt lat="37.423129" lon="-80.142811"></trkpt>
      <trkpt lat="37.421489" lon="-80.143350"></trkpt>
      <trkpt lat="37.421240" lon="-80.143439"></trkpt>
      <trkpt lat="37.421221" lon="-80.143446"></trkpt>
      <trkpt lat="37.420882" lon="-80.143583"></trkpt>
      <trkpt lat="37.420573" lon="-80.143738"></trkpt>
      <trkpt lat="37.420058" lon="-80.144022"></trkpt>
      <trkpt lat="37.418470" lon="-80.144981"></trkpt>
      <trkpt lat="37.418100" lon="-80.145205"></trkpt>
      <trkpt lat="37.417773" lon="-80.145418"></trkpt>
      <trkpt lat="37.417575" lon="-80.145570"></trkpt>
      <trkpt lat="37.417460" lon="-80.145668"></trkpt>
      <trkpt lat="37.417276" lon="-80.145863"></trkpt>
      <trkpt lat="37.417143" lon="-80.146024"></trkpt>
      <trkpt lat="37.417094" lon="-80.146083"></trkpt>
      <trkpt lat="37.416997" lon="-80.146220"></trkpt>
      <trkpt lat="37.416867" lon="-80.146437"></trkpt>
      <trkpt lat="37.416747" lon="-80.146678"></trkpt>
      <trkpt lat="37.416657" lon="-80.146898"></trkpt>
      <trkpt lat="37.416580" lon="-80.147125"></trkpt>
      <trkpt lat="37.416509" lon="-80.147370"></trkpt>
      <trkpt lat="37.416449" lon="-80.147624"></trkpt>
      <trkpt lat="37.416360" lon="-80.148080"></trkpt>
      <trkpt lat="37.416187" lon="-80.149049"></trkpt>
      <trkpt lat="37.416081" lon="-80.149609"></trkpt>
      <trkpt lat="37.416008" lon="-80.149926"></trkpt>
      <trkpt lat="37.415929" lon="-80.150200"></trkpt>
      <trkpt lat="37.415836" lon="-80.150468"></trkpt>
      <trkpt lat="37.415726" lon="-80.150731"></trkpt>
      <trkpt lat="37.415695" lon="-80.150794"></trkpt>
      <trkpt lat="37.415588" lon="-80.151011"></trkpt>
      <trkpt lat="37.415471" lon="-80.151214"></trkpt>
      <trkpt lat="37.415340" lon="-80.151407"></trkpt>
      <trkpt lat="37.415227" lon="-80.151554"></trkpt>
      <trkpt lat="37.415039" lon="-80.151766"></trkpt>
      <trkpt lat="37.414950" lon="-80.151848"></trkpt>
      <trkpt lat="37.414862" lon="-80.151931"></trkpt>
      <trkpt lat="37.414688" lon="-80.152069"></trkpt>
      <trkpt lat="37.414383" lon="-80.152253"></trkpt>
      <trkpt lat="37.414259" lon="-80.152321"></trkpt>
      <trkpt lat="37.413904" lon="-80.152499"></trkpt>
      <trkpt lat="37.413373" lon="-80.152760"></trkpt>
      <trkpt lat="37.412637" lon="-80.153132"></trkpt>
      <trkpt lat="37.411293" lon="-80.153794"></trkpt>
      <trkpt lat="37.411011" lon="-80.153912"></trkpt>
      <trkpt lat="37.410848" lon="-80.153962"></trkpt>
      <trkpt lat="37.410681" lon="-80.153996"></trkpt>
      <trkpt lat="37.410506" lon="-80.154009"></trkpt>
      <trkpt lat="37.410069" lon="-80.153988"></trkpt>
      <trkpt lat="37.409887" lon="-80.153970"></trkpt>
      <trkpt lat="37.409429" lon="-80.153926"></trkpt>
      <trkpt lat="37.409079" lon="-80.153892"></trkpt>
      <trkpt lat="37.408385" lon="-80.153830"></trkpt>
      <trkpt lat="37.407912" lon="-80.153800"></trkpt>
      <trkpt lat="37.407442" lon="-80.153763"></trkpt>
      <trkpt lat="37.407238" lon="-80.153767"></trkpt>
      <trkpt lat="37.407076" lon="-80.153785"></trkpt>
      <trkpt lat="37.406919" lon="-80.153813"></trkpt>
      <trkpt lat="37.406725" lon="-80.153864"></trkpt>
      <trkpt lat="37.406611" lon="-80.153902"></trkpt>
      <trkpt lat="37.406221" lon="-80.154045"></trkpt>
      <trkpt lat="37.405496" lon="-80.154321"></trkpt>
      <trkpt lat="37.405423" lon="-80.154350"></trkpt>
      <trkpt lat="37.405104" lon="-80.154477"></trkpt>
      <trkpt lat="37.404488" lon="-80.154714"></trkpt>
      <trkpt lat="37.404172" lon="-80.154842"></trkpt>
      <trkpt lat="37.403845" lon="-80.154966"></trkpt>
      <trkpt lat="37.403221" lon="-80.155218"></trkpt>
      <trkpt lat="37.402961" lon="-80.155305"></trkpt>
      <trkpt lat="37.402643" lon="-80.155384"></trkpt>
      <trkpt lat="37.402429" lon="-80.155425"></trkpt>
      <trkpt lat="37.402266" lon="-80.155449"></trkpt>
      <trkpt lat="37.402196" lon="-80.155460"></trkpt>
      <trkpt lat="37.402125" lon="-80.155470"></trkpt>
      <trkpt lat="37.401279" lon="-80.155594"></trkpt>
      <trkpt lat="37.400838" lon="-80.155676"></trkpt>
      <trkpt lat="37.400648" lon="-80.155731"></trkpt>
      <trkpt lat="37.400498" lon="-80.155787"></trkpt>
      <trkpt lat="37.400184" lon="-80.155937"></trkpt>
      <trkpt lat="37.400073" lon="-80.156000"></trkpt>
      <trkpt lat="37.399997" lon="-80.156042"></trkpt>
      <trkpt lat="37.399864" lon="-80.156118"></trkpt>
      <trkpt lat="37.399647" lon="-80.156242"></trkpt>
      <trkpt lat="37.399493" lon="-80.156313"></trkpt>
      <trkpt lat="37.399422" lon="-80.156337"></trkpt>
      <trkpt lat="37.399366" lon="-80.156357"></trkpt>
      <trkpt lat="37.399237" lon="-80.156387"></trkpt>
      <trkpt lat="37.399074" lon="-80.156402"></trkpt>
      <trkpt lat="37.398944" lon="-80.156400"></trkpt>
      <trkpt lat="37.398352" lon="-80.156357"></trkpt>
      <trkpt lat="37.398174" lon="-80.156344"></trkpt>
      <trkpt lat="37.397795" lon="-80.156333"></trkpt>
      <trkpt lat="37.397455" lon="-80.156327"></trkpt>
      <trkpt lat="37.397191" lon="-80.156328"></trkpt>
      <trkpt lat="37.396786" lon="-80.156341"></trkpt>
      <trkpt lat="37.396561" lon="-80.156364"></trkpt>
      <trkpt lat="37.396344" lon="-80.156403"></trkpt>
      <trkpt lat="37.395962" lon="-80.156476"></trkpt>
      <trkpt lat="37.395581" lon="-80.156550"></trkpt>
      <trkpt lat="37.395320" lon="-80.156604"></trkpt>
      <trkpt lat="37.395178" lon="-80.156634"></trkpt>
      <trkpt lat="37.395017" lon="-80.156654"></trkpt>
      <trkpt lat="37.394936" lon="-80.156656"></trkpt>
      <trkpt lat="37.394570" lon="-80.156631"></trkpt>
      <trkpt lat="37.394164" lon="-80.156589"></trkpt>
      <trkpt lat="37.393969" lon="-80.156562"></trkpt>
      <trkpt lat="37.393911" lon="-80.156554"></trkpt>
      <trkpt lat="37.393697" lon="-80.156505"></trkpt>
      <trkpt lat="37.393432" lon="-80.156427"></trkpt>
      <trkpt lat="37.393145" lon="-80.156320"></trkpt>
      <trkpt lat="37.393007" lon="-80.156269"></trkpt>
      <trkpt lat="37.392875" lon="-80.156225"></trkpt>
      <trkpt lat="37.392653" lon="-80.156167"></trkpt>
      <trkpt lat="37.392411" lon="-80.156123"></trkpt>
      <trkpt lat="37.392156" lon="-80.156094"></trkpt>
      <trkpt lat="37.391879" lon="-80.156082"></trkpt>
      <trkpt lat="37.391574" lon="-80.156069"></trkpt>
      <trkpt lat="37.390646" lon="-80.156018"></trkpt>
      <trkpt lat="37.390015" lon="-80.156000"></trkpt>
      <trkpt lat="37.389040" lon="-80.155991"></trkpt>
      <trkpt lat="37.388727" lon="-80.156001"></trkpt>
      <trkpt lat="37.388309" lon="-80.156002"></trkpt>
      <trkpt lat="37.387837" lon="-80.156010"></trkpt>
      <trkpt lat="37.386870" lon="-80.156014"></trkpt>
      <trkpt lat="37.386533" lon="-80.156015"></trkpt>
      <trkpt lat="37.385927" lon="-80.156024"></trkpt>
      <trkpt lat="37.385790" lon="-80.156031"></trkpt>
      <trkpt lat="37.385507" lon="-80.156047"></trkpt>
      <trkpt lat="37.385283" lon="-80.156073"></trkpt>
      <trkpt lat="37.384905" lon="-80.156139"></trkpt>
      <trkpt lat="37.384644" lon="-80.156204"></trkpt>
      <trkpt lat="37.384309" lon="-80.156318"></trkpt>
      <trkpt lat="37.384025" lon="-80.156426"></trkpt>
      <trkpt lat="37.383560" lon="-80.156607"></trkpt>
      <trkpt lat="37.383252" lon="-80.156716"></trkpt>
      <trkpt lat="37.383026" lon="-80.156779"></trkpt>
      <trkpt lat="37.382708" lon="-80.156841"></trkpt>
      <trkpt lat="37.382603" lon="-80.156855"></trkpt>
      <trkpt lat="37.382390" lon="-80.156873"></trkpt>
      <trkpt lat="37.382144" lon="-80.156874"></trkpt>
      <trkpt lat="37.381894" lon="-80.156857"></trkpt>
      <trkpt lat="37.381681" lon="-80.156824"></trkpt>
      <trkpt lat="37.381449" lon="-80.156786"></trkpt>
      <trkpt lat="37.381380" lon="-80.156763"></trkpt>
      <trkpt lat="37.381254" lon="-80.156726"></trkpt>
      <trkpt lat="37.381191" lon="-80.156704"></trkpt>
      <trkpt lat="37.381094" lon="-80.156667"></trkpt>
      <trkpt lat="37.380593" lon="-80.156418"></trkpt>
      <trkpt lat="37.380251" lon="-80.156218"></trkpt>
      <trkpt lat="37.379876" lon="-80.155989"></trkpt>
      <trkpt lat="37.379634" lon="-80.155828"></trkpt>
      <trkpt lat="37.379390" lon="-80.155666"></trkpt>
      <trkpt lat="37.378901" lon="-80.155360"></trkpt>
      <trkpt lat="37.378803" lon="-80.155299"></trkpt>
      <trkpt lat="37.378686" lon="-80.155217"></trkpt>
      <trkpt lat="37.378566" lon="-80.155134"></trkpt>
      <trkpt lat="37.378285" lon="-80.154939"></trkpt>
      <trkpt lat="37.378240" lon="-80.154908"></trkpt>
      <trkpt lat="37.378093" lon="-80.154796"></trkpt>
      <trkpt lat="37.378043" lon="-80.154758"></trkpt>
      <trkpt lat="37.377899" lon="-80.154640"></trkpt>
      <trkpt lat="37.377703" lon="-80.154455"></trkpt>
      <trkpt lat="37.377466" lon="-80.154203"></trkpt>
      <trkpt lat="37.377284" lon="-80.153994"></trkpt>
      <trkpt lat="37.377128" lon="-80.153795"></trkpt>
      <trkpt lat="37.376955" lon="-80.153541"></trkpt>
      <trkpt lat="37.376786" lon="-80.153251"></trkpt>
      <trkpt lat="37.376664" lon="-80.153019"></trkpt>
      <trkpt lat="37.376550" lon="-80.152781"></trkpt>
      <trkpt lat="37.376356" lon="-80.152303"></trkpt>
      <trkpt lat="37.376272" lon="-80.152084"></trkpt>
      <trkpt lat="37.375996" lon="-80.151305"></trkpt>
      <trkpt lat="37.375979" lon="-80.151258"></trkpt>
      <trkpt lat="37.375887" lon="-80.151006"></trkpt>
      <trkpt lat="37.375688" lon="-80.150459"></trkpt>
      <trkpt lat="37.375570" lon="-80.150127"></trkpt>
      <trkpt lat="37.375192" lon="-80.149068"></trkpt>
      <trkpt lat="37.374702" lon="-80.147684"></trkpt>
      <trkpt lat="37.374636" lon="-80.147481"></trkpt>
      <trkpt lat="37.374608" lon="-80.147386"></trkpt>
      <trkpt lat="37.374554" lon="-80.147166"></trkpt>
      <trkpt lat="37.374515" lon="-80.146941"></trkpt>
      <trkpt lat="37.374493" lon="-80.146739"></trkpt>
      <trkpt lat="37.374485" lon="-80.146577"></trkpt>
      <trkpt lat="37.374488" lon="-80.146374"></trkpt>
      <trkpt lat="37.374506" lon="-80.146115"></trkpt>
      <trkpt lat="37.374537" lon="-80.145900"></trkpt>
      <trkpt lat="37.374582" lon="-80.145689"></trkpt>
      <trkpt lat="37.374667" lon="-80.145371"></trkpt>
      <trkpt lat="37.375142" lon="-80.143786"></trkpt>
      <trkpt lat="37.375308" lon="-80.143197"></trkpt>
      <trkpt lat="37.375524" lon="-80.142497"></trkpt>
      <trkpt lat="37.375684" lon="-80.142076"></trkpt>
      <trkpt lat="37.376485" lon="-80.140139"></trkpt>
      <trkpt lat="37.376745" lon="-80.139510"></trkpt>
      <trkpt lat="37.376916" lon="-80.139055"></trkpt>
      <trkpt lat="37.377078" lon="-80.138587"></trkpt>
      <trkpt lat="37.377173" lon="-80.138279"></trkpt>
      <trkpt lat="37.377260" lon="-80.137974"></trkpt>
      <trkpt lat="37.377281" lon="-80.137901"></trkpt>
      <trkpt lat="37.377548" lon="-80.136828"></trkpt>
      <trkpt lat="37.377691" lon="-80.136253"></trkpt>
      <trkpt lat="37.377929" lon="-80.135331"></trkpt>
      <trkpt lat="37.377968" lon="-80.135180"></trkpt>
      <trkpt lat="37.379013" lon="-80.131099"></trkpt>
      <trkpt lat="37.379089" lon="-80.130792"></trkpt>
      <trkpt lat="37.379383" lon="-80.129683"></trkpt>
      <trkpt lat="37.379766" lon="-80.128311"></trkpt>
      <trkpt lat="37.379841" lon="-80.128046"></trkpt>
      <trkpt lat="37.379873" lon="-80.127932"></trkpt>
      <trkpt lat="37.380081" lon="-80.127199"></trkpt>
      <trkpt lat="37.380176" lon="-80.126806"></trkpt>
      <trkpt lat="37.380272" lon="-80.126336"></trkpt>
      <trkpt lat="37.380310" lon="-80.126123"></trkpt>
      <trkpt lat="37.380487" lon="-80.124958"></trkpt>
      <trkpt lat="37.380710" lon="-80.123540"></trkpt>
      <trkpt lat="37.380741" lon="-80.123234"></trkpt>
      <trkpt lat="37.380756" lon="-80.122925"></trkpt>
      <trkpt lat="37.380756" lon="-80.122631"></trkpt>
      <trkpt lat="37.380744" lon="-80.122095"></trkpt>
      <trkpt lat="37.380733" lon="-80.121573"></trkpt>
      <trkpt lat="37.380721" lon="-80.121007"></trkpt>
      <trkpt lat="37.380702" lon="-80.120174"></trkpt>
      <trkpt lat="37.380687" lon="-80.120002"></trkpt>
      <trkpt lat="37.380680" lon="-80.119945"></trkpt>
      <trkpt lat="37.380656" lon="-80.119789"></trkpt>
      <trkpt lat="37.380643" lon="-80.119725"></trkpt>
      <trkpt lat="37.380606" lon="-80.119564"></trkpt>
      <trkpt lat="37.380560" lon="-80.119411"></trkpt>
      <trkpt lat="37.380473" lon="-80.119185"></trkpt>
      <trkpt lat="37.380433" lon="-80.119094"></trkpt>
      <trkpt lat="37.380410" lon="-80.119050"></trkpt>
      <trkpt lat="37.380381" lon="-80.118986"></trkpt>
      <trkpt lat="37.380157" lon="-80.118578"></trkpt>
      <trkpt lat="37.380043" lon="-80.118342"></trkpt>
      <trkpt lat="37.379942" lon="-80.118100"></trkpt>
      <trkpt lat="37.379881" lon="-80.117914"></trkpt>
      <trkpt lat="37.379832" lon="-80.117721"></trkpt>
      <trkpt lat="37.379802" lon="-80.117563"></trkpt>
      <trkpt lat="37.379771" lon="-80.117336"></trkpt>
      <trkpt lat="37.379756" lon="-80.117116"></trkpt>
      <trkpt lat="37.379751" lon="-80.116869"></trkpt>
      <trkpt lat="37.379761" lon="-80.116666"></trkpt>
      <trkpt lat="37.379786" lon="-80.116465"></trkpt>
      <trkpt lat="37.379834" lon="-80.116218"></trkpt>
      <trkpt lat="37.379871" lon="-80.116067"></trkpt>
      <trkpt lat="37.379907" lon="-80.115937"></trkpt>
      <trkpt lat="37.379956" lon="-80.115784"></trkpt>
      <trkpt lat="37.380029" lon="-80.115600"></trkpt>
      <trkpt lat="37.380115" lon="-80.115424"></trkpt>
      <trkpt lat="37.380250" lon="-80.115199"></trkpt>
      <trkpt lat="37.380404" lon="-80.114972"></trkpt>
      <trkpt lat="37.380536" lon="-80.114798"></trkpt>
      <trkpt lat="37.381011" lon="-80.114195"></trkpt>
      <trkpt lat="37.381042" lon="-80.114152"></trkpt>
      <trkpt lat="37.381170" lon="-80.113969"></trkpt>
      <trkpt lat="37.381294" lon="-80.113773"></trkpt>
      <trkpt lat="37.381324" lon="-80.113728"></trkpt>
      <trkpt lat="37.381413" lon="-80.113582"></trkpt>
      <trkpt lat="37.381557" lon="-80.113325"></trkpt>
      <trkpt lat="37.381670" lon="-80.113096"></trkpt>
      <trkpt lat="37.381822" lon="-80.112745"></trkpt>
      <trkpt lat="37.381906" lon="-80.112529"></trkpt>
      <trkpt lat="37.382015" lon="-80.112225"></trkpt>
      <trkpt lat="37.382141" lon="-80.111838"></trkpt>
      <trkpt lat="37.382167" lon="-80.111749"></trkpt>
      <trkpt lat="37.382235" lon="-80.111473"></trkpt>
      <trkpt lat="37.382284" lon="-80.111205"></trkpt>
      <trkpt lat="37.382307" lon="-80.111042"></trkpt>
      <trkpt lat="37.382350" lon="-80.110683"></trkpt>
      <trkpt lat="37.382366" lon="-80.110512"></trkpt>
      <trkpt lat="37.382421" lon="-80.109912"></trkpt>
      <trkpt lat="37.382434" lon="-80.109756"></trkpt>
      <trkpt lat="37.382456" lon="-80.109357"></trkpt>
      <trkpt lat="37.382463" lon="-80.109140"></trkpt>
      <trkpt lat="37.382462" lon="-80.108754"></trkpt>
      <trkpt lat="37.382452" lon="-80.108446"></trkpt>
      <trkpt lat="37.382427" lon="-80.108061"></trkpt>
      <trkpt lat="37.382404" lon="-80.107826"></trkpt>
      <trkpt lat="37.382366" lon="-80.107540"></trkpt>
      <trkpt lat="37.382347" lon="-80.107418"></trkpt>
      <trkpt lat="37.382290" lon="-80.107089"></trkpt>
      <trkpt lat="37.382200" lon="-80.106663"></trkpt>
      <trkpt lat="37.382117" lon="-80.106326"></trkpt>
      <trkpt lat="37.381880" lon="-80.105500"></trkpt>
      <trkpt lat="37.381694" lon="-80.104888"></trkpt>
      <trkpt lat="37.381655" lon="-80.104760"></trkpt>
      <trkpt lat="37.381542" lon="-80.104389"></trkpt>
      <trkpt lat="37.381294" lon="-80.103579"></trkpt>
      <trkpt lat="37.381170" lon="-80.103157"></trkpt>
      <trkpt lat="37.381144" lon="-80.103073"></trkpt>
      <trkpt lat="37.380860" lon="-80.102115"></trkpt>
      <trkpt lat="37.380549" lon="-80.101012"></trkpt>
      <trkpt lat="37.380482" lon="-80.100742"></trkpt>
      <trkpt lat="37.380440" lon="-80.100521"></trkpt>
      <trkpt lat="37.380390" lon="-80.100193"></trkpt>
      <trkpt lat="37.380339" lon="-80.099726"></trkpt>
      <trkpt lat="37.380307" lon="-80.099290"></trkpt>
      <trkpt lat="37.380304" lon="-80.098960"></trkpt>
      <trkpt lat="37.380315" lon="-80.098508"></trkpt>
      <trkpt lat="37.380337" lon="-80.098162"></trkpt>
      <trkpt lat="37.380376" lon="-80.097780"></trkpt>
      <trkpt lat="37.380433" lon="-80.097381"></trkpt>
      <trkpt lat="37.380467" lon="-80.097200"></trkpt>
      <trkpt lat="37.380491" lon="-80.097076"></trkpt>
      <trkpt lat="37.380602" lon="-80.096569"></trkpt>
      <trkpt lat="37.380680" lon="-80.096219"></trkpt>
      <trkpt lat="37.380736" lon="-80.095908"></trkpt>
      <trkpt lat="37.380814" lon="-80.095317"></trkpt>
      <trkpt lat="37.380843" lon="-80.095002"></trkpt>
      <trkpt lat="37.380865" lon="-80.094654"></trkpt>
      <trkpt lat="37.380927" lon="-80.093932"></trkpt>
      <trkpt lat="37.380927" lon="-80.093680"></trkpt>
      <trkpt lat="37.380883" lon="-80.093299"></trkpt>
      <trkpt lat="37.380791" lon="-80.092940"></trkpt>
      <trkpt lat="37.380595" lon="-80.092133"></trkpt>
      <trkpt lat="37.380559" lon="-80.091943"></trkpt>
      <trkpt lat="37.380544" lon="-80.091779"></trkpt>
      <trkpt lat="37.380541" lon="-80.091568"></trkpt>
      <trkpt lat="37.380545" lon="-80.091394"></trkpt>
      <trkpt lat="37.380533" lon="-80.091123"></trkpt>
      <trkpt lat="37.380514" lon="-80.090944"></trkpt>
      <trkpt lat="37.380501" lon="-80.090855"></trkpt>
      <trkpt lat="37.380432" lon="-80.090579"></trkpt>
      <trkpt lat="37.380337" lon="-80.090244"></trkpt>
      <trkpt lat="37.380290" lon="-80.090018"></trkpt>
      <trkpt lat="37.380271" lon="-80.089843"></trkpt>
      <trkpt lat="37.380267" lon="-80.089706"></trkpt>
      <trkpt lat="37.380271" lon="-80.089545"></trkpt>
      <trkpt lat="37.380281" lon="-80.089449"></trkpt>
      <trkpt lat="37.380303" lon="-80.089302"></trkpt>
      <trkpt lat="37.380314" lon="-80.089249"></trkpt>
      <trkpt lat="37.380379" lon="-80.089000"></trkpt>
      <trkpt lat="37.380455" lon="-80.088774"></trkpt>
      <trkpt lat="37.380609" lon="-80.088398"></trkpt>
      <trkpt lat="37.380684" lon="-80.088152"></trkpt>
      <trkpt lat="37.380707" lon="-80.088057"></trkpt>
      <trkpt lat="37.380735" lon="-80.087892"></trkpt>
      <trkpt lat="37.380650" lon="-80.087870"></trkpt>
      <trkpt lat="37.380563" lon="-80.087866"></trkpt>
      <trkpt lat="37.380477" lon="-80.087881"></trkpt>
      <trkpt lat="37.380419" lon="-80.087916"></trkpt>
      <trkpt lat="37.380369" lon="-80.087967"></trkpt>
      <trkpt lat="37.380290" lon="-80.088090"></trkpt>
      <trkpt lat="37.380223" lon="-80.088225"></trkpt>
      <trkpt lat="37.380069" lon="-80.088631"></trkpt>
      <trkpt lat="37.380043" lon="-80.088659"></trkpt>
      <trkpt lat="37.380009" lon="-80.088671"></trkpt>
      <trkpt lat="37.379975" lon="-80.088665"></trkpt>
      <trkpt lat="37.379946" lon="-80.088641"></trkpt>
      <trkpt lat="37.379927" lon="-80.088605"></trkpt>
      <trkpt lat="37.379923" lon="-80.088575"></trkpt>
      <trkpt lat="37.379928" lon="-80.088523"></trkpt>
      <trkpt lat="37.379938" lon="-80.088485"></trkpt>
      <trkpt lat="37.379980" lon="-80.088369"></trkpt>
      <trkpt lat="37.380008" lon="-80.088249"></trkpt>
      <trkpt lat="37.380033" lon="-80.088069"></trkpt>
      <trkpt lat="37.380048" lon="-80.087755"></trkpt>
      <trkpt lat="37.380071" lon="-80.087637"></trkpt>
      <trkpt lat="37.380108" lon="-80.087524"></trkpt>
      <trkpt lat="37.380207" lon="-80.087313"></trkpt>
      <trkpt lat="37.380295" lon="-80.087151"></trkpt>
      <trkpt lat="37.380406" lon="-80.086965"></trkpt>
      <trkpt lat="37.380619" lon="-80.086562"></trkpt>
      <trkpt lat="37.380640" lon="-80.086502"></trkpt>
      <trkpt lat="37.380648" lon="-80.086453"></trkpt>
      <trkpt lat="37.380640" lon="-80.086412"></trkpt>
      <trkpt lat="37.380619" lon="-80.086378"></trkpt>
      <trkpt lat="37.380590" lon="-80.086359"></trkpt>
      <trkpt lat="37.380556" lon="-80.086357"></trkpt>
      <trkpt lat="37.380524" lon="-80.086374"></trkpt>
      <trkpt lat="37.380490" lon="-80.086413"></trkpt>
      <trkpt lat="37.380475" lon="-80.086442"></trkpt>
      <trkpt lat="37.380424" lon="-80.086571"></trkpt>
      <trkpt lat="37.380359" lon="-80.086677"></trkpt>
      <trkpt lat="37.380283" lon="-80.086771"></trkpt>
      <trkpt lat="37.380215" lon="-80.086835"></trkpt>
      <trkpt lat="37.380070" lon="-80.086951"></trkpt>
      <trkpt lat="37.379997" lon="-80.087019"></trkpt>
      <trkpt lat="37.379831" lon="-80.087207"></trkpt>
      <trkpt lat="37.379713" lon="-80.087365"></trkpt>
      <trkpt lat="37.379607" lon="-80.087536"></trkpt>
      <trkpt lat="37.379499" lon="-80.087749"></trkpt>
      <trkpt lat="37.379426" lon="-80.087931"></trkpt>
      <trkpt lat="37.379350" lon="-80.088153"></trkpt>
      <trkpt lat="37.379309" lon="-80.088245"></trkpt>
      <trkpt lat="37.379286" lon="-80.088270"></trkpt>
      <trkpt lat="37.379256" lon="-80.088280"></trkpt>
      <trkpt lat="37.379221" lon="-80.088269"></trkpt>
      <trkpt lat="37.379192" lon="-80.088237"></trkpt>
      <trkpt lat="37.379174" lon="-80.088192"></trkpt>
      <trkpt lat="37.379172" lon="-80.088144"></trkpt>
      <trkpt lat="37.379231" lon="-80.087924"></trkpt>
      <trkpt lat="37.379282" lon="-80.087713"></trkpt>
      <trkpt lat="37.379345" lon="-80.087427"></trkpt>
      <trkpt lat="37.379375" lon="-80.087328"></trkpt>
      <trkpt lat="37.379581" lon="-80.086810"></trkpt>
      <trkpt lat="37.379734" lon="-80.086374"></trkpt>
      <trkpt lat="37.379826" lon="-80.086130"></trkpt>
      <trkpt lat="37.379890" lon="-80.085982"></trkpt>
      <trkpt lat="37.379940" lon="-80.085896"></trkpt>
      <trkpt lat="37.380039" lon="-80.085750"></trkpt>
      <trkpt lat="37.380065" lon="-80.085702"></trkpt>
      <trkpt lat="37.380071" lon="-80.085660"></trkpt>
      <trkpt lat="37.380062" lon="-80.085618"></trkpt>
      <trkpt lat="37.380040" lon="-80.085585"></trkpt>
      <trkpt lat="37.380008" lon="-80.085565"></trkpt>
      <trkpt lat="37.379972" lon="-80.085562"></trkpt>
      <trkpt lat="37.379939" lon="-80.085576"></trkpt>
      <trkpt lat="37.379882" lon="-80.085625"></trkpt>
      <trkpt lat="37.379843" lon="-80.085668"></trkpt>
      <trkpt lat="37.379709" lon="-80.085849"></trkpt>
      <trkpt lat="37.379604" lon="-80.085999"></trkpt>
      <trkpt lat="37.379434" lon="-80.086212"></trkpt>
      <trkpt lat="37.379282" lon="-80.086381"></trkpt>
      <trkpt lat="37.379158" lon="-80.086554"></trkpt>
      <trkpt lat="37.379046" lon="-80.086737"></trkpt>
      <trkpt lat="37.378946" lon="-80.086929"></trkpt>
      <trkpt lat="37.378834" lon="-80.087173"></trkpt>
      <trkpt lat="37.378763" lon="-80.087345"></trkpt>
      <trkpt lat="37.378699" lon="-80.087463"></trkpt>
      <trkpt lat="37.378677" lon="-80.087486"></trkpt>
      <trkpt lat="37.378643" lon="-80.087500"></trkpt>
      <trkpt lat="37.378614" lon="-80.087499"></trkpt>
      <trkpt lat="37.378582" lon="-80.087483"></trkpt>
      <trkpt lat="37.378560" lon="-80.087452"></trkpt>
      <trkpt lat="37.378552" lon="-80.087420"></trkpt>
      <trkpt lat="37.378554" lon="-80.087387"></trkpt>
      <trkpt lat="37.378647" lon="-80.087167"></trkpt>
      <trkpt lat="37.378729" lon="-80.086944"></trkpt>
      <trkpt lat="37.378779" lon="-80.086781"></trkpt>
      <trkpt lat="37.378849" lon="-80.086431"></trkpt>
      <trkpt lat="37.378891" lon="-80.086256"></trkpt>
      <trkpt lat="37.378982" lon="-80.085978"></trkpt>
      <trkpt lat="37.379228" lon="-80.085351"></trkpt>
      <trkpt lat="37.379352" lon="-80.085017"></trkpt>
      <trkpt lat="37.379419" lon="-80.084801"></trkpt>
      <trkpt lat="37.379496" lon="-80.084530"></trkpt>
      <trkpt lat="37.379556" lon="-80.084362"></trkpt>
      <trkpt lat="37.379682" lon="-80.084035"></trkpt>
      <trkpt lat="37.379773" lon="-80.083768"></trkpt>
      <trkpt lat="37.379855" lon="-80.083484"></trkpt>
      <trkpt lat="37.379906" lon="-80.083281"></trkpt>
      <trkpt lat="37.379931" lon="-80.083081"></trkpt>
      <trkpt lat="37.379965" lon="-80.082912"></trkpt>
      <trkpt lat="37.379983" lon="-80.082845"></trkpt>
      <trkpt lat="37.380061" lon="-80.082656"></trkpt>
      <trkpt lat="37.380171" lon="-80.082441"></trkpt>
      <trkpt lat="37.380240" lon="-80.082318"></trkpt>
      <trkpt lat="37.380312" lon="-80.082162"></trkpt>
      <trkpt lat="37.380352" lon="-80.082047"></trkpt>
      <trkpt lat="37.380387" lon="-80.081904"></trkpt>
      <trkpt lat="37.380405" lon="-80.081787"></trkpt>
      <trkpt lat="37.380434" lon="-80.081466"></trkpt>
      <trkpt lat="37.380443" lon="-80.081211"></trkpt>
      <trkpt lat="37.380455" lon="-80.080845"></trkpt>
      <trkpt lat="37.380475" lon="-80.080671"></trkpt>
      <trkpt lat="37.380511" lon="-80.080500"></trkpt>
      <trkpt lat="37.380575" lon="-80.080308"></trkpt>
      <trkpt lat="37.380733" lon="-80.079909"></trkpt>
      <trkpt lat="37.380745" lon="-80.079840"></trkpt>
      <trkpt lat="37.380744" lon="-80.079769"></trkpt>
      <trkpt lat="37.380732" lon="-80.079715"></trkpt>
      <trkpt lat="37.380702" lon="-80.079633"></trkpt>
      <trkpt lat="37.380604" lon="-80.079438"></trkpt>
      <trkpt lat="37.380540" lon="-80.079261"></trkpt>
      <trkpt lat="37.380519" lon="-80.079154"></trkpt>
      <trkpt lat="37.380513" lon="-80.079102"></trkpt>
      <trkpt lat="37.380497" lon="-80.079036"></trkpt>
      <trkpt lat="37.380465" lon="-80.078959"></trkpt>
      <trkpt lat="37.380260" lon="-80.078626"></trkpt>
      <trkpt lat="37.380111" lon="-80.078361"></trkpt>
      <trkpt lat="37.380017" lon="-80.078170"></trkpt>
      <trkpt lat="37.379980" lon="-80.078048"></trkpt>
      <trkpt lat="37.379962" lon="-80.077946"></trkpt>
      <trkpt lat="37.379951" lon="-80.077816"></trkpt>
      <trkpt lat="37.379956" lon="-80.077685"></trkpt>
      <trkpt lat="37.379980" lon="-80.077471"></trkpt>
      <trkpt lat="37.379991" lon="-80.077283"></trkpt>
      <trkpt lat="37.379987" lon="-80.077165"></trkpt>
      <trkpt lat="37.379921" lon="-80.076736"></trkpt>
      <trkpt lat="37.379898" lon="-80.076543"></trkpt>
      <trkpt lat="37.379869" lon="-80.076439"></trkpt>
      <trkpt lat="37.379795" lon="-80.076244"></trkpt>
      <trkpt lat="37.379700" lon="-80.076034"></trkpt>
      <trkpt lat="37.379650" lon="-80.075940"></trkpt>
      <trkpt lat="37.379522" lon="-80.075697"></trkpt>
      <trkpt lat="37.379488" lon="-80.075604"></trkpt>
      <trkpt lat="37.379469" lon="-80.075532"></trkpt>
      <trkpt lat="37.379443" lon="-80.075402"></trkpt>
      <trkpt lat="37.379422" lon="-80.075328"></trkpt>
      <trkpt lat="37.379381" lon="-80.075272"></trkpt>
      <trkpt lat="37.379336" lon="-80.075245"></trkpt>
      <trkpt lat="37.379290" lon="-80.075239"></trkpt>
      <trkpt lat="37.379236" lon="-80.075255"></trkpt>
      <trkpt lat="37.379148" lon="-80.075300"></trkpt>
      <trkpt lat="37.379068" lon="-80.075363"></trkpt>
      <trkpt lat="37.378996" lon="-80.075440"></trkpt>
      <trkpt lat="37.378907" lon="-80.075569"></trkpt>
      <trkpt lat="37.378828" lon="-80.075708"></trkpt>
      <trkpt lat="37.378721" lon="-80.075945"></trkpt>
      <trkpt lat="37.378652" lon="-80.076139"></trkpt>
      <trkpt lat="37.378606" lon="-80.076299"></trkpt>
      <trkpt lat="37.378519" lon="-80.076669"></trkpt>
      <trkpt lat="37.378474" lon="-80.076838"></trkpt>
      <trkpt lat="37.378464" lon="-80.076869"></trkpt>
      <trkpt lat="37.378427" lon="-80.076948"></trkpt>
      <trkpt lat="37.378378" lon="-80.077016"></trkpt>
      <trkpt lat="37.378315" lon="-80.077072"></trkpt>
      <trkpt lat="37.378156" lon="-80.077175"></trkpt>
      <trkpt lat="37.378092" lon="-80.077233"></trkpt>
      <trkpt lat="37.378009" lon="-80.077351"></trkpt>
      <trkpt lat="37.377991" lon="-80.077368"></trkpt>
      <trkpt lat="37.377955" lon="-80.077383"></trkpt>
      <trkpt lat="37.377842" lon="-80.077398"></trkpt>
      <trkpt lat="37.377768" lon="-80.077422"></trkpt>
      <trkpt lat="37.377567" lon="-80.077521"></trkpt>
      <trkpt lat="37.377282" lon="-80.077662"></trkpt>
      <trkpt lat="37.377224" lon="-80.077708"></trkpt>
      <trkpt lat="37.377124" lon="-80.077810"></trkpt>
      <trkpt lat="37.377043" lon="-80.077916"></trkpt>
      <trkpt lat="37.376978" lon="-80.078025"></trkpt>
      <trkpt lat="37.376951" lon="-80.078089"></trkpt>
      <trkpt lat="37.376944" lon="-80.078111"></trkpt>
      <trkpt lat="37.376929" lon="-80.078176"></trkpt>
      <trkpt lat="37.376923" lon="-80.078284"></trkpt>
      <trkpt lat="37.376931" lon="-80.078397"></trkpt>
      <trkpt lat="37.376924" lon="-80.078495"></trkpt>
      <trkpt lat="37.376903" lon="-80.078566"></trkpt>
      <trkpt lat="37.376879" lon="-80.078613"></trkpt>
      <trkpt lat="37.376847" lon="-80.078646"></trkpt>
      <trkpt lat="37.376807" lon="-80.078661"></trkpt>
      <trkpt lat="37.376618" lon="-80.078688"></trkpt>
      <trkpt lat="37.376440" lon="-80.078734"></trkpt>
      <trkpt lat="37.376383" lon="-80.078756"></trkpt>
      <trkpt lat="37.376334" lon="-80.078793"></trkpt>
      <trkpt lat="37.376294" lon="-80.078845"></trkpt>
      <trkpt lat="37.376266" lon="-80.078907"></trkpt>
      <trkpt lat="37.376258" lon="-80.078934"></trkpt>
      <trkpt lat="37.376222" lon="-80.079168"></trkpt>
      <trkpt lat="37.376171" lon="-80.079364"></trkpt>
      <trkpt lat="37.376088" lon="-80.079606"></trkpt>
      <trkpt lat="37.376037" lon="-80.079712"></trkpt>
      <trkpt lat="37.375975" lon="-80.079808"></trkpt>
      <trkpt lat="37.375902" lon="-80.079891"></trkpt>
      <trkpt lat="37.375803" lon="-80.079974"></trkpt>
      <trkpt lat="37.375608" lon="-80.080098"></trkpt>
      <trkpt lat="37.375382" lon="-80.080223"></trkpt>
      <trkpt lat="37.375040" lon="-80.080415"></trkpt>
      <trkpt lat="37.374932" lon="-80.080465"></trkpt>
      <trkpt lat="37.374895" lon="-80.080471"></trkpt>
      <trkpt lat="37.374733" lon="-80.080470"></trkpt>
      <trkpt lat="37.374323" lon="-80.080484"></trkpt>
      <trkpt lat="37.373745" lon="-80.080494"></trkpt>
      <trkpt lat="37.373579" lon="-80.080496"></trkpt>
      <trkpt lat="37.372746" lon="-80.080499"></trkpt>
      <trkpt lat="37.372555" lon="-80.080494"></trkpt>
      <trkpt lat="37.372377" lon="-80.080464"></trkpt>
      <trkpt lat="37.372244" lon="-80.080762"></trkpt>
      <trkpt lat="37.372010" lon="-80.081247"></trkpt>
      <trkpt lat="37.371963" lon="-80.081329"></trkpt>
      <trkpt lat="37.371881" lon="-80.081455"></trkpt>
      <trkpt lat="37.371847" lon="-80.081507"></trkpt>
      <trkpt lat="37.371744" lon="-80.081645"></trkpt>
      <trkpt lat="37.371681" lon="-80.081721"></trkpt>
      <trkpt lat="37.371534" lon="-80.081876"></trkpt>
      <trkpt lat="37.371351" lon="-80.082043"></trkpt>
      <trkpt lat="37.371045" lon="-80.082282"></trkpt>
      <trkpt lat="37.370906" lon="-80.082406"></trkpt>
      <trkpt lat="37.370742" lon="-80.082576"></trkpt>
      <trkpt lat="37.370669" lon="-80.082668"></trkpt>
      <trkpt lat="37.370617" lon="-80.082738"></trkpt>
      <trkpt lat="37.370503" lon="-80.082912"></trkpt>
      <trkpt lat="37.370399" lon="-80.083097"></trkpt>
      <trkpt lat="37.370307" lon="-80.083291"></trkpt>
      <trkpt lat="37.370240" lon="-80.083462"></trkpt>
      <trkpt lat="37.370197" lon="-80.083594"></trkpt>
      <trkpt lat="37.370167" lon="-80.083695"></trkpt>
      <trkpt lat="37.370118" lon="-80.083886"></trkpt>
      <trkpt lat="37.370100" lon="-80.083968"></trkpt>
      <trkpt lat="37.370069" lon="-80.084129"></trkpt>
      <trkpt lat="37.370053" lon="-80.084228"></trkpt>
      <trkpt lat="37.369711" lon="-80.085981"></trkpt>
      <trkpt lat="37.369565" lon="-80.086699"></trkpt>
      <trkpt lat="37.369207" lon="-80.088524"></trkpt>
      <trkpt lat="37.368659" lon="-80.088506"></trkpt>
      <trkpt lat="37.367867" lon="-80.088497"></trkpt>
      <trkpt lat="37.366735" lon="-80.088472"></trkpt>
      <trkpt lat="37.366118" lon="-80.088456"></trkpt>
      <trkpt lat="37.365991" lon="-80.088455"></trkpt>
      <trkpt lat="37.365940" lon="-80.088470"></trkpt>
      <trkpt lat="37.365884" lon="-80.088506"></trkpt>
      <trkpt lat="37.365546" lon="-80.088934"></trkpt>
      <trkpt lat="37.365475" lon="-80.089019"></trkpt>
      <trkpt lat="37.365313" lon="-80.089204"></trkpt>
      <trkpt lat="37.365020" lon="-80.089508"></trkpt>
      <trkpt lat="37.364658" lon="-80.089900"></trkpt>
      <trkpt lat="37.364468" lon="-80.090076"></trkpt>
      <trkpt lat="37.364283" lon="-80.090223"></trkpt>
      <trkpt lat="37.363998" lon="-80.090415"></trkpt>
      <trkpt lat="37.363900" lon="-80.090468"></trkpt>
      <trkpt lat="37.363804" lon="-80.090508"></trkpt>
      <trkpt lat="37.363379" lon="-80.090669"></trkpt>
      <trkpt lat="37.363087" lon="-80.090801"></trkpt>
      <trkpt lat="37.362938" lon="-80.090868"></trkpt>
      <trkpt lat="37.362836" lon="-80.090901"></trkpt>
      <trkpt lat="37.362585" lon="-80.090937"></trkpt>
      <trkpt lat="37.362503" lon="-80.090951"></trkpt>
      <trkpt lat="37.362385" lon="-80.090977"></trkpt>
      <trkpt lat="37.362141" lon="-80.091068"></trkpt>
      <trkpt lat="37.361957" lon="-80.091132"></trkpt>
      <trkpt lat="37.361819" lon="-80.091170"></trkpt>
      <trkpt lat="37.361619" lon="-80.091211"></trkpt>
      <trkpt lat="37.361513" lon="-80.091230"></trkpt>
      <trkpt lat="37.361424" lon="-80.091242"></trkpt>
      <trkpt lat="37.361219" lon="-80.091253"></trkpt>
      <trkpt lat="37.360935" lon="-80.091245"></trkpt>
      <trkpt lat="37.360850" lon="-80.091234"></trkpt>
      <trkpt lat="37.360765" lon="-80.091220"></trkpt>
      <trkpt lat="37.360580" lon="-80.091171"></trkpt>
      <trkpt lat="37.360461" lon="-80.091115"></trkpt>
      <trkpt lat="37.360338" lon="-80.091038"></trkpt>
      <trkpt lat="37.360169" lon="-80.090918"></trkpt>
      <trkpt lat="37.360056" lon="-80.090848"></trkpt>
      <trkpt lat="37.359837" lon="-80.090729"></trkpt>
      <trkpt lat="37.359653" lon="-80.090647"></trkpt>
      <trkpt lat="37.359386" lon="-80.090553"></trkpt>
      <trkpt lat="37.358684" lon="-80.090354"></trkpt>
      <trkpt lat="37.358334" lon="-80.090268"></trkpt>
      <trkpt lat="37.357751" lon="-80.090108"></trkpt>
      <trkpt lat="37.357753" lon="-80.090040"></trkpt>
      <trkpt lat="37.357777" lon="-80.089927"></trkpt>
      <trkpt lat="37.357846" lon="-80.089697"></trkpt>
      <trkpt lat="37.357928" lon="-80.089474"></trkpt>
      <trkpt lat="37.358023" lon="-80.089259"></trkpt>
      <trkpt lat="37.358109" lon="-80.089097"></trkpt>
      <trkpt lat="37.358174" lon="-80.088998"></trkpt>
      <trkpt lat="37.358247" lon="-80.088908"></trkpt>
      <trkpt lat="37.358327" lon="-80.088845"></trkpt>
      <trkpt lat="37.358372" lon="-80.088816"></trkpt>
      <trkpt lat="37.358504" lon="-80.088898"></trkpt>
      <trkpt lat="37.358989" lon="-80.089119"></trkpt>
      <trkpt lat="37.359175" lon="-80.089208"></trkpt>
      <trkpt lat="37.359224" lon="-80.089213"></trkpt>
      <trkpt lat="37.359224" lon="-80.089213"></trkpt>
      <trkpt lat="37.359175" lon="-80.089208"></trkpt>
      <trkpt lat="37.358989" lon="-80.089119"></trkpt>
      <trkpt lat="37.358504" lon="-80.088898"></trkpt>
      <trkpt lat="37.358372" lon="-80.088816"></trkpt>
      <trkpt lat="37.358327" lon="-80.088845"></trkpt>
      <trkpt lat="37.358247" lon="-80.088908"></trkpt>
      <trkpt lat="37.358174" lon="-80.088998"></trkpt>
      <trkpt lat="37.358109" lon="-80.089097"></trkpt>
      <trkpt lat="37.358023" lon="-80.089259"></trkpt>
      <trkpt lat="37.357928" lon="-80.089474"></trkpt>
      <trkpt lat="37.357846" lon="-80.089697"></trkpt>
      <trkpt lat="37.357777" lon="-80.089927"></trkpt>
      <trkpt lat="37.357753" lon="-80.090040"></trkpt>
      <trkpt lat="37.357751" lon="-80.090108"></trkpt>
      <trkpt lat="37.358334" lon="-80.090268"></trkpt>
      <trkpt lat="37.358684" lon="-80.090354"></trkpt>
      <trkpt lat="37.359386" lon="-80.090553"></trkpt>
      <trkpt lat="37.359653" lon="-80.090647"></trkpt>
      <trkpt lat="37.359837" lon="-80.090729"></trkpt>
      <trkpt lat="37.360056" lon="-80.090848"></trkpt>
      <trkpt lat="37.360169" lon="-80.090918"></trkpt>
      <trkpt lat="37.360338" lon="-80.091038"></trkpt>
      <trkpt lat="37.360461" lon="-80.091115"></trkpt>
      <trkpt lat="37.360580" lon="-80.091171"></trkpt>
      <trkpt lat="37.360765" lon="-80.091220"></trkpt>
      <trkpt lat="37.360850" lon="-80.091234"></trkpt>
      <trkpt lat="37.360935" lon="-80.091245"></trkpt>
      <trkpt lat="37.361219" lon="-80.091253"></trkpt>
      <trkpt lat="37.361424" lon="-80.091242"></trkpt>
      <trkpt lat="37.361513" lon="-80.091230"></trkpt>
      <trkpt lat="37.361619" lon="-80.091211"></trkpt>
      <trkpt lat="37.361819" lon="-80.091170"></trkpt>
      <trkpt lat="37.361957" lon="-80.091132"></trkpt>
      <trkpt lat="37.362141" lon="-80.091068"></trkpt>
      <trkpt lat="37.362385" lon="-80.090977"></trkpt>
      <trkpt lat="37.362503" lon="-80.090951"></trkpt>
      <trkpt lat="37.362585" lon="-80.090937"></trkpt>
      <trkpt lat="37.362836" lon="-80.090901"></trkpt>
      <trkpt lat="37.362938" lon="-80.090868"></trkpt>
      <trkpt lat="37.363087" lon="-80.090801"></trkpt>
      <trkpt lat="37.363379" lon="-80.090669"></trkpt>
      <trkpt lat="37.363804" lon="-80.090508"></trkpt>
      <trkpt lat="37.363900" lon="-80.090468"></trkpt>
      <trkpt lat="37.363998" lon="-80.090415"></trkpt>
      <trkpt lat="37.364283" lon="-80.090223"></trkpt>
      <trkpt lat="37.364468" lon="-80.090076"></trkpt>
      <trkpt lat="37.364658" lon="-80.089900"></trkpt>
      <trkpt lat="37.365020" lon="-80.089508"></trkpt>
      <trkpt lat="37.365313" lon="-80.089204"></trkpt>
      <trkpt lat="37.365475" lon="-80.089019"></trkpt>
      <trkpt lat="37.365546" lon="-80.088934"></trkpt>
      <trkpt lat="37.365884" lon="-80.088506"></trkpt>
      <trkpt lat="37.365940" lon="-80.088470"></trkpt>
      <trkpt lat="37.365991" lon="-80.088455"></trkpt>
      <trkpt lat="37.366118" lon="-80.088456"></trkpt>
      <trkpt lat="37.366735" lon="-80.088472"></trkpt>
      <trkpt lat="37.367867" lon="-80.088497"></trkpt>
      <trkpt lat="37.368659" lon="-80.088506"></trkpt>
      <trkpt lat="37.369207" lon="-80.088524"></trkpt>
      <trkpt lat="37.369565" lon="-80.086699"></trkpt>
      <trkpt lat="37.369711" lon="-80.085981"></trkpt>
      <trkpt lat="37.370053" lon="-80.084228"></trkpt>
      <trkpt lat="37.370069" lon="-80.084129"></trkpt>
      <trkpt lat="37.370100" lon="-80.083968"></trkpt>
      <trkpt lat="37.370118" lon="-80.083886"></trkpt>
      <trkpt lat="37.370167" lon="-80.083695"></trkpt>
      <trkpt lat="37.370197" lon="-80.083594"></trkpt>
      <trkpt lat="37.370240" lon="-80.083462"></trkpt>
      <trkpt lat="37.370307" lon="-80.083291"></trkpt>
      <trkpt lat="37.370399" lon="-80.083097"></trkpt>
      <trkpt lat="37.370503" lon="-80.082912"></trkpt>
      <trkpt lat="37.370617" lon="-80.082738"></trkpt>
      <trkpt lat="37.370669" lon="-80.082668"></trkpt>
      <trkpt lat="37.370742" lon="-80.082576"></trkpt>
      <trkpt lat="37.370906" lon="-80.082406"></trkpt>
      <trkpt lat="37.371045" lon="-80.082282"></trkpt>
      <trkpt lat="37.371351" lon="-80.082043"></trkpt>
      <trkpt lat="37.371534" lon="-80.081876"></trkpt>
      <trkpt lat="37.371681" lon="-80.081721"></trkpt>
      <trkpt lat="37.371744" lon="-80.081645"></trkpt>
      <trkpt lat="37.371847" lon="-80.081507"></trkpt>
      <trkpt lat="37.371881" lon="-80.081455"></trkpt>
      <trkpt lat="37.371963" lon="-80.081329"></trkpt>
      <trkpt lat="37.372010" lon="-80.081247"></trkpt>
      <trkpt lat="37.372244" lon="-80.080762"></trkpt>
      <trkpt lat="37.372377" lon="-80.080464"></trkpt>
      <trkpt lat="37.372555" lon="-80.080494"></trkpt>
      <trkpt lat="37.372746" lon="-80.080499"></trkpt>
      <trkpt lat="37.373579" lon="-80.080496"></trkpt>
      <trkpt lat="37.373745" lon="-80.080494"></trkpt>
      <trkpt lat="37.374323" lon="-80.080484"></trkpt>
      <trkpt lat="37.374733" lon="-80.080470"></trkpt>
      <trkpt lat="37.374895" lon="-80.080471"></trkpt>
      <trkpt lat="37.374932" lon="-80.080465"></trkpt>
      <trkpt lat="37.375040" lon="-80.080415"></trkpt>
      <trkpt lat="37.375382" lon="-80.080223"></trkpt>
      <trkpt lat="37.375608" lon="-80.080098"></trkpt>
      <trkpt lat="37.375803" lon="-80.079974"></trkpt>
      <trkpt lat="37.375902" lon="-80.079891"></trkpt>
      <trkpt lat="37.375975" lon="-80.079808"></trkpt>
      <trkpt lat="37.376037" lon="-80.079712"></trkpt>
      <trkpt lat="37.376088" lon="-80.079606"></trkpt>
      <trkpt lat="37.376171" lon="-80.079364"></trkpt>
      <trkpt lat="37.376222" lon="-80.079168"></trkpt>
      <trkpt lat="37.376258" lon="-80.078934"></trkpt>
      <trkpt lat="37.376266" lon="-80.078907"></trkpt>
      <trkpt lat="37.376294" lon="-80.078845"></trkpt>
      <trkpt lat="37.376334" lon="-80.078793"></trkpt>
      <trkpt lat="37.376383" lon="-80.078756"></trkpt>
      <trkpt lat="37.376440" lon="-80.078734"></trkpt>
      <trkpt lat="37.376618" lon="-80.078688"></trkpt>
      <trkpt lat="37.376807" lon="-80.078661"></trkpt>
      <trkpt lat="37.376847" lon="-80.078646"></trkpt>
      <trkpt lat="37.376879" lon="-80.078613"></trkpt>
      <trkpt lat="37.376903" lon="-80.078566"></trkpt>
      <trkpt lat="37.376924" lon="-80.078495"></trkpt>
      <trkpt lat="37.376931" lon="-80.078397"></trkpt>
      <trkpt lat="37.376923" lon="-80.078284"></trkpt>
      <trkpt lat="37.376929" lon="-80.078176"></trkpt>
      <trkpt lat="37.376944" lon="-80.078111"></trkpt>
      <trkpt lat="37.376951" lon="-80.078089"></trkpt>
      <trkpt lat="37.376978" lon="-80.078025"></trkpt>
      <trkpt lat="37.377043" lon="-80.077916"></trkpt>
      <trkpt lat="37.377124" lon="-80.077810"></trkpt>
      <trkpt lat="37.377224" lon="-80.077708"></trkpt>
      <trkpt lat="37.377282" lon="-80.077662"></trkpt>
      <trkpt lat="37.377567" lon="-80.077521"></trkpt>
      <trkpt lat="37.377768" lon="-80.077422"></trkpt>
      <trkpt lat="37.377842" lon="-80.077398"></trkpt>
      <trkpt lat="37.377955" lon="-80.077383"></trkpt>
      <trkpt lat="37.377991" lon="-80.077368"></trkpt>
      <trkpt lat="37.378009" lon="-80.077351"></trkpt>
      <trkpt lat="37.378092" lon="-80.077233"></trkpt>
      <trkpt lat="37.378156" lon="-80.077175"></trkpt>
      <trkpt lat="37.378315" lon="-80.077072"></trkpt>
      <trkpt lat="37.378378" lon="-80.077016"></trkpt>
      <trkpt lat="37.378427" lon="-80.076948"></trkpt>
      <trkpt lat="37.378464" lon="-80.076869"></trkpt>
      <trkpt lat="37.378474" lon="-80.076838"></trkpt>
      <trkpt lat="37.378519" lon="-80.076669"></trkpt>
      <trkpt lat="37.378606" lon="-80.076299"></trkpt>
      <trkpt lat="37.378652" lon="-80.076139"></trkpt>
      <trkpt lat="37.378721" lon="-80.075945"></trkpt>
      <trkpt lat="37.378828" lon="-80.075708"></trkpt>
      <trkpt lat="37.378907" lon="-80.075569"></trkpt>
      <trkpt lat="37.378996" lon="-80.075440"></trkpt>
      <trkpt lat="37.379068" lon="-80.075363"></trkpt>
      <trkpt lat="37.379148" lon="-80.075300"></trkpt>
      <trkpt lat="37.379236" lon="-80.075255"></trkpt>
      <trkpt lat="37.379290" lon="-80.075239"></trkpt>
      <trkpt lat="37.379336" lon="-80.075245"></trkpt>
      <trkpt lat="37.379381" lon="-80.075272"></trkpt>
      <trkpt lat="37.379422" lon="-80.075328"></trkpt>
      <trkpt lat="37.379443" lon="-80.075402"></trkpt>
      <trkpt lat="37.379469" lon="-80.075532"></trkpt>
      <trkpt lat="37.379488" lon="-80.075604"></trkpt>
      <trkpt lat="37.379522" lon="-80.075697"></trkpt>
      <trkpt lat="37.379650" lon="-80.075940"></trkpt>
      <trkpt lat="37.379700" lon="-80.076034"></trkpt>
      <trkpt lat="37.379795" lon="-80.076244"></trkpt>
      <trkpt lat="37.379869" lon="-80.076439"></trkpt>
      <trkpt lat="37.379898" lon="-80.076543"></trkpt>
      <trkpt lat="37.379921" lon="-80.076736"></trkpt>
      <trkpt lat="37.379987" lon="-80.077165"></trkpt>
      <trkpt lat="37.379991" lon="-80.077283"></trkpt>
      <trkpt lat="37.379980" lon="-80.077471"></trkpt>
      <trkpt lat="37.379956" lon="-80.077685"></trkpt>
      <trkpt lat="37.379951" lon="-80.077816"></trkpt>
      <trkpt lat="37.379962" lon="-80.077946"></trkpt>
      <trkpt lat="37.379980" lon="-80.078048"></trkpt>
      <trkpt lat="37.380017" lon="-80.078170"></trkpt>
      <trkpt lat="37.380111" lon="-80.078361"></trkpt>
      <trkpt lat="37.380260" lon="-80.078626"></trkpt>
      <trkpt lat="37.380465" lon="-80.078959"></trkpt>
      <trkpt lat="37.380497" lon="-80.079036"></trkpt>
      <trkpt lat="37.380513" lon="-80.079102"></trkpt>
      <trkpt lat="37.380519" lon="-80.079154"></trkpt>
      <trkpt lat="37.380540" lon="-80.079261"></trkpt>
      <trkpt lat="37.380604" lon="-80.079438"></trkpt>
      <trkpt lat="37.380702" lon="-80.079633"></trkpt>
      <trkpt lat="37.380732" lon="-80.079715"></trkpt>
      <trkpt lat="37.380744" lon="-80.079769"></trkpt>
      <trkpt lat="37.380745" lon="-80.079840"></trkpt>
      <trkpt lat="37.380733" lon="-80.079909"></trkpt>
      <trkpt lat="37.380575" lon="-80.080308"></trkpt>
      <trkpt lat="37.380511" lon="-80.080500"></trkpt>
      <trkpt lat="37.380475" lon="-80.080671"></trkpt>
      <trkpt lat="37.380455" lon="-80.080845"></trkpt>
      <trkpt lat="37.380443" lon="-80.081211"></trkpt>
      <trkpt lat="37.380434" lon="-80.081466"></trkpt>
      <trkpt lat="37.380405" lon="-80.081787"></trkpt>
      <trkpt lat="37.380387" lon="-80.081904"></trkpt>
      <trkpt lat="37.380352" lon="-80.082047"></trkpt>
      <trkpt lat="37.380312" lon="-80.082162"></trkpt>
      <trkpt lat="37.380240" lon="-80.082318"></trkpt>
      <trkpt lat="37.380171" lon="-80.082441"></trkpt>
      <trkpt lat="37.380061" lon="-80.082656"></trkpt>
      <trkpt lat="37.379983" lon="-80.082845"></trkpt>
      <trkpt lat="37.379965" lon="-80.082912"></trkpt>
      <trkpt lat="37.379931" lon="-80.083081"></trkpt>
      <trkpt lat="37.379906" lon="-80.083281"></trkpt>
      <trkpt lat="37.379855" lon="-80.083484"></trkpt>
      <trkpt lat="37.379773" lon="-80.083768"></trkpt>
      <trkpt lat="37.379682" lon="-80.084035"></trkpt>
      <trkpt lat="37.379556" lon="-80.084362"></trkpt>
      <trkpt lat="37.379496" lon="-80.084530"></trkpt>
      <trkpt lat="37.379419" lon="-80.084801"></trkpt>
      <trkpt lat="37.379352" lon="-80.085017"></trkpt>
      <trkpt lat="37.379228" lon="-80.085351"></trkpt>
      <trkpt lat="37.378982" lon="-80.085978"></trkpt>
      <trkpt lat="37.378891" lon="-80.086256"></trkpt>
      <trkpt lat="37.378849" lon="-80.086431"></trkpt>
      <trkpt lat="37.378779" lon="-80.086781"></trkpt>
      <trkpt lat="37.378729" lon="-80.086944"></trkpt>
      <trkpt lat="37.378647" lon="-80.087167"></trkpt>
      <trkpt lat="37.378554" lon="-80.087387"></trkpt>
      <trkpt lat="37.378552" lon="-80.087420"></trkpt>
      <trkpt lat="37.378560" lon="-80.087452"></trkpt>
      <trkpt lat="37.378582" lon="-80.087483"></trkpt>
      <trkpt lat="37.378614" lon="-80.087499"></trkpt>
      <trkpt lat="37.378643" lon="-80.087500"></trkpt>
      <trkpt lat="37.378677" lon="-80.087486"></trkpt>
      <trkpt lat="37.378699" lon="-80.087463"></trkpt>
      <trkpt lat="37.378763" lon="-80.087345"></trkpt>
      <trkpt lat="37.378834" lon="-80.087173"></trkpt>
      <trkpt lat="37.378946" lon="-80.086929"></trkpt>
      <trkpt lat="37.379046" lon="-80.086737"></trkpt>
      <trkpt lat="37.379158" lon="-80.086554"></trkpt>
      <trkpt lat="37.379282" lon="-80.086381"></trkpt>
      <trkpt lat="37.379434" lon="-80.086212"></trkpt>
      <trkpt lat="37.379604" lon="-80.085999"></trkpt>
      <trkpt lat="37.379709" lon="-80.085849"></trkpt>
      <trkpt lat="37.379843" lon="-80.085668"></trkpt>
      <trkpt lat="37.379882" lon="-80.085625"></trkpt>
      <trkpt lat="37.379939" lon="-80.085576"></trkpt>
      <trkpt lat="37.379972" lon="-80.085562"></trkpt>
      <trkpt lat="37.380008" lon="-80.085565"></trkpt>
      <trkpt lat="37.380040" lon="-80.085585"></trkpt>
      <trkpt lat="37.380062" lon="-80.085618"></trkpt>
      <trkpt lat="37.380071" lon="-80.085660"></trkpt>
      <trkpt lat="37.380065" lon="-80.085702"></trkpt>
      <trkpt lat="37.380039" lon="-80.085750"></trkpt>
      <trkpt lat="37.379940" lon="-80.085896"></trkpt>
      <trkpt lat="37.379890" lon="-80.085982"></trkpt>
      <trkpt lat="37.379826" lon="-80.086130"></trkpt>
      <trkpt lat="37.379734" lon="-80.086374"></trkpt>
      <trkpt lat="37.379581" lon="-80.086810"></trkpt>
      <trkpt lat="37.379375" lon="-80.087328"></trkpt>
      <trkpt lat="37.379345" lon="-80.087427"></trkpt>
      <trkpt lat="37.379282" lon="-80.087713"></trkpt>
      <trkpt lat="37.379231" lon="-80.087924"></trkpt>
      <trkpt lat="37.379172" lon="-80.088144"></trkpt>
      <trkpt lat="37.379174" lon="-80.088192"></trkpt>
      <trkpt lat="37.379192" lon="-80.088237"></trkpt>
      <trkpt lat="37.379221" lon="-80.088269"></trkpt>
      <trkpt lat="37.379256" lon="-80.088280"></trkpt>
      <trkpt lat="37.379286" lon="-80.088270"></trkpt>
      <trkpt lat="37.379309" lon="-80.088245"></trkpt>
      <trkpt lat="37.379350" lon="-80.088153"></trkpt>
      <trkpt lat="37.379426" lon="-80.087931"></trkpt>
      <trkpt lat="37.379499" lon="-80.087749"></trkpt>
      <trkpt lat="37.379607" lon="-80.087536"></trkpt>
      <trkpt lat="37.379713" lon="-80.087365"></trkpt>
      <trkpt lat="37.379831" lon="-80.087207"></trkpt>
      <trkpt lat="37.379997" lon="-80.087019"></trkpt>
      <trkpt lat="37.380070" lon="-80.086951"></trkpt>
      <trkpt lat="37.380215" lon="-80.086835"></trkpt>
      <trkpt lat="37.380283" lon="-80.086771"></trkpt>
      <trkpt lat="37.380359" lon="-80.086677"></trkpt>
      <trkpt lat="37.380424" lon="-80.086571"></trkpt>
      <trkpt lat="37.380475" lon="-80.086442"></trkpt>
      <trkpt lat="37.380490" lon="-80.086413"></trkpt>
      <trkpt lat="37.380524" lon="-80.086374"></trkpt>
      <trkpt lat="37.380556" lon="-80.086357"></trkpt>
      <trkpt lat="37.380590" lon="-80.086359"></trkpt>
      <trkpt lat="37.380619" lon="-80.086378"></trkpt>
      <trkpt lat="37.380640" lon="-80.086412"></trkpt>
      <trkpt lat="37.380648" lon="-80.086453"></trkpt>
      <trkpt lat="37.380640" lon="-80.086502"></trkpt>
      <trkpt lat="37.380619" lon="-80.086562"></trkpt>
      <trkpt lat="37.380406" lon="-80.086965"></trkpt>
      <trkpt lat="37.380295" lon="-80.087151"></trkpt>
      <trkpt lat="37.380207" lon="-80.087313"></trkpt>
      <trkpt lat="37.380108" lon="-80.087524"></trkpt>
      <trkpt lat="37.380071" lon="-80.087637"></trkpt>
      <trkpt lat="37.380048" lon="-80.087755"></trkpt>
      <trkpt lat="37.380033" lon="-80.088069"></trkpt>
      <trkpt lat="37.380008" lon="-80.088249"></trkpt>
      <trkpt lat="37.379980" lon="-80.088369"></trkpt>
      <trkpt lat="37.379938" lon="-80.088485"></trkpt>
      <trkpt lat="37.379928" lon="-80.088523"></trkpt>
      <trkpt lat="37.379923" lon="-80.088575"></trkpt>
      <trkpt lat="37.379927" lon="-80.088605"></trkpt>
      <trkpt lat="37.379946" lon="-80.088641"></trkpt>
      <trkpt lat="37.379975" lon="-80.088665"></trkpt>
      <trkpt lat="37.380009" lon="-80.088671"></trkpt>
      <trkpt lat="37.380043" lon="-80.088659"></trkpt>
      <trkpt lat="37.380069" lon="-80.088631"></trkpt>
      <trkpt lat="37.380223" lon="-80.088225"></trkpt>
      <trkpt lat="37.380290" lon="-80.088090"></trkpt>
      <trkpt lat="37.380369" lon="-80.087967"></trkpt>
      <trkpt lat="37.380419" lon="-80.087916"></trkpt>
      <trkpt lat="37.380477" lon="-80.087881"></trkpt>
      <trkpt lat="37.380563" lon="-80.087866"></trkpt>
      <trkpt lat="37.380650" lon="-80.087870"></trkpt>
      <trkpt lat="37.380735" lon="-80.087892"></trkpt>
      <trkpt lat="37.380707" lon="-80.088057"></trkpt>
      <trkpt lat="37.380684" lon="-80.088152"></trkpt>
      <trkpt lat="37.380609" lon="-80.088398"></trkpt>
      <trkpt lat="37.380455" lon="-80.088774"></trkpt>
      <trkpt lat="37.380379" lon="-80.089000"></trkpt>
      <trkpt lat="37.380314" lon="-80.089249"></trkpt>
      <trkpt lat="37.380303" lon="-80.089302"></trkpt>
      <trkpt lat="37.380281" lon="-80.089449"></trkpt>
      <trkpt lat="37.380271" lon="-80.089545"></trkpt>
      <trkpt lat="37.380267" lon="-80.089706"></trkpt>
      <trkpt lat="37.380271" lon="-80.089843"></trkpt>
      <trkpt lat="37.380290" lon="-80.090018"></trkpt>
      <trkpt lat="37.380337" lon="-80.090244"></trkpt>
      <trkpt lat="37.380432" lon="-80.090579"></trkpt>
      <trkpt lat="37.380501" lon="-80.090855"></trkpt>
      <trkpt lat="37.380514" lon="-80.090944"></trkpt>
      <trkpt lat="37.380533" lon="-80.091123"></trkpt>
      <trkpt lat="37.380545" lon="-80.091394"></trkpt>
      <trkpt lat="37.380541" lon="-80.091568"></trkpt>
      <trkpt lat="37.380544" lon="-80.091779"></trkpt>
      <trkpt lat="37.380559" lon="-80.091943"></trkpt>
      <trkpt lat="37.380595" lon="-80.092133"></trkpt>
      <trkpt lat="37.380791" lon="-80.092940"></trkpt>
      <trkpt lat="37.380883" lon="-80.093299"></trkpt>
      <trkpt lat="37.380927" lon="-80.093680"></trkpt>
      <trkpt lat="37.380927" lon="-80.093932"></trkpt>
      <trkpt lat="37.380865" lon="-80.094654"></trkpt>
      <trkpt lat="37.380843" lon="-80.095002"></trkpt>
      <trkpt lat="37.380814" lon="-80.095317"></trkpt>
      <trkpt lat="37.380736" lon="-80.095908"></trkpt>
      <trkpt lat="37.380680" lon="-80.096219"></trkpt>
      <trkpt lat="37.380602" lon="-80.096569"></trkpt>
      <trkpt lat="37.380491" lon="-80.097076"></trkpt>
      <trkpt lat="37.380467" lon="-80.097200"></trkpt>
      <trkpt lat="37.380433" lon="-80.097381"></trkpt>
      <trkpt lat="37.380376" lon="-80.097780"></trkpt>
      <trkpt lat="37.380337" lon="-80.098162"></trkpt>
      <trkpt lat="37.380315" lon="-80.098508"></trkpt>
      <trkpt lat="37.380304" lon="-80.098960"></trkpt>
      <trkpt lat="37.380307" lon="-80.099290"></trkpt>
      <trkpt lat="37.380339" lon="-80.099726"></trkpt>
      <trkpt lat="37.380390" lon="-80.100193"></trkpt>
      <trkpt lat="37.380440" lon="-80.100521"></trkpt>
      <trkpt lat="37.380482" lon="-80.100742"></trkpt>
      <trkpt lat="37.380549" lon="-80.101012"></trkpt>
      <trkpt lat="37.380860" lon="-80.102115"></trkpt>
      <trkpt lat="37.381144" lon="-80.103073"></trkpt>
      <trkpt lat="37.381170" lon="-80.103157"></trkpt>
      <trkpt lat="37.381294" lon="-80.103579"></trkpt>
      <trkpt lat="37.381542" lon="-80.104389"></trkpt>
      <trkpt lat="37.381655" lon="-80.104760"></trkpt>
      <trkpt lat="37.381694" lon="-80.104888"></trkpt>
      <trkpt lat="37.381880" lon="-80.105500"></trkpt>
      <trkpt lat="37.382117" lon="-80.106326"></trkpt>
      <trkpt lat="37.382200" lon="-80.106663"></trkpt>
      <trkpt lat="37.382290" lon="-80.107089"></trkpt>
      <trkpt lat="37.382347" lon="-80.107418"></trkpt>
      <trkpt lat="37.382366" lon="-80.107540"></trkpt>
      <trkpt lat="37.382404" lon="-80.107826"></trkpt>
      <trkpt lat="37.382427" lon="-80.108061"></trkpt>
      <trkpt lat="37.382452" lon="-80.108446"></trkpt>
      <trkpt lat="37.382462" lon="-80.108754"></trkpt>
      <trkpt lat="37.382463" lon="-80.109140"></trkpt>
      <trkpt lat="37.382456" lon="-80.109357"></trkpt>
      <trkpt lat="37.382434" lon="-80.109756"></trkpt>
      <trkpt lat="37.382421" lon="-80.109912"></trkpt>
      <trkpt lat="37.382366" lon="-80.110512"></trkpt>
      <trkpt lat="37.382350" lon="-80.110683"></trkpt>
      <trkpt lat="37.382307" lon="-80.111042"></trkpt>
      <trkpt lat="37.382284" lon="-80.111205"></trkpt>
      <trkpt lat="37.382235" lon="-80.111473"></trkpt>
      <trkpt lat="37.382167" lon="-80.111749"></trkpt>
      <trkpt lat="37.382141" lon="-80.111838"></trkpt>
      <trkpt lat="37.382015" lon="-80.112225"></trkpt>
      <trkpt lat="37.381906" lon="-80.112529"></trkpt>
      <trkpt lat="37.381822" lon="-80.112745"></trkpt>
      <trkpt lat="37.381670" lon="-80.113096"></trkpt>
      <trkpt lat="37.381557" lon="-80.113325"></trkpt>
      <trkpt lat="37.381413" lon="-80.113582"></trkpt>
      <trkpt lat="37.381324" lon="-80.113728"></trkpt>
      <trkpt lat="37.381294" lon="-80.113773"></trkpt>
      <trkpt lat="37.381170" lon="-80.113969"></trkpt>
      <trkpt lat="37.381042" lon="-80.114152"></trkpt>
      <trkpt lat="37.381011" lon="-80.114195"></trkpt>
      <trkpt lat="37.380536" lon="-80.114798"></trkpt>
      <trkpt lat="37.380404" lon="-80.114972"></trkpt>
      <trkpt lat="37.380250" lon="-80.115199"></trkpt>
      <trkpt lat="37.380115" lon="-80.115424"></trkpt>
      <trkpt lat="37.380029" lon="-80.115600"></trkpt>
      <trkpt lat="37.379956" lon="-80.115784"></trkpt>
      <trkpt lat="37.379907" lon="-80.115937"></trkpt>
      <trkpt lat="37.379871" lon="-80.116067"></trkpt>
      <trkpt lat="37.379834" lon="-80.116218"></trkpt>
      <trkpt lat="37.379786" lon="-80.116465"></trkpt>
      <trkpt lat="37.379761" lon="-80.116666"></trkpt>
      <trkpt lat="37.379751" lon="-80.116869"></trkpt>
      <trkpt lat="37.379756" lon="-80.117116"></trkpt>
      <trkpt lat="37.379771" lon="-80.117336"></trkpt>
      <trkpt lat="37.379802" lon="-80.117563"></trkpt>
      <trkpt lat="37.379832" lon="-80.117721"></trkpt>
      <trkpt lat="37.379881" lon="-80.117914"></trkpt>
      <trkpt lat="37.379942" lon="-80.118100"></trkpt>
      <trkpt lat="37.380043" lon="-80.118342"></trkpt>
      <trkpt lat="37.380157" lon="-80.118578"></trkpt>
      <trkpt lat="37.380381" lon="-80.118986"></trkpt>
      <trkpt lat="37.380410" lon="-80.119050"></trkpt>
      <trkpt lat="37.380433" lon="-80.119094"></trkpt>
      <trkpt lat="37.380473" lon="-80.119185"></trkpt>
      <trkpt lat="37.380560" lon="-80.119411"></trkpt>
      <trkpt lat="37.380606" lon="-80.119564"></trkpt>
      <trkpt lat="37.380643" lon="-80.119725"></trkpt>
      <trkpt lat="37.380656" lon="-80.119789"></trkpt>
      <trkpt lat="37.380680" lon="-80.119945"></trkpt>
      <trkpt lat="37.380687" lon="-80.120002"></trkpt>
      <trkpt lat="37.380702" lon="-80.120174"></trkpt>
      <trkpt lat="37.380721" lon="-80.121007"></trkpt>
      <trkpt lat="37.380733" lon="-80.121573"></trkpt>
      <trkpt lat="37.380744" lon="-80.122095"></trkpt>
      <trkpt lat="37.380756" lon="-80.122631"></trkpt>
      <trkpt lat="37.380756" lon="-80.122925"></trkpt>
      <trkpt lat="37.380741" lon="-80.123234"></trkpt>
      <trkpt lat="37.380710" lon="-80.123540"></trkpt>
      <trkpt lat="37.380487" lon="-80.124958"></trkpt>
      <trkpt lat="37.380310" lon="-80.126123"></trkpt>
      <trkpt lat="37.380272" lon="-80.126336"></trkpt>
      <trkpt lat="37.380176" lon="-80.126806"></trkpt>
      <trkpt lat="37.380081" lon="-80.127199"></trkpt>
      <trkpt lat="37.379873" lon="-80.127932"></trkpt>
      <trkpt lat="37.379841" lon="-80.128046"></trkpt>
      <trkpt lat="37.379766" lon="-80.128311"></trkpt>
      <trkpt lat="37.379383" lon="-80.129683"></trkpt>
      <trkpt lat="37.379089" lon="-80.130792"></trkpt>
      <trkpt lat="37.379013" lon="-80.131099"></trkpt>
      <trkpt lat="37.377968" lon="-80.135180"></trkpt>
      <trkpt lat="37.377929" lon="-80.135331"></trkpt>
      <trkpt lat="37.377691" lon="-80.136253"></trkpt>
      <trkpt lat="37.377548" lon="-80.136828"></trkpt>
      <trkpt lat="37.377281" lon="-80.137901"></trkpt>
      <trkpt lat="37.377260" lon="-80.137974"></trkpt>
      <trkpt lat="37.377173" lon="-80.138279"></trkpt>
      <trkpt lat="37.377078" lon="-80.138587"></trkpt>
      <trkpt lat="37.376916" lon="-80.139055"></trkpt>
      <trkpt lat="37.376745" lon="-80.139510"></trkpt>
      <trkpt lat="37.376485" lon="-80.140139"></trkpt>
      <trkpt lat="37.375684" lon="-80.142076"></trkpt>
      <trkpt lat="37.375524" lon="-80.142497"></trkpt>
      <trkpt lat="37.375308" lon="-80.143197"></trkpt>
      <trkpt lat="37.375142" lon="-80.143786"></trkpt>
      <trkpt lat="37.374667" lon="-80.145371"></trkpt>
      <trkpt lat="37.374582" lon="-80.145689"></trkpt>
      <trkpt lat="37.374537" lon="-80.145900"></trkpt>
      <trkpt lat="37.374506" lon="-80.146115"></trkpt>
      <trkpt lat="37.374488" lon="-80.146374"></trkpt>
      <trkpt lat="37.374485" lon="-80.146577"></trkpt>
      <trkpt lat="37.374493" lon="-80.146739"></trkpt>
      <trkpt lat="37.374515" lon="-80.146941"></trkpt>
      <trkpt lat="37.374554" lon="-80.147166"></trkpt>
      <trkpt lat="37.374608" lon="-80.147386"></trkpt>
      <trkpt lat="37.374636" lon="-80.147481"></trkpt>
      <trkpt lat="37.374702" lon="-80.147684"></trkpt>
      <trkpt lat="37.375192" lon="-80.149068"></trkpt>
      <trkpt lat="37.375088" lon="-80.149119"></trkpt>
      <trkpt lat="37.374925" lon="-80.149213"></trkpt>
      <trkpt lat="37.374761" lon="-80.149329"></trkpt>
      <trkpt lat="37.374705" lon="-80.149369"></trkpt>
      <trkpt lat="37.374540" lon="-80.149471"></trkpt>
      <trkpt lat="37.374443" lon="-80.149515"></trkpt>
      <trkpt lat="37.374336" lon="-80.149544"></trkpt>
      <trkpt lat="37.374226" lon="-80.149554"></trkpt>
      <trkpt lat="37.373969" lon="-80.149536"></trkpt>
      <trkpt lat="37.373492" lon="-80.149489"></trkpt>
      <trkpt lat="37.373385" lon="-80.149482"></trkpt>
      <trkpt lat="37.373162" lon="-80.149467"></trkpt>
      <trkpt lat="37.372935" lon="-80.149451"></trkpt>
      <trkpt lat="37.372783" lon="-80.149429"></trkpt>
      <trkpt lat="37.372672" lon="-80.149400"></trkpt>
      <trkpt lat="37.372579" lon="-80.149375"></trkpt>
      <trkpt lat="37.372413" lon="-80.149342"></trkpt>
      <trkpt lat="37.372215" lon="-80.149323"></trkpt>
      <trkpt lat="37.372106" lon="-80.149327"></trkpt>
      <trkpt lat="37.371999" lon="-80.149350"></trkpt>
      <trkpt lat="37.371895" lon="-80.149390"></trkpt>
      <trkpt lat="37.371772" lon="-80.149461"></trkpt>
      <trkpt lat="37.371650" lon="-80.149553"></trkpt>
      <trkpt lat="37.371537" lon="-80.149660"></trkpt>
      <trkpt lat="37.371489" lon="-80.149701"></trkpt>
      <trkpt lat="37.371341" lon="-80.149869"></trkpt>
      <trkpt lat="37.371003" lon="-80.150251"></trkpt>
      <trkpt lat="37.370781" lon="-80.150491"></trkpt>
      <trkpt lat="37.370672" lon="-80.150636"></trkpt>
      <trkpt lat="37.370558" lon="-80.150826"></trkpt>
      <trkpt lat="37.370469" lon="-80.150966"></trkpt>
      <trkpt lat="37.370404" lon="-80.151048"></trkpt>
      <trkpt lat="37.370334" lon="-80.151121"></trkpt>
      <trkpt lat="37.370296" lon="-80.151155"></trkpt>
      <trkpt lat="37.370239" lon="-80.151200"></trkpt>
      <trkpt lat="37.369927" lon="-80.151411"></trkpt>
      <trkpt lat="37.369416" lon="-80.151828"></trkpt>
      <trkpt lat="37.369107" lon="-80.152006"></trkpt>
      <trkpt lat="37.369054" lon="-80.152049"></trkpt>
      <trkpt lat="37.368743" lon="-80.152307"></trkpt>
      <trkpt lat="37.368702" lon="-80.152341"></trkpt>
      <trkpt lat="37.368314" lon="-80.152711"></trkpt>
      <trkpt lat="37.368084" lon="-80.152909"></trkpt>
      <trkpt lat="37.367891" lon="-80.153056"></trkpt>
      <trkpt lat="37.367729" lon="-80.153179"></trkpt>
      <trkpt lat="37.367610" lon="-80.153280"></trkpt>
      <trkpt lat="37.367401" lon="-80.153498"></trkpt>
      <trkpt lat="37.367310" lon="-80.153604"></trkpt>
      <trkpt lat="37.367136" lon="-80.153795"></trkpt>
      <trkpt lat="37.367032" lon="-80.153902"></trkpt>
      <trkpt lat="37.366975" lon="-80.153958"></trkpt>
      <trkpt lat="37.366840" lon="-80.154087"></trkpt>
      <trkpt lat="37.366757" lon="-80.154163"></trkpt>
      <trkpt lat="37.366726" lon="-80.154192"></trkpt>
      <trkpt lat="37.366677" lon="-80.154235"></trkpt>
      <trkpt lat="37.365936" lon="-80.154877"></trkpt>
      <trkpt lat="37.365621" lon="-80.155170"></trkpt>
      <trkpt lat="37.365282" lon="-80.155479"></trkpt>
      <trkpt lat="37.365140" lon="-80.155580"></trkpt>
      <trkpt lat="37.365008" lon="-80.155708"></trkpt>
      <trkpt lat="37.364725" lon="-80.156033"></trkpt>
      <trkpt lat="37.364646" lon="-80.156102"></trkpt>
      <trkpt lat="37.364605" lon="-80.156129"></trkpt>
      <trkpt lat="37.364576" lon="-80.156145"></trkpt>
      <trkpt lat="37.364499" lon="-80.156182"></trkpt>
      <trkpt lat="37.364299" lon="-80.156277"></trkpt>
      <trkpt lat="37.364256" lon="-80.156303"></trkpt>
      <trkpt lat="37.364216" lon="-80.156341"></trkpt>
      <trkpt lat="37.364169" lon="-80.156411"></trkpt>
      <trkpt lat="37.364105" lon="-80.156560"></trkpt>
      <trkpt lat="37.364008" lon="-80.156755"></trkpt>
      <trkpt lat="37.363941" lon="-80.156850"></trkpt>
      <trkpt lat="37.363849" lon="-80.156958"></trkpt>
      <trkpt lat="37.363721" lon="-80.157078"></trkpt>
      <trkpt lat="37.363598" lon="-80.157176"></trkpt>
      <trkpt lat="37.363480" lon="-80.157264"></trkpt>
      <trkpt lat="37.363203" lon="-80.157408"></trkpt>
      <trkpt lat="37.362753" lon="-80.157649"></trkpt>
      <trkpt lat="37.362353" lon="-80.157899"></trkpt>
      <trkpt lat="37.361711" lon="-80.158248"></trkpt>
      <trkpt lat="37.361622" lon="-80.158303"></trkpt>
      <trkpt lat="37.361518" lon="-80.158387"></trkpt>
      <trkpt lat="37.361388" lon="-80.158521"></trkpt>
      <trkpt lat="37.361339" lon="-80.158574"></trkpt>
      <trkpt lat="37.361123" lon="-80.158817"></trkpt>
      <trkpt lat="37.360942" lon="-80.159001"></trkpt>
      <trkpt lat="37.360873" lon="-80.159080"></trkpt>
      <trkpt lat="37.360814" lon="-80.159170"></trkpt>
      <trkpt lat="37.360775" lon="-80.159250"></trkpt>
      <trkpt lat="37.360724" lon="-80.159390"></trkpt>
      <trkpt lat="37.360678" lon="-80.159494"></trkpt>
      <trkpt lat="37.360609" lon="-80.159616"></trkpt>
      <trkpt lat="37.360487" lon="-80.159787"></trkpt>
      <trkpt lat="37.360386" lon="-80.159926"></trkpt>
      <trkpt lat="37.360304" lon="-80.160018"></trkpt>
      <trkpt lat="37.360229" lon="-80.160081"></trkpt>
      <trkpt lat="37.360146" lon="-80.160128"></trkpt>
      <trkpt lat="37.359869" lon="-80.160242"></trkpt>
      <trkpt lat="37.359830" lon="-80.160262"></trkpt>
      <trkpt lat="37.359755" lon="-80.160310"></trkpt>
      <trkpt lat="37.359667" lon="-80.160383"></trkpt>
      <trkpt lat="37.359526" lon="-80.160542"></trkpt>
      <trkpt lat="37.359353" lon="-80.160759"></trkpt>
      <trkpt lat="37.358941" lon="-80.161243"></trkpt>
      <trkpt lat="37.358803" lon="-80.161413"></trkpt>
      <trkpt lat="37.358639" lon="-80.161616"></trkpt>
      <trkpt lat="37.358489" lon="-80.161824"></trkpt>
      <trkpt lat="37.358414" lon="-80.161937"></trkpt>
      <trkpt lat="37.358349" lon="-80.162042"></trkpt>
      <trkpt lat="37.358178" lon="-80.162341"></trkpt>
      <trkpt lat="37.358096" lon="-80.162471"></trkpt>
      <trkpt lat="37.358040" lon="-80.162556"></trkpt>
      <trkpt lat="37.357981" lon="-80.162638"></trkpt>
      <trkpt lat="37.357752" lon="-80.162931"></trkpt>
      <trkpt lat="37.357581" lon="-80.163160"></trkpt>
      <trkpt lat="37.357494" lon="-80.163280"></trkpt>
      <trkpt lat="37.357243" lon="-80.163596"></trkpt>
      <trkpt lat="37.357150" lon="-80.163702"></trkpt>
      <trkpt lat="37.357038" lon="-80.163831"></trkpt>
      <trkpt lat="37.356554" lon="-80.164378"></trkpt>
      <trkpt lat="37.356467" lon="-80.164492"></trkpt>
      <trkpt lat="37.356350" lon="-80.164677"></trkpt>
      <trkpt lat="37.356226" lon="-80.164911"></trkpt>
      <trkpt lat="37.356155" lon="-80.165073"></trkpt>
      <trkpt lat="37.356059" lon="-80.165344"></trkpt>
      <trkpt lat="37.356029" lon="-80.165442"></trkpt>
      <trkpt lat="37.355969" lon="-80.165600"></trkpt>
      <trkpt lat="37.355916" lon="-80.165708"></trkpt>
      <trkpt lat="37.355784" lon="-80.165937"></trkpt>
      <trkpt lat="37.355679" lon="-80.166100"></trkpt>
      <trkpt lat="37.355639" lon="-80.166158"></trkpt>
      <trkpt lat="37.355435" lon="-80.166441"></trkpt>
      <trkpt lat="37.355247" lon="-80.166713"></trkpt>
      <trkpt lat="37.355132" lon="-80.166915"></trkpt>
      <trkpt lat="37.355010" lon="-80.167171"></trkpt>
      <trkpt lat="37.354900" lon="-80.167473"></trkpt>
      <trkpt lat="37.354856" lon="-80.167558"></trkpt>
      <trkpt lat="37.354761" lon="-80.167671"></trkpt>
      <trkpt lat="37.354681" lon="-80.167745"></trkpt>
      <trkpt lat="37.354301" lon="-80.168026"></trkpt>
      <trkpt lat="37.354137" lon="-80.168165"></trkpt>
      <trkpt lat="37.353814" lon="-80.168486"></trkpt>
      <trkpt lat="37.353577" lon="-80.168741"></trkpt>
      <trkpt lat="37.352769" lon="-80.169697"></trkpt>
      <trkpt lat="37.352631" lon="-80.169841"></trkpt>
      <trkpt lat="37.352151" lon="-80.170242"></trkpt>
      <trkpt lat="37.351865" lon="-80.170511"></trkpt>
      <trkpt lat="37.351733" lon="-80.170658"></trkpt>
      <trkpt lat="37.351672" lon="-80.170731"></trkpt>
      <trkpt lat="37.351523" lon="-80.170936"></trkpt>
      <trkpt lat="37.351491" lon="-80.170989"></trkpt>
      <trkpt lat="37.351432" lon="-80.171101"></trkpt>
      <trkpt lat="37.351369" lon="-80.171250"></trkpt>
      <trkpt lat="37.351320" lon="-80.171406"></trkpt>
      <trkpt lat="37.351296" lon="-80.171520"></trkpt>
      <trkpt lat="37.351254" lon="-80.171822"></trkpt>
      <trkpt lat="37.351220" lon="-80.172320"></trkpt>
      <trkpt lat="37.351210" lon="-80.172588"></trkpt>
      <trkpt lat="37.351226" lon="-80.173513"></trkpt>
      <trkpt lat="37.351216" lon="-80.173632"></trkpt>
      <trkpt lat="37.351208" lon="-80.173676"></trkpt>
      <trkpt lat="37.351160" lon="-80.173859"></trkpt>
      <trkpt lat="37.351039" lon="-80.174315"></trkpt>
      <trkpt lat="37.350968" lon="-80.174529"></trkpt>
      <trkpt lat="37.350901" lon="-80.174694"></trkpt>
      <trkpt lat="37.350489" lon="-80.175568"></trkpt>
      <trkpt lat="37.350428" lon="-80.175677"></trkpt>
      <trkpt lat="37.350360" lon="-80.175777"></trkpt>
      <trkpt lat="37.350239" lon="-80.175923"></trkpt>
      <trkpt lat="37.350119" lon="-80.176047"></trkpt>
      <trkpt lat="37.350001" lon="-80.176147"></trkpt>
      <trkpt lat="37.349904" lon="-80.176241"></trkpt>
      <trkpt lat="37.349815" lon="-80.176348"></trkpt>
      <trkpt lat="37.349794" lon="-80.176381"></trkpt>
      <trkpt lat="37.349737" lon="-80.176467"></trkpt>
      <trkpt lat="37.349560" lon="-80.176797"></trkpt>
      <trkpt lat="37.349487" lon="-80.176911"></trkpt>
      <trkpt lat="37.349300" lon="-80.177153"></trkpt>
      <trkpt lat="37.349221" lon="-80.177242"></trkpt>
      <trkpt lat="37.349098" lon="-80.177401"></trkpt>
      <trkpt lat="37.348987" lon="-80.177572"></trkpt>
      <trkpt lat="37.348834" lon="-80.177850"></trkpt>
      <trkpt lat="37.348709" lon="-80.178081"></trkpt>
      <trkpt lat="37.348643" lon="-80.178201"></trkpt>
      <trkpt lat="37.348520" lon="-80.178452"></trkpt>
      <trkpt lat="37.348408" lon="-80.178715"></trkpt>
      <trkpt lat="37.348348" lon="-80.178874"></trkpt>
      <trkpt lat="37.348286" lon="-80.179080"></trkpt>
      <trkpt lat="37.348229" lon="-80.179336"></trkpt>
      <trkpt lat="37.348166" lon="-80.179688"></trkpt>
      <trkpt lat="37.348084" lon="-80.180226"></trkpt>
      <trkpt lat="37.348023" lon="-80.180503"></trkpt>
      <trkpt lat="37.347964" lon="-80.180720"></trkpt>
      <trkpt lat="37.347878" lon="-80.180986"></trkpt>
      <trkpt lat="37.347823" lon="-80.181123"></trkpt>
      <trkpt lat="37.347784" lon="-80.181209"></trkpt>
      <trkpt lat="37.347623" lon="-80.181537"></trkpt>
      <trkpt lat="37.347559" lon="-80.181686"></trkpt>
      <trkpt lat="37.347491" lon="-80.181879"></trkpt>
      <trkpt lat="37.347417" lon="-80.182154"></trkpt>
      <trkpt lat="37.347404" lon="-80.182194"></trkpt>
      <trkpt lat="37.347352" lon="-80.182336"></trkpt>
      <trkpt lat="37.347275" lon="-80.182509"></trkpt>
      <trkpt lat="37.347239" lon="-80.182578"></trkpt>
      <trkpt lat="37.346982" lon="-80.183056"></trkpt>
      <trkpt lat="37.346760" lon="-80.183481"></trkpt>
      <trkpt lat="37.346723" lon="-80.183564"></trkpt>
      <trkpt lat="37.346673" lon="-80.183705"></trkpt>
      <trkpt lat="37.346646" lon="-80.183809"></trkpt>
      <trkpt lat="37.346632" lon="-80.183874"></trkpt>
      <trkpt lat="37.346601" lon="-80.184041"></trkpt>
      <trkpt lat="37.346580" lon="-80.184211"></trkpt>
      <trkpt lat="37.346531" lon="-80.185161"></trkpt>
      <trkpt lat="37.346522" lon="-80.185289"></trkpt>
      <trkpt lat="37.346518" lon="-80.185380"></trkpt>
      <trkpt lat="37.346439" lon="-80.186214"></trkpt>
      <trkpt lat="37.346404" lon="-80.186437"></trkpt>
      <trkpt lat="37.346210" lon="-80.187371"></trkpt>
      <trkpt lat="37.346171" lon="-80.187537"></trkpt>
      <trkpt lat="37.346096" lon="-80.187810"></trkpt>
      <trkpt lat="37.345968" lon="-80.188189"></trkpt>
      <trkpt lat="37.345956" lon="-80.188229"></trkpt>
      <trkpt lat="37.345931" lon="-80.188327"></trkpt>
      <trkpt lat="37.345889" lon="-80.188546"></trkpt>
      <trkpt lat="37.345816" lon="-80.189064"></trkpt>
      <trkpt lat="37.345789" lon="-80.189229"></trkpt>
      <trkpt lat="37.345764" lon="-80.189368"></trkpt>
      <trkpt lat="37.345655" lon="-80.189932"></trkpt>
      <trkpt lat="37.345592" lon="-80.190199"></trkpt>
      <trkpt lat="37.345294" lon="-80.191267"></trkpt>
      <trkpt lat="37.344881" lon="-80.192655"></trkpt>
      <trkpt lat="37.344602" lon="-80.193489"></trkpt>
      <trkpt lat="37.344397" lon="-80.194065"></trkpt>
      <trkpt lat="37.344196" lon="-80.194605"></trkpt>
      <trkpt lat="37.344094" lon="-80.194914"></trkpt>
      <trkpt lat="37.343935" lon="-80.195434"></trkpt>
      <trkpt lat="37.343620" lon="-80.196573"></trkpt>
      <trkpt lat="37.343482" lon="-80.197048"></trkpt>
      <trkpt lat="37.343377" lon="-80.197383"></trkpt>
      <trkpt lat="37.343259" lon="-80.197721"></trkpt>
      <trkpt lat="37.343090" lon="-80.198186"></trkpt>
      <trkpt lat="37.342957" lon="-80.198566"></trkpt>
      <trkpt lat="37.342883" lon="-80.198799"></trkpt>
      <trkpt lat="37.342835" lon="-80.198948"></trkpt>
      <trkpt lat="37.342781" lon="-80.199162"></trkpt>
      <trkpt lat="37.342741" lon="-80.199381"></trkpt>
      <trkpt lat="37.342711" lon="-80.199642"></trkpt>
      <trkpt lat="37.342669" lon="-80.199873"></trkpt>
      <trkpt lat="37.342620" lon="-80.200060"></trkpt>
      <trkpt lat="37.342607" lon="-80.200101"></trkpt>
      <trkpt lat="37.342429" lon="-80.200605"></trkpt>
      <trkpt lat="37.342268" lon="-80.201100"></trkpt>
      <trkpt lat="37.342244" lon="-80.201163"></trkpt>
      <trkpt lat="37.342212" lon="-80.201239"></trkpt>
      <trkpt lat="37.342178" lon="-80.201316"></trkpt>
      <trkpt lat="37.341991" lon="-80.201673"></trkpt>
      <trkpt lat="37.341833" lon="-80.201973"></trkpt>
      <trkpt lat="37.341731" lon="-80.202152"></trkpt>
      <trkpt lat="37.341617" lon="-80.202320"></trkpt>
      <trkpt lat="37.341424" lon="-80.202570"></trkpt>
      <trkpt lat="37.341337" lon="-80.202702"></trkpt>
      <trkpt lat="37.341257" lon="-80.202840"></trkpt>
      <trkpt lat="37.341195" lon="-80.202975"></trkpt>
      <trkpt lat="37.341132" lon="-80.203146"></trkpt>
      <trkpt lat="37.341044" lon="-80.203467"></trkpt>
      <trkpt lat="37.340876" lon="-80.204051"></trkpt>
      <trkpt lat="37.340667" lon="-80.204713"></trkpt>
      <trkpt lat="37.340610" lon="-80.204921"></trkpt>
      <trkpt lat="37.340575" lon="-80.205060"></trkpt>
      <trkpt lat="37.340503" lon="-80.205315"></trkpt>
      <trkpt lat="37.340393" lon="-80.205655"></trkpt>
      <trkpt lat="37.340356" lon="-80.205770"></trkpt>
      <trkpt lat="37.340255" lon="-80.206118"></trkpt>
      <trkpt lat="37.340047" lon="-80.206953"></trkpt>
      <trkpt lat="37.339978" lon="-80.207287"></trkpt>
      <trkpt lat="37.339916" lon="-80.207681"></trkpt>
      <trkpt lat="37.339864" lon="-80.208110"></trkpt>
      <trkpt lat="37.339815" lon="-80.208472"></trkpt>
      <trkpt lat="37.339770" lon="-80.208756"></trkpt>
      <trkpt lat="37.339685" lon="-80.209255"></trkpt>
      <trkpt lat="37.339624" lon="-80.209580"></trkpt>
      <trkpt lat="37.339558" lon="-80.209846"></trkpt>
      <trkpt lat="37.339433" lon="-80.210276"></trkpt>
      <trkpt lat="37.339402" lon="-80.210381"></trkpt>
      <trkpt lat="37.339354" lon="-80.210567"></trkpt>
      <trkpt lat="37.339307" lon="-80.210803"></trkpt>
      <trkpt lat="37.339284" lon="-80.210990"></trkpt>
      <trkpt lat="37.339277" lon="-80.211150"></trkpt>
      <trkpt lat="37.339280" lon="-80.211300"></trkpt>
      <trkpt lat="37.339292" lon="-80.211446"></trkpt>
      <trkpt lat="37.339312" lon="-80.211561"></trkpt>
      <trkpt lat="37.339357" lon="-80.211728"></trkpt>
      <trkpt lat="37.339444" lon="-80.211943"></trkpt>
      <trkpt lat="37.339742" lon="-80.212621"></trkpt>
      <trkpt lat="37.339762" lon="-80.212673"></trkpt>
      <trkpt lat="37.339873" lon="-80.212961"></trkpt>
      <trkpt lat="37.339987" lon="-80.213271"></trkpt>
      <trkpt lat="37.340237" lon="-80.214041"></trkpt>
      <trkpt lat="37.340482" lon="-80.214776"></trkpt>
      <trkpt lat="37.340575" lon="-80.215022"></trkpt>
      <trkpt lat="37.340611" lon="-80.215114"></trkpt>
      <trkpt lat="37.340843" lon="-80.215618"></trkpt>
      <trkpt lat="37.341006" lon="-80.215938"></trkpt>
      <trkpt lat="37.341018" lon="-80.215961"></trkpt>
      <trkpt lat="37.341311" lon="-80.216537"></trkpt>
      <trkpt lat="37.341419" lon="-80.216772"></trkpt>
      <trkpt lat="37.341539" lon="-80.217060"></trkpt>
      <trkpt lat="37.341621" lon="-80.217283"></trkpt>
      <trkpt lat="37.341674" lon="-80.217463"></trkpt>
      <trkpt lat="37.341719" lon="-80.217685"></trkpt>
      <trkpt lat="37.341809" lon="-80.218406"></trkpt>
      <trkpt lat="37.341818" lon="-80.218507"></trkpt>
      <trkpt lat="37.341821" lon="-80.218677"></trkpt>
      <trkpt lat="37.341812" lon="-80.218813"></trkpt>
      <trkpt lat="37.341788" lon="-80.218981"></trkpt>
      <trkpt lat="37.341503" lon="-80.220244"></trkpt>
      <trkpt lat="37.341459" lon="-80.220479"></trkpt>
      <trkpt lat="37.341418" lon="-80.220776"></trkpt>
      <trkpt lat="37.341336" lon="-80.221859"></trkpt>
      <trkpt lat="37.341295" lon="-80.222459"></trkpt>
      <trkpt lat="37.341280" lon="-80.223329"></trkpt>
      <trkpt lat="37.341280" lon="-80.223490"></trkpt>
      <trkpt lat="37.341281" lon="-80.223844"></trkpt>
      <trkpt lat="37.341281" lon="-80.224079"></trkpt>
      <trkpt lat="37.341282" lon="-80.224748"></trkpt>
      <trkpt lat="37.341291" lon="-80.225244"></trkpt>
      <trkpt lat="37.341293" lon="-80.225539"></trkpt>
      <trkpt lat="37.341279" lon="-80.225681"></trkpt>
      <trkpt lat="37.341260" lon="-80.225777"></trkpt>
      <trkpt lat="37.341225" lon="-80.225871"></trkpt>
      <trkpt lat="37.341199" lon="-80.225922"></trkpt>
      <trkpt lat="37.341184" lon="-80.225946"></trkpt>
      <trkpt lat="37.341147" lon="-80.225998"></trkpt>
      <trkpt lat="37.341107" lon="-80.226044"></trkpt>
      <trkpt lat="37.340977" lon="-80.226172"></trkpt>
      <trkpt lat="37.340894" lon="-80.226274"></trkpt>
      <trkpt lat="37.340822" lon="-80.226389"></trkpt>
      <trkpt lat="37.340762" lon="-80.226514"></trkpt>
      <trkpt lat="37.340672" lon="-80.226775"></trkpt>
      <trkpt lat="37.340557" lon="-80.227107"></trkpt>
      <trkpt lat="37.340393" lon="-80.227557"></trkpt>
      <trkpt lat="37.340163" lon="-80.228236"></trkpt>
      <trkpt lat="37.340146" lon="-80.228282"></trkpt>
      <trkpt lat="37.339998" lon="-80.228692"></trkpt>
      <trkpt lat="37.339819" lon="-80.229210"></trkpt>
      <trkpt lat="37.339665" lon="-80.229640"></trkpt>
      <trkpt lat="37.339465" lon="-80.230197"></trkpt>
      <trkpt lat="37.339457" lon="-80.230220"></trkpt>
      <trkpt lat="37.339230" lon="-80.230890"></trkpt>
      <trkpt lat="37.339200" lon="-80.231043"></trkpt>
      <trkpt lat="37.339192" lon="-80.231171"></trkpt>
      <trkpt lat="37.339205" lon="-80.231286"></trkpt>
      <trkpt lat="37.339236" lon="-80.231380"></trkpt>
      <trkpt lat="37.339275" lon="-80.231449"></trkpt>
      <trkpt lat="37.339381" lon="-80.231571"></trkpt>
      <trkpt lat="37.339605" lon="-80.231822"></trkpt>
      <trkpt lat="37.339789" lon="-80.232045"></trkpt>
      <trkpt lat="37.339855" lon="-80.232142"></trkpt>
      <trkpt lat="37.339909" lon="-80.232249"></trkpt>
      <trkpt lat="37.339930" lon="-80.232309"></trkpt>
      <trkpt lat="37.339942" lon="-80.232342"></trkpt>
      <trkpt lat="37.339972" lon="-80.232463"></trkpt>
      <trkpt lat="37.339983" lon="-80.232560"></trkpt>
      <trkpt lat="37.339975" lon="-80.232682"></trkpt>
      <trkpt lat="37.339959" lon="-80.232801"></trkpt>
      <trkpt lat="37.339927" lon="-80.232948"></trkpt>
      <trkpt lat="37.339886" lon="-80.233074"></trkpt>
      <trkpt lat="37.339429" lon="-80.234131"></trkpt>
      <trkpt lat="37.339299" lon="-80.234453"></trkpt>
      <trkpt lat="37.339253" lon="-80.234572"></trkpt>
      <trkpt lat="37.339085" lon="-80.235041"></trkpt>
      <trkpt lat="37.339048" lon="-80.235149"></trkpt>
      <trkpt lat="37.338840" lon="-80.235770"></trkpt>
      <trkpt lat="37.338585" lon="-80.236512"></trkpt>
      <trkpt lat="37.338361" lon="-80.237150"></trkpt>
      <trkpt lat="37.338025" lon="-80.238087"></trkpt>
      <trkpt lat="37.337888" lon="-80.238470"></trkpt>
      <trkpt lat="37.337728" lon="-80.238912"></trkpt>
      <trkpt lat="37.337645" lon="-80.239142"></trkpt>
      <trkpt lat="37.337618" lon="-80.239228"></trkpt>
      <trkpt lat="37.337561" lon="-80.239448"></trkpt>
      <trkpt lat="37.337548" lon="-80.239513"></trkpt>
      <trkpt lat="37.337525" lon="-80.239628"></trkpt>
      <trkpt lat="37.337492" lon="-80.239855"></trkpt>
      <trkpt lat="37.337456" lon="-80.240303"></trkpt>
      <trkpt lat="37.337383" lon="-80.240934"></trkpt>
      <trkpt lat="37.337319" lon="-80.241470"></trkpt>
      <trkpt lat="37.337230" lon="-80.242118"></trkpt>
      <trkpt lat="37.337190" lon="-80.242534"></trkpt>
      <trkpt lat="37.337131" lon="-80.243463"></trkpt>
      <trkpt lat="37.337090" lon="-80.244111"></trkpt>
      <trkpt lat="37.337073" lon="-80.244316"></trkpt>
      <trkpt lat="37.337040" lon="-80.244570"></trkpt>
      <trkpt lat="37.336992" lon="-80.244820"></trkpt>
      <trkpt lat="37.336820" lon="-80.245483"></trkpt>
      <trkpt lat="37.336707" lon="-80.245888"></trkpt>
      <trkpt lat="37.336513" lon="-80.246527"></trkpt>
      <trkpt lat="37.336325" lon="-80.247109"></trkpt>
      <trkpt lat="37.336207" lon="-80.247470"></trkpt>
      <trkpt lat="37.336177" lon="-80.247566"></trkpt>
      <trkpt lat="37.335985" lon="-80.248174"></trkpt>
      <trkpt lat="37.335869" lon="-80.248502"></trkpt>
      <trkpt lat="37.335766" lon="-80.248760"></trkpt>
      <trkpt lat="37.335481" lon="-80.249377"></trkpt>
      <trkpt lat="37.335155" lon="-80.250031"></trkpt>
      <trkpt lat="37.335099" lon="-80.250130"></trkpt>
      <trkpt lat="37.334911" lon="-80.250467"></trkpt>
      <trkpt lat="37.334688" lon="-80.250858"></trkpt>
      <trkpt lat="37.334644" lon="-80.250945"></trkpt>
      <trkpt lat="37.334574" lon="-80.251090"></trkpt>
      <trkpt lat="37.334534" lon="-80.251198"></trkpt>
      <trkpt lat="37.334479" lon="-80.251384"></trkpt>
      <trkpt lat="37.334437" lon="-80.251576"></trkpt>
      <trkpt lat="37.334408" lon="-80.251781"></trkpt>
      <trkpt lat="37.334380" lon="-80.252020"></trkpt>
      <trkpt lat="37.334369" lon="-80.252196"></trkpt>
      <trkpt lat="37.334366" lon="-80.252251"></trkpt>
      <trkpt lat="37.334362" lon="-80.252511"></trkpt>
      <trkpt lat="37.334372" lon="-80.252759"></trkpt>
      <trkpt lat="37.334373" lon="-80.252863"></trkpt>
      <trkpt lat="37.334367" lon="-80.253002"></trkpt>
      <trkpt lat="37.334346" lon="-80.253174"></trkpt>
      <trkpt lat="37.334311" lon="-80.253342"></trkpt>
      <trkpt lat="37.334296" lon="-80.253418"></trkpt>
      <trkpt lat="37.334261" lon="-80.253631"></trkpt>
      <trkpt lat="37.334151" lon="-80.254109"></trkpt>
      <trkpt lat="37.334126" lon="-80.254179"></trkpt>
      <trkpt lat="37.334106" lon="-80.254237"></trkpt>
      <trkpt lat="37.334077" lon="-80.254303"></trkpt>
      <trkpt lat="37.334049" lon="-80.254357"></trkpt>
      <trkpt lat="37.334007" lon="-80.254424"></trkpt>
      <trkpt lat="37.333918" lon="-80.254528"></trkpt>
      <trkpt lat="37.333819" lon="-80.254617"></trkpt>
      <trkpt lat="37.333713" lon="-80.254691"></trkpt>
      <trkpt lat="37.333573" lon="-80.254763"></trkpt>
      <trkpt lat="37.333409" lon="-80.254827"></trkpt>
      <trkpt lat="37.333152" lon="-80.254900"></trkpt>
      <trkpt lat="37.332637" lon="-80.255025"></trkpt>
      <trkpt lat="37.332512" lon="-80.255057"></trkpt>
      <trkpt lat="37.331684" lon="-80.255270"></trkpt>
      <trkpt lat="37.331394" lon="-80.255348"></trkpt>
      <trkpt lat="37.331249" lon="-80.255387"></trkpt>
      <trkpt lat="37.330743" lon="-80.255544"></trkpt>
      <trkpt lat="37.330564" lon="-80.255607"></trkpt>
      <trkpt lat="37.330505" lon="-80.255638"></trkpt>
      <trkpt lat="37.330431" lon="-80.255691"></trkpt>
      <trkpt lat="37.330346" lon="-80.255774"></trkpt>
      <trkpt lat="37.330245" lon="-80.255911"></trkpt>
      <trkpt lat="37.328892" lon="-80.258025"></trkpt>
      <trkpt lat="37.328392" lon="-80.258814"></trkpt>
      <trkpt lat="37.327344" lon="-80.260474"></trkpt>
      <trkpt lat="37.327278" lon="-80.260582"></trkpt>
      <trkpt lat="37.326676" lon="-80.261490"></trkpt>
      <trkpt lat="37.326247" lon="-80.262218"></trkpt>
      <trkpt lat="37.326208" lon="-80.262292"></trkpt>
      <trkpt lat="37.325488" lon="-80.263213"></trkpt>
      <trkpt lat="37.324427" lon="-80.264837"></trkpt>
      <trkpt lat="37.323935" lon="-80.265591"></trkpt>
      <trkpt lat="37.323365" lon="-80.266588"></trkpt>
      <trkpt lat="37.322698" lon="-80.267786"></trkpt>
      <trkpt lat="37.322662" lon="-80.267855"></trkpt>
      <trkpt lat="37.322035" lon="-80.269090"></trkpt>
      <trkpt lat="37.321499" lon="-80.270387"></trkpt>
      <trkpt lat="37.321068" lon="-80.271832"></trkpt>
      <trkpt lat="37.320859" lon="-80.272423"></trkpt>
      <trkpt lat="37.320546" lon="-80.273251"></trkpt>
      <trkpt lat="37.320303" lon="-80.274073"></trkpt>
      <trkpt lat="37.320280" lon="-80.274151"></trkpt>
      <trkpt lat="37.320168" lon="-80.275804"></trkpt>
      <trkpt lat="37.320028" lon="-80.276298"></trkpt>
      <trkpt lat="37.319799" lon="-80.276761"></trkpt>
      <trkpt lat="37.319477" lon="-80.277295"></trkpt>
      <trkpt lat="37.318828" lon="-80.278070"></trkpt>
      <trkpt lat="37.317693" lon="-80.279802"></trkpt>
      <trkpt lat="37.317184" lon="-80.280548"></trkpt>
      <trkpt lat="37.316853" lon="-80.281000"></trkpt>
      <trkpt lat="37.316334" lon="-80.281792"></trkpt>
      <trkpt lat="37.316041" lon="-80.282438"></trkpt>
      <trkpt lat="37.315826" lon="-80.283136"></trkpt>
      <trkpt lat="37.315588" lon="-80.284076"></trkpt>
      <trkpt lat="37.315442" lon="-80.285015"></trkpt>
      <trkpt lat="37.315116" lon="-80.288761"></trkpt>
      <trkpt lat="37.315088" lon="-80.289087"></trkpt>
      <trkpt lat="37.314870" lon="-80.290028"></trkpt>
      <trkpt lat="37.314581" lon="-80.291048"></trkpt>
      <trkpt lat="37.313869" lon="-80.292770"></trkpt>
      <trkpt lat="37.313249" lon="-80.294082"></trkpt>
      <trkpt lat="37.312210" lon="-80.296361"></trkpt>
      <trkpt lat="37.311554" lon="-80.298039"></trkpt>
      <trkpt lat="37.311029" lon="-80.299636"></trkpt>
      <trkpt lat="37.310060" lon="-80.302265"></trkpt>
      <trkpt lat="37.309168" lon="-80.304443"></trkpt>
      <trkpt lat="37.308734" lon="-80.305981"></trkpt>
      <trkpt lat="37.307823" lon="-80.308670"></trkpt>
      <trkpt lat="37.307221" lon="-80.310460"></trkpt>
      <trkpt lat="37.306216" lon="-80.312620"></trkpt>
      <trkpt lat="37.305825" lon="-80.313460"></trkpt>
      <trkpt lat="37.305594" lon="-80.314219"></trkpt>
      <trkpt lat="37.305335" lon="-80.315479"></trkpt>
      <trkpt lat="37.305130" lon="-80.316384"></trkpt>
      <trkpt lat="37.304826" lon="-80.317712"></trkpt>
      <trkpt lat="37.304615" lon="-80.318338"></trkpt>
      <trkpt lat="37.304149" lon="-80.319447"></trkpt>
      <trkpt lat="37.304083" lon="-80.319759"></trkpt>
      <trkpt lat="37.304066" lon="-80.319928"></trkpt>
      <trkpt lat="37.304050" lon="-80.320081"></trkpt>
      <trkpt lat="37.304063" lon="-80.320832"></trkpt>
      <trkpt lat="37.303943" lon="-80.321707"></trkpt>
      <trkpt lat="37.303443" lon="-80.323339"></trkpt>
      <trkpt lat="37.303275" lon="-80.323797"></trkpt>
      <trkpt lat="37.303018" lon="-80.324202"></trkpt>
      <trkpt lat="37.302010" lon="-80.325805"></trkpt>
      <trkpt lat="37.301823" lon="-80.326367"></trkpt>
      <trkpt lat="37.301795" lon="-80.326809"></trkpt>
      <trkpt lat="37.301744" lon="-80.327848"></trkpt>
      <trkpt lat="37.301454" lon="-80.329374"></trkpt>
      <trkpt lat="37.300637" lon="-80.333372"></trkpt>
      <trkpt lat="37.300404" lon="-80.334816"></trkpt>
      <trkpt lat="37.300221" lon="-80.335990"></trkpt>
      <trkpt lat="37.299993" lon="-80.337135"></trkpt>
      <trkpt lat="37.299838" lon="-80.337638"></trkpt>
      <trkpt lat="37.299072" lon="-80.339311"></trkpt>
      <trkpt lat="37.298652" lon="-80.340215"></trkpt>
      <trkpt lat="37.298398" lon="-80.340744"></trkpt>
      <trkpt lat="37.298363" lon="-80.340881"></trkpt>
      <trkpt lat="37.298336" lon="-80.341027"></trkpt>
      <trkpt lat="37.298326" lon="-80.341162"></trkpt>
      <trkpt lat="37.298326" lon="-80.341276"></trkpt>
      <trkpt lat="37.298336" lon="-80.341384"></trkpt>
      <trkpt lat="37.298354" lon="-80.341502"></trkpt>
      <trkpt lat="37.298376" lon="-80.341608"></trkpt>
      <trkpt lat="37.298616" lon="-80.342416"></trkpt>
      <trkpt lat="37.298843" lon="-80.343379"></trkpt>
      <trkpt lat="37.298997" lon="-80.344846"></trkpt>
      <trkpt lat="37.299053" lon="-80.345575"></trkpt>
      <trkpt lat="37.299133" lon="-80.346531"></trkpt>
      <trkpt lat="37.299119" lon="-80.347271"></trkpt>
      <trkpt lat="37.299072" lon="-80.348034"></trkpt>
      <trkpt lat="37.298633" lon="-80.350646"></trkpt>
      <trkpt lat="37.298675" lon="-80.352924"></trkpt>
      <trkpt lat="37.298559" lon="-80.353922"></trkpt>
      <trkpt lat="37.297825" lon="-80.355658"></trkpt>
      <trkpt lat="37.297639" lon="-80.356129"></trkpt>
      <trkpt lat="37.297137" lon="-80.357395"></trkpt>
      <trkpt lat="37.297056" lon="-80.357899"></trkpt>
      <trkpt lat="37.296894" lon="-80.358296"></trkpt>
      <trkpt lat="37.296736" lon="-80.358569"></trkpt>
      <trkpt lat="37.296607" lon="-80.358852"></trkpt>
      <trkpt lat="37.296490" lon="-80.359190"></trkpt>
      <trkpt lat="37.296303" lon="-80.360434"></trkpt>
      <trkpt lat="37.296105" lon="-80.361233"></trkpt>
      <trkpt lat="37.296000" lon="-80.361883"></trkpt>
      <trkpt lat="37.295984" lon="-80.362418"></trkpt>
      <trkpt lat="37.296048" lon="-80.363468"></trkpt>
      <trkpt lat="37.296016" lon="-80.363931"></trkpt>
      <trkpt lat="37.295908" lon="-80.364721"></trkpt>
      <trkpt lat="37.295879" lon="-80.365272"></trkpt>
      <trkpt lat="37.295921" lon="-80.366824"></trkpt>
      <trkpt lat="37.295837" lon="-80.367267"></trkpt>
      <trkpt lat="37.295792" lon="-80.367847"></trkpt>
      <trkpt lat="37.295668" lon="-80.368382"></trkpt>
      <trkpt lat="37.295062" lon="-80.369806"></trkpt>
      <trkpt lat="37.295041" lon="-80.369872"></trkpt>
      <trkpt lat="37.294956" lon="-80.370137"></trkpt>
      <trkpt lat="37.294811" lon="-80.370395"></trkpt>
      <trkpt lat="37.294529" lon="-80.370819"></trkpt>
      <trkpt lat="37.294478" lon="-80.370969"></trkpt>
      <trkpt lat="37.294446" lon="-80.371124"></trkpt>
      <trkpt lat="37.294448" lon="-80.371232"></trkpt>
      <trkpt lat="37.294510" lon="-80.371615"></trkpt>
      <trkpt lat="37.294499" lon="-80.371717"></trkpt>
      <trkpt lat="37.294480" lon="-80.371768"></trkpt>
      <trkpt lat="37.294444" lon="-80.371800"></trkpt>
      <trkpt lat="37.294352" lon="-80.371803"></trkpt>
      <trkpt lat="37.294312" lon="-80.371784"></trkpt>
      <trkpt lat="37.294122" lon="-80.371339"></trkpt>
      <trkpt lat="37.294047" lon="-80.371264"></trkpt>
      <trkpt lat="37.293942" lon="-80.371208"></trkpt>
      <trkpt lat="37.293727" lon="-80.371216"></trkpt>
      <trkpt lat="37.293458" lon="-80.371299"></trkpt>
      <trkpt lat="37.293031" lon="-80.371326"></trkpt>
      <trkpt lat="37.292899" lon="-80.371361"></trkpt>
      <trkpt lat="37.292666" lon="-80.371361"></trkpt>
      <trkpt lat="37.292526" lon="-80.371339"></trkpt>
      <trkpt lat="37.292188" lon="-80.371170"></trkpt>
      <trkpt lat="37.291700" lon="-80.371004"></trkpt>
      <trkpt lat="37.291143" lon="-80.370449"></trkpt>
      <trkpt lat="37.291047" lon="-80.370382"></trkpt>
      <trkpt lat="37.291002" lon="-80.370376"></trkpt>
      <trkpt lat="37.290780" lon="-80.370387"></trkpt>
      <trkpt lat="37.290656" lon="-80.370457"></trkpt>
      <trkpt lat="37.290567" lon="-80.370585"></trkpt>
      <trkpt lat="37.290500" lon="-80.370819"></trkpt>
      <trkpt lat="37.290462" lon="-80.371396"></trkpt>
      <trkpt lat="37.290419" lon="-80.371615"></trkpt>
      <trkpt lat="37.290334" lon="-80.371803"></trkpt>
      <trkpt lat="37.290184" lon="-80.372018"></trkpt>
      <trkpt lat="37.289958" lon="-80.372179"></trkpt>
      <trkpt lat="37.289317" lon="-80.372444"></trkpt>
      <trkpt lat="37.288810" lon="-80.372415"></trkpt>
      <trkpt lat="37.287487" lon="-80.372125"></trkpt>
      <trkpt lat="37.287128" lon="-80.372259"></trkpt>
      <trkpt lat="37.286782" lon="-80.372313"></trkpt>
      <trkpt lat="37.286430" lon="-80.372243"></trkpt>
      <trkpt lat="37.286077" lon="-80.372085"></trkpt>
      <trkpt lat="37.285418" lon="-80.371782"></trkpt>
      <trkpt lat="37.284761" lon="-80.371489"></trkpt>
      <trkpt lat="37.284487" lon="-80.371445"></trkpt>
      <trkpt lat="37.283901" lon="-80.371355"></trkpt>
      <trkpt lat="37.283861" lon="-80.371350"></trkpt>
      <trkpt lat="37.283827" lon="-80.371357"></trkpt>
      <trkpt lat="37.283793" lon="-80.371373"></trkpt>
      <trkpt lat="37.283767" lon="-80.371392"></trkpt>
      <trkpt lat="37.283713" lon="-80.371434"></trkpt>
      <trkpt lat="37.283524" lon="-80.372265"></trkpt>
      <trkpt lat="37.283482" lon="-80.372352"></trkpt>
      <trkpt lat="37.283427" lon="-80.372416"></trkpt>
      <trkpt lat="37.283379" lon="-80.372476"></trkpt>
      <trkpt lat="37.283320" lon="-80.372508"></trkpt>
      <trkpt lat="37.283037" lon="-80.372617"></trkpt>
      <trkpt lat="37.282976" lon="-80.372643"></trkpt>
      <trkpt lat="37.282888" lon="-80.372691"></trkpt>
      <trkpt lat="37.282793" lon="-80.372767"></trkpt>
      <trkpt lat="37.282725" lon="-80.372853"></trkpt>
      <trkpt lat="37.282680" lon="-80.372914"></trkpt>
      <trkpt lat="37.282652" lon="-80.372978"></trkpt>
      <trkpt lat="37.282604" lon="-80.373106"></trkpt>
      <trkpt lat="37.282578" lon="-80.373245"></trkpt>
      <trkpt lat="37.282568" lon="-80.373355"></trkpt>
      <trkpt lat="37.282578" lon="-80.373458"></trkpt>
      <trkpt lat="37.282601" lon="-80.373594"></trkpt>
      <trkpt lat="37.282788" lon="-80.374046"></trkpt>
      <trkpt lat="37.282811" lon="-80.374143"></trkpt>
      <trkpt lat="37.282830" lon="-80.374245"></trkpt>
      <trkpt lat="37.282840" lon="-80.374358"></trkpt>
      <trkpt lat="37.282839" lon="-80.374449"></trkpt>
      <trkpt lat="37.282833" lon="-80.374536"></trkpt>
      <trkpt lat="37.282812" lon="-80.374675"></trkpt>
      <trkpt lat="37.282788" lon="-80.374792"></trkpt>
      <trkpt lat="37.282724" lon="-80.375008"></trkpt>
      <trkpt lat="37.282630" lon="-80.375256"></trkpt>
      <trkpt lat="37.282076" lon="-80.376423"></trkpt>
      <trkpt lat="37.281972" lon="-80.376682"></trkpt>
      <trkpt lat="37.281918" lon="-80.376829"></trkpt>
      <trkpt lat="37.281895" lon="-80.376936"></trkpt>
      <trkpt lat="37.281887" lon="-80.377024"></trkpt>
      <trkpt lat="37.281884" lon="-80.377120"></trkpt>
      <trkpt lat="37.281889" lon="-80.377225"></trkpt>
      <trkpt lat="37.281905" lon="-80.377334"></trkpt>
      <trkpt lat="37.281985" lon="-80.377755"></trkpt>
      <trkpt lat="37.282003" lon="-80.377890"></trkpt>
      <trkpt lat="37.281998" lon="-80.378005"></trkpt>
      <trkpt lat="37.281988" lon="-80.378136"></trkpt>
      <trkpt lat="37.281891" lon="-80.378643"></trkpt>
      <trkpt lat="37.281782" lon="-80.379253"></trkpt>
      <trkpt lat="37.281533" lon="-80.380642"></trkpt>
      <trkpt lat="37.281486" lon="-80.380914"></trkpt>
      <trkpt lat="37.281333" lon="-80.382431"></trkpt>
      <trkpt lat="37.281322" lon="-80.382560"></trkpt>
      <trkpt lat="37.281153" lon="-80.384249"></trkpt>
      <trkpt lat="37.281085" lon="-80.384711"></trkpt>
      <trkpt lat="37.281051" lon="-80.384783"></trkpt>
      <trkpt lat="37.280995" lon="-80.384851"></trkpt>
      <trkpt lat="37.280808" lon="-80.385059"></trkpt>
      <trkpt lat="37.280635" lon="-80.385238"></trkpt>
      <trkpt lat="37.280582" lon="-80.385316"></trkpt>
      <trkpt lat="37.280547" lon="-80.385401"></trkpt>
      <trkpt lat="37.280536" lon="-80.385500"></trkpt>
      <trkpt lat="37.280546" lon="-80.385649"></trkpt>
      <trkpt lat="37.280581" lon="-80.385765"></trkpt>
      <trkpt lat="37.280649" lon="-80.385932"></trkpt>
      <trkpt lat="37.280803" lon="-80.386324"></trkpt>
      <trkpt lat="37.280875" lon="-80.386531"></trkpt>
      <trkpt lat="37.280900" lon="-80.386696"></trkpt>
      <trkpt lat="37.280898" lon="-80.386870"></trkpt>
      <trkpt lat="37.280855" lon="-80.387276"></trkpt>
      <trkpt lat="37.280830" lon="-80.387441"></trkpt>
      <trkpt lat="37.280686" lon="-80.388236"></trkpt>
      <trkpt lat="37.280659" lon="-80.388487"></trkpt>
      <trkpt lat="37.280593" lon="-80.388989"></trkpt>
      <trkpt lat="37.280572" lon="-80.389649"></trkpt>
      <trkpt lat="37.280574" lon="-80.390852"></trkpt>
      <trkpt lat="37.280547" lon="-80.391129"></trkpt>
      <trkpt lat="37.280498" lon="-80.391227"></trkpt>
      <trkpt lat="37.280335" lon="-80.391445"></trkpt>
      <trkpt lat="37.280146" lon="-80.391617"></trkpt>
      <trkpt lat="37.279477" lon="-80.392278"></trkpt>
      <trkpt lat="37.279381" lon="-80.392342"></trkpt>
      <trkpt lat="37.279272" lon="-80.392347"></trkpt>
      <trkpt lat="37.278698" lon="-80.392107"></trkpt>
      <trkpt lat="37.278487" lon="-80.392175"></trkpt>
      <trkpt lat="37.278275" lon="-80.392373"></trkpt>
      <trkpt lat="37.278056" lon="-80.392836"></trkpt>
      <trkpt lat="37.277401" lon="-80.393901"></trkpt>
      <trkpt lat="37.277175" lon="-80.394252"></trkpt>
      <trkpt lat="37.277081" lon="-80.394330"></trkpt>
      <trkpt lat="37.277027" lon="-80.394339"></trkpt>
      <trkpt lat="37.276992" lon="-80.394345"></trkpt>
      <trkpt lat="37.276917" lon="-80.394323"></trkpt>
      <trkpt lat="37.276814" lon="-80.394264"></trkpt>
      <trkpt lat="37.276084" lon="-80.393718"></trkpt>
      <trkpt lat="37.275789" lon="-80.393480"></trkpt>
      <trkpt lat="37.275642" lon="-80.393396"></trkpt>
      <trkpt lat="37.275479" lon="-80.393329"></trkpt>
      <trkpt lat="37.275318" lon="-80.393309"></trkpt>
      <trkpt lat="37.275066" lon="-80.393330"></trkpt>
      <trkpt lat="37.274426" lon="-80.393483"></trkpt>
      <trkpt lat="37.274238" lon="-80.393511"></trkpt>
      <trkpt lat="37.273941" lon="-80.393514"></trkpt>
      <trkpt lat="37.273112" lon="-80.393478"></trkpt>
      <trkpt lat="37.271862" lon="-80.393413"></trkpt>
      <trkpt lat="37.271488" lon="-80.393408"></trkpt>
      <trkpt lat="37.271262" lon="-80.393467"></trkpt>
      <trkpt lat="37.271040" lon="-80.393540"></trkpt>
      <trkpt lat="37.270341" lon="-80.393846"></trkpt>
      <trkpt lat="37.269746" lon="-80.394220"></trkpt>
      <trkpt lat="37.269157" lon="-80.394630"></trkpt>
      <trkpt lat="37.269006" lon="-80.394772"></trkpt>
      <trkpt lat="37.268862" lon="-80.394935"></trkpt>
      <trkpt lat="37.268752" lon="-80.395120"></trkpt>
      <trkpt lat="37.268651" lon="-80.395313"></trkpt>
      <trkpt lat="37.267786" lon="-80.397315"></trkpt>
      <trkpt lat="37.266977" lon="-80.399186"></trkpt>
      <trkpt lat="37.266807" lon="-80.399632"></trkpt>
      <trkpt lat="37.266666" lon="-80.400046"></trkpt>
      <trkpt lat="37.266598" lon="-80.400223"></trkpt>
      <trkpt lat="37.266525" lon="-80.400362"></trkpt>
      <trkpt lat="37.266477" lon="-80.400436"></trkpt>
      <trkpt lat="37.266406" lon="-80.400531"></trkpt>
      <trkpt lat="37.266281" lon="-80.400672"></trkpt>
      <trkpt lat="37.266088" lon="-80.400843"></trkpt>
      <trkpt lat="37.265719" lon="-80.401129"></trkpt>
      <trkpt lat="37.265599" lon="-80.401229"></trkpt>
      <trkpt lat="37.265523" lon="-80.401299"></trkpt>
      <trkpt lat="37.265473" lon="-80.401350"></trkpt>
      <trkpt lat="37.265399" lon="-80.401434"></trkpt>
      <trkpt lat="37.265334" lon="-80.401521"></trkpt>
      <trkpt lat="37.265238" lon="-80.401674"></trkpt>
      <trkpt lat="37.265047" lon="-80.402023"></trkpt>
      <trkpt lat="37.265007" lon="-80.402084"></trkpt>
      <trkpt lat="37.264934" lon="-80.402181"></trkpt>
      <trkpt lat="37.264790" lon="-80.402336"></trkpt>
      <trkpt lat="37.264145" lon="-80.402928"></trkpt>
      <trkpt lat="37.263151" lon="-80.403855"></trkpt>
      <trkpt lat="37.262766" lon="-80.404223"></trkpt>
      <trkpt lat="37.262648" lon="-80.404324"></trkpt>
      <trkpt lat="37.262560" lon="-80.404393"></trkpt>
      <trkpt lat="37.262486" lon="-80.404443"></trkpt>
      <trkpt lat="37.262435" lon="-80.404473"></trkpt>
      <trkpt lat="37.262259" lon="-80.404551"></trkpt>
      <trkpt lat="37.262209" lon="-80.404567"></trkpt>
      <trkpt lat="37.261971" lon="-80.404623"></trkpt>
      <trkpt lat="37.261835" lon="-80.404660"></trkpt>
      <trkpt lat="37.261658" lon="-80.404732"></trkpt>
      <trkpt lat="37.261552" lon="-80.404794"></trkpt>
      <trkpt lat="37.261433" lon="-80.404877"></trkpt>
      <trkpt lat="37.261352" lon="-80.404947"></trkpt>
      <trkpt lat="37.261300" lon="-80.404994"></trkpt>
      <trkpt lat="37.261181" lon="-80.405125"></trkpt>
      <trkpt lat="37.261069" lon="-80.405267"></trkpt>
      <trkpt lat="37.261004" lon="-80.405358"></trkpt>
      <trkpt lat="37.260881" lon="-80.405544"></trkpt>
      <trkpt lat="37.260132" lon="-80.406659"></trkpt>
      <trkpt lat="37.259955" lon="-80.406920"></trkpt>
      <trkpt lat="37.259888" lon="-80.407017"></trkpt>
      <trkpt lat="37.259261" lon="-80.407957"></trkpt>
      <trkpt lat="37.258817" lon="-80.408619"></trkpt>
      <trkpt lat="37.258371" lon="-80.409305"></trkpt>
      <trkpt lat="37.258283" lon="-80.409454"></trkpt>
      <trkpt lat="37.258225" lon="-80.409563"></trkpt>
      <trkpt lat="37.258182" lon="-80.409655"></trkpt>
      <trkpt lat="37.258144" lon="-80.409747"></trkpt>
      <trkpt lat="37.258101" lon="-80.409876"></trkpt>
      <trkpt lat="37.258065" lon="-80.410019"></trkpt>
      <trkpt lat="37.257995" lon="-80.410382"></trkpt>
      <trkpt lat="37.257963" lon="-80.410549"></trkpt>
      <trkpt lat="37.257955" lon="-80.410592"></trkpt>
      <trkpt lat="37.257943" lon="-80.410677"></trkpt>
      <trkpt lat="37.258162" lon="-80.410713"></trkpt>
      <trkpt lat="37.258494" lon="-80.410794"></trkpt>
      <trkpt lat="37.258903" lon="-80.410924"></trkpt>
      <trkpt lat="37.259100" lon="-80.411004"></trkpt>
      <trkpt lat="37.259426" lon="-80.411133"></trkpt>
      <trkpt lat="37.259575" lon="-80.411206"></trkpt>
      <trkpt lat="37.259838" lon="-80.411352"></trkpt>
      <trkpt lat="37.260048" lon="-80.411477"></trkpt>
      <trkpt lat="37.260245" lon="-80.411606"></trkpt>
      <trkpt lat="37.260401" lon="-80.411711"></trkpt>
      <trkpt lat="37.260632" lon="-80.411882"></trkpt>
      <trkpt lat="37.260804" lon="-80.412024"></trkpt>
      <trkpt lat="37.261932" lon="-80.413027"></trkpt>
      <trkpt lat="37.262674" lon="-80.413687"></trkpt>
      <trkpt lat="37.263271" lon="-80.414219"></trkpt>
      <trkpt lat="37.263602" lon="-80.414512"></trkpt>
      <trkpt lat="37.263807" lon="-80.414681"></trkpt>
      <trkpt lat="37.264013" lon="-80.414841"></trkpt>
      <trkpt lat="37.264191" lon="-80.414962"></trkpt>
      <trkpt lat="37.264434" lon="-80.415115"></trkpt>
      <trkpt lat="37.265045" lon="-80.415460"></trkpt>
      <trkpt lat="37.266234" lon="-80.416122"></trkpt>
      <trkpt lat="37.266673" lon="-80.416369"></trkpt>
      <trkpt lat="37.266895" lon="-80.416488"></trkpt>
      <trkpt lat="37.266989" lon="-80.416533"></trkpt>
      <trkpt lat="37.267194" lon="-80.416620"></trkpt>
      <trkpt lat="37.267405" lon="-80.416690"></trkpt>
      <trkpt lat="37.267527" lon="-80.416722"></trkpt>
      <trkpt lat="37.267689" lon="-80.416750"></trkpt>
      <trkpt lat="37.267802" lon="-80.416770"></trkpt>
      <trkpt lat="37.268004" lon="-80.416800"></trkpt>
      <trkpt lat="37.268424" lon="-80.416857"></trkpt>
      <trkpt lat="37.268615" lon="-80.416890"></trkpt>
      <trkpt lat="37.268780" lon="-80.416927"></trkpt>
      <trkpt lat="37.268883" lon="-80.416955"></trkpt>
      <trkpt lat="37.269037" lon="-80.417006"></trkpt>
      <trkpt lat="37.269139" lon="-80.417041"></trkpt>
      <trkpt lat="37.269279" lon="-80.417100"></trkpt>
      <trkpt lat="37.269511" lon="-80.417212"></trkpt>
      <trkpt lat="37.269944" lon="-80.417441"></trkpt>
      <trkpt lat="37.270472" lon="-80.417735"></trkpt>
      <trkpt lat="37.270628" lon="-80.417853"></trkpt>
      <trkpt lat="37.270719" lon="-80.417947"></trkpt>
      <trkpt lat="37.270861" lon="-80.418109"></trkpt>
      <trkpt lat="37.270921" lon="-80.418189"></trkpt>
      <trkpt lat="37.270973" lon="-80.418266"></trkpt>
      <trkpt lat="37.271090" lon="-80.418406"></trkpt>
      <trkpt lat="37.271105" lon="-80.418419"></trkpt>
      <trkpt lat="37.271122" lon="-80.418431"></trkpt>
      <trkpt lat="37.271140" lon="-80.418442"></trkpt>
      <trkpt lat="37.271153" lon="-80.418447"></trkpt>
      <trkpt lat="37.271170" lon="-80.418451"></trkpt>
      <trkpt lat="37.271184" lon="-80.418454"></trkpt>
      <trkpt lat="37.271201" lon="-80.418454"></trkpt>
      <trkpt lat="37.271218" lon="-80.418452"></trkpt>
      <trkpt lat="37.271403" lon="-80.418435"></trkpt>
      <trkpt lat="37.271557" lon="-80.418370"></trkpt>
      <trkpt lat="37.271698" lon="-80.418318"></trkpt>
      <trkpt lat="37.272149" lon="-80.418185"></trkpt>
      <trkpt lat="37.272538" lon="-80.418109"></trkpt>
      <trkpt lat="37.272823" lon="-80.418078"></trkpt>
      <trkpt lat="37.273061" lon="-80.418059"></trkpt>
      <trkpt lat="37.273229" lon="-80.418048"></trkpt>
      <trkpt lat="37.273406" lon="-80.418044"></trkpt>
      <trkpt lat="37.273510" lon="-80.418054"></trkpt>
      <trkpt lat="37.273607" lon="-80.418060"></trkpt>
      <trkpt lat="37.273679" lon="-80.418068"></trkpt>
      <trkpt lat="37.273844" lon="-80.418096"></trkpt>
      <trkpt lat="37.273947" lon="-80.418110"></trkpt>
      <trkpt lat="37.274087" lon="-80.418146"></trkpt>
      <trkpt lat="37.274219" lon="-80.418177"></trkpt>
      <trkpt lat="37.274369" lon="-80.418217"></trkpt>
      <trkpt lat="37.274478" lon="-80.418258"></trkpt>
      <trkpt lat="37.274683" lon="-80.418341"></trkpt>
      <trkpt lat="37.274791" lon="-80.418391"></trkpt>
      <trkpt lat="37.274908" lon="-80.418446"></trkpt>
      <trkpt lat="37.274965" lon="-80.418471"></trkpt>
      <trkpt lat="37.275039" lon="-80.418507"></trkpt>
      <trkpt lat="37.275150" lon="-80.418575"></trkpt>
      <trkpt lat="37.275221" lon="-80.418622"></trkpt>
      <trkpt lat="37.275305" lon="-80.418682"></trkpt>
      <trkpt lat="37.275386" lon="-80.418741"></trkpt>
      <trkpt lat="37.275458" lon="-80.418786"></trkpt>
      <trkpt lat="37.275493" lon="-80.418811"></trkpt>
      <trkpt lat="37.275544" lon="-80.418853"></trkpt>
      <trkpt lat="37.275625" lon="-80.418916"></trkpt>
      <trkpt lat="37.275696" lon="-80.418973"></trkpt>
      <trkpt lat="37.275725" lon="-80.418994"></trkpt>
      <trkpt lat="37.275894" lon="-80.419123"></trkpt>
      <trkpt lat="37.275984" lon="-80.419208"></trkpt>
      <trkpt lat="37.276304" lon="-80.419525"></trkpt>
      <trkpt lat="37.276388" lon="-80.419623"></trkpt>
      <trkpt lat="37.276439" lon="-80.419681"></trkpt>
      <trkpt lat="37.276814" lon="-80.420244"></trkpt>
      <trkpt lat="37.277144" lon="-80.420838"></trkpt>
      <trkpt lat="37.277368" lon="-80.421411"></trkpt>
      <trkpt lat="37.277557" lon="-80.421959"></trkpt>
      <trkpt lat="37.277675" lon="-80.422478"></trkpt>
      <trkpt lat="37.277754" lon="-80.423072"></trkpt>
      <trkpt lat="37.277886" lon="-80.424369"></trkpt>
      <trkpt lat="37.278208" lon="-80.427256"></trkpt>
      <trkpt lat="37.278451" lon="-80.429686"></trkpt>
      <trkpt lat="37.278631" lon="-80.431486"></trkpt>
      <trkpt lat="37.278728" lon="-80.432368"></trkpt>
      <trkpt lat="37.278816" lon="-80.433262"></trkpt>
      <trkpt lat="37.279063" lon="-80.435781"></trkpt>
      <trkpt lat="37.279297" lon="-80.438053"></trkpt>
      <trkpt lat="37.279325" lon="-80.438325"></trkpt>
      <trkpt lat="37.279429" lon="-80.439152"></trkpt>
      <trkpt lat="37.279496" lon="-80.439573"></trkpt>
      <trkpt lat="37.279642" lon="-80.440131"></trkpt>
      <trkpt lat="37.279791" lon="-80.440549"></trkpt>
      <trkpt lat="37.280040" lon="-80.441098"></trkpt>
      <trkpt lat="37.280264" lon="-80.441460"></trkpt>
      <trkpt lat="37.280427" lon="-80.441687"></trkpt>
      <trkpt lat="37.280456" lon="-80.441730"></trkpt>
      <trkpt lat="37.280659" lon="-80.441978"></trkpt>
      <trkpt lat="37.280839" lon="-80.442210"></trkpt>
      <trkpt lat="37.281061" lon="-80.442459"></trkpt>
      <trkpt lat="37.281249" lon="-80.442656"></trkpt>
      <trkpt lat="37.281375" lon="-80.442787"></trkpt>
      <trkpt lat="37.281794" lon="-80.443351"></trkpt>
      <trkpt lat="37.281995" lon="-80.443671"></trkpt>
      <trkpt lat="37.282210" lon="-80.444132"></trkpt>
      <trkpt lat="37.282372" lon="-80.444568"></trkpt>
      <trkpt lat="37.282480" lon="-80.444963"></trkpt>
      <trkpt lat="37.282543" lon="-80.445282"></trkpt>
      <trkpt lat="37.282599" lon="-80.445554"></trkpt>
      <trkpt lat="37.282646" lon="-80.446009"></trkpt>
      <trkpt lat="37.282663" lon="-80.446558"></trkpt>
      <trkpt lat="37.282615" lon="-80.448374"></trkpt>
      <trkpt lat="37.282636" lon="-80.449123"></trkpt>
      <trkpt lat="37.282672" lon="-80.449490"></trkpt>
      <trkpt lat="37.282796" lon="-80.450024"></trkpt>
      <trkpt lat="37.282912" lon="-80.450422"></trkpt>
      <trkpt lat="37.283089" lon="-80.450854"></trkpt>
      <trkpt lat="37.283318" lon="-80.451277"></trkpt>
      <trkpt lat="37.283514" lon="-80.451632"></trkpt>
      <trkpt lat="37.283989" lon="-80.452405"></trkpt>
      <trkpt lat="37.284437" lon="-80.453135"></trkpt>
      <trkpt lat="37.284598" lon="-80.453450"></trkpt>
      <trkpt lat="37.284815" lon="-80.454032"></trkpt>
      <trkpt lat="37.284934" lon="-80.454471"></trkpt>
      <trkpt lat="37.285071" lon="-80.455131"></trkpt>
      <trkpt lat="37.285184" lon="-80.455807"></trkpt>
      <trkpt lat="37.285411" lon="-80.457755"></trkpt>
      <trkpt lat="37.285605" lon="-80.459543"></trkpt>
      <trkpt lat="37.285790" lon="-80.461385"></trkpt>
      <trkpt lat="37.285883" lon="-80.462291"></trkpt>
      <trkpt lat="37.285994" lon="-80.463308"></trkpt>
      <trkpt lat="37.286043" lon="-80.463784"></trkpt>
      <trkpt lat="37.286089" lon="-80.464280"></trkpt>
      <trkpt lat="37.286114" lon="-80.464631"></trkpt>
      <trkpt lat="37.286133" lon="-80.464999"></trkpt>
      <trkpt lat="37.286140" lon="-80.465282"></trkpt>
      <trkpt lat="37.286137" lon="-80.465551"></trkpt>
      <trkpt lat="37.286118" lon="-80.466019"></trkpt>
      <trkpt lat="37.286091" lon="-80.466379"></trkpt>
      <trkpt lat="37.286066" lon="-80.466700"></trkpt>
      <trkpt lat="37.286004" lon="-80.467361"></trkpt>
      <trkpt lat="37.285819" lon="-80.469205"></trkpt>
      <trkpt lat="37.285789" lon="-80.469595"></trkpt>
      <trkpt lat="37.285778" lon="-80.469967"></trkpt>
      <trkpt lat="37.285801" lon="-80.470252"></trkpt>
      <trkpt lat="37.285839" lon="-80.470527"></trkpt>
      <trkpt lat="37.285877" lon="-80.470885"></trkpt>
      <trkpt lat="37.285874" lon="-80.471219"></trkpt>
      <trkpt lat="37.285834" lon="-80.471390"></trkpt>
      <trkpt lat="37.285788" lon="-80.471557"></trkpt>
      <trkpt lat="37.285660" lon="-80.471895"></trkpt>
      <trkpt lat="37.285551" lon="-80.472245"></trkpt>
      <trkpt lat="37.285474" lon="-80.472622"></trkpt>
      <trkpt lat="37.285442" lon="-80.473285"></trkpt>
      <trkpt lat="37.285421" lon="-80.474029"></trkpt>
      <trkpt lat="37.285380" lon="-80.474523"></trkpt>
      <trkpt lat="37.285326" lon="-80.474897"></trkpt>
      <trkpt lat="37.285251" lon="-80.475199"></trkpt>
      <trkpt lat="37.285069" lon="-80.476022"></trkpt>
      <trkpt lat="37.284927" lon="-80.476604"></trkpt>
      <trkpt lat="37.284871" lon="-80.476875"></trkpt>
      <trkpt lat="37.284829" lon="-80.477212"></trkpt>
      <trkpt lat="37.284831" lon="-80.477389"></trkpt>
      <trkpt lat="37.284840" lon="-80.477571"></trkpt>
      <trkpt lat="37.284894" lon="-80.477886"></trkpt>
      <trkpt lat="37.284936" lon="-80.478096"></trkpt>
      <trkpt lat="37.284999" lon="-80.478301"></trkpt>
      <trkpt lat="37.285044" lon="-80.478425"></trkpt>
      <trkpt lat="37.285071" lon="-80.478498"></trkpt>
      <trkpt lat="37.285158" lon="-80.478693"></trkpt>
      <trkpt lat="37.285233" lon="-80.478851"></trkpt>
      <trkpt lat="37.285318" lon="-80.479006"></trkpt>
      <trkpt lat="37.285442" lon="-80.479249"></trkpt>
      <trkpt lat="37.285513" lon="-80.479393"></trkpt>
      <trkpt lat="37.285733" lon="-80.479788"></trkpt>
      <trkpt lat="37.285977" lon="-80.480263"></trkpt>
      <trkpt lat="37.286085" lon="-80.480457"></trkpt>
      <trkpt lat="37.286186" lon="-80.480717"></trkpt>
      <trkpt lat="37.286285" lon="-80.480996"></trkpt>
      <trkpt lat="37.286348" lon="-80.481225"></trkpt>
      <trkpt lat="37.286428" lon="-80.481589"></trkpt>
      <trkpt lat="37.286522" lon="-80.482080"></trkpt>
      <trkpt lat="37.286655" lon="-80.482942"></trkpt>
      <trkpt lat="37.286880" lon="-80.484520"></trkpt>
      <trkpt lat="37.286885" lon="-80.484552"></trkpt>
      <trkpt lat="37.286922" lon="-80.484811"></trkpt>
      <trkpt lat="37.287010" lon="-80.485403"></trkpt>
      <trkpt lat="37.287135" lon="-80.486412"></trkpt>
      <trkpt lat="37.287168" lon="-80.486720"></trkpt>
      <trkpt lat="37.287191" lon="-80.486977"></trkpt>
      <trkpt lat="37.287263" lon="-80.487699"></trkpt>
      <trkpt lat="37.287335" lon="-80.488572"></trkpt>
      <trkpt lat="37.287387" lon="-80.489444"></trkpt>
      <trkpt lat="37.287420" lon="-80.490104"></trkpt>
      <trkpt lat="37.287426" lon="-80.490255"></trkpt>
      <trkpt lat="37.287444" lon="-80.490695"></trkpt>
      <trkpt lat="37.287451" lon="-80.491179"></trkpt>
      <trkpt lat="37.287480" lon="-80.491948"></trkpt>
      <trkpt lat="37.287481" lon="-80.492067"></trkpt>
      <trkpt lat="37.287496" lon="-80.492471"></trkpt>
      <trkpt lat="37.287519" lon="-80.492792"></trkpt>
      <trkpt lat="37.287569" lon="-80.493261"></trkpt>
      <trkpt lat="37.287636" lon="-80.493745"></trkpt>
      <trkpt lat="37.287699" lon="-80.494107"></trkpt>
      <trkpt lat="37.287788" lon="-80.494529"></trkpt>
      <trkpt lat="37.287926" lon="-80.495064"></trkpt>
      <trkpt lat="37.287973" lon="-80.495240"></trkpt>
      <trkpt lat="37.288015" lon="-80.495373"></trkpt>
      <trkpt lat="37.288147" lon="-80.495767"></trkpt>
      <trkpt lat="37.288239" lon="-80.496010"></trkpt>
      <trkpt lat="37.288274" lon="-80.496094"></trkpt>
      <trkpt lat="37.288418" lon="-80.496443"></trkpt>
      <trkpt lat="37.288505" lon="-80.496638"></trkpt>
      <trkpt lat="37.288587" lon="-80.496824"></trkpt>
      <trkpt lat="37.288768" lon="-80.497191"></trkpt>
      <trkpt lat="37.288990" lon="-80.497584"></trkpt>
      <trkpt lat="37.289221" lon="-80.497969"></trkpt>
      <trkpt lat="37.289436" lon="-80.498291"></trkpt>
      <trkpt lat="37.289627" lon="-80.498546"></trkpt>
      <trkpt lat="37.289824" lon="-80.498787"></trkpt>
      <trkpt lat="37.290032" lon="-80.499030"></trkpt>
      <trkpt lat="37.290383" lon="-80.499419"></trkpt>
      <trkpt lat="37.290560" lon="-80.499594"></trkpt>
      <trkpt lat="37.290694" lon="-80.499717"></trkpt>
      <trkpt lat="37.290820" lon="-80.499833"></trkpt>
      <trkpt lat="37.290862" lon="-80.499872"></trkpt>
      <trkpt lat="37.291110" lon="-80.500070"></trkpt>
      <trkpt lat="37.291233" lon="-80.500163"></trkpt>
      <trkpt lat="37.291531" lon="-80.500386"></trkpt>
      <trkpt lat="37.291708" lon="-80.500501"></trkpt>
      <trkpt lat="37.292157" lon="-80.500773"></trkpt>
      <trkpt lat="37.292433" lon="-80.500916"></trkpt>
      <trkpt lat="37.292714" lon="-80.501047"></trkpt>
      <trkpt lat="37.292836" lon="-80.501097"></trkpt>
      <trkpt lat="37.293315" lon="-80.501299"></trkpt>
      <trkpt lat="37.293534" lon="-80.501366"></trkpt>
      <trkpt lat="37.293723" lon="-80.501425"></trkpt>
      <trkpt lat="37.293963" lon="-80.501479"></trkpt>
      <trkpt lat="37.294433" lon="-80.501537"></trkpt>
      <trkpt lat="37.295667" lon="-80.501685"></trkpt>
      <trkpt lat="37.296154" lon="-80.501771"></trkpt>
      <trkpt lat="37.296417" lon="-80.501836"></trkpt>
      <trkpt lat="37.296783" lon="-80.501957"></trkpt>
      <trkpt lat="37.296930" lon="-80.502015"></trkpt>
      <trkpt lat="37.297044" lon="-80.502061"></trkpt>
      <trkpt lat="37.297148" lon="-80.502111"></trkpt>
      <trkpt lat="37.297360" lon="-80.502212"></trkpt>
      <trkpt lat="37.297635" lon="-80.502361"></trkpt>
      <trkpt lat="37.297944" lon="-80.502553"></trkpt>
      <trkpt lat="37.298222" lon="-80.502748"></trkpt>
      <trkpt lat="37.298632" lon="-80.503079"></trkpt>
      <trkpt lat="37.299312" lon="-80.503664"></trkpt>
      <trkpt lat="37.299550" lon="-80.503857"></trkpt>
      <trkpt lat="37.300065" lon="-80.504303"></trkpt>
      <trkpt lat="37.300272" lon="-80.504482"></trkpt>
      <trkpt lat="37.300865" lon="-80.504991"></trkpt>
      <trkpt lat="37.301923" lon="-80.505899"></trkpt>
      <trkpt lat="37.302760" lon="-80.506606"></trkpt>
      <trkpt lat="37.302963" lon="-80.506792"></trkpt>
      <trkpt lat="37.303930" lon="-80.507608"></trkpt>
      <trkpt lat="37.304018" lon="-80.507686"></trkpt>
      <trkpt lat="37.304121" lon="-80.507777"></trkpt>
      <trkpt lat="37.304307" lon="-80.507955"></trkpt>
      <trkpt lat="37.304665" lon="-80.508330"></trkpt>
      <trkpt lat="37.304881" lon="-80.508574"></trkpt>
      <trkpt lat="37.305087" lon="-80.508832"></trkpt>
      <trkpt lat="37.305293" lon="-80.509118"></trkpt>
      <trkpt lat="37.305504" lon="-80.509439"></trkpt>
      <trkpt lat="37.305665" lon="-80.509703"></trkpt>
      <trkpt lat="37.305885" lon="-80.510096"></trkpt>
      <trkpt lat="37.306042" lon="-80.510406"></trkpt>
      <trkpt lat="37.306187" lon="-80.510724"></trkpt>
      <trkpt lat="37.306348" lon="-80.511126"></trkpt>
      <trkpt lat="37.306481" lon="-80.511505"></trkpt>
      <trkpt lat="37.306600" lon="-80.511890"></trkpt>
      <trkpt lat="37.306706" lon="-80.512282"></trkpt>
      <trkpt lat="37.306731" lon="-80.512394"></trkpt>
      <trkpt lat="37.306777" lon="-80.512593"></trkpt>
      <trkpt lat="37.306796" lon="-80.512673"></trkpt>
      <trkpt lat="37.306870" lon="-80.513059"></trkpt>
      <trkpt lat="37.306916" lon="-80.513360"></trkpt>
      <trkpt lat="37.306930" lon="-80.513448"></trkpt>
      <trkpt lat="37.306976" lon="-80.513841"></trkpt>
      <trkpt lat="37.307000" lon="-80.514168"></trkpt>
      <trkpt lat="37.307017" lon="-80.514581"></trkpt>
      <trkpt lat="37.307020" lon="-80.514995"></trkpt>
      <trkpt lat="37.307005" lon="-80.515470"></trkpt>
      <trkpt lat="37.306978" lon="-80.515857"></trkpt>
      <trkpt lat="37.306941" lon="-80.516195"></trkpt>
      <trkpt lat="37.306911" lon="-80.516436"></trkpt>
      <trkpt lat="37.306867" lon="-80.516731"></trkpt>
      <trkpt lat="37.306812" lon="-80.517007"></trkpt>
      <trkpt lat="37.306697" lon="-80.517513"></trkpt>
      <trkpt lat="37.306594" lon="-80.517913"></trkpt>
      <trkpt lat="37.305868" lon="-80.520201"></trkpt>
      <trkpt lat="37.305707" lon="-80.520717"></trkpt>
      <trkpt lat="37.305550" lon="-80.521221"></trkpt>
      <trkpt lat="37.305533" lon="-80.521277"></trkpt>
      <trkpt lat="37.305522" lon="-80.521312"></trkpt>
      <trkpt lat="37.305120" lon="-80.522558"></trkpt>
      <trkpt lat="37.304820" lon="-80.523513"></trkpt>
      <trkpt lat="37.304723" lon="-80.523821"></trkpt>
      <trkpt lat="37.304400" lon="-80.524833"></trkpt>
      <trkpt lat="37.304120" lon="-80.525707"></trkpt>
      <trkpt lat="37.303817" lon="-80.526686"></trkpt>
      <trkpt lat="37.303751" lon="-80.526880"></trkpt>
      <trkpt lat="37.303595" lon="-80.527369"></trkpt>
      <trkpt lat="37.303423" lon="-80.527971"></trkpt>
      <trkpt lat="37.303389" lon="-80.528097"></trkpt>
      <trkpt lat="37.303320" lon="-80.528349"></trkpt>
      <trkpt lat="37.303278" lon="-80.528504"></trkpt>
      <trkpt lat="37.303247" lon="-80.528633"></trkpt>
      <trkpt lat="37.303168" lon="-80.528957"></trkpt>
      <trkpt lat="37.303114" lon="-80.529181"></trkpt>
      <trkpt lat="37.302953" lon="-80.529894"></trkpt>
      <trkpt lat="37.302833" lon="-80.530479"></trkpt>
      <trkpt lat="37.302820" lon="-80.530554"></trkpt>
      <trkpt lat="37.302714" lon="-80.531149"></trkpt>
      <trkpt lat="37.302573" lon="-80.532040"></trkpt>
      <trkpt lat="37.302489" lon="-80.532670"></trkpt>
      <trkpt lat="37.302381" lon="-80.533695"></trkpt>
      <trkpt lat="37.302283" lon="-80.534622"></trkpt>
      <trkpt lat="37.302243" lon="-80.535032"></trkpt>
      <trkpt lat="37.302226" lon="-80.535212"></trkpt>
      <trkpt lat="37.302191" lon="-80.535552"></trkpt>
      <trkpt lat="37.302138" lon="-80.536065"></trkpt>
      <trkpt lat="37.302049" lon="-80.537145"></trkpt>
      <trkpt lat="37.301992" lon="-80.537971"></trkpt>
      <trkpt lat="37.301977" lon="-80.538238"></trkpt>
      <trkpt lat="37.301948" lon="-80.538781"></trkpt>
      <trkpt lat="37.301930" lon="-80.539343"></trkpt>
      <trkpt lat="37.301912" lon="-80.540315"></trkpt>
      <trkpt lat="37.301909" lon="-80.540498"></trkpt>
      <trkpt lat="37.301892" lon="-80.541800"></trkpt>
      <trkpt lat="37.301869" lon="-80.544250"></trkpt>
      <trkpt lat="37.301859" lon="-80.545531"></trkpt>
      <trkpt lat="37.301856" lon="-80.545881"></trkpt>
      <trkpt lat="37.301840" lon="-80.546491"></trkpt>
      <trkpt lat="37.301815" lon="-80.546994"></trkpt>
      <trkpt lat="37.301780" lon="-80.547542"></trkpt>
      <trkpt lat="37.301679" lon="-80.548726"></trkpt>
      <trkpt lat="37.301663" lon="-80.548900"></trkpt>
      <trkpt lat="37.301660" lon="-80.548926"></trkpt>
      <trkpt lat="37.301630" lon="-80.549167"></trkpt>
      <trkpt lat="37.301400" lon="-80.550892"></trkpt>
      <trkpt lat="37.301186" lon="-80.552434"></trkpt>
      <trkpt lat="37.300942" lon="-80.554158"></trkpt>
      <trkpt lat="37.300816" lon="-80.555099"></trkpt>
      <trkpt lat="37.300570" lon="-80.556819"></trkpt>
      <trkpt lat="37.300529" lon="-80.557106"></trkpt>
      <trkpt lat="37.300498" lon="-80.557328"></trkpt>
      <trkpt lat="37.300475" lon="-80.557509"></trkpt>
      <trkpt lat="37.300381" lon="-80.558251"></trkpt>
      <trkpt lat="37.300343" lon="-80.558723"></trkpt>
      <trkpt lat="37.300337" lon="-80.558883"></trkpt>
      <trkpt lat="37.300333" lon="-80.559018"></trkpt>
      <trkpt lat="37.300329" lon="-80.559133"></trkpt>
      <trkpt lat="37.300325" lon="-80.559455"></trkpt>
      <trkpt lat="37.300327" lon="-80.559654"></trkpt>
      <trkpt lat="37.300343" lon="-80.560049"></trkpt>
      <trkpt lat="37.300377" lon="-80.560556"></trkpt>
      <trkpt lat="37.300422" lon="-80.560982"></trkpt>
      <trkpt lat="37.300539" lon="-80.561798"></trkpt>
      <trkpt lat="37.300784" lon="-80.563484"></trkpt>
      <trkpt lat="37.300914" lon="-80.564430"></trkpt>
      <trkpt lat="37.301100" lon="-80.565662"></trkpt>
      <trkpt lat="37.301165" lon="-80.566029"></trkpt>
      <trkpt lat="37.301243" lon="-80.566392"></trkpt>
      <trkpt lat="37.301324" lon="-80.566702"></trkpt>
      <trkpt lat="37.301394" lon="-80.566939"></trkpt>
      <trkpt lat="37.301526" lon="-80.567356"></trkpt>
      <trkpt lat="37.301700" lon="-80.567836"></trkpt>
      <trkpt lat="37.301954" lon="-80.568456"></trkpt>
      <trkpt lat="37.302156" lon="-80.568827"></trkpt>
      <trkpt lat="37.302295" lon="-80.569063"></trkpt>
      <trkpt lat="37.302514" lon="-80.569405"></trkpt>
      <trkpt lat="37.302735" lon="-80.569737"></trkpt>
      <trkpt lat="37.302890" lon="-80.569949"></trkpt>
      <trkpt lat="37.303094" lon="-80.570204"></trkpt>
      <trkpt lat="37.303609" lon="-80.570789"></trkpt>
      <trkpt lat="37.303745" lon="-80.570937"></trkpt>
      <trkpt lat="37.304096" lon="-80.571321"></trkpt>
      <trkpt lat="37.304576" lon="-80.571862"></trkpt>
      <trkpt lat="37.305038" lon="-80.572398"></trkpt>
      <trkpt lat="37.305462" lon="-80.572911"></trkpt>
      <trkpt lat="37.305740" lon="-80.573261"></trkpt>
      <trkpt lat="37.306170" lon="-80.573810"></trkpt>
      <trkpt lat="37.306923" lon="-80.574770"></trkpt>
      <trkpt lat="37.307325" lon="-80.575281"></trkpt>
      <trkpt lat="37.308035" lon="-80.576199"></trkpt>
      <trkpt lat="37.308972" lon="-80.577388"></trkpt>
      <trkpt lat="37.310684" lon="-80.579595"></trkpt>
      <trkpt lat="37.311407" lon="-80.580519"></trkpt>
      <trkpt lat="37.312304" lon="-80.581677"></trkpt>
      <trkpt lat="37.312936" lon="-80.582486"></trkpt>
      <trkpt lat="37.313469" lon="-80.583177"></trkpt>
      <trkpt lat="37.313834" lon="-80.583645"></trkpt>
      <trkpt lat="37.314525" lon="-80.584532"></trkpt>
      <trkpt lat="37.315188" lon="-80.585390"></trkpt>
      <trkpt lat="37.315241" lon="-80.585458"></trkpt>
      <trkpt lat="37.315803" lon="-80.586172"></trkpt>
      <trkpt lat="37.316348" lon="-80.586854"></trkpt>
      <trkpt lat="37.316785" lon="-80.587372"></trkpt>
      <trkpt lat="37.317323" lon="-80.587986"></trkpt>
      <trkpt lat="37.317705" lon="-80.588405"></trkpt>
      <trkpt lat="37.318371" lon="-80.589101"></trkpt>
      <trkpt lat="37.318513" lon="-80.589240"></trkpt>
      <trkpt lat="37.319290" lon="-80.590008"></trkpt>
      <trkpt lat="37.319654" lon="-80.590399"></trkpt>
      <trkpt lat="37.319797" lon="-80.590568"></trkpt>
      <trkpt lat="37.320001" lon="-80.590850"></trkpt>
      <trkpt lat="37.320224" lon="-80.591196"></trkpt>
      <trkpt lat="37.320271" lon="-80.591280"></trkpt>
      <trkpt lat="37.320360" lon="-80.591438"></trkpt>
      <trkpt lat="37.320513" lon="-80.591752"></trkpt>
      <trkpt lat="37.320651" lon="-80.592082"></trkpt>
      <trkpt lat="37.320757" lon="-80.592379"></trkpt>
      <trkpt lat="37.320850" lon="-80.592670"></trkpt>
      <trkpt lat="37.320941" lon="-80.593049"></trkpt>
      <trkpt lat="37.320998" lon="-80.593317"></trkpt>
      <trkpt lat="37.321056" lon="-80.593652"></trkpt>
      <trkpt lat="37.321066" lon="-80.593711"></trkpt>
      <trkpt lat="37.321451" lon="-80.596622"></trkpt>
      <trkpt lat="37.321525" lon="-80.597309"></trkpt>
      <trkpt lat="37.321563" lon="-80.597765"></trkpt>
      <trkpt lat="37.321595" lon="-80.598566"></trkpt>
      <trkpt lat="37.321601" lon="-80.598874"></trkpt>
      <trkpt lat="37.321597" lon="-80.599383"></trkpt>
      <trkpt lat="37.321579" lon="-80.599879"></trkpt>
      <trkpt lat="37.321534" lon="-80.600501"></trkpt>
      <trkpt lat="37.321374" lon="-80.602198"></trkpt>
      <trkpt lat="37.321363" lon="-80.602308"></trkpt>
      <trkpt lat="37.321323" lon="-80.602705"></trkpt>
      <trkpt lat="37.321249" lon="-80.603483"></trkpt>
      <trkpt lat="37.321206" lon="-80.603939"></trkpt>
      <trkpt lat="37.321116" lon="-80.604881"></trkpt>
      <trkpt lat="37.321094" lon="-80.605097"></trkpt>
      <trkpt lat="37.321037" lon="-80.605565"></trkpt>
      <trkpt lat="37.321001" lon="-80.605802"></trkpt>
      <trkpt lat="37.320945" lon="-80.606117"></trkpt>
      <trkpt lat="37.320865" lon="-80.606475"></trkpt>
      <trkpt lat="37.320806" lon="-80.606698"></trkpt>
      <trkpt lat="37.320710" lon="-80.607011"></trkpt>
      <trkpt lat="37.320600" lon="-80.607327"></trkpt>
      <trkpt lat="37.320414" lon="-80.607789"></trkpt>
      <trkpt lat="37.320345" lon="-80.607961"></trkpt>
      <trkpt lat="37.320029" lon="-80.608693"></trkpt>
      <trkpt lat="37.319709" lon="-80.609472"></trkpt>
      <trkpt lat="37.319594" lon="-80.609788"></trkpt>
      <trkpt lat="37.319529" lon="-80.610004"></trkpt>
      <trkpt lat="37.319493" lon="-80.610141"></trkpt>
      <trkpt lat="37.319486" lon="-80.610169"></trkpt>
      <trkpt lat="37.319414" lon="-80.610505"></trkpt>
      <trkpt lat="37.319368" lon="-80.610792"></trkpt>
      <trkpt lat="37.319341" lon="-80.611023"></trkpt>
      <trkpt lat="37.319325" lon="-80.611244"></trkpt>
      <trkpt lat="37.319320" lon="-80.611314"></trkpt>
      <trkpt lat="37.319314" lon="-80.611585"></trkpt>
      <trkpt lat="37.319324" lon="-80.611851"></trkpt>
      <trkpt lat="37.319403" lon="-80.612634"></trkpt>
      <trkpt lat="37.319463" lon="-80.613193"></trkpt>
      <trkpt lat="37.319488" lon="-80.613547"></trkpt>
      <trkpt lat="37.319499" lon="-80.613903"></trkpt>
      <trkpt lat="37.319496" lon="-80.614159"></trkpt>
      <trkpt lat="37.319479" lon="-80.614480"></trkpt>
      <trkpt lat="37.319334" lon="-80.615909"></trkpt>
      <trkpt lat="37.319314" lon="-80.616123"></trkpt>
      <trkpt lat="37.319259" lon="-80.616894"></trkpt>
      <trkpt lat="37.319227" lon="-80.617991"></trkpt>
      <trkpt lat="37.319219" lon="-80.618142"></trkpt>
      <trkpt lat="37.319208" lon="-80.618476"></trkpt>
      <trkpt lat="37.319209" lon="-80.618545"></trkpt>
      <trkpt lat="37.319223" lon="-80.618811"></trkpt>
      <trkpt lat="37.319275" lon="-80.619510"></trkpt>
      <trkpt lat="37.319324" lon="-80.619928"></trkpt>
      <trkpt lat="37.319399" lon="-80.620443"></trkpt>
      <trkpt lat="37.319480" lon="-80.620897"></trkpt>
      <trkpt lat="37.319550" lon="-80.621296"></trkpt>
      <trkpt lat="37.319635" lon="-80.621640"></trkpt>
      <trkpt lat="37.319691" lon="-80.621874"></trkpt>
      <trkpt lat="37.319885" lon="-80.622584"></trkpt>
      <trkpt lat="37.320024" lon="-80.623055"></trkpt>
      <trkpt lat="37.320154" lon="-80.623455"></trkpt>
      <trkpt lat="37.320377" lon="-80.624065"></trkpt>
      <trkpt lat="37.320493" lon="-80.624408"></trkpt>
      <trkpt lat="37.320575" lon="-80.624649"></trkpt>
      <trkpt lat="37.320624" lon="-80.624831"></trkpt>
      <trkpt lat="37.320661" lon="-80.624993"></trkpt>
      <trkpt lat="37.320681" lon="-80.625078"></trkpt>
      <trkpt lat="37.320717" lon="-80.625265"></trkpt>
      <trkpt lat="37.320754" lon="-80.625519"></trkpt>
      <trkpt lat="37.320787" lon="-80.625838"></trkpt>
      <trkpt lat="37.320801" lon="-80.626093"></trkpt>
      <trkpt lat="37.320804" lon="-80.626410"></trkpt>
      <trkpt lat="37.320794" lon="-80.626686"></trkpt>
      <trkpt lat="37.320783" lon="-80.626852"></trkpt>
      <trkpt lat="37.320760" lon="-80.627054"></trkpt>
      <trkpt lat="37.320706" lon="-80.627401"></trkpt>
      <trkpt lat="37.320582" lon="-80.628007"></trkpt>
      <trkpt lat="37.320543" lon="-80.628221"></trkpt>
      <trkpt lat="37.320491" lon="-80.628512"></trkpt>
      <trkpt lat="37.320463" lon="-80.628712"></trkpt>
      <trkpt lat="37.320444" lon="-80.628960"></trkpt>
      <trkpt lat="37.320439" lon="-80.629209"></trkpt>
      <trkpt lat="37.320448" lon="-80.629438"></trkpt>
      <trkpt lat="37.320545" lon="-80.630487"></trkpt>
      <trkpt lat="37.320588" lon="-80.630974"></trkpt>
      <trkpt lat="37.320605" lon="-80.631145"></trkpt>
      <trkpt lat="37.320664" lon="-80.631756"></trkpt>
      <trkpt lat="37.320717" lon="-80.632223"></trkpt>
      <trkpt lat="37.320786" lon="-80.632664"></trkpt>
      <trkpt lat="37.320855" lon="-80.633015"></trkpt>
      <trkpt lat="37.320973" lon="-80.633575"></trkpt>
      <trkpt lat="37.321147" lon="-80.634456"></trkpt>
      <trkpt lat="37.321183" lon="-80.634719"></trkpt>
      <trkpt lat="37.321208" lon="-80.635084"></trkpt>
      <trkpt lat="37.321208" lon="-80.635348"></trkpt>
      <trkpt lat="37.321193" lon="-80.635608"></trkpt>
      <trkpt lat="37.321164" lon="-80.635867"></trkpt>
      <trkpt lat="37.321090" lon="-80.636635"></trkpt>
      <trkpt lat="37.321016" lon="-80.637069"></trkpt>
      <trkpt lat="37.320938" lon="-80.637546"></trkpt>
      <trkpt lat="37.320764" lon="-80.638755"></trkpt>
      <trkpt lat="37.320721" lon="-80.639075"></trkpt>
      <trkpt lat="37.320686" lon="-80.639303"></trkpt>
      <trkpt lat="37.320660" lon="-80.639470"></trkpt>
      <trkpt lat="37.320633" lon="-80.639706"></trkpt>
      <trkpt lat="37.320614" lon="-80.640003"></trkpt>
      <trkpt lat="37.320612" lon="-80.640230"></trkpt>
      <trkpt lat="37.320621" lon="-80.640469"></trkpt>
      <trkpt lat="37.320622" lon="-80.640510"></trkpt>
      <trkpt lat="37.320648" lon="-80.640788"></trkpt>
      <trkpt lat="37.320678" lon="-80.641000"></trkpt>
      <trkpt lat="37.320750" lon="-80.641416"></trkpt>
      <trkpt lat="37.320785" lon="-80.641648"></trkpt>
      <trkpt lat="37.320810" lon="-80.641882"></trkpt>
      <trkpt lat="37.320816" lon="-80.642057"></trkpt>
      <trkpt lat="37.320807" lon="-80.642321"></trkpt>
      <trkpt lat="37.320783" lon="-80.642539"></trkpt>
      <trkpt lat="37.320751" lon="-80.642713"></trkpt>
      <trkpt lat="37.320708" lon="-80.642884"></trkpt>
      <trkpt lat="37.320642" lon="-80.643092"></trkpt>
      <trkpt lat="37.320579" lon="-80.643253"></trkpt>
      <trkpt lat="37.320489" lon="-80.643446"></trkpt>
      <trkpt lat="37.320420" lon="-80.643560"></trkpt>
      <trkpt lat="37.320392" lon="-80.643606"></trkpt>
      <trkpt lat="37.320261" lon="-80.643795"></trkpt>
      <trkpt lat="37.320120" lon="-80.643972"></trkpt>
      <trkpt lat="37.319968" lon="-80.644136"></trkpt>
      <trkpt lat="37.319918" lon="-80.644217"></trkpt>
      <trkpt lat="37.319826" lon="-80.644342"></trkpt>
      <trkpt lat="37.319637" lon="-80.644558"></trkpt>
      <trkpt lat="37.319371" lon="-80.644879"></trkpt>
      <trkpt lat="37.319141" lon="-80.645181"></trkpt>
      <trkpt lat="37.319019" lon="-80.645368"></trkpt>
      <trkpt lat="37.318931" lon="-80.645525"></trkpt>
      <trkpt lat="37.318832" lon="-80.645731"></trkpt>
      <trkpt lat="37.318762" lon="-80.645902"></trkpt>
      <trkpt lat="37.318717" lon="-80.646041"></trkpt>
      <trkpt lat="37.318654" lon="-80.646285"></trkpt>
      <trkpt lat="37.318604" lon="-80.646533"></trkpt>
      <trkpt lat="37.318569" lon="-80.646785"></trkpt>
      <trkpt lat="37.318515" lon="-80.647473"></trkpt>
      <trkpt lat="37.318501" lon="-80.647699"></trkpt>
      <trkpt lat="37.318388" lon="-80.649484"></trkpt>
      <trkpt lat="37.318247" lon="-80.651669"></trkpt>
      <trkpt lat="37.318234" lon="-80.651995"></trkpt>
      <trkpt lat="37.318236" lon="-80.652408"></trkpt>
      <trkpt lat="37.318244" lon="-80.652560"></trkpt>
      <trkpt lat="37.318262" lon="-80.652763"></trkpt>
      <trkpt lat="37.318296" lon="-80.653014"></trkpt>
      <trkpt lat="37.318356" lon="-80.653311"></trkpt>
      <trkpt lat="37.318421" lon="-80.653553"></trkpt>
      <trkpt lat="37.318515" lon="-80.653839"></trkpt>
      <trkpt lat="37.318608" lon="-80.654077"></trkpt>
      <trkpt lat="37.318713" lon="-80.654307"></trkpt>
      <trkpt lat="37.318831" lon="-80.654526"></trkpt>
      <trkpt lat="37.318988" lon="-80.654776"></trkpt>
      <trkpt lat="37.319791" lon="-80.655848"></trkpt>
      <trkpt lat="37.319981" lon="-80.656102"></trkpt>
      <trkpt lat="37.320202" lon="-80.656428"></trkpt>
      <trkpt lat="37.320373" lon="-80.656713"></trkpt>
      <trkpt lat="37.320534" lon="-80.657008"></trkpt>
      <trkpt lat="37.320676" lon="-80.657304"></trkpt>
      <trkpt lat="37.320830" lon="-80.657670"></trkpt>
      <trkpt lat="37.320925" lon="-80.657929"></trkpt>
      <trkpt lat="37.321013" lon="-80.658199"></trkpt>
      <trkpt lat="37.321126" lon="-80.658605"></trkpt>
      <trkpt lat="37.321200" lon="-80.658911"></trkpt>
      <trkpt lat="37.321247" lon="-80.659171"></trkpt>
      <trkpt lat="37.321273" lon="-80.659388"></trkpt>
      <trkpt lat="37.321298" lon="-80.659590"></trkpt>
      <trkpt lat="37.321376" lon="-80.660349"></trkpt>
      <trkpt lat="37.321428" lon="-80.660998"></trkpt>
      <trkpt lat="37.321492" lon="-80.661700"></trkpt>
      <trkpt lat="37.321558" lon="-80.662475"></trkpt>
      <trkpt lat="37.321593" lon="-80.662912"></trkpt>
      <trkpt lat="37.321640" lon="-80.663506"></trkpt>
      <trkpt lat="37.321685" lon="-80.663959"></trkpt>
      <trkpt lat="37.321770" lon="-80.665057"></trkpt>
      <trkpt lat="37.321840" lon="-80.665797"></trkpt>
      <trkpt lat="37.321861" lon="-80.666003"></trkpt>
      <trkpt lat="37.321935" lon="-80.666632"></trkpt>
      <trkpt lat="37.322007" lon="-80.667001"></trkpt>
      <trkpt lat="37.322082" lon="-80.667303"></trkpt>
      <trkpt lat="37.322153" lon="-80.667540"></trkpt>
      <trkpt lat="37.322253" lon="-80.667830"></trkpt>
      <trkpt lat="37.322360" lon="-80.668087"></trkpt>
      <trkpt lat="37.322453" lon="-80.668281"></trkpt>
      <trkpt lat="37.322580" lon="-80.668516"></trkpt>
      <trkpt lat="37.322719" lon="-80.668741"></trkpt>
      <trkpt lat="37.322837" lon="-80.668913"></trkpt>
      <trkpt lat="37.322994" lon="-80.669117"></trkpt>
      <trkpt lat="37.323195" lon="-80.669345"></trkpt>
      <trkpt lat="37.323348" lon="-80.669496"></trkpt>
      <trkpt lat="37.323368" lon="-80.669514"></trkpt>
      <trkpt lat="37.323589" lon="-80.669707"></trkpt>
      <trkpt lat="37.323889" lon="-80.669940"></trkpt>
      <trkpt lat="37.324201" lon="-80.670140"></trkpt>
      <trkpt lat="37.325102" lon="-80.670696"></trkpt>
      <trkpt lat="37.325336" lon="-80.670841"></trkpt>
      <trkpt lat="37.326549" lon="-80.671593"></trkpt>
      <trkpt lat="37.326915" lon="-80.671813"></trkpt>
      <trkpt lat="37.327781" lon="-80.672360"></trkpt>
      <trkpt lat="37.327992" lon="-80.672515"></trkpt>
      <trkpt lat="37.328196" lon="-80.672686"></trkpt>
      <trkpt lat="37.328392" lon="-80.672871"></trkpt>
      <trkpt lat="37.328543" lon="-80.673033"></trkpt>
      <trkpt lat="37.328729" lon="-80.673257"></trkpt>
      <trkpt lat="37.328905" lon="-80.673495"></trkpt>
      <trkpt lat="37.329069" lon="-80.673745"></trkpt>
      <trkpt lat="37.329222" lon="-80.674006"></trkpt>
      <trkpt lat="37.329309" lon="-80.674176"></trkpt>
      <trkpt lat="37.329449" lon="-80.674494"></trkpt>
      <trkpt lat="37.329576" lon="-80.674820"></trkpt>
      <trkpt lat="37.329690" lon="-80.675154"></trkpt>
      <trkpt lat="37.329847" lon="-80.675683"></trkpt>
      <trkpt lat="37.331079" lon="-80.679947"></trkpt>
      <trkpt lat="37.331456" lon="-80.681135"></trkpt>
      <trkpt lat="37.331674" lon="-80.681934"></trkpt>
      <trkpt lat="37.331789" lon="-80.682433"></trkpt>
      <trkpt lat="37.331885" lon="-80.682913"></trkpt>
      <trkpt lat="37.331965" lon="-80.683381"></trkpt>
      <trkpt lat="37.332030" lon="-80.683853"></trkpt>
      <trkpt lat="37.332080" lon="-80.684328"></trkpt>
      <trkpt lat="37.332117" lon="-80.684834"></trkpt>
      <trkpt lat="37.332140" lon="-80.685360"></trkpt>
      <trkpt lat="37.332148" lon="-80.685887"></trkpt>
      <trkpt lat="37.332141" lon="-80.686414"></trkpt>
      <trkpt lat="37.332097" lon="-80.687212"></trkpt>
      <trkpt lat="37.332026" lon="-80.688260"></trkpt>
      <trkpt lat="37.331994" lon="-80.688890"></trkpt>
      <trkpt lat="37.331976" lon="-80.689520"></trkpt>
      <trkpt lat="37.331977" lon="-80.689787"></trkpt>
      <trkpt lat="37.331985" lon="-80.690018"></trkpt>
      <trkpt lat="37.331995" lon="-80.690321"></trkpt>
      <trkpt lat="37.332033" lon="-80.690852"></trkpt>
      <trkpt lat="37.332072" lon="-80.691220"></trkpt>
      <trkpt lat="37.332139" lon="-80.691731"></trkpt>
      <trkpt lat="37.332221" lon="-80.692239"></trkpt>
      <trkpt lat="37.332364" lon="-80.692903"></trkpt>
      <trkpt lat="37.332539" lon="-80.693621"></trkpt>
      <trkpt lat="37.332676" lon="-80.694081"></trkpt>
      <trkpt lat="37.333203" lon="-80.695709"></trkpt>
      <trkpt lat="37.333726" lon="-80.697285"></trkpt>
      <trkpt lat="37.333955" lon="-80.697991"></trkpt>
      <trkpt lat="37.334216" lon="-80.698794"></trkpt>
      <trkpt lat="37.334601" lon="-80.699954"></trkpt>
      <trkpt lat="37.334890" lon="-80.700847"></trkpt>
      <trkpt lat="37.335365" lon="-80.702294"></trkpt>
      <trkpt lat="37.335897" lon="-80.703893"></trkpt>
      <trkpt lat="37.336223" lon="-80.704903"></trkpt>
      <trkpt lat="37.336374" lon="-80.705354"></trkpt>
      <trkpt lat="37.336467" lon="-80.705634"></trkpt>
      <trkpt lat="37.336758" lon="-80.706555"></trkpt>
      <trkpt lat="37.337041" lon="-80.707497"></trkpt>
      <trkpt lat="37.337262" lon="-80.708274"></trkpt>
      <trkpt lat="37.337526" lon="-80.709251"></trkpt>
      <trkpt lat="37.337761" lon="-80.710191"></trkpt>
      <trkpt lat="37.338042" lon="-80.711370"></trkpt>
      <trkpt lat="37.338236" lon="-80.712261"></trkpt>
      <trkpt lat="37.338465" lon="-80.713379"></trkpt>
      <trkpt lat="37.338890" lon="-80.715675"></trkpt>
      <trkpt lat="37.339064" lon="-80.716669"></trkpt>
      <trkpt lat="37.339121" lon="-80.716994"></trkpt>
      <trkpt lat="37.339203" lon="-80.717566"></trkpt>
      <trkpt lat="37.339268" lon="-80.718148"></trkpt>
      <trkpt lat="37.339334" lon="-80.718841"></trkpt>
      <trkpt lat="37.339374" lon="-80.719464"></trkpt>
      <trkpt lat="37.339385" lon="-80.719733"></trkpt>
      <trkpt lat="37.339399" lon="-80.720242"></trkpt>
      <trkpt lat="37.339404" lon="-80.720912"></trkpt>
      <trkpt lat="37.339396" lon="-80.721456"></trkpt>
      <trkpt lat="37.339371" lon="-80.722023"></trkpt>
      <trkpt lat="37.339342" lon="-80.722511"></trkpt>
      <trkpt lat="37.339331" lon="-80.722701"></trkpt>
      <trkpt lat="37.339296" lon="-80.723090"></trkpt>
      <trkpt lat="37.339220" lon="-80.723781"></trkpt>
      <trkpt lat="37.339171" lon="-80.724146"></trkpt>
      <trkpt lat="37.339127" lon="-80.724476"></trkpt>
      <trkpt lat="37.339003" lon="-80.725201"></trkpt>
      <trkpt lat="37.338885" lon="-80.725795"></trkpt>
      <trkpt lat="37.338753" lon="-80.726385"></trkpt>
      <trkpt lat="37.337918" lon="-80.729674"></trkpt>
      <trkpt lat="37.337536" lon="-80.731138"></trkpt>
      <trkpt lat="37.337385" lon="-80.731716"></trkpt>
      <trkpt lat="37.337259" lon="-80.732217"></trkpt>
      <trkpt lat="37.337023" lon="-80.733153"></trkpt>
      <trkpt lat="37.337001" lon="-80.733248"></trkpt>
      <trkpt lat="37.336838" lon="-80.733939"></trkpt>
      <trkpt lat="37.336734" lon="-80.734413"></trkpt>
      <trkpt lat="37.336647" lon="-80.734839"></trkpt>
      <trkpt lat="37.336553" lon="-80.735301"></trkpt>
      <trkpt lat="37.336359" lon="-80.736335"></trkpt>
      <trkpt lat="37.336177" lon="-80.737460"></trkpt>
      <trkpt lat="37.335933" lon="-80.739201"></trkpt>
      <trkpt lat="37.335532" lon="-80.742066"></trkpt>
      <trkpt lat="37.335493" lon="-80.742343"></trkpt>
      <trkpt lat="37.335079" lon="-80.745305"></trkpt>
      <trkpt lat="37.334983" lon="-80.745991"></trkpt>
      <trkpt lat="37.334920" lon="-80.746494"></trkpt>
      <trkpt lat="37.334862" lon="-80.747076"></trkpt>
      <trkpt lat="37.334854" lon="-80.747224"></trkpt>
      <trkpt lat="37.334839" lon="-80.747495"></trkpt>
      <trkpt lat="37.334831" lon="-80.747914"></trkpt>
      <trkpt lat="37.334839" lon="-80.748400"></trkpt>
      <trkpt lat="37.334858" lon="-80.748774"></trkpt>
      <trkpt lat="37.334900" lon="-80.749222"></trkpt>
      <trkpt lat="37.334962" lon="-80.749677"></trkpt>
      <trkpt lat="37.335028" lon="-80.750072"></trkpt>
      <trkpt lat="37.335109" lon="-80.750463"></trkpt>
      <trkpt lat="37.335191" lon="-80.750823"></trkpt>
      <trkpt lat="37.335217" lon="-80.750919"></trkpt>
      <trkpt lat="37.335285" lon="-80.751167"></trkpt>
      <trkpt lat="37.335330" lon="-80.751316"></trkpt>
      <trkpt lat="37.335449" lon="-80.751674"></trkpt>
      <trkpt lat="37.335584" lon="-80.752047"></trkpt>
      <trkpt lat="37.335733" lon="-80.752411"></trkpt>
      <trkpt lat="37.335953" lon="-80.752892"></trkpt>
      <trkpt lat="37.336118" lon="-80.753217"></trkpt>
      <trkpt lat="37.336295" lon="-80.753531"></trkpt>
      <trkpt lat="37.336520" lon="-80.753895"></trkpt>
      <trkpt lat="37.336715" lon="-80.754187"></trkpt>
      <trkpt lat="37.336921" lon="-80.754467"></trkpt>
      <trkpt lat="37.337273" lon="-80.754895"></trkpt>
      <trkpt lat="37.337504" lon="-80.755155"></trkpt>
      <trkpt lat="37.337745" lon="-80.755401"></trkpt>
      <trkpt lat="37.337794" lon="-80.755450"></trkpt>
      <trkpt lat="37.338286" lon="-80.755896"></trkpt>
      <trkpt lat="37.341197" lon="-80.758556"></trkpt>
      <trkpt lat="37.341482" lon="-80.758807"></trkpt>
      <trkpt lat="37.341702" lon="-80.758954"></trkpt>
      <trkpt lat="37.342148" lon="-80.759181"></trkpt>
      <trkpt lat="37.342431" lon="-80.759272"></trkpt>
      <trkpt lat="37.342701" lon="-80.759311"></trkpt>
      <trkpt lat="37.342942" lon="-80.759328"></trkpt>
      <trkpt lat="37.343225" lon="-80.759313"></trkpt>
      <trkpt lat="37.343314" lon="-80.759308"></trkpt>
      <trkpt lat="37.343493" lon="-80.759294"></trkpt>
      <trkpt lat="37.343613" lon="-80.759284"></trkpt>
      <trkpt lat="37.343838" lon="-80.759266"></trkpt>
      <trkpt lat="37.343958" lon="-80.759256"></trkpt>
      <trkpt lat="37.345287" lon="-80.759149"></trkpt>
      <trkpt lat="37.345478" lon="-80.759139"></trkpt>
      <trkpt lat="37.345707" lon="-80.759150"></trkpt>
      <trkpt lat="37.345860" lon="-80.759171"></trkpt>
      <trkpt lat="37.345996" lon="-80.759200"></trkpt>
      <trkpt lat="37.346107" lon="-80.759233"></trkpt>
      <trkpt lat="37.346243" lon="-80.759289"></trkpt>
      <trkpt lat="37.346447" lon="-80.759406"></trkpt>
      <trkpt lat="37.346576" lon="-80.759495"></trkpt>
      <trkpt lat="37.346730" lon="-80.759620"></trkpt>
      <trkpt lat="37.346842" lon="-80.759733"></trkpt>
      <trkpt lat="37.347174" lon="-80.760114"></trkpt>
      <trkpt lat="37.348134" lon="-80.761232"></trkpt>
      <trkpt lat="37.348472" lon="-80.761664"></trkpt>
      <trkpt lat="37.348862" lon="-80.762138"></trkpt>
      <trkpt lat="37.349178" lon="-80.762516"></trkpt>
      <trkpt lat="37.349320" lon="-80.762711"></trkpt>
      <trkpt lat="37.349451" lon="-80.762917"></trkpt>
      <trkpt lat="37.349626" lon="-80.763235"></trkpt>
      <trkpt lat="37.349828" lon="-80.763666"></trkpt>
      <trkpt lat="37.349970" lon="-80.764057"></trkpt>
      <trkpt lat="37.350022" lon="-80.764233"></trkpt>
      <trkpt lat="37.350085" lon="-80.764470"></trkpt>
      <trkpt lat="37.350152" lon="-80.764771"></trkpt>
      <trkpt lat="37.350176" lon="-80.764893"></trkpt>
      <trkpt lat="37.350185" lon="-80.764963"></trkpt>
      <trkpt lat="37.350212" lon="-80.765173"></trkpt>
      <trkpt lat="37.350245" lon="-80.765525"></trkpt>
      <trkpt lat="37.350263" lon="-80.765879"></trkpt>
      <trkpt lat="37.350257" lon="-80.766931"></trkpt>
      <trkpt lat="37.350236" lon="-80.768996"></trkpt>
      <trkpt lat="37.350234" lon="-80.769482"></trkpt>
      <trkpt lat="37.350228" lon="-80.770892"></trkpt>
      <trkpt lat="37.350213" lon="-80.771470"></trkpt>
      <trkpt lat="37.350186" lon="-80.771907"></trkpt>
      <trkpt lat="37.350145" lon="-80.772308"></trkpt>
      <trkpt lat="37.350090" lon="-80.772706"></trkpt>
      <trkpt lat="37.350020" lon="-80.773101"></trkpt>
      <trkpt lat="37.349978" lon="-80.773361"></trkpt>
      <trkpt lat="37.349721" lon="-80.774975"></trkpt>
      <trkpt lat="37.349614" lon="-80.775623"></trkpt>
      <trkpt lat="37.349494" lon="-80.776189"></trkpt>
      <trkpt lat="37.349308" lon="-80.777054"></trkpt>
      <trkpt lat="37.349139" lon="-80.777710"></trkpt>
      <trkpt lat="37.349057" lon="-80.777949"></trkpt>
      <trkpt lat="37.348757" lon="-80.778643"></trkpt>
      <trkpt lat="37.348498" lon="-80.779202"></trkpt>
      <trkpt lat="37.348308" lon="-80.779575"></trkpt>
      <trkpt lat="37.348190" lon="-80.779820"></trkpt>
      <trkpt lat="37.347879" lon="-80.780366"></trkpt>
      <trkpt lat="37.347620" lon="-80.780791"></trkpt>
      <trkpt lat="37.346136" lon="-80.783387"></trkpt>
      <trkpt lat="37.345838" lon="-80.783956"></trkpt>
      <trkpt lat="37.342775" lon="-80.790632"></trkpt>
      <trkpt lat="37.342274" lon="-80.791710"></trkpt>
      <trkpt lat="37.342184" lon="-80.791884"></trkpt>
      <trkpt lat="37.342023" lon="-80.792166"></trkpt>
      <trkpt lat="37.341850" lon="-80.792436"></trkpt>
      <trkpt lat="37.341666" lon="-80.792695"></trkpt>
      <trkpt lat="37.341511" lon="-80.792893"></trkpt>
      <trkpt lat="37.341246" lon="-80.793194"></trkpt>
      <trkpt lat="37.340970" lon="-80.793480"></trkpt>
      <trkpt lat="37.340329" lon="-80.794099"></trkpt>
      <trkpt lat="37.339836" lon="-80.794575"></trkpt>
      <trkpt lat="37.339328" lon="-80.795063"></trkpt>
      <trkpt lat="37.338969" lon="-80.795414"></trkpt>
      <trkpt lat="37.338787" lon="-80.795583"></trkpt>
      <trkpt lat="37.338710" lon="-80.795657"></trkpt>
      <trkpt lat="37.338592" lon="-80.795778"></trkpt>
      <trkpt lat="37.338372" lon="-80.796004"></trkpt>
      <trkpt lat="37.338111" lon="-80.796282"></trkpt>
      <trkpt lat="37.337814" lon="-80.796632"></trkpt>
      <trkpt lat="37.337553" lon="-80.796958"></trkpt>
      <trkpt lat="37.337274" lon="-80.797332"></trkpt>
      <trkpt lat="37.336470" lon="-80.798530"></trkpt>
      <trkpt lat="37.336081" lon="-80.799145"></trkpt>
      <trkpt lat="37.335846" lon="-80.799516"></trkpt>
      <trkpt lat="37.335716" lon="-80.799742"></trkpt>
      <trkpt lat="37.335563" lon="-80.800033"></trkpt>
      <trkpt lat="37.335257" lon="-80.800715"></trkpt>
      <trkpt lat="37.335145" lon="-80.800963"></trkpt>
      <trkpt lat="37.334972" lon="-80.801413"></trkpt>
      <trkpt lat="37.334907" lon="-80.801582"></trkpt>
      <trkpt lat="37.334780" lon="-80.801977"></trkpt>
      <trkpt lat="37.334673" lon="-80.802346"></trkpt>
      <trkpt lat="37.334629" lon="-80.802558"></trkpt>
      <trkpt lat="37.334593" lon="-80.802773"></trkpt>
      <trkpt lat="37.334579" lon="-80.802876"></trkpt>
      <trkpt lat="37.334550" lon="-80.803148"></trkpt>
      <trkpt lat="37.334533" lon="-80.803541"></trkpt>
      <trkpt lat="37.334535" lon="-80.803827"></trkpt>
      <trkpt lat="37.334552" lon="-80.804118"></trkpt>
      <trkpt lat="37.334570" lon="-80.804292"></trkpt>
      <trkpt lat="37.334614" lon="-80.804588"></trkpt>
      <trkpt lat="37.334671" lon="-80.804880"></trkpt>
      <trkpt lat="37.334727" lon="-80.805117"></trkpt>
      <trkpt lat="37.334786" lon="-80.805336"></trkpt>
      <trkpt lat="37.334834" lon="-80.805496"></trkpt>
      <trkpt lat="37.334938" lon="-80.805804"></trkpt>
      <trkpt lat="37.335055" lon="-80.806097"></trkpt>
      <trkpt lat="37.335181" lon="-80.806371"></trkpt>
      <trkpt lat="37.335344" lon="-80.806680"></trkpt>
      <trkpt lat="37.335426" lon="-80.806823"></trkpt>
      <trkpt lat="37.335572" lon="-80.807053"></trkpt>
      <trkpt lat="37.335857" lon="-80.807434"></trkpt>
      <trkpt lat="37.336021" lon="-80.807627"></trkpt>
      <trkpt lat="37.336195" lon="-80.807805"></trkpt>
      <trkpt lat="37.336350" lon="-80.807942"></trkpt>
      <trkpt lat="37.336542" lon="-80.808093"></trkpt>
      <trkpt lat="37.336596" lon="-80.808133"></trkpt>
      <trkpt lat="37.336809" lon="-80.808275"></trkpt>
      <trkpt lat="37.337026" lon="-80.808398"></trkpt>
      <trkpt lat="37.337194" lon="-80.808481"></trkpt>
      <trkpt lat="37.337366" lon="-80.808553"></trkpt>
      <trkpt lat="37.337404" lon="-80.808566"></trkpt>
      <trkpt lat="37.337540" lon="-80.808614"></trkpt>
      <trkpt lat="37.337948" lon="-80.808717"></trkpt>
      <trkpt lat="37.338223" lon="-80.808773"></trkpt>
      <trkpt lat="37.338494" lon="-80.808810"></trkpt>
      <trkpt lat="37.338765" lon="-80.808833"></trkpt>
      <trkpt lat="37.339037" lon="-80.808846"></trkpt>
      <trkpt lat="37.339301" lon="-80.808845"></trkpt>
      <trkpt lat="37.339622" lon="-80.808822"></trkpt>
      <trkpt lat="37.339942" lon="-80.808781"></trkpt>
      <trkpt lat="37.340259" lon="-80.808721"></trkpt>
      <trkpt lat="37.340574" lon="-80.808642"></trkpt>
      <trkpt lat="37.341232" lon="-80.808425"></trkpt>
      <trkpt lat="37.342212" lon="-80.808085"></trkpt>
      <trkpt lat="37.342992" lon="-80.807795"></trkpt>
      <trkpt lat="37.343083" lon="-80.807757"></trkpt>
      <trkpt lat="37.343411" lon="-80.807620"></trkpt>
      <trkpt lat="37.343889" lon="-80.807399"></trkpt>
      <trkpt lat="37.344206" lon="-80.807263"></trkpt>
      <trkpt lat="37.344528" lon="-80.807145"></trkpt>
      <trkpt lat="37.344678" lon="-80.807106"></trkpt>
      <trkpt lat="37.344748" lon="-80.807088"></trkpt>
      <trkpt lat="37.344965" lon="-80.807044"></trkpt>
      <trkpt lat="37.345089" lon="-80.807026"></trkpt>
      <trkpt lat="37.345247" lon="-80.807003"></trkpt>
      <trkpt lat="37.345476" lon="-80.806991"></trkpt>
      <trkpt lat="37.345765" lon="-80.806994"></trkpt>
      <trkpt lat="37.346006" lon="-80.807013"></trkpt>
      <trkpt lat="37.346053" lon="-80.807017"></trkpt>
      <trkpt lat="37.346228" lon="-80.807043"></trkpt>
      <trkpt lat="37.346464" lon="-80.807094"></trkpt>
      <trkpt lat="37.346769" lon="-80.807178"></trkpt>
      <trkpt lat="37.347731" lon="-80.807502"></trkpt>
      <trkpt lat="37.347818" lon="-80.807525"></trkpt>
      <trkpt lat="37.348032" lon="-80.807598"></trkpt>
      <trkpt lat="37.348200" lon="-80.807669"></trkpt>
      <trkpt lat="37.348349" lon="-80.807756"></trkpt>
      <trkpt lat="37.348519" lon="-80.807882"></trkpt>
      <trkpt lat="37.348651" lon="-80.808004"></trkpt>
      <trkpt lat="37.348751" lon="-80.808112"></trkpt>
      <trkpt lat="37.348856" lon="-80.808212"></trkpt>
      <trkpt lat="37.348970" lon="-80.808297"></trkpt>
      <trkpt lat="37.349090" lon="-80.808366"></trkpt>
      <trkpt lat="37.349379" lon="-80.808481"></trkpt>
      <trkpt lat="37.349861" lon="-80.808647"></trkpt>
      <trkpt lat="37.350249" lon="-80.808763"></trkpt>
      <trkpt lat="37.350249" lon="-80.808763"></trkpt>
      <trkpt lat="37.350291" lon="-80.808775"></trkpt>
      <trkpt lat="37.350511" lon="-80.808860"></trkpt>
      <trkpt lat="37.350706" lon="-80.808953"></trkpt>
      <trkpt lat="37.350851" lon="-80.809011"></trkpt>
      <trkpt lat="37.350976" lon="-80.809040"></trkpt>
      <trkpt lat="37.351169" lon="-80.809056"></trkpt>
      <trkpt lat="37.351375" lon="-80.809085"></trkpt>
      <trkpt lat="37.351540" lon="-80.809124"></trkpt>
      <trkpt lat="37.351753" lon="-80.809198"></trkpt>
      <trkpt lat="37.351962" lon="-80.809290"></trkpt>
      <trkpt lat="37.352194" lon="-80.809413"></trkpt>
      <trkpt lat="37.352218" lon="-80.809421"></trkpt>
      <trkpt lat="37.352385" lon="-80.809526"></trkpt>
      <trkpt lat="37.353017" lon="-80.809886"></trkpt>
      <trkpt lat="37.353213" lon="-80.809983"></trkpt>
      <trkpt lat="37.353463" lon="-80.810089"></trkpt>
      <trkpt lat="37.353717" lon="-80.810178"></trkpt>
      <trkpt lat="37.353972" lon="-80.810247"></trkpt>
      <trkpt lat="37.354172" lon="-80.810317"></trkpt>
      <trkpt lat="37.354329" lon="-80.810386"></trkpt>
      <trkpt lat="37.354521" lon="-80.810486"></trkpt>
      <trkpt lat="37.355660" lon="-80.811277"></trkpt>
      <trkpt lat="37.356157" lon="-80.811609"></trkpt>
      <trkpt lat="37.356661" lon="-80.811924"></trkpt>
      <trkpt lat="37.357030" lon="-80.812124"></trkpt>
      <trkpt lat="37.357330" lon="-80.812272"></trkpt>
      <trkpt lat="37.357709" lon="-80.812443"></trkpt>
      <trkpt lat="37.357901" lon="-80.812518"></trkpt>
      <trkpt lat="37.358378" lon="-80.812720"></trkpt>
      <trkpt lat="37.359059" lon="-80.813038"></trkpt>
      <trkpt lat="37.359360" lon="-80.813161"></trkpt>
      <trkpt lat="37.359405" lon="-80.813173"></trkpt>
      <trkpt lat="37.359490" lon="-80.813196"></trkpt>
      <trkpt lat="37.359708" lon="-80.813239"></trkpt>
      <trkpt lat="37.359885" lon="-80.813260"></trkpt>
      <trkpt lat="37.360107" lon="-80.813270"></trkpt>
      <trkpt lat="37.360249" lon="-80.813273"></trkpt>
      <trkpt lat="37.360488" lon="-80.813294"></trkpt>
      <trkpt lat="37.360773" lon="-80.813341"></trkpt>
      <trkpt lat="37.361051" lon="-80.813412"></trkpt>
      <trkpt lat="37.361300" lon="-80.813494"></trkpt>
      <trkpt lat="37.361545" lon="-80.813594"></trkpt>
      <trkpt lat="37.361872" lon="-80.813750"></trkpt>
      <trkpt lat="37.362084" lon="-80.813862"></trkpt>
      <trkpt lat="37.362289" lon="-80.813992"></trkpt>
      <trkpt lat="37.362488" lon="-80.814137"></trkpt>
      <trkpt lat="37.363036" lon="-80.814598"></trkpt>
      <trkpt lat="37.363731" lon="-80.815184"></trkpt>
      <trkpt lat="37.363941" lon="-80.815372"></trkpt>
      <trkpt lat="37.364211" lon="-80.815591"></trkpt>
      <trkpt lat="37.364444" lon="-80.815757"></trkpt>
      <trkpt lat="37.364635" lon="-80.815879"></trkpt>
      <trkpt lat="37.365059" lon="-80.816116"></trkpt>
      <trkpt lat="37.365854" lon="-80.816545"></trkpt>
      <trkpt lat="37.365994" lon="-80.816632"></trkpt>
      <trkpt lat="37.366164" lon="-80.816755"></trkpt>
      <trkpt lat="37.366293" lon="-80.816865"></trkpt>
      <trkpt lat="37.366661" lon="-80.817128"></trkpt>
      <trkpt lat="37.366802" lon="-80.817239"></trkpt>
      <trkpt lat="37.367005" lon="-80.817423"></trkpt>
      <trkpt lat="37.367134" lon="-80.817557"></trkpt>
      <trkpt lat="37.367241" lon="-80.817681"></trkpt>
      <trkpt lat="37.367478" lon="-80.817936"></trkpt>
      <trkpt lat="37.367710" lon="-80.818156"></trkpt>
      <trkpt lat="37.367810" lon="-80.818240"></trkpt>
      <trkpt lat="37.367942" lon="-80.818332"></trkpt>
      <trkpt lat="37.368079" lon="-80.818408"></trkpt>
      <trkpt lat="37.368222" lon="-80.818468"></trkpt>
      <trkpt lat="37.368339" lon="-80.818505"></trkpt>
      <trkpt lat="37.368800" lon="-80.818593"></trkpt>
      <trkpt lat="37.369470" lon="-80.818700"></trkpt>
      <trkpt lat="37.369825" lon="-80.818740"></trkpt>
      <trkpt lat="37.370192" lon="-80.818791"></trkpt>
      <trkpt lat="37.370511" lon="-80.818854"></trkpt>
      <trkpt lat="37.370816" lon="-80.818935"></trkpt>
      <trkpt lat="37.371437" lon="-80.819086"></trkpt>
      <trkpt lat="37.373383" lon="-80.819558"></trkpt>
      <trkpt lat="37.373620" lon="-80.819598"></trkpt>
      <trkpt lat="37.373795" lon="-80.819640"></trkpt>
      <trkpt lat="37.373948" lon="-80.819691"></trkpt>
      <trkpt lat="37.374125" lon="-80.819766"></trkpt>
      <trkpt lat="37.374296" lon="-80.819858"></trkpt>
      <trkpt lat="37.374709" lon="-80.820122"></trkpt>
      <trkpt lat="37.374977" lon="-80.820310"></trkpt>
      <trkpt lat="37.375422" lon="-80.820613"></trkpt>
      <trkpt lat="37.375668" lon="-80.820771"></trkpt>
      <trkpt lat="37.375727" lon="-80.820805"></trkpt>
      <trkpt lat="37.375980" lon="-80.820953"></trkpt>
      <trkpt lat="37.376912" lon="-80.821437"></trkpt>
      <trkpt lat="37.378245" lon="-80.822116"></trkpt>
      <trkpt lat="37.378770" lon="-80.822380"></trkpt>
      <trkpt lat="37.378915" lon="-80.822455"></trkpt>
      <trkpt lat="37.379233" lon="-80.822621"></trkpt>
      <trkpt lat="37.379455" lon="-80.822737"></trkpt>
      <trkpt lat="37.379581" lon="-80.822802"></trkpt>
      <trkpt lat="37.379827" lon="-80.822924"></trkpt>
      <trkpt lat="37.380174" lon="-80.823098"></trkpt>
      <trkpt lat="37.380564" lon="-80.823301"></trkpt>
      <trkpt lat="37.380936" lon="-80.823495"></trkpt>
      <trkpt lat="37.381334" lon="-80.823702"></trkpt>
      <trkpt lat="37.381382" lon="-80.823727"></trkpt>
      <trkpt lat="37.381890" lon="-80.823973"></trkpt>
      <trkpt lat="37.382181" lon="-80.824122"></trkpt>
      <trkpt lat="37.382327" lon="-80.824197"></trkpt>
      <trkpt lat="37.382876" lon="-80.824512"></trkpt>
      <trkpt lat="37.383161" lon="-80.824680"></trkpt>
      <trkpt lat="37.383451" lon="-80.824874"></trkpt>
      <trkpt lat="37.383502" lon="-80.824767"></trkpt>
      <trkpt lat="37.383799" lon="-80.824143"></trkpt>
      <trkpt lat="37.383898" lon="-80.823935"></trkpt>
      <trkpt lat="37.384017" lon="-80.823684"></trkpt>
      <trkpt lat="37.384026" lon="-80.823666"></trkpt>
      <trkpt lat="37.384064" lon="-80.823586"></trkpt>
      <trkpt lat="37.383711" lon="-80.823316"></trkpt>
      <trkpt lat="37.383413" lon="-80.823093"></trkpt>
      <trkpt lat="37.383339" lon="-80.823039"></trkpt>
      <trkpt lat="37.383362" lon="-80.822947"></trkpt>
      <trkpt lat="37.383409" lon="-80.822754"></trkpt>
      <trkpt lat="37.383458" lon="-80.822554"></trkpt>
      <trkpt lat="37.383564" lon="-80.822115"></trkpt>
      <trkpt lat="37.383578" lon="-80.822056"></trkpt>
      <trkpt lat="37.383610" lon="-80.821939"></trkpt>
      <trkpt lat="37.383643" lon="-80.821823"></trkpt>
      <trkpt lat="37.383698" lon="-80.821661"></trkpt>
      <trkpt lat="37.383755" lon="-80.821491"></trkpt>
      <trkpt lat="37.383826" lon="-80.821332"></trkpt>
      <trkpt lat="37.383921" lon="-80.821179"></trkpt>
      <trkpt lat="37.384050" lon="-80.821013"></trkpt>
      <trkpt lat="37.384275" lon="-80.820750"></trkpt>
      <trkpt lat="37.384556" lon="-80.820457"></trkpt>
      <trkpt lat="37.384876" lon="-80.820112"></trkpt>
      <trkpt lat="37.385639" lon="-80.819293"></trkpt>
      <trkpt lat="37.385983" lon="-80.818936"></trkpt>
      <trkpt lat="37.386125" lon="-80.818802"></trkpt>
      <trkpt lat="37.386487" lon="-80.818479"></trkpt>
      <trkpt lat="37.386782" lon="-80.818231"></trkpt>
      <trkpt lat="37.386901" lon="-80.818121"></trkpt>
      <trkpt lat="37.387014" lon="-80.818002"></trkpt>
      <trkpt lat="37.387146" lon="-80.817839"></trkpt>
      <trkpt lat="37.387190" lon="-80.817768"></trkpt>
      <trkpt lat="37.387310" lon="-80.817551"></trkpt>
      <trkpt lat="37.387373" lon="-80.817415"></trkpt>
      <trkpt lat="37.387447" lon="-80.817196"></trkpt>
      <trkpt lat="37.387511" lon="-80.816976"></trkpt>
      <trkpt lat="37.387579" lon="-80.816696"></trkpt>
      <trkpt lat="37.387623" lon="-80.816468"></trkpt>
      <trkpt lat="37.387931" lon="-80.814988"></trkpt>
      <trkpt lat="37.388043" lon="-80.814452"></trkpt>
      <trkpt lat="37.388318" lon="-80.813136"></trkpt>
      <trkpt lat="37.388359" lon="-80.812907"></trkpt>
      <trkpt lat="37.388401" lon="-80.812727"></trkpt>
      <trkpt lat="37.388454" lon="-80.812549"></trkpt>
      <trkpt lat="37.388466" lon="-80.812508"></trkpt>
      <trkpt lat="37.388515" lon="-80.812379"></trkpt>
      <trkpt lat="37.388547" lon="-80.812305"></trkpt>
      <trkpt lat="37.388622" lon="-80.812152"></trkpt>
      <trkpt lat="37.388725" lon="-80.811969"></trkpt>
      <trkpt lat="37.389676" lon="-80.810559"></trkpt>
      <trkpt lat="37.389806" lon="-80.810367"></trkpt>
      <trkpt lat="37.390533" lon="-80.809293"></trkpt>
      <trkpt lat="37.390774" lon="-80.808938"></trkpt>
      <trkpt lat="37.391042" lon="-80.808543"></trkpt>
      <trkpt lat="37.391784" lon="-80.807468"></trkpt>
      <trkpt lat="37.392544" lon="-80.806383"></trkpt>
      <trkpt lat="37.392713" lon="-80.806143"></trkpt>
      <trkpt lat="37.393034" lon="-80.805707"></trkpt>
      <trkpt lat="37.393154" lon="-80.805575"></trkpt>
      <trkpt lat="37.393310" lon="-80.805434"></trkpt>
      <trkpt lat="37.393432" lon="-80.805344"></trkpt>
      <trkpt lat="37.393506" lon="-80.805304"></trkpt>
      <trkpt lat="37.393799" lon="-80.805168"></trkpt>
      <trkpt lat="37.394286" lon="-80.804969"></trkpt>
      <trkpt lat="37.394389" lon="-80.804922"></trkpt>
      <trkpt lat="37.394661" lon="-80.804790"></trkpt>
      <trkpt lat="37.394773" lon="-80.804728"></trkpt>
      <trkpt lat="37.394896" lon="-80.804648"></trkpt>
      <trkpt lat="37.395000" lon="-80.804580"></trkpt>
      <trkpt lat="37.395220" lon="-80.804416"></trkpt>
      <trkpt lat="37.395459" lon="-80.804216"></trkpt>
      <trkpt lat="37.395592" lon="-80.804097"></trkpt>
      <trkpt lat="37.395715" lon="-80.803964"></trkpt>
      <trkpt lat="37.395829" lon="-80.803819"></trkpt>
      <trkpt lat="37.395935" lon="-80.803656"></trkpt>
      <trkpt lat="37.396418" lon="-80.802841"></trkpt>
      <trkpt lat="37.396748" lon="-80.802272"></trkpt>
      <trkpt lat="37.396890" lon="-80.801976"></trkpt>
      <trkpt lat="37.397106" lon="-80.801413"></trkpt>
      <trkpt lat="37.397245" lon="-80.801010"></trkpt>
      <trkpt lat="37.397343" lon="-80.800726"></trkpt>
      <trkpt lat="37.397359" lon="-80.800661"></trkpt>
      <trkpt lat="37.397370" lon="-80.800587"></trkpt>
      <trkpt lat="37.397372" lon="-80.800527"></trkpt>
      <trkpt lat="37.397367" lon="-80.800452"></trkpt>
      <trkpt lat="37.397355" lon="-80.800374"></trkpt>
      <trkpt lat="37.397312" lon="-80.800150"></trkpt>
      <trkpt lat="37.397146" lon="-80.799286"></trkpt>
      <trkpt lat="37.397110" lon="-80.799092"></trkpt>
      <trkpt lat="37.397068" lon="-80.798872"></trkpt>
      <trkpt lat="37.397025" lon="-80.798644"></trkpt>
      <trkpt lat="37.396976" lon="-80.798384"></trkpt>
      <trkpt lat="37.396846" lon="-80.797691"></trkpt>
      <trkpt lat="37.396799" lon="-80.797495"></trkpt>
      <trkpt lat="37.396777" lon="-80.797410"></trkpt>
      <trkpt lat="37.396723" lon="-80.797207"></trkpt>
      <trkpt lat="37.396667" lon="-80.796998"></trkpt>
      <trkpt lat="37.396186" lon="-80.794969"></trkpt>
      <trkpt lat="37.395959" lon="-80.793940"></trkpt>
      <trkpt lat="37.395855" lon="-80.793438"></trkpt>
      <trkpt lat="37.395821" lon="-80.793246"></trkpt>
      <trkpt lat="37.395802" lon="-80.793129"></trkpt>
      <trkpt lat="37.395793" lon="-80.793049"></trkpt>
      <trkpt lat="37.395790" lon="-80.792964"></trkpt>
      <trkpt lat="37.395795" lon="-80.792866"></trkpt>
      <trkpt lat="37.395809" lon="-80.792759"></trkpt>
      <trkpt lat="37.395827" lon="-80.792673"></trkpt>
      <trkpt lat="37.395858" lon="-80.792544"></trkpt>
      <trkpt lat="37.395960" lon="-80.792190"></trkpt>
      <trkpt lat="37.396016" lon="-80.792022"></trkpt>
      <trkpt lat="37.396213" lon="-80.791320"></trkpt>
      <trkpt lat="37.396264" lon="-80.791112"></trkpt>
      <trkpt lat="37.396298" lon="-80.790884"></trkpt>
      <trkpt lat="37.396268" lon="-80.790657"></trkpt>
      <trkpt lat="37.396029" lon="-80.789970"></trkpt>
      <trkpt lat="37.395716" lon="-80.789137"></trkpt>
      <trkpt lat="37.395586" lon="-80.788836"></trkpt>
      <trkpt lat="37.395382" lon="-80.788219"></trkpt>
      <trkpt lat="37.395321" lon="-80.787938"></trkpt>
      <trkpt lat="37.395272" lon="-80.787619"></trkpt>
      <trkpt lat="37.395261" lon="-80.787158"></trkpt>
      <trkpt lat="37.395264" lon="-80.786765"></trkpt>
      <trkpt lat="37.395293" lon="-80.786419"></trkpt>
      <trkpt lat="37.395524" lon="-80.785082"></trkpt>
      <trkpt lat="37.395559" lon="-80.784731"></trkpt>
      <trkpt lat="37.395551" lon="-80.784464"></trkpt>
      <trkpt lat="37.395492" lon="-80.784241"></trkpt>
      <trkpt lat="37.395406" lon="-80.783981"></trkpt>
      <trkpt lat="37.395215" lon="-80.783452"></trkpt>
      <trkpt lat="37.395062" lon="-80.783039"></trkpt>
      <trkpt lat="37.395022" lon="-80.782794"></trkpt>
      <trkpt lat="37.395030" lon="-80.782495"></trkpt>
      <trkpt lat="37.395114" lon="-80.782098"></trkpt>
      <trkpt lat="37.395434" lon="-80.780772"></trkpt>
      <trkpt lat="37.395507" lon="-80.780526"></trkpt>
      <trkpt lat="37.395579" lon="-80.780341"></trkpt>
      <trkpt lat="37.395839" lon="-80.779788"></trkpt>
      <trkpt lat="37.396420" lon="-80.778687"></trkpt>
      <trkpt lat="37.396905" lon="-80.777741"></trkpt>
      <trkpt lat="37.397304" lon="-80.776805"></trkpt>
      <trkpt lat="37.397615" lon="-80.776029"></trkpt>
      <trkpt lat="37.397745" lon="-80.775780"></trkpt>
      <trkpt lat="37.397820" lon="-80.775659"></trkpt>
      <trkpt lat="37.397942" lon="-80.775500"></trkpt>
      <trkpt lat="37.398196" lon="-80.775216"></trkpt>
      <trkpt lat="37.398509" lon="-80.774915"></trkpt>
      <trkpt lat="37.399686" lon="-80.773761"></trkpt>
      <trkpt lat="37.400009" lon="-80.773448"></trkpt>
      <trkpt lat="37.400218" lon="-80.773207"></trkpt>
      <trkpt lat="37.400361" lon="-80.773020"></trkpt>
      <trkpt lat="37.400532" lon="-80.772757"></trkpt>
      <trkpt lat="37.400688" lon="-80.772493"></trkpt>
      <trkpt lat="37.400782" lon="-80.772252"></trkpt>
      <trkpt lat="37.400904" lon="-80.771862"></trkpt>
      <trkpt lat="37.400998" lon="-80.771431"></trkpt>
      <trkpt lat="37.401039" lon="-80.771008"></trkpt>
      <trkpt lat="37.401066" lon="-80.770683"></trkpt>
      <trkpt lat="37.401078" lon="-80.770272"></trkpt>
      <trkpt lat="37.401093" lon="-80.770008"></trkpt>
      <trkpt lat="37.401105" lon="-80.769805"></trkpt>
      <trkpt lat="37.401152" lon="-80.768176"></trkpt>
      <trkpt lat="37.401168" lon="-80.767432"></trkpt>
      <trkpt lat="37.401191" lon="-80.766927"></trkpt>
      <trkpt lat="37.401233" lon="-80.766335"></trkpt>
      <trkpt lat="37.401328" lon="-80.765851"></trkpt>
      <trkpt lat="37.401497" lon="-80.765115"></trkpt>
      <trkpt lat="37.401595" lon="-80.764671"></trkpt>
      <trkpt lat="37.401682" lon="-80.764343"></trkpt>
      <trkpt lat="37.401830" lon="-80.763978"></trkpt>
      <trkpt lat="37.402043" lon="-80.763604"></trkpt>
      <trkpt lat="37.402251" lon="-80.763299"></trkpt>
      <trkpt lat="37.402398" lon="-80.763070"></trkpt>
      <trkpt lat="37.402649" lon="-80.762694"></trkpt>
      <trkpt lat="37.403236" lon="-80.761845"></trkpt>
      <trkpt lat="37.403795" lon="-80.760997"></trkpt>
      <trkpt lat="37.404260" lon="-80.760331"></trkpt>
      <trkpt lat="37.404548" lon="-80.759883"></trkpt>
      <trkpt lat="37.404921" lon="-80.759376"></trkpt>
      <trkpt lat="37.405067" lon="-80.759175"></trkpt>
      <trkpt lat="37.405306" lon="-80.758901"></trkpt>
      <trkpt lat="37.406027" lon="-80.758217"></trkpt>
      <trkpt lat="37.406486" lon="-80.757808"></trkpt>
      <trkpt lat="37.407054" lon="-80.757304"></trkpt>
      <trkpt lat="37.407129" lon="-80.757239"></trkpt>
      <trkpt lat="37.407381" lon="-80.757002"></trkpt>
      <trkpt lat="37.407401" lon="-80.756983"></trkpt>
      <trkpt lat="37.407768" lon="-80.756660"></trkpt>
      <trkpt lat="37.407948" lon="-80.756495"></trkpt>
      <trkpt lat="37.408522" lon="-80.755970"></trkpt>
      <trkpt lat="37.408944" lon="-80.755599"></trkpt>
      <trkpt lat="37.409185" lon="-80.755381"></trkpt>
      <trkpt lat="37.409500" lon="-80.755108"></trkpt>
      <trkpt lat="37.410211" lon="-80.754322"></trkpt>
      <trkpt lat="37.410875" lon="-80.753535"></trkpt>
      <trkpt lat="37.410909" lon="-80.753495"></trkpt>
      <trkpt lat="37.411719" lon="-80.752525"></trkpt>
      <trkpt lat="37.412595" lon="-80.751406"></trkpt>
      <trkpt lat="37.413387" lon="-80.750191"></trkpt>
      <trkpt lat="37.413711" lon="-80.749662"></trkpt>
      <trkpt lat="37.414312" lon="-80.748579"></trkpt>
      <trkpt lat="37.414996" lon="-80.747351"></trkpt>
      <trkpt lat="37.415413" lon="-80.746641"></trkpt>
      <trkpt lat="37.415871" lon="-80.745793"></trkpt>
      <trkpt lat="37.417797" lon="-80.742394"></trkpt>
      <trkpt lat="37.417816" lon="-80.742361"></trkpt>
      <trkpt lat="37.418601" lon="-80.740980"></trkpt>
      <trkpt lat="37.420824" lon="-80.736997"></trkpt>
      <trkpt lat="37.422421" lon="-80.734177"></trkpt>
      <trkpt lat="37.423301" lon="-80.732582"></trkpt>
      <trkpt lat="37.423826" lon="-80.731666"></trkpt>
      <trkpt lat="37.425042" lon="-80.729510"></trkpt>
      <trkpt lat="37.425323" lon="-80.728972"></trkpt>
      <trkpt lat="37.425525" lon="-80.728497"></trkpt>
      <trkpt lat="37.426061" lon="-80.727071"></trkpt>
      <trkpt lat="37.427039" lon="-80.724279"></trkpt>
      <trkpt lat="37.427832" lon="-80.722143"></trkpt>
      <trkpt lat="37.428538" lon="-80.720205"></trkpt>
      <trkpt lat="37.429773" lon="-80.716813"></trkpt>
      <trkpt lat="37.431845" lon="-80.711022"></trkpt>
      <trkpt lat="37.432126" lon="-80.710209"></trkpt>
      <trkpt lat="37.432610" lon="-80.708470"></trkpt>
      <trkpt lat="37.433391" lon="-80.705596"></trkpt>
      <trkpt lat="37.433623" lon="-80.704847"></trkpt>
      <trkpt lat="37.433658" lon="-80.704690"></trkpt>
      <trkpt lat="37.433837" lon="-80.704146"></trkpt>
      <trkpt lat="37.434031" lon="-80.703645"></trkpt>
      <trkpt lat="37.434650" lon="-80.702446"></trkpt>
      <trkpt lat="37.435149" lon="-80.701540"></trkpt>
      <trkpt lat="37.435345" lon="-80.701172"></trkpt>
      <trkpt lat="37.435508" lon="-80.700868"></trkpt>
      <trkpt lat="37.436283" lon="-80.699419"></trkpt>
      <trkpt lat="37.436311" lon="-80.699367"></trkpt>
      <trkpt lat="37.437834" lon="-80.696522"></trkpt>
      <trkpt lat="37.438977" lon="-80.694368"></trkpt>
      <trkpt lat="37.440291" lon="-80.691930"></trkpt>
      <trkpt lat="37.441395" lon="-80.689851"></trkpt>
      <trkpt lat="37.442785" lon="-80.687247"></trkpt>
      <trkpt lat="37.442976" lon="-80.686864"></trkpt>
      <trkpt lat="37.443453" lon="-80.685993"></trkpt>
      <trkpt lat="37.444054" lon="-80.684864"></trkpt>
      <trkpt lat="37.444547" lon="-80.683945"></trkpt>
      <trkpt lat="37.445367" lon="-80.682410"></trkpt>
      <trkpt lat="37.446108" lon="-80.681008"></trkpt>
      <trkpt lat="37.446666" lon="-80.679956"></trkpt>
      <trkpt lat="37.447060" lon="-80.679224"></trkpt>
      <trkpt lat="37.447345" lon="-80.678712"></trkpt>
      <trkpt lat="37.447967" lon="-80.677796"></trkpt>
      <trkpt lat="37.448836" lon="-80.676495"></trkpt>
      <trkpt lat="37.449617" lon="-80.675352"></trkpt>
      <trkpt lat="37.449630" lon="-80.675333"></trkpt>
      <trkpt lat="37.450229" lon="-80.674466"></trkpt>
      <trkpt lat="37.450750" lon="-80.673709"></trkpt>
      <trkpt lat="37.450871" lon="-80.673535"></trkpt>
      <trkpt lat="37.452252" lon="-80.671573"></trkpt>
      <trkpt lat="37.452781" lon="-80.670892"></trkpt>
      <trkpt lat="37.452820" lon="-80.670847"></trkpt>
      <trkpt lat="37.453140" lon="-80.670473"></trkpt>
      <trkpt lat="37.453420" lon="-80.670078"></trkpt>
      <trkpt lat="37.453771" lon="-80.669701"></trkpt>
      <trkpt lat="37.454407" lon="-80.668987"></trkpt>
      <trkpt lat="37.456548" lon="-80.667132"></trkpt>
      <trkpt lat="37.457166" lon="-80.666126"></trkpt>
      <trkpt lat="37.457472" lon="-80.665301"></trkpt>
      <trkpt lat="37.457886" lon="-80.663458"></trkpt>
      <trkpt lat="37.457977" lon="-80.663229"></trkpt>
      <trkpt lat="37.458054" lon="-80.663073"></trkpt>
      <trkpt lat="37.458120" lon="-80.662958"></trkpt>
      <trkpt lat="37.458192" lon="-80.662869"></trkpt>
      <trkpt lat="37.458273" lon="-80.662786"></trkpt>
      <trkpt lat="37.458376" lon="-80.662701"></trkpt>
      <trkpt lat="37.458485" lon="-80.662630"></trkpt>
      <trkpt lat="37.459791" lon="-80.661901"></trkpt>
      <trkpt lat="37.460720" lon="-80.661395"></trkpt>
      <trkpt lat="37.461493" lon="-80.660974"></trkpt>
      <trkpt lat="37.461906" lon="-80.660743"></trkpt>
      <trkpt lat="37.462221" lon="-80.660577"></trkpt>
      <trkpt lat="37.462418" lon="-80.660508"></trkpt>
      <trkpt lat="37.462577" lon="-80.660464"></trkpt>
      <trkpt lat="37.462764" lon="-80.660430"></trkpt>
      <trkpt lat="37.463000" lon="-80.660410"></trkpt>
      <trkpt lat="37.463391" lon="-80.660407"></trkpt>
      <trkpt lat="37.463908" lon="-80.660396"></trkpt>
      <trkpt lat="37.464378" lon="-80.660412"></trkpt>
      <trkpt lat="37.465038" lon="-80.660439"></trkpt>
      <trkpt lat="37.465485" lon="-80.660431"></trkpt>
      <trkpt lat="37.465707" lon="-80.660429"></trkpt>
      <trkpt lat="37.465952" lon="-80.660396"></trkpt>
      <trkpt lat="37.466258" lon="-80.660329"></trkpt>
      <trkpt lat="37.466912" lon="-80.660233"></trkpt>
      <trkpt lat="37.467160" lon="-80.660156"></trkpt>
      <trkpt lat="37.467379" lon="-80.660044"></trkpt>
      <trkpt lat="37.467605" lon="-80.659843"></trkpt>
      <trkpt lat="37.467812" lon="-80.659562"></trkpt>
      <trkpt lat="37.468186" lon="-80.658986"></trkpt>
      <trkpt lat="37.468655" lon="-80.658261"></trkpt>
      <trkpt lat="37.468847" lon="-80.658027"></trkpt>
      <trkpt lat="37.469081" lon="-80.657837"></trkpt>
      <trkpt lat="37.469383" lon="-80.657675"></trkpt>
      <trkpt lat="37.470201" lon="-80.657324"></trkpt>
      <trkpt lat="37.470759" lon="-80.657111"></trkpt>
      <trkpt lat="37.470975" lon="-80.657051"></trkpt>
      <trkpt lat="37.471242" lon="-80.657051"></trkpt>
      <trkpt lat="37.471444" lon="-80.657093"></trkpt>
      <trkpt lat="37.471737" lon="-80.657218"></trkpt>
      <trkpt lat="37.471900" lon="-80.657313"></trkpt>
      <trkpt lat="37.472310" lon="-80.657606"></trkpt>
      <trkpt lat="37.472942" lon="-80.658088"></trkpt>
      <trkpt lat="37.473105" lon="-80.658197"></trkpt>
      <trkpt lat="37.474320" lon="-80.659113"></trkpt>
      <trkpt lat="37.474734" lon="-80.659356"></trkpt>
      <trkpt lat="37.474919" lon="-80.659425"></trkpt>
      <trkpt lat="37.475121" lon="-80.659477"></trkpt>
      <trkpt lat="37.475308" lon="-80.659489"></trkpt>
      <trkpt lat="37.475687" lon="-80.659475"></trkpt>
      <trkpt lat="37.476172" lon="-80.659422"></trkpt>
      <trkpt lat="37.476487" lon="-80.659341"></trkpt>
      <trkpt lat="37.476683" lon="-80.659245"></trkpt>
      <trkpt lat="37.476968" lon="-80.658971"></trkpt>
      <trkpt lat="37.477176" lon="-80.658725"></trkpt>
      <trkpt lat="37.478171" lon="-80.657429"></trkpt>
      <trkpt lat="37.478315" lon="-80.657151"></trkpt>
      <trkpt lat="37.478386" lon="-80.656989"></trkpt>
      <trkpt lat="37.478445" lon="-80.656812"></trkpt>
      <trkpt lat="37.478550" lon="-80.656340"></trkpt>
      <trkpt lat="37.478560" lon="-80.655941"></trkpt>
      <trkpt lat="37.478011" lon="-80.651558"></trkpt>
      <trkpt lat="37.477768" lon="-80.649689"></trkpt>
      <trkpt lat="37.477454" lon="-80.647633"></trkpt>
      <trkpt lat="37.477320" lon="-80.646750"></trkpt>
      <trkpt lat="37.477300" lon="-80.645947"></trkpt>
      <trkpt lat="37.477396" lon="-80.643027"></trkpt>
      <trkpt lat="37.477485" lon="-80.642279"></trkpt>
      <trkpt lat="37.477848" lon="-80.640604"></trkpt>
      <trkpt lat="37.478087" lon="-80.636908"></trkpt>
      <trkpt lat="37.478212" lon="-80.633938"></trkpt>
      <trkpt lat="37.478198" lon="-80.633371"></trkpt>
      <trkpt lat="37.478151" lon="-80.632968"></trkpt>
      <trkpt lat="37.478089" lon="-80.632583"></trkpt>
      <trkpt lat="37.478011" lon="-80.631990"></trkpt>
      <trkpt lat="37.477990" lon="-80.631780"></trkpt>
      <trkpt lat="37.477985" lon="-80.631554"></trkpt>
      <trkpt lat="37.478005" lon="-80.631321"></trkpt>
      <trkpt lat="37.478044" lon="-80.631116"></trkpt>
      <trkpt lat="37.478178" lon="-80.630612"></trkpt>
      <trkpt lat="37.478405" lon="-80.629838"></trkpt>
      <trkpt lat="37.478521" lon="-80.629427"></trkpt>
      <trkpt lat="37.478589" lon="-80.629225"></trkpt>
      <trkpt lat="37.478662" lon="-80.629028"></trkpt>
      <trkpt lat="37.478763" lon="-80.628824"></trkpt>
      <trkpt lat="37.478906" lon="-80.628599"></trkpt>
      <trkpt lat="37.479000" lon="-80.628463"></trkpt>
      <trkpt lat="37.479227" lon="-80.628160"></trkpt>
      <trkpt lat="37.479325" lon="-80.627993"></trkpt>
      <trkpt lat="37.479410" lon="-80.627781"></trkpt>
      <trkpt lat="37.479494" lon="-80.627524"></trkpt>
      <trkpt lat="37.479560" lon="-80.627246"></trkpt>
      <trkpt lat="37.479639" lon="-80.626824"></trkpt>
      <trkpt lat="37.479779" lon="-80.626053"></trkpt>
      <trkpt lat="37.479966" lon="-80.624982"></trkpt>
      <trkpt lat="37.480081" lon="-80.624348"></trkpt>
      <trkpt lat="37.480183" lon="-80.623900"></trkpt>
      <trkpt lat="37.480354" lon="-80.623303"></trkpt>
      <trkpt lat="37.480427" lon="-80.623044"></trkpt>
      <trkpt lat="37.480470" lon="-80.622838"></trkpt>
      <trkpt lat="37.480515" lon="-80.622605"></trkpt>
      <trkpt lat="37.480546" lon="-80.622365"></trkpt>
      <trkpt lat="37.480591" lon="-80.621947"></trkpt>
      <trkpt lat="37.480618" lon="-80.621651"></trkpt>
      <trkpt lat="37.480648" lon="-80.621400"></trkpt>
      <trkpt lat="37.480693" lon="-80.621143"></trkpt>
      <trkpt lat="37.480763" lon="-80.620850"></trkpt>
      <trkpt lat="37.480860" lon="-80.620533"></trkpt>
      <trkpt lat="37.480933" lon="-80.620327"></trkpt>
      <trkpt lat="37.481032" lon="-80.620087"></trkpt>
      <trkpt lat="37.481148" lon="-80.619863"></trkpt>
      <trkpt lat="37.481298" lon="-80.619571"></trkpt>
      <trkpt lat="37.481516" lon="-80.619174"></trkpt>
      <trkpt lat="37.481658" lon="-80.618897"></trkpt>
      <trkpt lat="37.481736" lon="-80.618761"></trkpt>
      <trkpt lat="37.482037" lon="-80.618180"></trkpt>
      <trkpt lat="37.482268" lon="-80.617735"></trkpt>
      <trkpt lat="37.482462" lon="-80.617357"></trkpt>
      <trkpt lat="37.482773" lon="-80.616717"></trkpt>
      <trkpt lat="37.483257" lon="-80.615707"></trkpt>
      <trkpt lat="37.483600" lon="-80.615002"></trkpt>
      <trkpt lat="37.483744" lon="-80.614687"></trkpt>
      <trkpt lat="37.483846" lon="-80.614380"></trkpt>
      <trkpt lat="37.483999" lon="-80.613801"></trkpt>
      <trkpt lat="37.484128" lon="-80.613283"></trkpt>
      <trkpt lat="37.484224" lon="-80.612868"></trkpt>
      <trkpt lat="37.484342" lon="-80.612397"></trkpt>
      <trkpt lat="37.484434" lon="-80.612080"></trkpt>
      <trkpt lat="37.484502" lon="-80.611890"></trkpt>
      <trkpt lat="37.484574" lon="-80.611724"></trkpt>
      <trkpt lat="37.484797" lon="-80.611335"></trkpt>
      <trkpt lat="37.485047" lon="-80.610934"></trkpt>
      <trkpt lat="37.485343" lon="-80.610457"></trkpt>
      <trkpt lat="37.485516" lon="-80.610184"></trkpt>
      <trkpt lat="37.485794" lon="-80.609741"></trkpt>
      <trkpt lat="37.486160" lon="-80.609146"></trkpt>
      <trkpt lat="37.486452" lon="-80.608676"></trkpt>
      <trkpt lat="37.486599" lon="-80.608450"></trkpt>
      <trkpt lat="37.486689" lon="-80.608336"></trkpt>
      <trkpt lat="37.486802" lon="-80.608219"></trkpt>
      <trkpt lat="37.486957" lon="-80.608090"></trkpt>
      <trkpt lat="37.487108" lon="-80.607980"></trkpt>
      <trkpt lat="37.487337" lon="-80.607813"></trkpt>
      <trkpt lat="37.487564" lon="-80.607654"></trkpt>
      <trkpt lat="37.488241" lon="-80.607163"></trkpt>
      <trkpt lat="37.488352" lon="-80.607084"></trkpt>
      <trkpt lat="37.488474" lon="-80.607013"></trkpt>
      <trkpt lat="37.488602" lon="-80.606961"></trkpt>
      <trkpt lat="37.488834" lon="-80.606874"></trkpt>
      <trkpt lat="37.489325" lon="-80.606727"></trkpt>
      <trkpt lat="37.489871" lon="-80.606565"></trkpt>
      <trkpt lat="37.490452" lon="-80.606410"></trkpt>
      <trkpt lat="37.490960" lon="-80.606265"></trkpt>
      <trkpt lat="37.491318" lon="-80.606165"></trkpt>
      <trkpt lat="37.491764" lon="-80.606042"></trkpt>
      <trkpt lat="37.492173" lon="-80.605927"></trkpt>
      <trkpt lat="37.492671" lon="-80.605787"></trkpt>
      <trkpt lat="37.493137" lon="-80.605663"></trkpt>
      <trkpt lat="37.493405" lon="-80.605585"></trkpt>
      <trkpt lat="37.493940" lon="-80.605427"></trkpt>
      <trkpt lat="37.494025" lon="-80.605402"></trkpt>
      <trkpt lat="37.494160" lon="-80.605365"></trkpt>
      <trkpt lat="37.494423" lon="-80.605294"></trkpt>
      <trkpt lat="37.494499" lon="-80.605273"></trkpt>
      <trkpt lat="37.494881" lon="-80.605168"></trkpt>
      <trkpt lat="37.495174" lon="-80.605090"></trkpt>
      <trkpt lat="37.495355" lon="-80.605049"></trkpt>
      <trkpt lat="37.495451" lon="-80.605036"></trkpt>
      <trkpt lat="37.495560" lon="-80.605035"></trkpt>
      <trkpt lat="37.495654" lon="-80.605050"></trkpt>
      <trkpt lat="37.495789" lon="-80.605094"></trkpt>
      <trkpt lat="37.495913" lon="-80.605159"></trkpt>
      <trkpt lat="37.496002" lon="-80.605214"></trkpt>
      <trkpt lat="37.496162" lon="-80.605324"></trkpt>
      <trkpt lat="37.496460" lon="-80.605531"></trkpt>
      <trkpt lat="37.496824" lon="-80.605789"></trkpt>
      <trkpt lat="37.497602" lon="-80.606349"></trkpt>
      <trkpt lat="37.497715" lon="-80.606436"></trkpt>
      <trkpt lat="37.497865" lon="-80.606565"></trkpt>
      <trkpt lat="37.498008" lon="-80.606699"></trkpt>
      <trkpt lat="37.498180" lon="-80.606872"></trkpt>
      <trkpt lat="37.498390" lon="-80.607106"></trkpt>
      <trkpt lat="37.498584" lon="-80.607334"></trkpt>
      <trkpt lat="37.498665" lon="-80.607427"></trkpt>
      <trkpt lat="37.498746" lon="-80.607534"></trkpt>
      <trkpt lat="37.498808" lon="-80.607641"></trkpt>
      <trkpt lat="37.498810" lon="-80.607645"></trkpt>
      <trkpt lat="37.498868" lon="-80.607783"></trkpt>
      <trkpt lat="37.498926" lon="-80.607995"></trkpt>
      <trkpt lat="37.498955" lon="-80.608187"></trkpt>
      <trkpt lat="37.498967" lon="-80.608393"></trkpt>
      <trkpt lat="37.498985" lon="-80.608764"></trkpt>
      <trkpt lat="37.499021" lon="-80.609838"></trkpt>
      <trkpt lat="37.499029" lon="-80.610089"></trkpt>
      <trkpt lat="37.499047" lon="-80.610249"></trkpt>
      <trkpt lat="37.499079" lon="-80.610400"></trkpt>
      <trkpt lat="37.499119" lon="-80.610530"></trkpt>
      <trkpt lat="37.499184" lon="-80.610666"></trkpt>
      <trkpt lat="37.499267" lon="-80.610794"></trkpt>
      <trkpt lat="37.499352" lon="-80.610904"></trkpt>
      <trkpt lat="37.499457" lon="-80.611005"></trkpt>
      <trkpt lat="37.499552" lon="-80.611080"></trkpt>
      <trkpt lat="37.499675" lon="-80.611161"></trkpt>
      <trkpt lat="37.499792" lon="-80.611232"></trkpt>
      <trkpt lat="37.500126" lon="-80.611394"></trkpt>
      <trkpt lat="37.500775" lon="-80.611704"></trkpt>
      <trkpt lat="37.501137" lon="-80.611827"></trkpt>
      <trkpt lat="37.501397" lon="-80.611881"></trkpt>
      <trkpt lat="37.501705" lon="-80.611902"></trkpt>
      <trkpt lat="37.502513" lon="-80.611978"></trkpt>
      <trkpt lat="37.502918" lon="-80.611933"></trkpt>
      <trkpt lat="37.503377" lon="-80.611850"></trkpt>
      <trkpt lat="37.503793" lon="-80.611714"></trkpt>
      <trkpt lat="37.504113" lon="-80.611562"></trkpt>
      <trkpt lat="37.504251" lon="-80.611523"></trkpt>
      <trkpt lat="37.504351" lon="-80.611518"></trkpt>
      <trkpt lat="37.504385" lon="-80.611516"></trkpt>
      <trkpt lat="37.504501" lon="-80.611533"></trkpt>
      <trkpt lat="37.504702" lon="-80.611603"></trkpt>
      <trkpt lat="37.504918" lon="-80.611641"></trkpt>
      <trkpt lat="37.505084" lon="-80.611621"></trkpt>
      <trkpt lat="37.505232" lon="-80.611562"></trkpt>
      <trkpt lat="37.505342" lon="-80.611481"></trkpt>
      <trkpt lat="37.505453" lon="-80.611343"></trkpt>
      <trkpt lat="37.505589" lon="-80.611126"></trkpt>
      <trkpt lat="37.505861" lon="-80.610662"></trkpt>
      <trkpt lat="37.506250" lon="-80.610027"></trkpt>
      <trkpt lat="37.506418" lon="-80.609800"></trkpt>
      <trkpt lat="37.506587" lon="-80.609633"></trkpt>
      <trkpt lat="37.506743" lon="-80.609519"></trkpt>
      <trkpt lat="37.506962" lon="-80.609395"></trkpt>
      <trkpt lat="37.507330" lon="-80.609225"></trkpt>
      <trkpt lat="37.507600" lon="-80.609132"></trkpt>
      <trkpt lat="37.507870" lon="-80.609113"></trkpt>
      <trkpt lat="37.508139" lon="-80.609155"></trkpt>
      <trkpt lat="37.508964" lon="-80.609373"></trkpt>
      <trkpt lat="37.509307" lon="-80.609468"></trkpt>
      <trkpt lat="37.509629" lon="-80.609573"></trkpt>
      <trkpt lat="37.509847" lon="-80.609692"></trkpt>
      <trkpt lat="37.510054" lon="-80.609864"></trkpt>
      <trkpt lat="37.510296" lon="-80.610139"></trkpt>
      <trkpt lat="37.510455" lon="-80.610397"></trkpt>
      <trkpt lat="37.510778" lon="-80.611041"></trkpt>
      <trkpt lat="37.510876" lon="-80.611223"></trkpt>
      <trkpt lat="37.511011" lon="-80.611425"></trkpt>
      <trkpt lat="37.511209" lon="-80.611668"></trkpt>
      <trkpt lat="37.511723" lon="-80.612210"></trkpt>
      <trkpt lat="37.512140" lon="-80.612645"></trkpt>
      <trkpt lat="37.512661" lon="-80.613195"></trkpt>
      <trkpt lat="37.513208" lon="-80.613768"></trkpt>
      <trkpt lat="37.513568" lon="-80.614130"></trkpt>
      <trkpt lat="37.513697" lon="-80.614229"></trkpt>
      <trkpt lat="37.513843" lon="-80.614321"></trkpt>
      <trkpt lat="37.513982" lon="-80.614386"></trkpt>
      <trkpt lat="37.514128" lon="-80.614431"></trkpt>
      <trkpt lat="37.514384" lon="-80.614486"></trkpt>
      <trkpt lat="37.514749" lon="-80.614579"></trkpt>
      <trkpt lat="37.514994" lon="-80.614661"></trkpt>
      <trkpt lat="37.515239" lon="-80.614774"></trkpt>
      <trkpt lat="37.515519" lon="-80.614930"></trkpt>
      <trkpt lat="37.516034" lon="-80.615243"></trkpt>
      <trkpt lat="37.516403" lon="-80.615485"></trkpt>
      <trkpt lat="37.516949" lon="-80.615833"></trkpt>
      <trkpt lat="37.518068" lon="-80.616534"></trkpt>
      <trkpt lat="37.518300" lon="-80.616662"></trkpt>
      <trkpt lat="37.518484" lon="-80.616739"></trkpt>
      <trkpt lat="37.518701" lon="-80.616808"></trkpt>
      <trkpt lat="37.518941" lon="-80.616858"></trkpt>
      <trkpt lat="37.520742" lon="-80.616942"></trkpt>
      <trkpt lat="37.522576" lon="-80.617044"></trkpt>
      <trkpt lat="37.523902" lon="-80.617132"></trkpt>
      <trkpt lat="37.524190" lon="-80.617090"></trkpt>
      <trkpt lat="37.524435" lon="-80.616988"></trkpt>
      <trkpt lat="37.524617" lon="-80.616876"></trkpt>
      <trkpt lat="37.524777" lon="-80.616713"></trkpt>
      <trkpt lat="37.524897" lon="-80.616559"></trkpt>
      <trkpt lat="37.525007" lon="-80.616369"></trkpt>
      <trkpt lat="37.525114" lon="-80.616128"></trkpt>
      <trkpt lat="37.525158" lon="-80.615957"></trkpt>
      <trkpt lat="37.525191" lon="-80.615826"></trkpt>
      <trkpt lat="37.525222" lon="-80.615653"></trkpt>
      <trkpt lat="37.525228" lon="-80.615494"></trkpt>
      <trkpt lat="37.525214" lon="-80.615255"></trkpt>
      <trkpt lat="37.525188" lon="-80.615090"></trkpt>
      <trkpt lat="37.525135" lon="-80.614886"></trkpt>
      <trkpt lat="37.525051" lon="-80.614671"></trkpt>
      <trkpt lat="37.524872" lon="-80.614285"></trkpt>
      <trkpt lat="37.524736" lon="-80.614031"></trkpt>
      <trkpt lat="37.524678" lon="-80.613866"></trkpt>
      <trkpt lat="37.524619" lon="-80.613689"></trkpt>
      <trkpt lat="37.524596" lon="-80.613549"></trkpt>
      <trkpt lat="37.524578" lon="-80.613358"></trkpt>
      <trkpt lat="37.524574" lon="-80.613213"></trkpt>
      <trkpt lat="37.524576" lon="-80.613041"></trkpt>
      <trkpt lat="37.524600" lon="-80.612863"></trkpt>
      <trkpt lat="37.524663" lon="-80.612636"></trkpt>
      <trkpt lat="37.524723" lon="-80.612488"></trkpt>
      <trkpt lat="37.524805" lon="-80.612353"></trkpt>
      <trkpt lat="37.524987" lon="-80.612122"></trkpt>
      <trkpt lat="37.525365" lon="-80.611824"></trkpt>
      <trkpt lat="37.525650" lon="-80.611611"></trkpt>
      <trkpt lat="37.525911" lon="-80.611350"></trkpt>
      <trkpt lat="37.526178" lon="-80.611049"></trkpt>
      <trkpt lat="37.526405" lon="-80.610777"></trkpt>
      <trkpt lat="37.526569" lon="-80.610568"></trkpt>
      <trkpt lat="37.526751" lon="-80.610272"></trkpt>
      <trkpt lat="37.526952" lon="-80.609913"></trkpt>
      <trkpt lat="37.527099" lon="-80.609598"></trkpt>
      <trkpt lat="37.527258" lon="-80.609165"></trkpt>
      <trkpt lat="37.527314" lon="-80.608862"></trkpt>
      <trkpt lat="37.527347" lon="-80.608504"></trkpt>
      <trkpt lat="37.527366" lon="-80.608001"></trkpt>
      <trkpt lat="37.527371" lon="-80.607515"></trkpt>
      <trkpt lat="37.527347" lon="-80.607196"></trkpt>
      <trkpt lat="37.527306" lon="-80.606932"></trkpt>
      <trkpt lat="37.527172" lon="-80.606310"></trkpt>
      <trkpt lat="37.527074" lon="-80.605831"></trkpt>
      <trkpt lat="37.526983" lon="-80.605573"></trkpt>
      <trkpt lat="37.526875" lon="-80.605323"></trkpt>
      <trkpt lat="37.526761" lon="-80.605051"></trkpt>
      <trkpt lat="37.526720" lon="-80.604875"></trkpt>
      <trkpt lat="37.526703" lon="-80.604778"></trkpt>
      <trkpt lat="37.526725" lon="-80.604618"></trkpt>
      <trkpt lat="37.526755" lon="-80.604491"></trkpt>
      <trkpt lat="37.526817" lon="-80.604391"></trkpt>
      <trkpt lat="37.526953" lon="-80.604247"></trkpt>
      <trkpt lat="37.526998" lon="-80.604213"></trkpt>
      <trkpt lat="37.527352" lon="-80.603945"></trkpt>
      <trkpt lat="37.527753" lon="-80.603597"></trkpt>
      <trkpt lat="37.528482" lon="-80.602987"></trkpt>
      <trkpt lat="37.530907" lon="-80.601464"></trkpt>
      <trkpt lat="37.532390" lon="-80.600509"></trkpt>
      <trkpt lat="37.532923" lon="-80.600133"></trkpt>
      <trkpt lat="37.533653" lon="-80.599538"></trkpt>
      <trkpt lat="37.533868" lon="-80.599377"></trkpt>
      <trkpt lat="37.534026" lon="-80.599258"></trkpt>
      <trkpt lat="37.534200" lon="-80.599187"></trkpt>
      <trkpt lat="37.534556" lon="-80.599089"></trkpt>
      <trkpt lat="37.535197" lon="-80.598960"></trkpt>
      <trkpt lat="37.535922" lon="-80.598834"></trkpt>
      <trkpt lat="37.536428" lon="-80.598856"></trkpt>
      <trkpt lat="37.536695" lon="-80.598899"></trkpt>
      <trkpt lat="37.537546" lon="-80.599156"></trkpt>
      <trkpt lat="37.537810" lon="-80.599209"></trkpt>
      <trkpt lat="37.538140" lon="-80.599216"></trkpt>
      <trkpt lat="37.538701" lon="-80.599153"></trkpt>
      <trkpt lat="37.539236" lon="-80.599092"></trkpt>
      <trkpt lat="37.539532" lon="-80.599036"></trkpt>
      <trkpt lat="37.539655" lon="-80.598982"></trkpt>
      <trkpt lat="37.539789" lon="-80.598907"></trkpt>
      <trkpt lat="37.539957" lon="-80.598751"></trkpt>
      <trkpt lat="37.540152" lon="-80.598461"></trkpt>
      <trkpt lat="37.540384" lon="-80.598049"></trkpt>
      <trkpt lat="37.540549" lon="-80.597718"></trkpt>
      <trkpt lat="37.540698" lon="-80.597416"></trkpt>
      <trkpt lat="37.540918" lon="-80.597009"></trkpt>
      <trkpt lat="37.541224" lon="-80.596446"></trkpt>
      <trkpt lat="37.541377" lon="-80.596095"></trkpt>
      <trkpt lat="37.541533" lon="-80.595713"></trkpt>
      <trkpt lat="37.541753" lon="-80.595091"></trkpt>
      <trkpt lat="37.541906" lon="-80.594796"></trkpt>
      <trkpt lat="37.542094" lon="-80.594555"></trkpt>
      <trkpt lat="37.542351" lon="-80.594287"></trkpt>
      <trkpt lat="37.542590" lon="-80.593987"></trkpt>
      <trkpt lat="37.542801" lon="-80.593668"></trkpt>
      <trkpt lat="37.543184" lon="-80.593051"></trkpt>
      <trkpt lat="37.543363" lon="-80.592832"></trkpt>
      <trkpt lat="37.543462" lon="-80.592734"></trkpt>
      <trkpt lat="37.543759" lon="-80.592471"></trkpt>
      <trkpt lat="37.544175" lon="-80.592130"></trkpt>
      <trkpt lat="37.544414" lon="-80.591955"></trkpt>
      <trkpt lat="37.544635" lon="-80.591835"></trkpt>
      <trkpt lat="37.545228" lon="-80.591655"></trkpt>
      <trkpt lat="37.545554" lon="-80.591462"></trkpt>
      <trkpt lat="37.545773" lon="-80.591250"></trkpt>
      <trkpt lat="37.546209" lon="-80.590726"></trkpt>
      <trkpt lat="37.546433" lon="-80.590400"></trkpt>
      <trkpt lat="37.546584" lon="-80.590069"></trkpt>
      <trkpt lat="37.546719" lon="-80.589681"></trkpt>
      <trkpt lat="37.546802" lon="-80.589394"></trkpt>
      <trkpt lat="37.546851" lon="-80.589177"></trkpt>
      <trkpt lat="37.546872" lon="-80.588874"></trkpt>
      <trkpt lat="37.546872" lon="-80.588307"></trkpt>
      <trkpt lat="37.546912" lon="-80.587790"></trkpt>
      <trkpt lat="37.546986" lon="-80.587459"></trkpt>
      <trkpt lat="37.547115" lon="-80.586993"></trkpt>
      <trkpt lat="37.547168" lon="-80.586652"></trkpt>
      <trkpt lat="37.547224" lon="-80.586135"></trkpt>
      <trkpt lat="37.547285" lon="-80.585365"></trkpt>
      <trkpt lat="37.547283" lon="-80.584973"></trkpt>
      <trkpt lat="37.547224" lon="-80.584459"></trkpt>
      <trkpt lat="37.547063" lon="-80.583474"></trkpt>
      <trkpt lat="37.547005" lon="-80.583119"></trkpt>
      <trkpt lat="37.546959" lon="-80.582807"></trkpt>
      <trkpt lat="37.546930" lon="-80.582624"></trkpt>
      <trkpt lat="37.546924" lon="-80.582434"></trkpt>
      <trkpt lat="37.546938" lon="-80.582180"></trkpt>
      <trkpt lat="37.546967" lon="-80.581990"></trkpt>
      <trkpt lat="37.547015" lon="-80.581820"></trkpt>
      <trkpt lat="37.547189" lon="-80.581201"></trkpt>
      <trkpt lat="37.547328" lon="-80.580657"></trkpt>
      <trkpt lat="37.547366" lon="-80.580426"></trkpt>
      <trkpt lat="37.547380" lon="-80.580233"></trkpt>
      <trkpt lat="37.547378" lon="-80.580012"></trkpt>
      <trkpt lat="37.547361" lon="-80.579892"></trkpt>
      <trkpt lat="37.547336" lon="-80.579748"></trkpt>
      <trkpt lat="37.547190" lon="-80.579305"></trkpt>
      <trkpt lat="37.546360" lon="-80.577452"></trkpt>
      <trkpt lat="37.546249" lon="-80.577185"></trkpt>
      <trkpt lat="37.546171" lon="-80.576892"></trkpt>
      <trkpt lat="37.546144" lon="-80.576663"></trkpt>
      <trkpt lat="37.546142" lon="-80.576423"></trkpt>
      <trkpt lat="37.546170" lon="-80.576156"></trkpt>
      <trkpt lat="37.546240" lon="-80.575865"></trkpt>
      <trkpt lat="37.546285" lon="-80.575713"></trkpt>
      <trkpt lat="37.546337" lon="-80.575572"></trkpt>
      <trkpt lat="37.546408" lon="-80.575426"></trkpt>
      <trkpt lat="37.546525" lon="-80.575263"></trkpt>
      <trkpt lat="37.546651" lon="-80.575135"></trkpt>
      <trkpt lat="37.546775" lon="-80.575040"></trkpt>
      <trkpt lat="37.546903" lon="-80.574972"></trkpt>
      <trkpt lat="37.547194" lon="-80.574823"></trkpt>
      <trkpt lat="37.548222" lon="-80.574318"></trkpt>
      <trkpt lat="37.548477" lon="-80.574204"></trkpt>
      <trkpt lat="37.548645" lon="-80.574127"></trkpt>
      <trkpt lat="37.549887" lon="-80.573495"></trkpt>
      <trkpt lat="37.550753" lon="-80.573011"></trkpt>
      <trkpt lat="37.551181" lon="-80.572790"></trkpt>
      <trkpt lat="37.551604" lon="-80.572614"></trkpt>
      <trkpt lat="37.551957" lon="-80.572572"></trkpt>
      <trkpt lat="37.552320" lon="-80.572597"></trkpt>
      <trkpt lat="37.552613" lon="-80.572669"></trkpt>
      <trkpt lat="37.552900" lon="-80.572779"></trkpt>
      <trkpt lat="37.553526" lon="-80.573141"></trkpt>
      <trkpt lat="37.553811" lon="-80.573298"></trkpt>
      <trkpt lat="37.553979" lon="-80.573378"></trkpt>
      <trkpt lat="37.554218" lon="-80.573437"></trkpt>
      <trkpt lat="37.554382" lon="-80.573461"></trkpt>
      <trkpt lat="37.554518" lon="-80.573449"></trkpt>
      <trkpt lat="37.554672" lon="-80.573420"></trkpt>
      <trkpt lat="37.554854" lon="-80.573371"></trkpt>
      <trkpt lat="37.555030" lon="-80.573285"></trkpt>
      <trkpt lat="37.555380" lon="-80.573079"></trkpt>
      <trkpt lat="37.555964" lon="-80.572704"></trkpt>
      <trkpt lat="37.556907" lon="-80.572061"></trkpt>
      <trkpt lat="37.557051" lon="-80.571954"></trkpt>
      <trkpt lat="37.557198" lon="-80.571837"></trkpt>
      <trkpt lat="37.557315" lon="-80.571726"></trkpt>
      <trkpt lat="37.557419" lon="-80.571611"></trkpt>
      <trkpt lat="37.557583" lon="-80.571413"></trkpt>
      <trkpt lat="37.557716" lon="-80.571209"></trkpt>
      <trkpt lat="37.557822" lon="-80.571020"></trkpt>
      <trkpt lat="37.557905" lon="-80.570829"></trkpt>
      <trkpt lat="37.557987" lon="-80.570606"></trkpt>
      <trkpt lat="37.558051" lon="-80.570372"></trkpt>
      <trkpt lat="37.558063" lon="-80.570319"></trkpt>
      <trkpt lat="37.558104" lon="-80.570139"></trkpt>
      <trkpt lat="37.558145" lon="-80.569904"></trkpt>
      <trkpt lat="37.558181" lon="-80.569675"></trkpt>
      <trkpt lat="37.558218" lon="-80.569495"></trkpt>
      <trkpt lat="37.558275" lon="-80.569337"></trkpt>
      <trkpt lat="37.558335" lon="-80.569218"></trkpt>
      <trkpt lat="37.558448" lon="-80.569072"></trkpt>
      <trkpt lat="37.558564" lon="-80.568967"></trkpt>
      <trkpt lat="37.558693" lon="-80.568889"></trkpt>
      <trkpt lat="37.558803" lon="-80.568848"></trkpt>
      <trkpt lat="37.558902" lon="-80.568823"></trkpt>
      <trkpt lat="37.559076" lon="-80.568826"></trkpt>
      <trkpt lat="37.559354" lon="-80.568912"></trkpt>
      <trkpt lat="37.559611" lon="-80.569026"></trkpt>
      <trkpt lat="37.560109" lon="-80.569254"></trkpt>
      <trkpt lat="37.560569" lon="-80.569469"></trkpt>
      <trkpt lat="37.560689" lon="-80.569520"></trkpt>
      <trkpt lat="37.560834" lon="-80.569572"></trkpt>
      <trkpt lat="37.560975" lon="-80.569602"></trkpt>
      <trkpt lat="37.561232" lon="-80.569624"></trkpt>
      <trkpt lat="37.561325" lon="-80.569625"></trkpt>
      <trkpt lat="37.561433" lon="-80.569615"></trkpt>
      <trkpt lat="37.561578" lon="-80.569589"></trkpt>
      <trkpt lat="37.561732" lon="-80.569545"></trkpt>
      <trkpt lat="37.561859" lon="-80.569494"></trkpt>
      <trkpt lat="37.562625" lon="-80.569105"></trkpt>
      <trkpt lat="37.563157" lon="-80.568831"></trkpt>
      <trkpt lat="37.563368" lon="-80.568726"></trkpt>
      <trkpt lat="37.563514" lon="-80.568671"></trkpt>
      <trkpt lat="37.563651" lon="-80.568635"></trkpt>
      <trkpt lat="37.563794" lon="-80.568611"></trkpt>
      <trkpt lat="37.563946" lon="-80.568598"></trkpt>
      <trkpt lat="37.564275" lon="-80.568584"></trkpt>
      <trkpt lat="37.564793" lon="-80.568548"></trkpt>
      <trkpt lat="37.564927" lon="-80.568539"></trkpt>
      <trkpt lat="37.565100" lon="-80.568531"></trkpt>
      <trkpt lat="37.565244" lon="-80.568533"></trkpt>
      <trkpt lat="37.565423" lon="-80.568544"></trkpt>
      <trkpt lat="37.565509" lon="-80.568553"></trkpt>
      <trkpt lat="37.565840" lon="-80.568589"></trkpt>
      <trkpt lat="37.566331" lon="-80.568641"></trkpt>
      <trkpt lat="37.566529" lon="-80.568664"></trkpt>
      <trkpt lat="37.566683" lon="-80.568689"></trkpt>
      <trkpt lat="37.566799" lon="-80.568714"></trkpt>
      <trkpt lat="37.567024" lon="-80.568798"></trkpt>
      <trkpt lat="37.567209" lon="-80.568896"></trkpt>
      <trkpt lat="37.567328" lon="-80.568966"></trkpt>
      <trkpt lat="37.567437" lon="-80.569074"></trkpt>
      <trkpt lat="37.567522" lon="-80.569193"></trkpt>
      <trkpt lat="37.567602" lon="-80.569376"></trkpt>
      <trkpt lat="37.567796" lon="-80.569724"></trkpt>
      <trkpt lat="37.567890" lon="-80.569843"></trkpt>
      <trkpt lat="37.567984" lon="-80.569943"></trkpt>
      <trkpt lat="37.568106" lon="-80.570047"></trkpt>
      <trkpt lat="37.568510" lon="-80.570378"></trkpt>
      <trkpt lat="37.568611" lon="-80.570478"></trkpt>
      <trkpt lat="37.568698" lon="-80.570589"></trkpt>
      <trkpt lat="37.568786" lon="-80.570715"></trkpt>
      <trkpt lat="37.568865" lon="-80.570846"></trkpt>
      <trkpt lat="37.568957" lon="-80.571009"></trkpt>
      <trkpt lat="37.569037" lon="-80.571157"></trkpt>
      <trkpt lat="37.569095" lon="-80.571289"></trkpt>
      <trkpt lat="37.569142" lon="-80.571404"></trkpt>
      <trkpt lat="37.569267" lon="-80.571730"></trkpt>
      <trkpt lat="37.569320" lon="-80.571861"></trkpt>
      <trkpt lat="37.569366" lon="-80.571952"></trkpt>
      <trkpt lat="37.569413" lon="-80.572011"></trkpt>
      <trkpt lat="37.569464" lon="-80.572063"></trkpt>
      <trkpt lat="37.569520" lon="-80.572100"></trkpt>
      <trkpt lat="37.569584" lon="-80.572132"></trkpt>
      <trkpt lat="37.569650" lon="-80.572160"></trkpt>
      <trkpt lat="37.569719" lon="-80.572178"></trkpt>
      <trkpt lat="37.569787" lon="-80.572195"></trkpt>
      <trkpt lat="37.569874" lon="-80.572206"></trkpt>
      <trkpt lat="37.569948" lon="-80.572197"></trkpt>
      <trkpt lat="37.570023" lon="-80.572178"></trkpt>
      <trkpt lat="37.570093" lon="-80.572147"></trkpt>
      <trkpt lat="37.570167" lon="-80.572097"></trkpt>
      <trkpt lat="37.570238" lon="-80.572034"></trkpt>
      <trkpt lat="37.570329" lon="-80.571936"></trkpt>
      <trkpt lat="37.570434" lon="-80.571787"></trkpt>
      <trkpt lat="37.570851" lon="-80.571215"></trkpt>
      <trkpt lat="37.570953" lon="-80.571070"></trkpt>
      <trkpt lat="37.571428" lon="-80.570419"></trkpt>
      <trkpt lat="37.571638" lon="-80.570155"></trkpt>
      <trkpt lat="37.571754" lon="-80.570033"></trkpt>
      <trkpt lat="37.571863" lon="-80.569945"></trkpt>
      <trkpt lat="37.572036" lon="-80.569835"></trkpt>
      <trkpt lat="37.572281" lon="-80.569700"></trkpt>
      <trkpt lat="37.572604" lon="-80.569493"></trkpt>
      <trkpt lat="37.572759" lon="-80.569371"></trkpt>
      <trkpt lat="37.572845" lon="-80.569269"></trkpt>
      <trkpt lat="37.572910" lon="-80.569143"></trkpt>
      <trkpt lat="37.572960" lon="-80.568994"></trkpt>
      <trkpt lat="37.572995" lon="-80.568839"></trkpt>
      <trkpt lat="37.573026" lon="-80.568489"></trkpt>
      <trkpt lat="37.573030" lon="-80.568202"></trkpt>
      <trkpt lat="37.573013" lon="-80.567940"></trkpt>
      <trkpt lat="37.572956" lon="-80.567653"></trkpt>
      <trkpt lat="37.572762" lon="-80.566840"></trkpt>
      <trkpt lat="37.572584" lon="-80.566164"></trkpt>
      <trkpt lat="37.572493" lon="-80.565844"></trkpt>
      <trkpt lat="37.572442" lon="-80.565679"></trkpt>
      <trkpt lat="37.572385" lon="-80.565550"></trkpt>
      <trkpt lat="37.572317" lon="-80.565410"></trkpt>
      <trkpt lat="37.572072" lon="-80.565010"></trkpt>
      <trkpt lat="37.569681" lon="-80.561198"></trkpt>
      <trkpt lat="37.569520" lon="-80.560884"></trkpt>
      <trkpt lat="37.569403" lon="-80.560610"></trkpt>
      <trkpt lat="37.569329" lon="-80.560345"></trkpt>
      <trkpt lat="37.569275" lon="-80.560018"></trkpt>
      <trkpt lat="37.569278" lon="-80.559707"></trkpt>
      <trkpt lat="37.569315" lon="-80.559393"></trkpt>
      <trkpt lat="37.569380" lon="-80.559137"></trkpt>
      <trkpt lat="37.569487" lon="-80.558881"></trkpt>
      <trkpt lat="37.569602" lon="-80.558689"></trkpt>
      <trkpt lat="37.569741" lon="-80.558518"></trkpt>
      <trkpt lat="37.570369" lon="-80.557847"></trkpt>
      <trkpt lat="37.571382" lon="-80.556785"></trkpt>
      <trkpt lat="37.571846" lon="-80.556278"></trkpt>
      <trkpt lat="37.572284" lon="-80.555758"></trkpt>
      <trkpt lat="37.574846" lon="-80.552477"></trkpt>
      <trkpt lat="37.575039" lon="-80.552253"></trkpt>
      <trkpt lat="37.575298" lon="-80.552050"></trkpt>
      <trkpt lat="37.575516" lon="-80.551919"></trkpt>
      <trkpt lat="37.575883" lon="-80.551760"></trkpt>
      <trkpt lat="37.579838" lon="-80.550253"></trkpt>
      <trkpt lat="37.581242" lon="-80.549223"></trkpt>
      <trkpt lat="37.581583" lon="-80.549074"></trkpt>
      <trkpt lat="37.581949" lon="-80.549080"></trkpt>
      <trkpt lat="37.582290" lon="-80.549171"></trkpt>
      <trkpt lat="37.583864" lon="-80.550181"></trkpt>
      <trkpt lat="37.584112" lon="-80.550240"></trkpt>
      <trkpt lat="37.584345" lon="-80.550253"></trkpt>
      <trkpt lat="37.584582" lon="-80.550259"></trkpt>
      <trkpt lat="37.584825" lon="-80.550207"></trkpt>
      <trkpt lat="37.587218" lon="-80.549555"></trkpt>
      <trkpt lat="37.587732" lon="-80.549424"></trkpt>
      <trkpt lat="37.587983" lon="-80.549287"></trkpt>
      <trkpt lat="37.588311" lon="-80.549053"></trkpt>
      <trkpt lat="37.588626" lon="-80.548684"></trkpt>
      <trkpt lat="37.588723" lon="-80.548537"></trkpt>
      <trkpt lat="37.589120" lon="-80.547855"></trkpt>
      <trkpt lat="37.589405" lon="-80.547135"></trkpt>
      <trkpt lat="37.589500" lon="-80.546621"></trkpt>
      <trkpt lat="37.589550" lon="-80.546210"></trkpt>
      <trkpt lat="37.589621" lon="-80.544830"></trkpt>
      <trkpt lat="37.589629" lon="-80.544655"></trkpt>
      <trkpt lat="37.589636" lon="-80.544434"></trkpt>
      <trkpt lat="37.589646" lon="-80.544195"></trkpt>
      <trkpt lat="37.589671" lon="-80.543581"></trkpt>
      <trkpt lat="37.589675" lon="-80.543488"></trkpt>
      <trkpt lat="37.589726" lon="-80.543491"></trkpt>
      <trkpt lat="37.590538" lon="-80.543560"></trkpt>
      <trkpt lat="37.591000" lon="-80.543598"></trkpt>
      <trkpt lat="37.591354" lon="-80.543632"></trkpt>
      <trkpt lat="37.591442" lon="-80.543641"></trkpt>
      <trkpt lat="37.591506" lon="-80.543646"></trkpt>
      <trkpt lat="37.592300" lon="-80.543712"></trkpt>
      <trkpt lat="37.592360" lon="-80.543716"></trkpt>
      <trkpt lat="37.592396" lon="-80.543719"></trkpt>
      <trkpt lat="37.593194" lon="-80.543786"></trkpt>
      <trkpt lat="37.594074" lon="-80.543869"></trkpt>
      <trkpt lat="37.594189" lon="-80.543882"></trkpt>
      <trkpt lat="37.594243" lon="-80.543889"></trkpt>
      <trkpt lat="37.594286" lon="-80.543890"></trkpt>
      <trkpt lat="37.594325" lon="-80.543890"></trkpt>
      <trkpt lat="37.594362" lon="-80.543881"></trkpt>
      <trkpt lat="37.594393" lon="-80.543867"></trkpt>
      <trkpt lat="37.594412" lon="-80.543854"></trkpt>
      <trkpt lat="37.594437" lon="-80.543829"></trkpt>
      <trkpt lat="37.594454" lon="-80.543807"></trkpt>
      <trkpt lat="37.594465" lon="-80.543787"></trkpt>
      <trkpt lat="37.594478" lon="-80.543764"></trkpt>
      <trkpt lat="37.594489" lon="-80.543739"></trkpt>
      <trkpt lat="37.594497" lon="-80.543711"></trkpt>
      <trkpt lat="37.594502" lon="-80.543677"></trkpt>
      <trkpt lat="37.594506" lon="-80.543640"></trkpt>
      <trkpt lat="37.594521" lon="-80.543312"></trkpt>
      <trkpt lat="37.594534" lon="-80.543057"></trkpt>
      <trkpt lat="37.594538" lon="-80.543032"></trkpt>
      <trkpt lat="37.594548" lon="-80.543004"></trkpt>
      <trkpt lat="37.594556" lon="-80.542988"></trkpt>
      <trkpt lat="37.594576" lon="-80.542957"></trkpt>
      <trkpt lat="37.594598" lon="-80.542928"></trkpt>
      <trkpt lat="37.594615" lon="-80.542913"></trkpt>
      <trkpt lat="37.594633" lon="-80.542902"></trkpt>
      <trkpt lat="37.594647" lon="-80.542896"></trkpt>
      <trkpt lat="37.594836" lon="-80.542805"></trkpt>
      <trkpt lat="37.594892" lon="-80.542779"></trkpt>
      <trkpt lat="37.597449" lon="-80.541820"></trkpt>
      <trkpt lat="37.597890" lon="-80.541741"></trkpt>
      <trkpt lat="37.598093" lon="-80.541668"></trkpt>
      <trkpt lat="37.598299" lon="-80.541557"></trkpt>
      <trkpt lat="37.598613" lon="-80.541287"></trkpt>
      <trkpt lat="37.598835" lon="-80.541107"></trkpt>
      <trkpt lat="37.599049" lon="-80.540968"></trkpt>
      <trkpt lat="37.599704" lon="-80.540662"></trkpt>
      <trkpt lat="37.600757" lon="-80.540078"></trkpt>
      <trkpt lat="37.601009" lon="-80.539884"></trkpt>
      <trkpt lat="37.601315" lon="-80.539608"></trkpt>
      <trkpt lat="37.601864" lon="-80.539036"></trkpt>
      <trkpt lat="37.602235" lon="-80.538619"></trkpt>
      <trkpt lat="37.602618" lon="-80.538086"></trkpt>
      <trkpt lat="37.602894" lon="-80.537699"></trkpt>
      <trkpt lat="37.603110" lon="-80.537432"></trkpt>
      <trkpt lat="37.603355" lon="-80.537183"></trkpt>
      <trkpt lat="37.604023" lon="-80.536510"></trkpt>
      <trkpt lat="37.604242" lon="-80.536208"></trkpt>
      <trkpt lat="37.604498" lon="-80.535799"></trkpt>
      <trkpt lat="37.604684" lon="-80.535547"></trkpt>
      <trkpt lat="37.605338" lon="-80.534899"></trkpt>
      <trkpt lat="37.605844" lon="-80.534386"></trkpt>
      <trkpt lat="37.606156" lon="-80.534116"></trkpt>
      <trkpt lat="37.606382" lon="-80.533931"></trkpt>
      <trkpt lat="37.606575" lon="-80.533698"></trkpt>
      <trkpt lat="37.607095" lon="-80.532996"></trkpt>
      <trkpt lat="37.607817" lon="-80.532055"></trkpt>
      <trkpt lat="37.608110" lon="-80.531734"></trkpt>
      <trkpt lat="37.608512" lon="-80.531361"></trkpt>
      <trkpt lat="37.608777" lon="-80.531105"></trkpt>
      <trkpt lat="37.609062" lon="-80.530752"></trkpt>
      <trkpt lat="37.609252" lon="-80.530497"></trkpt>
      <trkpt lat="37.609541" lon="-80.530099"></trkpt>
      <trkpt lat="37.609747" lon="-80.529904"></trkpt>
      <trkpt lat="37.610023" lon="-80.529708"></trkpt>
      <trkpt lat="37.610348" lon="-80.529498"></trkpt>
      <trkpt lat="37.610587" lon="-80.529346"></trkpt>
      <trkpt lat="37.610763" lon="-80.529194"></trkpt>
      <trkpt lat="37.610960" lon="-80.529010"></trkpt>
      <trkpt lat="37.611154" lon="-80.528869"></trkpt>
      <trkpt lat="37.611341" lon="-80.528781"></trkpt>
      <trkpt lat="37.611538" lon="-80.528736"></trkpt>
      <trkpt lat="37.612037" lon="-80.528663"></trkpt>
      <trkpt lat="37.613493" lon="-80.528479"></trkpt>
      <trkpt lat="37.613928" lon="-80.528376"></trkpt>
      <trkpt lat="37.614206" lon="-80.528273"></trkpt>
      <trkpt lat="37.614482" lon="-80.528134"></trkpt>
      <trkpt lat="37.614609" lon="-80.528040"></trkpt>
      <trkpt lat="37.614781" lon="-80.527898"></trkpt>
      <trkpt lat="37.614866" lon="-80.527765"></trkpt>
      <trkpt lat="37.615093" lon="-80.527368"></trkpt>
      <trkpt lat="37.615241" lon="-80.527147"></trkpt>
      <trkpt lat="37.615409" lon="-80.526966"></trkpt>
      <trkpt lat="37.616207" lon="-80.526261"></trkpt>
      <trkpt lat="37.616430" lon="-80.526082"></trkpt>
      <trkpt lat="37.616633" lon="-80.525992"></trkpt>
      <trkpt lat="37.616782" lon="-80.525963"></trkpt>
      <trkpt lat="37.616966" lon="-80.525961"></trkpt>
      <trkpt lat="37.617263" lon="-80.526019"></trkpt>
      <trkpt lat="37.617777" lon="-80.526097"></trkpt>
      <trkpt lat="37.618172" lon="-80.526124"></trkpt>
      <trkpt lat="37.618479" lon="-80.526088"></trkpt>
      <trkpt lat="37.619390" lon="-80.525807"></trkpt>
      <trkpt lat="37.619948" lon="-80.525629"></trkpt>
      <trkpt lat="37.620173" lon="-80.525468"></trkpt>
      <trkpt lat="37.620327" lon="-80.525305"></trkpt>
      <trkpt lat="37.620618" lon="-80.524899"></trkpt>
      <trkpt lat="37.620799" lon="-80.524708"></trkpt>
      <trkpt lat="37.621347" lon="-80.524261"></trkpt>
      <trkpt lat="37.622295" lon="-80.523527"></trkpt>
      <trkpt lat="37.622563" lon="-80.523350"></trkpt>
      <trkpt lat="37.622897" lon="-80.523206"></trkpt>
      <trkpt lat="37.623153" lon="-80.523114"></trkpt>
      <trkpt lat="37.623400" lon="-80.522987"></trkpt>
      <trkpt lat="37.623662" lon="-80.522775"></trkpt>
      <trkpt lat="37.623834" lon="-80.522575"></trkpt>
      <trkpt lat="37.624696" lon="-80.521585"></trkpt>
      <trkpt lat="37.625020" lon="-80.521218"></trkpt>
      <trkpt lat="37.625686" lon="-80.520434"></trkpt>
      <trkpt lat="37.626681" lon="-80.519157"></trkpt>
      <trkpt lat="37.627005" lon="-80.518801"></trkpt>
      <trkpt lat="37.628313" lon="-80.517316"></trkpt>
      <trkpt lat="37.628560" lon="-80.516981"></trkpt>
      <trkpt lat="37.628796" lon="-80.516595"></trkpt>
      <trkpt lat="37.629291" lon="-80.515700"></trkpt>
      <trkpt lat="37.629804" lon="-80.514752"></trkpt>
      <trkpt lat="37.630130" lon="-80.514204"></trkpt>
      <trkpt lat="37.630576" lon="-80.513674"></trkpt>
      <trkpt lat="37.631105" lon="-80.513154"></trkpt>
      <trkpt lat="37.631537" lon="-80.512773"></trkpt>
      <trkpt lat="37.631915" lon="-80.512455"></trkpt>
      <trkpt lat="37.633120" lon="-80.511454"></trkpt>
      <trkpt lat="37.633446" lon="-80.511187"></trkpt>
      <trkpt lat="37.633728" lon="-80.510909"></trkpt>
      <trkpt lat="37.633900" lon="-80.510709"></trkpt>
      <trkpt lat="37.634076" lon="-80.510392"></trkpt>
      <trkpt lat="37.634439" lon="-80.509566"></trkpt>
      <trkpt lat="37.634623" lon="-80.509172"></trkpt>
      <trkpt lat="37.634769" lon="-80.508939"></trkpt>
      <trkpt lat="37.634980" lon="-80.508700"></trkpt>
      <trkpt lat="37.635213" lon="-80.508425"></trkpt>
      <trkpt lat="37.635434" lon="-80.508216"></trkpt>
      <trkpt lat="37.635649" lon="-80.508090"></trkpt>
      <trkpt lat="37.635976" lon="-80.507950"></trkpt>
      <trkpt lat="37.636194" lon="-80.507877"></trkpt>
      <trkpt lat="37.636508" lon="-80.507759"></trkpt>
      <trkpt lat="37.637229" lon="-80.507408"></trkpt>
      <trkpt lat="37.637766" lon="-80.507141"></trkpt>
      <trkpt lat="37.637950" lon="-80.507023"></trkpt>
      <trkpt lat="37.638130" lon="-80.506854"></trkpt>
      <trkpt lat="37.638237" lon="-80.506705"></trkpt>
      <trkpt lat="37.638342" lon="-80.506465"></trkpt>
      <trkpt lat="37.638379" lon="-80.506378"></trkpt>
      <trkpt lat="37.638414" lon="-80.506277"></trkpt>
      <trkpt lat="37.638499" lon="-80.506031"></trkpt>
      <trkpt lat="37.638729" lon="-80.505370"></trkpt>
      <trkpt lat="37.638807" lon="-80.505193"></trkpt>
      <trkpt lat="37.638880" lon="-80.505070"></trkpt>
      <trkpt lat="37.638991" lon="-80.504941"></trkpt>
      <trkpt lat="37.639188" lon="-80.504735"></trkpt>
      <trkpt lat="37.639597" lon="-80.504332"></trkpt>
      <trkpt lat="37.640561" lon="-80.503368"></trkpt>
      <trkpt lat="37.640756" lon="-80.503181"></trkpt>
      <trkpt lat="37.641885" lon="-80.502097"></trkpt>
      <trkpt lat="37.642114" lon="-80.501867"></trkpt>
      <trkpt lat="37.642364" lon="-80.501581"></trkpt>
      <trkpt lat="37.643025" lon="-80.500908"></trkpt>
      <trkpt lat="37.643141" lon="-80.500791"></trkpt>
      <trkpt lat="37.643251" lon="-80.500675"></trkpt>
      <trkpt lat="37.643692" lon="-80.500239"></trkpt>
      <trkpt lat="37.643906" lon="-80.500003"></trkpt>
      <trkpt lat="37.644441" lon="-80.499450"></trkpt>
      <trkpt lat="37.644479" lon="-80.499408"></trkpt>
      <trkpt lat="37.644727" lon="-80.499160"></trkpt>
      <trkpt lat="37.644961" lon="-80.498957"></trkpt>
      <trkpt lat="37.645142" lon="-80.498818"></trkpt>
      <trkpt lat="37.645918" lon="-80.498253"></trkpt>
      <trkpt lat="37.646141" lon="-80.497960"></trkpt>
      <trkpt lat="37.646496" lon="-80.497430"></trkpt>
      <trkpt lat="37.646569" lon="-80.497325"></trkpt>
      <trkpt lat="37.646668" lon="-80.497232"></trkpt>
      <trkpt lat="37.646767" lon="-80.497173"></trkpt>
      <trkpt lat="37.646884" lon="-80.497136"></trkpt>
      <trkpt lat="37.646997" lon="-80.497122"></trkpt>
      <trkpt lat="37.647109" lon="-80.497125"></trkpt>
      <trkpt lat="37.647251" lon="-80.497151"></trkpt>
      <trkpt lat="37.647413" lon="-80.497177"></trkpt>
      <trkpt lat="37.647660" lon="-80.497216"></trkpt>
      <trkpt lat="37.647931" lon="-80.497247"></trkpt>
      <trkpt lat="37.648196" lon="-80.497261"></trkpt>
      <trkpt lat="37.648482" lon="-80.497256"></trkpt>
      <trkpt lat="37.648767" lon="-80.497239"></trkpt>
      <trkpt lat="37.648988" lon="-80.497212"></trkpt>
      <trkpt lat="37.649133" lon="-80.497183"></trkpt>
      <trkpt lat="37.649369" lon="-80.497113"></trkpt>
      <trkpt lat="37.649520" lon="-80.497039"></trkpt>
      <trkpt lat="37.649669" lon="-80.496939"></trkpt>
      <trkpt lat="37.649806" lon="-80.496826"></trkpt>
      <trkpt lat="37.650351" lon="-80.496313"></trkpt>
      <trkpt lat="37.650650" lon="-80.496042"></trkpt>
      <trkpt lat="37.650823" lon="-80.495857"></trkpt>
      <trkpt lat="37.650985" lon="-80.495696"></trkpt>
      <trkpt lat="37.651367" lon="-80.495316"></trkpt>
      <trkpt lat="37.652188" lon="-80.494488"></trkpt>
      <trkpt lat="37.652391" lon="-80.494296"></trkpt>
      <trkpt lat="37.653664" lon="-80.493159"></trkpt>
      <trkpt lat="37.653743" lon="-80.493089"></trkpt>
      <trkpt lat="37.654231" lon="-80.492657"></trkpt>
      <trkpt lat="37.654623" lon="-80.492301"></trkpt>
      <trkpt lat="37.654706" lon="-80.492211"></trkpt>
      <trkpt lat="37.654801" lon="-80.492107"></trkpt>
      <trkpt lat="37.654933" lon="-80.491905"></trkpt>
      <trkpt lat="37.655063" lon="-80.491668"></trkpt>
      <trkpt lat="37.655684" lon="-80.490285"></trkpt>
      <trkpt lat="37.655853" lon="-80.489901"></trkpt>
      <trkpt lat="37.655954" lon="-80.489608"></trkpt>
      <trkpt lat="37.656005" lon="-80.489364"></trkpt>
      <trkpt lat="37.656106" lon="-80.488566"></trkpt>
      <trkpt lat="37.656144" lon="-80.488367"></trkpt>
      <trkpt lat="37.656203" lon="-80.488181"></trkpt>
      <trkpt lat="37.656304" lon="-80.487989"></trkpt>
      <trkpt lat="37.656464" lon="-80.487789"></trkpt>
      <trkpt lat="37.656642" lon="-80.487585"></trkpt>
      <trkpt lat="37.657420" lon="-80.486692"></trkpt>
      <trkpt lat="37.657505" lon="-80.486573"></trkpt>
      <trkpt lat="37.657589" lon="-80.486435"></trkpt>
      <trkpt lat="37.657642" lon="-80.486302"></trkpt>
      <trkpt lat="37.657686" lon="-80.486113"></trkpt>
      <trkpt lat="37.657702" lon="-80.485912"></trkpt>
      <trkpt lat="37.657689" lon="-80.485177"></trkpt>
      <trkpt lat="37.657705" lon="-80.484989"></trkpt>
      <trkpt lat="37.657759" lon="-80.484801"></trkpt>
      <trkpt lat="37.657830" lon="-80.484630"></trkpt>
      <trkpt lat="37.657928" lon="-80.484464"></trkpt>
      <trkpt lat="37.658464" lon="-80.483713"></trkpt>
      <trkpt lat="37.658583" lon="-80.483554"></trkpt>
      <trkpt lat="37.658685" lon="-80.483384"></trkpt>
      <trkpt lat="37.658763" lon="-80.483217"></trkpt>
      <trkpt lat="37.658826" lon="-80.483029"></trkpt>
      <trkpt lat="37.658990" lon="-80.482526"></trkpt>
      <trkpt lat="37.659245" lon="-80.481813"></trkpt>
      <trkpt lat="37.659536" lon="-80.481084"></trkpt>
      <trkpt lat="37.659636" lon="-80.480791"></trkpt>
      <trkpt lat="37.659710" lon="-80.480512"></trkpt>
      <trkpt lat="37.659757" lon="-80.480321"></trkpt>
      <trkpt lat="37.659817" lon="-80.480167"></trkpt>
      <trkpt lat="37.659878" lon="-80.480037"></trkpt>
      <trkpt lat="37.659975" lon="-80.479893"></trkpt>
      <trkpt lat="37.660091" lon="-80.479709"></trkpt>
      <trkpt lat="37.660122" lon="-80.479659"></trkpt>
      <trkpt lat="37.660183" lon="-80.479552"></trkpt>
      <trkpt lat="37.660409" lon="-80.479113"></trkpt>
      <trkpt lat="37.660956" lon="-80.478343"></trkpt>
      <trkpt lat="37.661051" lon="-80.478177"></trkpt>
      <trkpt lat="37.661147" lon="-80.477895"></trkpt>
      <trkpt lat="37.661195" lon="-80.477474"></trkpt>
      <trkpt lat="37.661225" lon="-80.477211"></trkpt>
      <trkpt lat="37.661321" lon="-80.476809"></trkpt>
      <trkpt lat="37.661582" lon="-80.475760"></trkpt>
      <trkpt lat="37.661645" lon="-80.475551"></trkpt>
      <trkpt lat="37.661747" lon="-80.475336"></trkpt>
      <trkpt lat="37.661953" lon="-80.474923"></trkpt>
      <trkpt lat="37.662068" lon="-80.474663"></trkpt>
      <trkpt lat="37.662297" lon="-80.474159"></trkpt>
      <trkpt lat="37.662535" lon="-80.473703"></trkpt>
      <trkpt lat="37.662805" lon="-80.473271"></trkpt>
      <trkpt lat="37.663204" lon="-80.472686"></trkpt>
      <trkpt lat="37.664359" lon="-80.471018"></trkpt>
      <trkpt lat="37.664658" lon="-80.470624"></trkpt>
      <trkpt lat="37.664869" lon="-80.470415"></trkpt>
      <trkpt lat="37.665121" lon="-80.470205"></trkpt>
      <trkpt lat="37.665348" lon="-80.470060"></trkpt>
      <trkpt lat="37.665589" lon="-80.469929"></trkpt>
      <trkpt lat="37.666189" lon="-80.469744"></trkpt>
      <trkpt lat="37.667516" lon="-80.469441"></trkpt>
      <trkpt lat="37.668391" lon="-80.469277"></trkpt>
      <trkpt lat="37.669198" lon="-80.469143"></trkpt>
      <trkpt lat="37.669605" lon="-80.469044"></trkpt>
      <trkpt lat="37.670394" lon="-80.468785"></trkpt>
      <trkpt lat="37.670952" lon="-80.468599"></trkpt>
      <trkpt lat="37.671198" lon="-80.468566"></trkpt>
      <trkpt lat="37.671399" lon="-80.468564"></trkpt>
      <trkpt lat="37.671907" lon="-80.468656"></trkpt>
      <trkpt lat="37.672474" lon="-80.468711"></trkpt>
      <trkpt lat="37.672641" lon="-80.468714"></trkpt>
      <trkpt lat="37.672782" lon="-80.468687"></trkpt>
      <trkpt lat="37.673312" lon="-80.468537"></trkpt>
      <trkpt lat="37.673828" lon="-80.468349"></trkpt>
      <trkpt lat="37.674270" lon="-80.468113"></trkpt>
      <trkpt lat="37.674716" lon="-80.467864"></trkpt>
      <trkpt lat="37.675936" lon="-80.467304"></trkpt>
      <trkpt lat="37.676505" lon="-80.467079"></trkpt>
      <trkpt lat="37.677157" lon="-80.466913"></trkpt>
      <trkpt lat="37.677480" lon="-80.466873"></trkpt>
      <trkpt lat="37.677832" lon="-80.466848"></trkpt>
      <trkpt lat="37.678398" lon="-80.466888"></trkpt>
      <trkpt lat="37.678676" lon="-80.466865"></trkpt>
      <trkpt lat="37.678969" lon="-80.466784"></trkpt>
      <trkpt lat="37.679484" lon="-80.466569"></trkpt>
      <trkpt lat="37.680055" lon="-80.466302"></trkpt>
      <trkpt lat="37.680473" lon="-80.466183"></trkpt>
      <trkpt lat="37.680799" lon="-80.466202"></trkpt>
      <trkpt lat="37.681183" lon="-80.466252"></trkpt>
      <trkpt lat="37.681861" lon="-80.466379"></trkpt>
      <trkpt lat="37.682169" lon="-80.466372"></trkpt>
      <trkpt lat="37.682401" lon="-80.466291"></trkpt>
      <trkpt lat="37.682620" lon="-80.466160"></trkpt>
      <trkpt lat="37.682794" lon="-80.465994"></trkpt>
      <trkpt lat="37.683056" lon="-80.465612"></trkpt>
      <trkpt lat="37.683252" lon="-80.465177"></trkpt>
      <trkpt lat="37.683621" lon="-80.464194"></trkpt>
      <trkpt lat="37.683712" lon="-80.463871"></trkpt>
      <trkpt lat="37.683749" lon="-80.463515"></trkpt>
      <trkpt lat="37.683814" lon="-80.462401"></trkpt>
      <trkpt lat="37.683980" lon="-80.458984"></trkpt>
      <trkpt lat="37.684014" lon="-80.458424"></trkpt>
      <trkpt lat="37.684128" lon="-80.457922"></trkpt>
      <trkpt lat="37.684497" lon="-80.456827"></trkpt>
      <trkpt lat="37.684623" lon="-80.456540"></trkpt>
      <trkpt lat="37.684716" lon="-80.456307"></trkpt>
      <trkpt lat="37.685112" lon="-80.455294"></trkpt>
      <trkpt lat="37.685271" lon="-80.454993"></trkpt>
      <trkpt lat="37.685509" lon="-80.454727"></trkpt>
      <trkpt lat="37.686573" lon="-80.453856"></trkpt>
      <trkpt lat="37.686824" lon="-80.453610"></trkpt>
      <trkpt lat="37.687083" lon="-80.453301"></trkpt>
      <trkpt lat="37.687512" lon="-80.452654"></trkpt>
      <trkpt lat="37.689019" lon="-80.450342"></trkpt>
      <trkpt lat="37.689390" lon="-80.449796"></trkpt>
      <trkpt lat="37.689544" lon="-80.449479"></trkpt>
      <trkpt lat="37.689626" lon="-80.449237"></trkpt>
      <trkpt lat="37.689730" lon="-80.448846"></trkpt>
      <trkpt lat="37.689876" lon="-80.448089"></trkpt>
      <trkpt lat="37.690156" lon="-80.446598"></trkpt>
      <trkpt lat="37.690848" lon="-80.443384"></trkpt>
      <trkpt lat="37.691014" lon="-80.442451"></trkpt>
      <trkpt lat="37.691133" lon="-80.442000"></trkpt>
      <trkpt lat="37.691426" lon="-80.441538"></trkpt>
      <trkpt lat="37.691628" lon="-80.441303"></trkpt>
      <trkpt lat="37.691933" lon="-80.441044"></trkpt>
      <trkpt lat="37.692110" lon="-80.440963"></trkpt>
      <trkpt lat="37.692393" lon="-80.440844"></trkpt>
      <trkpt lat="37.693677" lon="-80.440489"></trkpt>
      <trkpt lat="37.695995" lon="-80.439885"></trkpt>
      <trkpt lat="37.696997" lon="-80.439604"></trkpt>
      <trkpt lat="37.697697" lon="-80.439433"></trkpt>
      <trkpt lat="37.698591" lon="-80.439173"></trkpt>
      <trkpt lat="37.699929" lon="-80.438832"></trkpt>
      <trkpt lat="37.701290" lon="-80.438460"></trkpt>
      <trkpt lat="37.702648" lon="-80.438100"></trkpt>
      <trkpt lat="37.703772" lon="-80.437810"></trkpt>
      <trkpt lat="37.704726" lon="-80.437560"></trkpt>
      <trkpt lat="37.705023" lon="-80.437532"></trkpt>
      <trkpt lat="37.705280" lon="-80.437583"></trkpt>
      <trkpt lat="37.705534" lon="-80.437662"></trkpt>
      <trkpt lat="37.705774" lon="-80.437785"></trkpt>
      <trkpt lat="37.706103" lon="-80.438054"></trkpt>
      <trkpt lat="37.706464" lon="-80.438460"></trkpt>
      <trkpt lat="37.706750" lon="-80.438754"></trkpt>
      <trkpt lat="37.707432" lon="-80.439586"></trkpt>
      <trkpt lat="37.708426" lon="-80.440722"></trkpt>
      <trkpt lat="37.708883" lon="-80.440997"></trkpt>
      <trkpt lat="37.709324" lon="-80.441088"></trkpt>
      <trkpt lat="37.712550" lon="-80.441498"></trkpt>
      <trkpt lat="37.712752" lon="-80.441523"></trkpt>
      <trkpt lat="37.712885" lon="-80.441528"></trkpt>
      <trkpt lat="37.713417" lon="-80.440664"></trkpt>
      <trkpt lat="37.714058" lon="-80.439569"></trkpt>
      <trkpt lat="37.714997" lon="-80.438503"></trkpt>
      <trkpt lat="37.715982" lon="-80.437924"></trkpt>
      <trkpt lat="37.716027" lon="-80.437898"></trkpt>
      <trkpt lat="37.717568" lon="-80.437589"></trkpt>
      <trkpt lat="37.718151" lon="-80.437472"></trkpt>
      <trkpt lat="37.718363" lon="-80.437346"></trkpt>
      <trkpt lat="37.718406" lon="-80.437313"></trkpt>
      <trkpt lat="37.718609" lon="-80.437160"></trkpt>
      <trkpt lat="37.718628" lon="-80.437139"></trkpt>
      <trkpt lat="37.718760" lon="-80.436989"></trkpt>
      <trkpt lat="37.718981" lon="-80.436691"></trkpt>
      <trkpt lat="37.719117" lon="-80.436423"></trkpt>
      <trkpt lat="37.719240" lon="-80.436021"></trkpt>
      <trkpt lat="37.719583" lon="-80.434669"></trkpt>
      <trkpt lat="37.719923" lon="-80.433700"></trkpt>
      <trkpt lat="37.720300" lon="-80.432939"></trkpt>
      <trkpt lat="37.720835" lon="-80.432118"></trkpt>
      <trkpt lat="37.722110" lon="-80.430876"></trkpt>
      <trkpt lat="37.723621" lon="-80.429537"></trkpt>
      <trkpt lat="37.724617" lon="-80.428726"></trkpt>
      <trkpt lat="37.725484" lon="-80.428015"></trkpt>
      <trkpt lat="37.727199" lon="-80.426514"></trkpt>
      <trkpt lat="37.727770" lon="-80.425911"></trkpt>
      <trkpt lat="37.727978" lon="-80.425620"></trkpt>
      <trkpt lat="37.728168" lon="-80.425363"></trkpt>
      <trkpt lat="37.728343" lon="-80.425079"></trkpt>
      <trkpt lat="37.728593" lon="-80.424628"></trkpt>
      <trkpt lat="37.728812" lon="-80.424134"></trkpt>
      <trkpt lat="37.729029" lon="-80.423524"></trkpt>
      <trkpt lat="37.729322" lon="-80.422629"></trkpt>
      <trkpt lat="37.729514" lon="-80.422052"></trkpt>
      <trkpt lat="37.729803" lon="-80.421200"></trkpt>
      <trkpt lat="37.729903" lon="-80.420953"></trkpt>
      <trkpt lat="37.730014" lon="-80.420748"></trkpt>
      <trkpt lat="37.730157" lon="-80.420572"></trkpt>
      <trkpt lat="37.730386" lon="-80.420384"></trkpt>
      <trkpt lat="37.733649" lon="-80.418738"></trkpt>
      <trkpt lat="37.733767" lon="-80.418673"></trkpt>
      <trkpt lat="37.735324" lon="-80.417404"></trkpt>
      <trkpt lat="37.736041" lon="-80.416539"></trkpt>
      <trkpt lat="37.736232" lon="-80.416307"></trkpt>
      <trkpt lat="37.737828" lon="-80.414345"></trkpt>
      <trkpt lat="37.738791" lon="-80.413186"></trkpt>
      <trkpt lat="37.739042" lon="-80.412792"></trkpt>
      <trkpt lat="37.739322" lon="-80.412253"></trkpt>
      <trkpt lat="37.739632" lon="-80.411751"></trkpt>
      <trkpt lat="37.740206" lon="-80.411224"></trkpt>
      <trkpt lat="37.741495" lon="-80.410374"></trkpt>
      <trkpt lat="37.742238" lon="-80.409859"></trkpt>
      <trkpt lat="37.742721" lon="-80.409378"></trkpt>
      <trkpt lat="37.742904" lon="-80.409004"></trkpt>
      <trkpt lat="37.743041" lon="-80.408631"></trkpt>
      <trkpt lat="37.743270" lon="-80.408336"></trkpt>
      <trkpt lat="37.743491" lon="-80.408174"></trkpt>
      <trkpt lat="37.743775" lon="-80.408074"></trkpt>
      <trkpt lat="37.744523" lon="-80.407825"></trkpt>
      <trkpt lat="37.744969" lon="-80.407735"></trkpt>
      <trkpt lat="37.745201" lon="-80.407765"></trkpt>
      <trkpt lat="37.745416" lon="-80.407886"></trkpt>
      <trkpt lat="37.745841" lon="-80.408270"></trkpt>
      <trkpt lat="37.746055" lon="-80.408415"></trkpt>
      <trkpt lat="37.746308" lon="-80.408500"></trkpt>
      <trkpt lat="37.746618" lon="-80.408526"></trkpt>
      <trkpt lat="37.746924" lon="-80.408472"></trkpt>
      <trkpt lat="37.747560" lon="-80.408223"></trkpt>
      <trkpt lat="37.748937" lon="-80.407696"></trkpt>
      <trkpt lat="37.749507" lon="-80.407414"></trkpt>
      <trkpt lat="37.750095" lon="-80.407096"></trkpt>
      <trkpt lat="37.751037" lon="-80.406636"></trkpt>
      <trkpt lat="37.751989" lon="-80.406296"></trkpt>
      <trkpt lat="37.752559" lon="-80.406073"></trkpt>
      <trkpt lat="37.752757" lon="-80.405928"></trkpt>
      <trkpt lat="37.752981" lon="-80.405699"></trkpt>
      <trkpt lat="37.753355" lon="-80.405144"></trkpt>
      <trkpt lat="37.753538" lon="-80.404835"></trkpt>
      <trkpt lat="37.753684" lon="-80.404591"></trkpt>
      <trkpt lat="37.753891" lon="-80.404272"></trkpt>
      <trkpt lat="37.754218" lon="-80.403712"></trkpt>
      <trkpt lat="37.754306" lon="-80.403586"></trkpt>
      <trkpt lat="37.754657" lon="-80.403024"></trkpt>
      <trkpt lat="37.755290" lon="-80.401978"></trkpt>
      <trkpt lat="37.755545" lon="-80.401545"></trkpt>
      <trkpt lat="37.755716" lon="-80.401274"></trkpt>
      <trkpt lat="37.756479" lon="-80.400017"></trkpt>
      <trkpt lat="37.757020" lon="-80.399177"></trkpt>
      <trkpt lat="37.757635" lon="-80.398322"></trkpt>
      <trkpt lat="37.757824" lon="-80.397994"></trkpt>
      <trkpt lat="37.758076" lon="-80.397734"></trkpt>
      <trkpt lat="37.758527" lon="-80.397472"></trkpt>
      <trkpt lat="37.758925" lon="-80.397394"></trkpt>
      <trkpt lat="37.759270" lon="-80.397419"></trkpt>
      <trkpt lat="37.759776" lon="-80.397452"></trkpt>
      <trkpt lat="37.760132" lon="-80.397437"></trkpt>
      <trkpt lat="37.760565" lon="-80.397362"></trkpt>
      <trkpt lat="37.760978" lon="-80.397228"></trkpt>
      <trkpt lat="37.763164" lon="-80.396330"></trkpt>
      <trkpt lat="37.763842" lon="-80.396061"></trkpt>
      <trkpt lat="37.765054" lon="-80.395568"></trkpt>
      <trkpt lat="37.766296" lon="-80.395066"></trkpt>
      <trkpt lat="37.767159" lon="-80.394711"></trkpt>
      <trkpt lat="37.767633" lon="-80.394525"></trkpt>
      <trkpt lat="37.768156" lon="-80.394308"></trkpt>
      <trkpt lat="37.768428" lon="-80.394209"></trkpt>
      <trkpt lat="37.768731" lon="-80.394116"></trkpt>
      <trkpt lat="37.769109" lon="-80.394020"></trkpt>
      <trkpt lat="37.769453" lon="-80.393962"></trkpt>
      <trkpt lat="37.769745" lon="-80.393927"></trkpt>
      <trkpt lat="37.770171" lon="-80.393902"></trkpt>
      <trkpt lat="37.771067" lon="-80.393848"></trkpt>
      <trkpt lat="37.772156" lon="-80.393786"></trkpt>
      <trkpt lat="37.772627" lon="-80.393763"></trkpt>
      <trkpt lat="37.773382" lon="-80.393715"></trkpt>
      <trkpt lat="37.773711" lon="-80.393693"></trkpt>
      <trkpt lat="37.773960" lon="-80.393691"></trkpt>
      <trkpt lat="37.774361" lon="-80.393691"></trkpt>
      <trkpt lat="37.774556" lon="-80.393701"></trkpt>
      <trkpt lat="37.774734" lon="-80.393719"></trkpt>
      <trkpt lat="37.775145" lon="-80.393764"></trkpt>
      <trkpt lat="37.775406" lon="-80.393810"></trkpt>
      <trkpt lat="37.776378" lon="-80.394025"></trkpt>
      <trkpt lat="37.777062" lon="-80.394168"></trkpt>
      <trkpt lat="37.777575" lon="-80.394278"></trkpt>
      <trkpt lat="37.778099" lon="-80.394392"></trkpt>
      <trkpt lat="37.778358" lon="-80.394449"></trkpt>
      <trkpt lat="37.778565" lon="-80.394495"></trkpt>
      <trkpt lat="37.778839" lon="-80.394540"></trkpt>
      <trkpt lat="37.779121" lon="-80.394545"></trkpt>
      <trkpt lat="37.779289" lon="-80.394534"></trkpt>
      <trkpt lat="37.779587" lon="-80.394492"></trkpt>
      <trkpt lat="37.779891" lon="-80.394424"></trkpt>
      <trkpt lat="37.780774" lon="-80.394203"></trkpt>
      <trkpt lat="37.780756" lon="-80.393590"></trkpt>
      <trkpt lat="37.780742" lon="-80.393073"></trkpt>
      <trkpt lat="37.780722" lon="-80.392076"></trkpt>
      <trkpt lat="37.780704" lon="-80.391064"></trkpt>
      <trkpt lat="37.780680" lon="-80.390017"></trkpt>
      <trkpt lat="37.780674" lon="-80.389330"></trkpt>
      <trkpt lat="37.780666" lon="-80.388152"></trkpt>
      <trkpt lat="37.780646" lon="-80.387412"></trkpt>
      <trkpt lat="37.780638" lon="-80.386519"></trkpt>
      <trkpt lat="37.780592" lon="-80.385842"></trkpt>
      <trkpt lat="37.780482" lon="-80.385257"></trkpt>
      <trkpt lat="37.780386" lon="-80.384919"></trkpt>
      <trkpt lat="37.780344" lon="-80.384820"></trkpt>
      <trkpt lat="37.780100" lon="-80.384336"></trkpt>
      <trkpt lat="37.779831" lon="-80.383960"></trkpt>
      <trkpt lat="37.779593" lon="-80.383703"></trkpt>
      <trkpt lat="37.779423" lon="-80.383554"></trkpt>
      <trkpt lat="37.779216" lon="-80.383402"></trkpt>
      <trkpt lat="37.778792" lon="-80.383170"></trkpt>
      <trkpt lat="37.778165" lon="-80.383023"></trkpt>
      <trkpt lat="37.777240" lon="-80.383061"></trkpt>
      <trkpt lat="37.776842" lon="-80.383093"></trkpt>
      <trkpt lat="37.776595" lon="-80.383112"></trkpt>
      <trkpt lat="37.776149" lon="-80.383125"></trkpt>
      <trkpt lat="37.775909" lon="-80.383109"></trkpt>
      <trkpt lat="37.775605" lon="-80.383028"></trkpt>
      <trkpt lat="37.775502" lon="-80.382954"></trkpt>
      <trkpt lat="37.775446" lon="-80.382888"></trkpt>
      <trkpt lat="37.773888" lon="-80.380912"></trkpt>
      <trkpt lat="37.773213" lon="-80.379873"></trkpt>
      <trkpt lat="37.773118" lon="-80.379530"></trkpt>
      <trkpt lat="37.773080" lon="-80.379039"></trkpt>
      <trkpt lat="37.773208" lon="-80.377052"></trkpt>
      <trkpt lat="37.773220" lon="-80.375892"></trkpt>
      <trkpt lat="37.772947" lon="-80.374794"></trkpt>
      <trkpt lat="37.772731" lon="-80.374147"></trkpt>
      <trkpt lat="37.771635" lon="-80.371122"></trkpt>
      <trkpt lat="37.771561" lon="-80.370816"></trkpt>
      <trkpt lat="37.771550" lon="-80.370688"></trkpt>
      <trkpt lat="37.771549" lon="-80.370551"></trkpt>
      <trkpt lat="37.771568" lon="-80.370430"></trkpt>
      <trkpt lat="37.771678" lon="-80.370147"></trkpt>
      <trkpt lat="37.772085" lon="-80.369343"></trkpt>
      <trkpt lat="37.772400" lon="-80.368542"></trkpt>
      <trkpt lat="37.773093" lon="-80.366550"></trkpt>
      <trkpt lat="37.773235" lon="-80.366108"></trkpt>
      <trkpt lat="37.773292" lon="-80.365876"></trkpt>
      <trkpt lat="37.773407" lon="-80.365264"></trkpt>
      <trkpt lat="37.773455" lon="-80.364816"></trkpt>
      <trkpt lat="37.773460" lon="-80.364361"></trkpt>
      <trkpt lat="37.773436" lon="-80.363920"></trkpt>
      <trkpt lat="37.773391" lon="-80.363572"></trkpt>
      <trkpt lat="37.773227" lon="-80.362500"></trkpt>
      <trkpt lat="37.772953" lon="-80.360662"></trkpt>
      <trkpt lat="37.772651" lon="-80.358749"></trkpt>
      <trkpt lat="37.772554" lon="-80.357296"></trkpt>
      <trkpt lat="37.772523" lon="-80.356415"></trkpt>
      <trkpt lat="37.772462" lon="-80.354738"></trkpt>
      <trkpt lat="37.772453" lon="-80.353421"></trkpt>
      <trkpt lat="37.772537" lon="-80.352820"></trkpt>
      <trkpt lat="37.772616" lon="-80.352329"></trkpt>
      <trkpt lat="37.772809" lon="-80.351802"></trkpt>
      <trkpt lat="37.773817" lon="-80.349975"></trkpt>
      <trkpt lat="37.774582" lon="-80.348602"></trkpt>
      <trkpt lat="37.775579" lon="-80.346775"></trkpt>
      <trkpt lat="37.775800" lon="-80.346379"></trkpt>
      <trkpt lat="37.776133" lon="-80.345672"></trkpt>
      <trkpt lat="37.776390" lon="-80.344874"></trkpt>
      <trkpt lat="37.776656" lon="-80.343939"></trkpt>
      <trkpt lat="37.776864" lon="-80.343081"></trkpt>
      <trkpt lat="37.777044" lon="-80.341626"></trkpt>
      <trkpt lat="37.777092" lon="-80.331683"></trkpt>
      <trkpt lat="37.777102" lon="-80.330697"></trkpt>
      <trkpt lat="37.777103" lon="-80.330557"></trkpt>
      <trkpt lat="37.777216" lon="-80.329730"></trkpt>
      <trkpt lat="37.777356" lon="-80.329022"></trkpt>
      <trkpt lat="37.777530" lon="-80.328391"></trkpt>
      <trkpt lat="37.777794" lon="-80.327701"></trkpt>
      <trkpt lat="37.778342" lon="-80.326315"></trkpt>
      <trkpt lat="37.778623" lon="-80.325591"></trkpt>
      <trkpt lat="37.779224" lon="-80.324030"></trkpt>
      <trkpt lat="37.779463" lon="-80.323416"></trkpt>
      <trkpt lat="37.780255" lon="-80.321330"></trkpt>
      <trkpt lat="37.780337" lon="-80.321113"></trkpt>
      <trkpt lat="37.780700" lon="-80.320172"></trkpt>
      <trkpt lat="37.781140" lon="-80.319063"></trkpt>
      <trkpt lat="37.782023" lon="-80.316765"></trkpt>
      <trkpt lat="37.782231" lon="-80.316245"></trkpt>
      <trkpt lat="37.782408" lon="-80.315849"></trkpt>
      <trkpt lat="37.782752" lon="-80.314712"></trkpt>
      <trkpt lat="37.782872" lon="-80.314211"></trkpt>
      <trkpt lat="37.782927" lon="-80.313867"></trkpt>
      <trkpt lat="37.783019" lon="-80.312936"></trkpt>
      <trkpt lat="37.783029" lon="-80.312525"></trkpt>
      <trkpt lat="37.782984" lon="-80.311489"></trkpt>
      <trkpt lat="37.783007" lon="-80.310344"></trkpt>
      <trkpt lat="37.783152" lon="-80.309844"></trkpt>
      <trkpt lat="37.783496" lon="-80.309258"></trkpt>
      <trkpt lat="37.784069" lon="-80.308746"></trkpt>
      <trkpt lat="37.784088" lon="-80.308729"></trkpt>
      <trkpt lat="37.784199" lon="-80.308613"></trkpt>
      <trkpt lat="37.784334" lon="-80.308471"></trkpt>
      <trkpt lat="37.784479" lon="-80.308044"></trkpt>
      <trkpt lat="37.784513" lon="-80.307284"></trkpt>
      <trkpt lat="37.784596" lon="-80.306964"></trkpt>
      <trkpt lat="37.784691" lon="-80.306723"></trkpt>
      <trkpt lat="37.784810" lon="-80.306469"></trkpt>
      <trkpt lat="37.784836" lon="-80.306412"></trkpt>
      <trkpt lat="37.785140" lon="-80.305845"></trkpt>
      <trkpt lat="37.785262" lon="-80.305660"></trkpt>
      <trkpt lat="37.785366" lon="-80.305534"></trkpt>
      <trkpt lat="37.785523" lon="-80.305431"></trkpt>
      <trkpt lat="37.786623" lon="-80.304840"></trkpt>
      <trkpt lat="37.787947" lon="-80.304129"></trkpt>
      <trkpt lat="37.788700" lon="-80.303760"></trkpt>
      <trkpt lat="37.789279" lon="-80.303476"></trkpt>
      <trkpt lat="37.789317" lon="-80.303458"></trkpt>
      <trkpt lat="37.790203" lon="-80.303002"></trkpt>
      <trkpt lat="37.790564" lon="-80.302824"></trkpt>
      <trkpt lat="37.791388" lon="-80.302417"></trkpt>
      <trkpt lat="37.791989" lon="-80.302111"></trkpt>
      <trkpt lat="37.792143" lon="-80.302026"></trkpt>
      <trkpt lat="37.793184" lon="-80.301482"></trkpt>
      <trkpt lat="37.793313" lon="-80.301397"></trkpt>
      <trkpt lat="37.793433" lon="-80.301317"></trkpt>
      <trkpt lat="37.793592" lon="-80.301157"></trkpt>
      <trkpt lat="37.793879" lon="-80.300777"></trkpt>
      <trkpt lat="37.794598" lon="-80.299863"></trkpt>
      <trkpt lat="37.794766" lon="-80.299655"></trkpt>
      <trkpt lat="37.794787" lon="-80.299629"></trkpt>
      <trkpt lat="37.794938" lon="-80.299436"></trkpt>
      <trkpt lat="37.795481" lon="-80.298738"></trkpt>
      <trkpt lat="37.795951" lon="-80.298144"></trkpt>
      <trkpt lat="37.796009" lon="-80.298070"></trkpt>
      <trkpt lat="37.796029" lon="-80.298044"></trkpt>
      <trkpt lat="37.796077" lon="-80.297986"></trkpt>
      <trkpt lat="37.796468" lon="-80.297512"></trkpt>
    </trkseg>
  </trk>
</gpx>
