{
 "type": "FeatureCollection",
 "features": [
  {
   "type": "Feature",
   "geometry": {
    "type": "LineString",
    "coordinates": [
     [
      -78.236168,
      39.623334
     ],
     [
      -78.235985,
      39.62334
     ],
     [
      -78.235874,
      39.623357
     ],
     [
      -78.235771,
      39.62338
     ],
     [
      -78.235654,
      39.623411
     ],
     [
      -78.235512,
      39.623451
     ],
     [
      -78.235375,
      39.623495
     ],
     [
      -78.235166,
      39.623573
     ],
     [
      -78.23488,
      39.623688
     ],
     [
      -78.23452,
      39.623847
     ],
     [
      -78.234384,
      39.623898
     ],
     [
      -78.234313,
      39.62392
     ],
     [
      -78.234247,
      39.623934
     ],
     [
      -78.234182,
      39.62394
     ],
     [
      -78.234117,
      39.623938
     ],
     [
      -78.234055,
      39.623935
     ],
     [
      -78.233994,
      39.623923
     ],
     [
      -78.233918,
      39.623906
     ],
     [
      -78.233821,
      39.623874
     ],
     [
      -78.233725,
      39.623833
     ],
     [
      -78.233666,
      39.623799
     ],
     [
      -78.23356,
      39.623738
     ],
     [
      -78.233464,
      39.623687
     ],
     [
      -78.233398,
      39.62366
     ],
     [
      -78.233334,
      39.623639
     ],
     [
      -78.233262,
      39.623627
     ],
     [
      -78.233192,
      39.623622
     ],
     [
      -78.233135,
      39.623627
     ],
     [
      -78.23308,
      39.623639
     ],
     [
      -78.233011,
      39.623659
     ],
     [
      -78.232927,
      39.6237
     ],
     [
      -78.232863,
      39.623738
     ],
     [
      -78.232796,
      39.623786
     ],
     [
      -78.232726,
      39.623845
     ],
     [
      -78.232652,
      39.623916
     ],
     [
      -78.232524,
      39.624046
     ],
     [
      -78.232419,
      39.624152
     ],
     [
      -78.232377,
      39.624195
     ],
     [
      -78.232144,
      39.624441
     ],
     [
      -78.231861,
      39.62476
     ],
     [
      -78.231669,
      39.624974
     ],
     [
      -78.23148,
      39.625185
     ],
     [
      -78.2314,
      39.625273
     ],
     [
      -78.231287,
      39.625382
     ],
     [
      -78.231158,
      39.625507
     ],
     [
      -78.230932,
      39.625722
     ],
     [
      -78.230764,
      39.625895
     ],
     [
      -78.230632,
      39.626068
     ],
     [
      -78.230441,
      39.626336
     ],
     [
      -78.230292,
      39.626531
     ],
     [
      -78.230177,
      39.626674
     ],
     [
      -78.229989,
      39.62691
     ],
     [
      -78.22971,
      39.627275
     ],
     [
      -78.229457,
      39.627623
     ],
     [
      -78.229239,
      39.627907
     ],
     [
      -78.228941,
      39.628251
     ],
     [
      -78.228701,
      39.628533
     ],
     [
      -78.228477,
      39.628818
     ],
     [
      -78.228276,
      39.629057
     ],
     [
      -78.228138,
      39.62918
     ],
     [
      -78.227975,
      39.62931
     ],
     [
      -78.227741,
      39.629507
     ],
     [
      -78.22756,
      39.629663
     ],
     [
      -78.227457,
      39.629725
     ],
     [
      -78.22735,
      39.629761
     ],
     [
      -78.227251,
      39.62977
     ],
     [
      -78.227204,
      39.629765
     ],
     [
      -78.227139,
      39.629759
     ],
     [
      -78.226995,
      39.629712
     ],
     [
      -78.226899,
      39.629675
     ],
     [
      -78.226673,
      39.62958
     ],
     [
      -78.226121,
      39.629338
     ],
     [
      -78.22602,
      39.629293
     ],
     [
      -78.226073,
      39.62922
     ],
     [
      -78.226253,
      39.628968
     ],
     [
      -78.22637,
      39.628805
     ],
     [
      -78.226523,
      39.628593
     ],
     [
      -78.226582,
      39.628508
     ],
     [
      -78.22663,
      39.628442
     ],
     [
      -78.226832,
      39.62816
     ],
     [
      -78.226846,
      39.628141
     ],
     [
      -78.227108,
      39.627776
     ],
     [
      -78.227151,
      39.627714
     ],
     [
      -78.227195,
      39.627654
     ],
     [
      -78.227311,
      39.627491
     ],
     [
      -78.227452,
      39.627295
     ],
     [
      -78.227683,
      39.626973
     ],
     [
      -78.227751,
      39.626877
     ],
     [
      -78.227822,
      39.626777
     ],
     [
      -78.228055,
      39.626446
     ],
     [
      -78.228086,
      39.626402
     ],
     [
      -78.228297,
      39.626104
     ],
     [
      -78.228348,
      39.626043
     ],
     [
      -78.228449,
      39.625888
     ],
     [
      -78.228621,
      39.625643
     ],
     [
      -78.228883,
      39.625272
     ],
     [
      -78.228902,
      39.625244
     ],
     [
      -78.229472,
      39.624436
     ],
     [
      -78.229696,
      39.624124
     ],
     [
      -78.229731,
      39.624069
     ],
     [
      -78.229754,
      39.624015
     ],
     [
      -78.229769,
      39.623967
     ],
     [
      -78.229783,
      39.623896
     ],
     [
      -78.229797,
      39.623697
     ],
     [
      -78.229801,
      39.623607
     ],
     [
      -78.229805,
      39.623513
     ],
     [
      -78.229819,
      39.623355
     ],
     [
      -78.229834,
      39.623181
     ],
     [
      -78.229865,
      39.622929
     ],
     [
      -78.229911,
      39.622578
     ],
     [
      -78.22993,
      39.622432
     ],
     [
      -78.229939,
      39.622359
     ],
     [
      -78.229973,
      39.622097
     ],
     [
      -78.229987,
      39.62199
     ],
     [
      -78.229998,
      39.621908
     ],
     [
      -78.230009,
      39.621824
     ],
     [
      -78.230032,
      39.621654
     ],
     [
      -78.230051,
      39.621503
     ],
     [
      -78.230118,
      39.621189
     ],
     [
      -78.2302,
      39.620804
     ],
     [
      -78.230205,
      39.62078
     ],
     [
      -78.230278,
      39.62042
     ],
     [
      -78.230306,
      39.620283
     ],
     [
      -78.230313,
      39.62025
     ],
     [
      -78.230329,
      39.62017
     ],
     [
      -78.230394,
      39.619871
     ],
     [
      -78.230444,
      39.619628
     ],
     [
      -78.230532,
      39.619193
     ],
     [
      -78.23059,
      39.61893
     ],
     [
      -78.230663,
      39.618657
     ],
     [
      -78.230803,
      39.618228
     ],
     [
      -78.230875,
      39.618023
     ],
     [
      -78.230942,
      39.617828
     ],
     [
      -78.230989,
      39.617647
     ],
     [
      -78.231049,
      39.617334
     ],
     [
      -78.231082,
      39.617212
     ],
     [
      -78.231133,
      39.617016
     ],
     [
      -78.231151,
      39.616946
     ],
     [
      -78.231219,
      39.616745
     ],
     [
      -78.231362,
      39.616426
     ],
     [
      -78.231444,
      39.616291
     ],
     [
      -78.231547,
      39.616133
     ],
     [
      -78.231593,
      39.616063
     ],
     [
      -78.231818,
      39.615718
     ],
     [
      -78.231836,
      39.615689
     ],
     [
      -78.232153,
      39.615233
     ],
     [
      -78.232332,
      39.614974
     ],
     [
      -78.232503,
      39.614728
     ],
     [
      -78.232922,
      39.614194
     ],
     [
      -78.233008,
      39.614096
     ],
     [
      -78.233209,
      39.613866
     ],
     [
      -78.233369,
      39.613687
     ],
     [
      -78.233538,
      39.613518
     ],
     [
      -78.233584,
      39.613478
     ],
     [
      -78.233725,
      39.613356
     ],
     [
      -78.234195,
      39.612946
     ],
     [
      -78.235545,
      39.611724
     ],
     [
      -78.236033,
      39.611279
     ],
     [
      -78.236169,
      39.611149
     ],
     [
      -78.236281,
      39.611028
     ],
     [
      -78.236388,
      39.61089
     ],
     [
      -78.2365,
      39.610731
     ],
     [
      -78.236588,
      39.610592
     ],
     [
      -78.236679,
      39.610417
     ],
     [
      -78.236739,
      39.610267
     ],
     [
      -78.236796,
      39.610108
     ],
     [
      -78.236872,
      39.609828
     ],
     [
      -78.236907,
      39.6097
     ],
     [
      -78.23693,
      39.609608
     ],
     [
      -78.236949,
      39.609529
     ],
     [
      -78.237068,
      39.609039
     ],
     [
      -78.237141,
      39.608726
     ],
     [
      -78.237581,
      39.607012
     ],
     [
      -78.237659,
      39.606749
     ],
     [
      -78.237747,
      39.606516
     ],
     [
      -78.237809,
      39.606362
     ],
     [
      -78.237896,
      39.606172
     ],
     [
      -78.238274,
      39.605453
     ],
     [
      -78.238456,
      39.605154
     ],
     [
      -78.238495,
      39.605087
     ],
     [
      -78.238777,
      39.604605
     ],
     [
      -78.23881,
      39.604548
     ],
     [
      -78.239004,
      39.604218
     ],
     [
      -78.239124,
      39.604007
     ],
     [
      -78.23931,
      39.603701
     ],
     [
      -78.239576,
      39.603263
     ],
     [
      -78.239611,
      39.603206
     ],
     [
      -78.239858,
      39.602821
     ],
     [
      -78.239999,
      39.602569
     ],
     [
      -78.240003,
      39.602561
     ],
     [
      -78.240334,
      39.602017
     ],
     [
      -78.240451,
      39.601815
     ],
     [
      -78.240905,
      39.601032
     ],
     [
      -78.24148,
      39.600062
     ],
     [
      -78.241491,
      39.600043
     ],
     [
      -78.241837,
      39.599446
     ],
     [
      -78.242377,
      39.598573
     ],
     [
      -78.242441,
      39.598468
     ],
     [
      -78.242692,
      39.59805
     ],
     [
      -78.243035,
      39.597459
     ],
     [
      -78.243415,
      39.596818
     ],
     [
      -78.243629,
      39.596457
     ],
     [
      -78.244317,
      39.595298
     ],
     [
      -78.2444,
      39.595208
     ],
     [
      -78.244504,
      39.595123
     ],
     [
      -78.244621,
      39.595055
     ],
     [
      -78.244724,
      39.595026
     ],
     [
      -78.244805,
      39.595004
     ],
     [
      -78.244889,
      39.594957
     ],
     [
      -78.244963,
      39.594885
     ],
     [
      -78.244992,
      39.594797
     ],
     [
      -78.24499,
      39.594703
     ],
     [
      -78.244963,
      39.594638
     ],
     [
      -78.244962,
      39.594538
     ],
     [
      -78.244958,
      39.59443
     ],
     [
      -78.244975,
      39.594325
     ],
     [
      -78.245011,
      39.594239
     ],
     [
      -78.245024,
      39.594142
     ],
     [
      -78.245223,
      39.59377
     ],
     [
      -78.245447,
      39.593391
     ],
     [
      -78.245575,
      39.593176
     ],
     [
      -78.245983,
      39.592486
     ],
     [
      -78.247023,
      39.590734
     ],
     [
      -78.247412,
      39.590076
     ],
     [
      -78.248052,
      39.588996
     ],
     [
      -78.248303,
      39.588573
     ],
     [
      -78.249317,
      39.586864
     ],
     [
      -78.249927,
      39.585835
     ],
     [
      -78.250554,
      39.584777
     ],
     [
      -78.251131,
      39.583803
     ],
     [
      -78.252036,
      39.582282
     ],
     [
      -78.252919,
      39.580781
     ],
     [
      -78.253019,
      39.580619
     ],
     [
      -78.253396,
      39.579982
     ],
     [
      -78.253545,
      39.579733
     ],
     [
      -78.253885,
      39.579163
     ],
     [
      -78.254523,
      39.578093
     ],
     [
      -78.254926,
      39.577418
     ],
     [
      -78.254945,
      39.577386
     ],
     [
      -78.255385,
      39.576649
     ],
     [
      -78.255607,
      39.576277
     ],
     [
      -78.256245,
      39.575188
     ],
     [
      -78.256889,
      39.574122
     ],
     [
      -78.256909,
      39.574088
     ],
     [
      -78.259185,
      39.570185
     ],
     [
      -78.259358,
      39.569895
     ],
     [
      -78.259453,
      39.569737
     ],
     [
      -78.261641,
      39.566076
     ],
     [
      -78.26176,
      39.565875
     ],
     [
      -78.262052,
      39.565383
     ],
     [
      -78.262173,
      39.565203
     ],
     [
      -78.262228,
      39.565122
     ],
     [
      -78.262353,
      39.564904
     ],
     [
      -78.262592,
      39.564489
     ],
     [
      -78.262986,
      39.563817
     ],
     [
      -78.263771,
      39.562475
     ],
     [
      -78.264236,
      39.561689
     ],
     [
      -78.264494,
      39.561252
     ],
     [
      -78.264814,
      39.560713
     ],
     [
      -78.265046,
      39.560328
     ],
     [
      -78.265432,
      39.559688
     ],
     [
      -78.265927,
      39.558739
     ],
     [
      -78.266038,
      39.558498
     ],
     [
      -78.266136,
      39.558287
     ],
     [
      -78.26639,
      39.557615
     ],
     [
      -78.266541,
      39.557182
     ],
     [
      -78.266724,
      39.556661
     ],
     [
      -78.266745,
      39.556602
     ],
     [
      -78.267013,
      39.555835
     ],
     [
      -78.26717,
      39.555388
     ],
     [
      -78.267412,
      39.554697
     ],
     [
      -78.267631,
      39.554079
     ],
     [
      -78.267712,
      39.553848
     ],
     [
      -78.267883,
      39.553381
     ],
     [
      -78.26801,
      39.553032
     ],
     [
      -78.268148,
      39.552655
     ],
     [
      -78.26825,
      39.552374
     ],
     [
      -78.268396,
      39.551975
     ],
     [
      -78.269223,
      39.549665
     ],
     [
      -78.269441,
      39.549007
     ],
     [
      -78.269803,
      39.547982
     ],
     [
      -78.269915,
      39.547663
     ],
     [
      -78.270037,
      39.547314
     ],
     [
      -78.270239,
      39.546807
     ],
     [
      -78.270398,
      39.546395
     ],
     [
      -78.270484,
      39.546171
     ],
     [
      -78.270565,
      39.546001
     ],
     [
      -78.270683,
      39.545752
     ],
     [
      -78.270689,
      39.545739
     ],
     [
      -78.270886,
      39.545322
     ],
     [
      -78.27102,
      39.545039
     ],
     [
      -78.271057,
      39.544962
     ],
     [
      -78.271147,
      39.544774
     ],
     [
      -78.271603,
      39.543832
     ],
     [
      -78.271717,
      39.543595
     ],
     [
      -78.271748,
      39.543531
     ],
     [
      -78.271917,
      39.543182
     ],
     [
      -78.271972,
      39.543069
     ],
     [
      -78.272088,
      39.542829
     ],
     [
      -78.272265,
      39.542462
     ],
     [
      -78.272591,
      39.541809
     ],
     [
      -78.272812,
      39.541367
     ],
     [
      -78.272962,
      39.541046
     ],
     [
      -78.274164,
      39.538584
     ],
     [
      -78.27472,
      39.537444
     ],
     [
      -78.275255,
      39.536349
     ],
     [
      -78.275313,
      39.536228
     ],
     [
      -78.275489,
      39.535837
     ],
     [
      -78.275719,
      39.535363
     ],
     [
      -78.27646,
      39.533842
     ],
     [
      -78.276746,
      39.53324
     ],
     [
      -78.27816,
      39.530276
     ],
     [
      -78.278364,
      39.529856
     ],
     [
      -78.279289,
      39.527953
     ],
     [
      -78.279584,
      39.527344
     ],
     [
      -78.279774,
      39.526952
     ],
     [
      -78.279966,
      39.526551
     ],
     [
      -78.280069,
      39.526334
     ],
     [
      -78.280159,
      39.526152
     ],
     [
      -78.280358,
      39.525733
     ],
     [
      -78.280533,
      39.525367
     ],
     [
      -78.280684,
      39.525047
     ],
     [
      -78.280764,
      39.524884
     ],
     [
      -78.280953,
      39.524499
     ],
     [
      -78.281386,
      39.523604
     ],
     [
      -78.281816,
      39.522706
     ],
     [
      -78.281872,
      39.522592
     ],
     [
      -78.282336,
      39.521635
     ],
     [
      -78.28244,
      39.521422
     ],
     [
      -78.282511,
      39.521275
     ],
     [
      -78.282642,
      39.521008
     ],
     [
      -78.282761,
      39.520764
     ],
     [
      -78.28324,
      39.519761
     ],
     [
      -78.283472,
      39.519279
     ],
     [
      -78.283694,
      39.51882
     ],
     [
      -78.283972,
      39.518244
     ],
     [
      -78.284224,
      39.517731
     ],
     [
      -78.284743,
      39.51666
     ],
     [
      -78.284763,
      39.516619
     ],
     [
      -78.284788,
      39.516567
     ],
     [
      -78.285251,
      39.515619
     ],
     [
      -78.285788,
      39.514486
     ],
     [
      -78.286432,
      39.513164
     ],
     [
      -78.287069,
      39.511837
     ],
     [
      -78.287824,
      39.51029
     ],
     [
      -78.287901,
      39.51013
     ],
     [
      -78.288342,
      39.509219
     ],
     [
      -78.288704,
      39.508465
     ],
     [
      -78.289063,
      39.507717
     ],
     [
      -78.289342,
      39.507133
     ],
     [
      -78.289477,
      39.506853
     ],
     [
      -78.289494,
      39.506817
     ],
     [
      -78.28969,
      39.506413
     ],
     [
      -78.289791,
      39.506203
     ],
     [
      -78.290082,
      39.505597
     ],
     [
      -78.290098,
      39.505564
     ],
     [
      -78.290355,
      39.505033
     ],
     [
      -78.290559,
      39.504614
     ],
     [
      -78.290837,
      39.50404
     ],
     [
      -78.291544,
      39.502575
     ],
     [
      -78.292013,
      39.501615
     ],
     [
      -78.292308,
      39.500999
     ],
     [
      -78.292666,
      39.500244
     ],
     [
      -78.292762,
      39.500046
     ],
     [
      -78.292908,
      39.499738
     ],
     [
      -78.293209,
      39.499132
     ],
     [
      -78.293361,
      39.498815
     ],
     [
      -78.2937,
      39.498108
     ],
     [
      -78.294895,
      39.495631
     ],
     [
      -78.295036,
      39.495339
     ],
     [
      -78.295276,
      39.494845
     ],
     [
      -78.29543,
      39.494529
     ],
     [
      -78.295572,
      39.494238
     ],
     [
      -78.295582,
      39.494215
     ],
     [
      -78.295939,
      39.493463
     ],
     [
      -78.296014,
      39.493307
     ],
     [
      -78.296164,
      39.493
     ],
     [
      -78.296225,
      39.492875
     ],
     [
      -78.297128,
      39.491029
     ],
     [
      -78.297232,
      39.490815
     ],
     [
      -78.297354,
      39.490566
     ],
     [
      -78.297791,
      39.489672
     ],
     [
      -78.297882,
      39.489479
     ],
     [
      -78.298361,
      39.48846
     ],
     [
      -78.298371,
      39.48844
     ],
     [
      -78.298736,
      39.487698
     ],
     [
      -78.298937,
      39.487289
     ],
     [
      -78.300201,
      39.484605
     ],
     [
      -78.301374,
      39.482162
     ],
     [
      -78.302976,
      39.478951
     ],
     [
      -78.304047,
      39.476651
     ],
     [
      -78.304551,
      39.475599
     ],
     [
      -78.304658,
      39.475351
     ],
     [
      -78.304668,
      39.475327
     ],
     [
      -78.305051,
      39.474498
     ],
     [
      -78.305247,
      39.474073
     ],
     [
      -78.30606,
      39.472493
     ],
     [
      -78.306177,
      39.472301
     ],
     [
      -78.306192,
      39.472277
     ],
     [
      -78.30676,
      39.471349
     ],
     [
      -78.307173,
      39.470674
     ],
     [
      -78.307648,
      39.469898
     ],
     [
      -78.307683,
      39.46984
     ],
     [
      -78.310104,
      39.466311
     ],
     [
      -78.31069,
      39.465422
     ],
     [
      -78.311181,
      39.464677
     ],
     [
      -78.31119,
      39.464664
     ],
     [
      -78.31119,
      39.464664
     ],
     [
      -78.311829,
      39.463686
     ],
     [
      -78.311889,
      39.463596
     ],
     [
      -78.311981,
      39.463447
     ],
     [
      -78.312032,
      39.463364
     ],
     [
      -78.312098,
      39.46325
     ],
     [
      -78.312129,
      39.463178
     ],
     [
      -78.312175,
      39.463068
     ],
     [
      -78.312216,
      39.462939
     ],
     [
      -78.312239,
      39.462808
     ],
     [
      -78.312247,
      39.462678
     ],
     [
      -78.312249,
      39.462564
     ],
     [
      -78.311849,
      39.462472
     ],
     [
      -78.311763,
      39.462452
     ],
     [
      -78.311181,
      39.462318
     ],
     [
      -78.311124,
      39.462305
     ],
     [
      -78.309185,
      39.462036
     ],
     [
      -78.308889,
      39.462
     ],
     [
      -78.308659,
      39.461945
     ],
     [
      -78.308418,
      39.461864
     ],
     [
      -78.308064,
      39.461723
     ],
     [
      -78.307716,
      39.461599
     ],
     [
      -78.307478,
      39.461537
     ],
     [
      -78.307127,
      39.461456
     ],
     [
      -78.306944,
      39.461399
     ],
     [
      -78.30683,
      39.461347
     ],
     [
      -78.30675,
      39.461279
     ],
     [
      -78.30671,
      39.461235
     ],
     [
      -78.306664,
      39.461152
     ],
     [
      -78.306651,
      39.461074
     ],
     [
      -78.306653,
      39.460999
     ],
     [
      -78.306702,
      39.460916
     ],
     [
      -78.306792,
      39.460794
     ],
     [
      -78.306828,
      39.460712
     ],
     [
      -78.306853,
      39.460641
     ],
     [
      -78.306849,
      39.460525
     ],
     [
      -78.306816,
      39.46044
     ],
     [
      -78.30676,
      39.460337
     ],
     [
      -78.306638,
      39.460218
     ],
     [
      -78.306416,
      39.460091
     ],
     [
      -78.30624,
      39.460054
     ],
     [
      -78.306093,
      39.460036
     ],
     [
      -78.305478,
      39.460051
     ],
     [
      -78.305059,
      39.460077
     ],
     [
      -78.304598,
      39.460118
     ],
     [
      -78.303978,
      39.460207
     ],
     [
      -78.303605,
      39.460248
     ],
     [
      -78.303266,
      39.460265
     ],
     [
      -78.302934,
      39.460251
     ],
     [
      -78.302728,
      39.460239
     ],
     [
      -78.302434,
      39.460189
     ],
     [
      -78.302209,
      39.46016
     ],
     [
      -78.301975,
      39.460088
     ],
     [
      -78.301709,
      39.460001
     ],
     [
      -78.301509,
      39.45989
     ],
     [
      -78.301342,
      39.459778
     ],
     [
      -78.301163,
      39.459609
     ],
     [
      -78.300943,
      39.459379
     ],
     [
      -78.300745,
      39.459136
     ],
     [
      -78.300198,
      39.458321
     ],
     [
      -78.299933,
      39.457951
     ],
     [
      -78.299579,
      39.457581
     ],
     [
      -78.299336,
      39.457363
     ],
     [
      -78.299218,
      39.457286
     ],
     [
      -78.299128,
      39.45723
     ],
     [
      -78.298899,
      39.457114
     ],
     [
      -78.298682,
      39.457042
     ],
     [
      -78.298515,
      39.457009
     ],
     [
      -78.298353,
      39.456993
     ],
     [
      -78.298171,
      39.456999
     ],
     [
      -78.297904,
      39.457013
     ],
     [
      -78.297633,
      39.457031
     ],
     [
      -78.297455,
      39.457021
     ],
     [
      -78.297351,
      39.457002
     ],
     [
      -78.2972,
      39.456954
     ],
     [
      -78.297003,
      39.456863
     ],
     [
      -78.296724,
      39.456722
     ],
     [
      -78.296505,
      39.456609
     ],
     [
      -78.296331,
      39.456515
     ],
     [
      -78.296118,
      39.456374
     ],
     [
      -78.296067,
      39.456326
     ],
     [
      -78.296041,
      39.456303
     ],
     [
      -78.296014,
      39.456255
     ],
     [
      -78.296,
      39.456213
     ],
     [
      -78.295998,
      39.45615
     ],
     [
      -78.296015,
      39.456019
     ],
     [
      -78.296035,
      39.455787
     ],
     [
      -78.296024,
      39.455489
     ],
     [
      -78.296002,
      39.455381
     ],
     [
      -78.295937,
      39.455307
     ],
     [
      -78.295849,
      39.455249
     ],
     [
      -78.294655,
      39.454904
     ],
     [
      -78.293527,
      39.45461
     ],
     [
      -78.29266,
      39.454332
     ],
     [
      -78.290949,
      39.453758
     ],
     [
      -78.290472,
      39.453625
     ],
     [
      -78.290235,
      39.453553
     ],
     [
      -78.290014,
      39.453476
     ],
     [
      -78.28952,
      39.453208
     ],
     [
      -78.288626,
      39.452578
     ],
     [
      -78.288143,
      39.452182
     ],
     [
      -78.287579,
      39.451686
     ],
     [
      -78.287212,
      39.451433
     ],
     [
      -78.286681,
      39.451044
     ],
     [
      -78.286326,
      39.450805
     ],
     [
      -78.285974,
      39.450567
     ],
     [
      -78.285539,
      39.450324
     ],
     [
      -78.285367,
      39.450262
     ],
     [
      -78.285024,
      39.450138
     ],
     [
      -78.284272,
      39.449972
     ],
     [
      -78.283859,
      39.449922
     ],
     [
      -78.283515,
      39.449894
     ],
     [
      -78.283127,
      39.449899
     ],
     [
      -78.282334,
      39.450007
     ],
     [
      -78.281899,
      39.450089
     ],
     [
      -78.281676,
      39.450143
     ],
     [
      -78.281541,
      39.449848
     ],
     [
      -78.281486,
      39.449666
     ],
     [
      -78.281463,
      39.449473
     ],
     [
      -78.281484,
      39.449279
     ],
     [
      -78.281554,
      39.449109
     ],
     [
      -78.281757,
      39.448811
     ],
     [
      -78.282192,
      39.448302
     ],
     [
      -78.28235,
      39.448043
     ],
     [
      -78.282548,
      39.447615
     ],
     [
      -78.28264,
      39.447351
     ],
     [
      -78.282706,
      39.446978
     ],
     [
      -78.282747,
      39.446311
     ],
     [
      -78.282764,
      39.446038
     ],
     [
      -78.282811,
      39.445425
     ],
     [
      -78.282927,
      39.444748
     ],
     [
      -78.283007,
      39.444403
     ],
     [
      -78.282979,
      39.444335
     ],
     [
      -78.282946,
      39.444301
     ],
     [
      -78.282876,
      39.444275
     ],
     [
      -78.282746,
      39.44427
     ],
     [
      -78.282383,
      39.444484
     ],
     [
      -78.281992,
      39.444751
     ],
     [
      -78.281729,
      39.444908
     ],
     [
      -78.281351,
      39.44504
     ],
     [
      -78.280823,
      39.445197
     ],
     [
      -78.280473,
      39.445319
     ],
     [
      -78.280259,
      39.445408
     ],
     [
      -78.280133,
      39.445437
     ],
     [
      -78.27998,
      39.445426
     ],
     [
      -78.279821,
      39.445372
     ],
     [
      -78.279628,
      39.445262
     ],
     [
      -78.279498,
      39.445212
     ],
     [
      -78.279381,
      39.445204
     ],
     [
      -78.27921,
      39.445223
     ],
     [
      -78.278997,
      39.445294
     ],
     [
      -78.278787,
      39.445354
     ],
     [
      -78.278635,
      39.445375
     ],
     [
      -78.278443,
      39.445359
     ],
     [
      -78.278284,
      39.445344
     ],
     [
      -78.278156,
      39.44535
     ],
     [
      -78.278063,
      39.445373
     ],
     [
      -78.277977,
      39.445418
     ],
     [
      -78.277878,
      39.445493
     ],
     [
      -78.277733,
      39.445678
     ],
     [
      -78.277624,
      39.445795
     ],
     [
      -78.277459,
      39.445871
     ],
     [
      -78.277311,
      39.445892
     ],
     [
      -78.276802,
      39.44588
     ],
     [
      -78.276355,
      39.445844
     ],
     [
      -78.275876,
      39.445766
     ],
     [
      -78.275559,
      39.445723
     ],
     [
      -78.275205,
      39.4457
     ],
     [
      -78.274975,
      39.445663
     ],
     [
      -78.274777,
      39.445615
     ],
     [
      -78.274618,
      39.445592
     ],
     [
      -78.274396,
      39.445593
     ],
     [
      -78.274057,
      39.445644
     ],
     [
      -78.273752,
      39.445667
     ],
     [
      -78.273517,
      39.445659
     ],
     [
      -78.273259,
      39.445631
     ],
     [
      -78.273047,
      39.445636
     ],
     [
      -78.272799,
      39.445679
     ],
     [
      -78.272447,
      39.44577
     ],
     [
      -78.272032,
      39.445933
     ],
     [
      -78.271383,
      39.446284
     ],
     [
      -78.270697,
      39.44662
     ],
     [
      -78.270679,
      39.44663
     ],
     [
      -78.270273,
      39.446852
     ],
     [
      -78.269737,
      39.447244
     ],
     [
      -78.269371,
      39.447504
     ],
     [
      -78.268971,
      39.447763
     ],
     [
      -78.268763,
      39.447882
     ],
     [
      -78.268557,
      39.447975
     ],
     [
      -78.268389,
      39.448007
     ],
     [
      -78.268165,
      39.448003
     ],
     [
      -78.267991,
      39.44798
     ],
     [
      -78.267926,
      39.447963
     ],
     [
      -78.267682,
      39.447892
     ],
     [
      -78.267586,
      39.447864
     ],
     [
      -78.267397,
      39.447776
     ],
     [
      -78.267284,
      39.44771
     ],
     [
      -78.267145,
      39.447594
     ],
     [
      -78.266958,
      39.447388
     ],
     [
      -78.266661,
      39.447079
     ],
     [
      -78.266341,
      39.446826
     ],
     [
      -78.265886,
      39.446533
     ],
     [
      -78.264764,
      39.445905
     ],
     [
      -78.264497,
      39.445699
     ],
     [
      -78.264313,
      39.445498
     ],
     [
      -78.264105,
      39.445159
     ],
     [
      -78.263568,
      39.444048
     ],
     [
      -78.263335,
      39.443537
     ],
     [
      -78.263208,
      39.443118
     ],
     [
      -78.263154,
      39.442968
     ],
     [
      -78.26307,
      39.442866
     ],
     [
      -78.26288,
      39.442736
     ],
     [
      -78.262248,
      39.442409
     ],
     [
      -78.261676,
      39.442136
     ],
     [
      -78.261303,
      39.44199
     ],
     [
      -78.260975,
      39.441872
     ],
     [
      -78.260693,
      39.441717
     ],
     [
      -78.260384,
      39.441477
     ],
     [
      -78.259498,
      39.440678
     ],
     [
      -78.258522,
      39.439743
     ],
     [
      -78.257782,
      39.43912
     ],
     [
      -78.257204,
      39.438684
     ],
     [
      -78.255556,
      39.437516
     ],
     [
      -78.25485,
      39.437075
     ],
     [
      -78.254149,
      39.436578
     ],
     [
      -78.253887,
      39.436401
     ],
     [
      -78.253427,
      39.436089
     ],
     [
      -78.253385,
      39.436065
     ],
     [
      -78.253243,
      39.435985
     ],
     [
      -78.25307,
      39.435938
     ],
     [
      -78.252909,
      39.43593
     ],
     [
      -78.252676,
      39.435967
     ],
     [
      -78.252511,
      39.436006
     ],
     [
      -78.25235,
      39.43607
     ],
     [
      -78.252237,
      39.436142
     ],
     [
      -78.252135,
      39.436246
     ],
     [
      -78.25202,
      39.436387
     ],
     [
      -78.251504,
      39.437166
     ],
     [
      -78.251355,
      39.437366
     ],
     [
      -78.251188,
      39.437564
     ],
     [
      -78.251056,
      39.437681
     ],
     [
      -78.250849,
      39.437827
     ],
     [
      -78.250279,
      39.438226
     ],
     [
      -78.250075,
      39.438335
     ],
     [
      -78.249833,
      39.438419
     ],
     [
      -78.249548,
      39.438464
     ],
     [
      -78.248859,
      39.438514
     ],
     [
      -78.248175,
      39.438568
     ],
     [
      -78.246949,
      39.438684
     ],
     [
      -78.246163,
      39.438756
     ],
     [
      -78.245486,
      39.438821
     ],
     [
      -78.245348,
      39.438835
     ],
     [
      -78.244979,
      39.438877
     ],
     [
      -78.244793,
      39.438916
     ],
     [
      -78.244609,
      39.438979
     ],
     [
      -78.244432,
      39.439069
     ],
     [
      -78.244252,
      39.439173
     ],
     [
      -78.243897,
      39.439397
     ],
     [
      -78.243538,
      39.439643
     ],
     [
      -78.243234,
      39.439877
     ],
     [
      -78.242935,
      39.440103
     ],
     [
      -78.242693,
      39.440283
     ],
     [
      -78.242509,
      39.440395
     ],
     [
      -78.242372,
      39.440456
     ],
     [
      -78.242144,
      39.440519
     ],
     [
      -78.241919,
      39.440556
     ],
     [
      -78.241847,
      39.440561
     ],
     [
      -78.241712,
      39.440572
     ],
     [
      -78.241533,
      39.440573
     ],
     [
      -78.241329,
      39.440553
     ],
     [
      -78.241027,
      39.440494
     ],
     [
      -78.240615,
      39.440402
     ],
     [
      -78.240287,
      39.44034
     ],
     [
      -78.240018,
      39.440326
     ],
     [
      -78.239778,
      39.44033
     ],
     [
      -78.239326,
      39.440365
     ],
     [
      -78.237918,
      39.440543
     ],
     [
      -78.237463,
      39.440609
     ],
     [
      -78.237237,
      39.440647
     ],
     [
      -78.237081,
      39.440692
     ],
     [
      -78.236974,
      39.440742
     ],
     [
      -78.236682,
      39.440921
     ],
     [
      -78.236405,
      39.441088
     ],
     [
      -78.236254,
      39.441145
     ],
     [
      -78.236082,
      39.441172
     ],
     [
      -78.235935,
      39.441175
     ],
     [
      -78.235764,
      39.441155
     ],
     [
      -78.23552,
      39.441098
     ],
     [
      -78.235278,
      39.441036
     ],
     [
      -78.2351,
      39.440987
     ],
     [
      -78.234936,
      39.440954
     ],
     [
      -78.234837,
      39.440943
     ],
     [
      -78.234722,
      39.440942
     ],
     [
      -78.234598,
      39.440961
     ],
     [
      -78.234518,
      39.440991
     ],
     [
      -78.234368,
      39.44107
     ],
     [
      -78.23402,
      39.441305
     ],
     [
      -78.233737,
      39.441514
     ],
     [
      -78.233078,
      39.44202
     ],
     [
      -78.232979,
      39.442118
     ],
     [
      -78.2329,
      39.442231
     ],
     [
      -78.232823,
      39.442385
     ],
     [
      -78.232746,
      39.442579
     ],
     [
      -78.232681,
      39.442808
     ],
     [
      -78.232635,
      39.443017
     ],
     [
      -78.232441,
      39.442972
     ],
     [
      -78.232214,
      39.442913
     ],
     [
      -78.232009,
      39.442837
     ],
     [
      -78.231852,
      39.442761
     ],
     [
      -78.231755,
      39.442695
     ],
     [
      -78.23163,
      39.442559
     ],
     [
      -78.230999,
      39.44179
     ],
     [
      -78.230913,
      39.441701
     ],
     [
      -78.23081,
      39.441641
     ],
     [
      -78.230686,
      39.441612
     ],
     [
      -78.23053,
      39.441611
     ],
     [
      -78.230331,
      39.441664
     ],
     [
      -78.230112,
      39.441748
     ],
     [
      -78.22975,
      39.441912
     ],
     [
      -78.22933,
      39.442151
     ],
     [
      -78.228763,
      39.44251
     ],
     [
      -78.228611,
      39.442593
     ],
     [
      -78.228435,
      39.442646
     ],
     [
      -78.22806,
      39.442719
     ],
     [
      -78.227608,
      39.442754
     ],
     [
      -78.227265,
      39.442762
     ],
     [
      -78.226896,
      39.442742
     ],
     [
      -78.226321,
      39.442708
     ],
     [
      -78.226188,
      39.442711
     ],
     [
      -78.22603,
      39.442726
     ],
     [
      -78.225758,
      39.442796
     ],
     [
      -78.225274,
      39.442956
     ],
     [
      -78.225152,
      39.442996
     ],
     [
      -78.22503,
      39.443014
     ],
     [
      -78.224902,
      39.443011
     ],
     [
      -78.224765,
      39.442985
     ],
     [
      -78.224479,
      39.442874
     ],
     [
      -78.224143,
      39.442694
     ],
     [
      -78.223975,
      39.44258
     ],
     [
      -78.22385,
      39.442466
     ],
     [
      -78.223751,
      39.442308
     ],
     [
      -78.22368,
      39.44213
     ],
     [
      -78.223624,
      39.441993
     ],
     [
      -78.22354,
      39.441881
     ],
     [
      -78.22337,
      39.441735
     ],
     [
      -78.22312,
      39.441587
     ],
     [
      -78.222904,
      39.441479
     ],
     [
      -78.222731,
      39.44143
     ],
     [
      -78.222615,
      39.441424
     ],
     [
      -78.222442,
      39.441458
     ],
     [
      -78.222205,
      39.441556
     ],
     [
      -78.222013,
      39.441603
     ],
     [
      -78.221976,
      39.441605
     ],
     [
      -78.22185,
      39.441614
     ],
     [
      -78.221631,
      39.441588
     ],
     [
      -78.221447,
      39.441531
     ],
     [
      -78.221259,
      39.441472
     ],
     [
      -78.220556,
      39.441239
     ],
     [
      -78.220447,
      39.441203
     ],
     [
      -78.220212,
      39.441073
     ],
     [
      -78.220163,
      39.441042
     ],
     [
      -78.220074,
      39.440949
     ],
     [
      -78.219938,
      39.440742
     ],
     [
      -78.219757,
      39.440452
     ],
     [
      -78.219486,
      39.440141
     ],
     [
      -78.219311,
      39.439986
     ],
     [
      -78.219059,
      39.439773
     ],
     [
      -78.218657,
      39.439465
     ],
     [
      -78.218287,
      39.439201
     ],
     [
      -78.218099,
      39.439067
     ],
     [
      -78.217763,
      39.43887
     ],
     [
      -78.217572,
      39.438783
     ],
     [
      -78.21735,
      39.438707
     ],
     [
      -78.217154,
      39.438666
     ],
     [
      -78.216958,
      39.438657
     ],
     [
      -78.216523,
      39.438691
     ],
     [
      -78.216285,
      39.438701
     ],
     [
      -78.215837,
      39.438689
     ],
     [
      -78.215431,
      39.438647
     ],
     [
      -78.215291,
      39.438632
     ],
     [
      -78.214776,
      39.438581
     ],
     [
      -78.21455,
      39.438582
     ],
     [
      -78.214311,
      39.438626
     ],
     [
      -78.214106,
      39.438683
     ],
     [
      -78.213597,
      39.438856
     ],
     [
      -78.213275,
      39.439031
     ],
     [
      -78.212807,
      39.43932
     ],
     [
      -78.212365,
      39.439586
     ],
     [
      -78.212186,
      39.439661
     ],
     [
      -78.21159,
      39.439841
     ],
     [
      -78.211436,
      39.43987
     ],
     [
      -78.211218,
      39.439912
     ],
     [
      -78.211004,
      39.439929
     ],
     [
      -78.210818,
      39.439904
     ],
     [
      -78.210674,
      39.439854
     ],
     [
      -78.210475,
      39.439758
     ],
     [
      -78.210328,
      39.439712
     ],
     [
      -78.210186,
      39.439704
     ],
     [
      -78.210025,
      39.439727
     ],
     [
      -78.209777,
      39.439793
     ],
     [
      -78.209544,
      39.439892
     ],
     [
      -78.209344,
      39.44002
     ],
     [
      -78.209181,
      39.440196
     ],
     [
      -78.209118,
      39.440266
     ],
     [
      -78.209075,
      39.440301
     ],
     [
      -78.209035,
      39.440316
     ],
     [
      -78.208989,
      39.440311
     ],
     [
      -78.208958,
      39.440285
     ],
     [
      -78.208938,
      39.440241
     ],
     [
      -78.208928,
      39.440176
     ],
     [
      -78.208969,
      39.439667
     ],
     [
      -78.209068,
      39.439212
     ],
     [
      -78.209202,
      39.438775
     ],
     [
      -78.209267,
      39.43848
     ],
     [
      -78.209271,
      39.43828
     ],
     [
      -78.209192,
      39.437513
     ],
     [
      -78.209165,
      39.437316
     ],
     [
      -78.209133,
      39.43723
     ],
     [
      -78.209073,
      39.437169
     ],
     [
      -78.20902,
      39.437154
     ],
     [
      -78.208972,
      39.437162
     ],
     [
      -78.208922,
      39.437202
     ],
     [
      -78.208879,
      39.437299
     ],
     [
      -78.208836,
      39.437415
     ],
     [
      -78.208758,
      39.437548
     ],
     [
      -78.208655,
      39.437655
     ],
     [
      -78.208439,
      39.437812
     ],
     [
      -78.208084,
      39.43798
     ],
     [
      -78.207716,
      39.438241
     ],
     [
      -78.207135,
      39.438701
     ],
     [
      -78.206699,
      39.439067
     ],
     [
      -78.206392,
      39.43942
     ],
     [
      -78.20599,
      39.439931
     ],
     [
      -78.205577,
      39.440368
     ],
     [
      -78.205252,
      39.440764
     ],
     [
      -78.205062,
      39.44099
     ],
     [
      -78.204805,
      39.441254
     ],
     [
      -78.204184,
      39.441904
     ],
     [
      -78.203708,
      39.442442
     ],
     [
      -78.203222,
      39.443008
     ],
     [
      -78.202993,
      39.443251
     ],
     [
      -78.202711,
      39.443494
     ],
     [
      -78.202335,
      39.443835
     ],
     [
      -78.202044,
      39.444155
     ],
     [
      -78.201351,
      39.445119
     ],
     [
      -78.201062,
      39.445473
     ],
     [
      -78.200828,
      39.445688
     ],
     [
      -78.200143,
      39.446163
     ],
     [
      -78.199716,
      39.446547
     ],
     [
      -78.199563,
      39.446723
     ],
     [
      -78.199383,
      39.446998
     ],
     [
      -78.199343,
      39.447064
     ],
     [
      -78.199303,
      39.447122
     ],
     [
      -78.199282,
      39.447134
     ],
     [
      -78.199235,
      39.447151
     ],
     [
      -78.199209,
      39.447154
     ],
     [
      -78.199164,
      39.447146
     ],
     [
      -78.199133,
      39.447127
     ],
     [
      -78.199104,
      39.447104
     ],
     [
      -78.199086,
      39.447079
     ],
     [
      -78.199075,
      39.447
     ],
     [
      -78.198993,
      39.446652
     ],
     [
      -78.198876,
      39.44615
     ],
     [
      -78.198757,
      39.445839
     ],
     [
      -78.198638,
      39.445646
     ],
     [
      -78.198429,
      39.445457
     ],
     [
      -78.198259,
      39.445364
     ],
     [
      -78.198141,
      39.445324
     ],
     [
      -78.197874,
      39.445285
     ],
     [
      -78.197619,
      39.445294
     ],
     [
      -78.197483,
      39.445312
     ],
     [
      -78.197235,
      39.445382
     ],
     [
      -78.196993,
      39.445495
     ],
     [
      -78.196615,
      39.445701
     ],
     [
      -78.195995,
      39.446057
     ],
     [
      -78.1956,
      39.446265
     ],
     [
      -78.195204,
      39.446511
     ],
     [
      -78.194097,
      39.44723
     ],
     [
      -78.193183,
      39.447863
     ],
     [
      -78.192912,
      39.448031
     ],
     [
      -78.192912,
      39.448031
     ],
     [
      -78.191676,
      39.448796
     ],
     [
      -78.191278,
      39.449072
     ],
     [
      -78.190905,
      39.449395
     ],
     [
      -78.190376,
      39.449887
     ],
     [
      -78.190122,
      39.45008
     ],
     [
      -78.189907,
      39.450194
     ],
     [
      -78.189642,
      39.4503
     ],
     [
      -78.189333,
      39.450385
     ],
     [
      -78.189055,
      39.450435
     ],
     [
      -78.188586,
      39.450468
     ],
     [
      -78.187966,
      39.450447
     ],
     [
      -78.187457,
      39.450413
     ],
     [
      -78.186742,
      39.450379
     ],
     [
      -78.186466,
      39.450386
     ],
     [
      -78.186358,
      39.450404
     ],
     [
      -78.186151,
      39.450437
     ],
     [
      -78.185684,
      39.450561
     ],
     [
      -78.1853,
      39.450691
     ],
     [
      -78.184906,
      39.450849
     ],
     [
      -78.184616,
      39.450966
     ],
     [
      -78.183299,
      39.4515
     ],
     [
      -78.182743,
      39.451638
     ],
     [
      -78.182276,
      39.451729
     ],
     [
      -78.182085,
      39.451791
     ],
     [
      -78.181946,
      39.451853
     ],
     [
      -78.181672,
      39.452042
     ],
     [
      -78.181508,
      39.452215
     ],
     [
      -78.18124,
      39.452556
     ],
     [
      -78.180615,
      39.453204
     ],
     [
      -78.180423,
      39.453436
     ],
     [
      -78.179769,
      39.454351
     ],
     [
      -78.179517,
      39.454789
     ],
     [
      -78.179391,
      39.455046
     ],
     [
      -78.178715,
      39.456655
     ],
     [
      -78.178648,
      39.456764
     ],
     [
      -78.178596,
      39.45681
     ],
     [
      -78.17851,
      39.456855
     ],
     [
      -78.178391,
      39.456883
     ],
     [
      -78.178301,
      39.456883
     ],
     [
      -78.178161,
      39.456846
     ],
     [
      -78.177978,
      39.456754
     ],
     [
      -78.17772,
      39.45658
     ],
     [
      -78.177533,
      39.45645
     ],
     [
      -78.17746,
      39.45641
     ],
     [
      -78.177364,
      39.456388
     ],
     [
      -78.177255,
      39.45638
     ],
     [
      -78.177048,
      39.456388
     ],
     [
      -78.176596,
      39.456459
     ],
     [
      -78.175672,
      39.45667
     ],
     [
      -78.175077,
      39.456807
     ],
     [
      -78.174545,
      39.456951
     ],
     [
      -78.173925,
      39.457162
     ],
     [
      -78.17347,
      39.45734
     ],
     [
      -78.173136,
      39.457487
     ],
     [
      -78.172964,
      39.457585
     ],
     [
      -78.172792,
      39.457691
     ],
     [
      -78.172579,
      39.457891
     ],
     [
      -78.172127,
      39.458386
     ],
     [
      -78.171911,
      39.458548
     ],
     [
      -78.171521,
      39.458771
     ],
     [
      -78.171067,
      39.458966
     ],
     [
      -78.170729,
      39.459134
     ],
     [
      -78.169872,
      39.459613
     ],
     [
      -78.169573,
      39.459793
     ],
     [
      -78.169162,
      39.460091
     ],
     [
      -78.168725,
      39.460482
     ],
     [
      -78.168617,
      39.460557
     ],
     [
      -78.168512,
      39.46057
     ],
     [
      -78.168428,
      39.460525
     ],
     [
      -78.168409,
      39.460477
     ],
     [
      -78.168413,
      39.460405
     ],
     [
      -78.168477,
      39.460161
     ],
     [
      -78.168703,
      39.459563
     ],
     [
      -78.169086,
      39.458688
     ],
     [
      -78.169617,
      39.457613
     ],
     [
      -78.169836,
      39.457069
     ],
     [
      -78.16992,
      39.456731
     ],
     [
      -78.170014,
      39.456031
     ],
     [
      -78.170014,
      39.455645
     ],
     [
      -78.169948,
      39.454898
     ],
     [
      -78.169683,
      39.452592
     ],
     [
      -78.169607,
      39.45226
     ],
     [
      -78.169572,
      39.452158
     ],
     [
      -78.1695,
      39.452048
     ],
     [
      -78.169348,
      39.451903
     ],
     [
      -78.16908,
      39.451767
     ],
     [
      -78.168793,
      39.451711
     ],
     [
      -78.168634,
      39.451717
     ],
     [
      -78.168442,
      39.451745
     ],
     [
      -78.168262,
      39.451791
     ],
     [
      -78.168171,
      39.451814
     ],
     [
      -78.167509,
      39.452161
     ],
     [
      -78.166664,
      39.452689
     ],
     [
      -78.166398,
      39.4529
     ],
     [
      -78.166189,
      39.453098
     ],
     [
      -78.165868,
      39.453316
     ],
     [
      -78.165549,
      39.453476
     ],
     [
      -78.164998,
      39.453718
     ],
     [
      -78.164896,
      39.453745
     ],
     [
      -78.164728,
      39.453789
     ],
     [
      -78.164462,
      39.453795
     ],
     [
      -78.164421,
      39.453791
     ],
     [
      -78.164314,
      39.453782
     ],
     [
      -78.163798,
      39.453673
     ],
     [
      -78.162692,
      39.45344
     ],
     [
      -78.161926,
      39.453278
     ],
     [
      -78.158862,
      39.452796
     ],
     [
      -78.158152,
      39.452697
     ],
     [
      -78.157553,
      39.452667
     ],
     [
      -78.15666,
      39.45267
     ],
     [
      -78.156646,
      39.45267
     ],
     [
      -78.156079,
      39.452697
     ],
     [
      -78.155718,
      39.452694
     ],
     [
      -78.155648,
      39.452696
     ],
     [
      -78.154283,
      39.452727
     ],
     [
      -78.153578,
      39.45276
     ],
     [
      -78.152674,
      39.452753
     ],
     [
      -78.15246,
      39.452719
     ],
     [
      -78.15219,
      39.452639
     ],
     [
      -78.151959,
      39.452544
     ],
     [
      -78.151635,
      39.452467
     ],
     [
      -78.151034,
      39.452395
     ],
     [
      -78.150791,
      39.452403
     ],
     [
      -78.150408,
      39.452451
     ],
     [
      -78.149677,
      39.452628
     ],
     [
      -78.14926,
      39.452678
     ],
     [
      -78.148993,
      39.452678
     ],
     [
      -78.148823,
      39.452663
     ],
     [
      -78.14852,
      39.45258
     ],
     [
      -78.14837,
      39.452512
     ],
     [
      -78.148038,
      39.452305
     ],
     [
      -78.147487,
      39.451891
     ],
     [
      -78.147189,
      39.451631
     ],
     [
      -78.146772,
      39.451218
     ],
     [
      -78.146503,
      39.450878
     ],
     [
      -78.146384,
      39.450695
     ],
     [
      -78.146053,
      39.450022
     ],
     [
      -78.14582,
      39.449633
     ],
     [
      -78.145535,
      39.449207
     ],
     [
      -78.145302,
      39.448891
     ],
     [
      -78.145119,
      39.448675
     ],
     [
      -78.144979,
      39.44857
     ],
     [
      -78.144522,
      39.448284
     ],
     [
      -78.144038,
      39.447835
     ],
     [
      -78.14364,
      39.447556
     ],
     [
      -78.14308,
      39.447232
     ],
     [
      -78.142811,
      39.447097
     ],
     [
      -78.142133,
      39.446812
     ],
     [
      -78.141778,
      39.446685
     ],
     [
      -78.141068,
      39.446512
     ],
     [
      -78.140748,
      39.446392
     ],
     [
      -78.140644,
      39.446338
     ],
     [
      -78.140353,
      39.446134
     ],
     [
      -78.140326,
      39.446106
     ],
     [
      -78.140275,
      39.446046
     ],
     [
      -78.140075,
      39.445727
     ],
     [
      -78.139798,
      39.445382
     ],
     [
      -78.139527,
      39.445118
     ],
     [
      -78.139172,
      39.444853
     ],
     [
      -78.138347,
      39.444449
     ],
     [
      -78.13827,
      39.444411
     ],
     [
      -78.137914,
      39.444286
     ],
     [
      -78.137657,
      39.444182
     ],
     [
      -78.136717,
      39.443804
     ],
     [
      -78.136502,
      39.443717
     ],
     [
      -78.136287,
      39.443623
     ],
     [
      -78.136131,
      39.443554
     ],
     [
      -78.135455,
      39.443212
     ],
     [
      -78.134715,
      39.442902
     ],
     [
      -78.134467,
      39.44277
     ],
     [
      -78.133982,
      39.442511
     ],
     [
      -78.132628,
      39.441744
     ],
     [
      -78.13231,
      39.441564
     ],
     [
      -78.131481,
      39.441248
     ],
     [
      -78.130308,
      39.440797
     ],
     [
      -78.130293,
      39.440791
     ],
     [
      -78.128649,
      39.440153
     ],
     [
      -78.12773,
      39.439806
     ],
     [
      -78.125477,
      39.438956
     ],
     [
      -78.125044,
      39.438793
     ],
     [
      -78.124411,
      39.438529
     ],
     [
      -78.124155,
      39.43843
     ],
     [
      -78.120506,
      39.437025
     ],
     [
      -78.12043,
      39.436996
     ],
     [
      -78.118015,
      39.436027
     ],
     [
      -78.117243,
      39.435677
     ],
     [
      -78.117099,
      39.435601
     ],
     [
      -78.116829,
      39.435405
     ],
     [
      -78.116692,
      39.435238
     ],
     [
      -78.116525,
      39.434985
     ],
     [
      -78.116428,
      39.434627
     ],
     [
      -78.116388,
      39.433606
     ],
     [
      -78.116352,
      39.433464
     ],
     [
      -78.116272,
      39.433335
     ],
     [
      -78.115667,
      39.432786
     ],
     [
      -78.115521,
      39.432624
     ],
     [
      -78.115437,
      39.432418
     ],
     [
      -78.115421,
      39.431964
     ],
     [
      -78.115451,
      39.431745
     ],
     [
      -78.115517,
      39.43159
     ],
     [
      -78.115871,
      39.431075
     ],
     [
      -78.115988,
      39.430863
     ],
     [
      -78.115995,
      39.430706
     ],
     [
      -78.115981,
      39.430443
     ],
     [
      -78.115758,
      39.429827
     ],
     [
      -78.115317,
      39.428724
     ],
     [
      -78.115304,
      39.428572
     ],
     [
      -78.115307,
      39.428384
     ],
     [
      -78.115427,
      39.428059
     ],
     [
      -78.115577,
      39.42778
     ],
     [
      -78.115701,
      39.427645
     ],
     [
      -78.115714,
      39.427631
     ],
     [
      -78.115991,
      39.427327
     ],
     [
      -78.116074,
      39.427174
     ],
     [
      -78.116178,
      39.426984
     ],
     [
      -78.116242,
      39.426497
     ],
     [
      -78.116247,
      39.426438
     ],
     [
      -78.116295,
      39.425873
     ],
     [
      -78.116262,
      39.425553
     ],
     [
      -78.116097,
      39.425071
     ],
     [
      -78.11596,
      39.424484
     ],
     [
      -78.115844,
      39.424169
     ],
     [
      -78.115702,
      39.423973
     ],
     [
      -78.115639,
      39.423885
     ],
     [
      -78.115248,
      39.423536
     ],
     [
      -78.114936,
      39.42326
     ],
     [
      -78.114845,
      39.42318
     ],
     [
      -78.114397,
      39.42289
     ],
     [
      -78.114232,
      39.4228
     ],
     [
      -78.114137,
      39.422748
     ],
     [
      -78.113943,
      39.422645
     ],
     [
      -78.113637,
      39.422482
     ],
     [
      -78.113358,
      39.422334
     ],
     [
      -78.11291,
      39.422008
     ],
     [
      -78.112025,
      39.421162
     ],
     [
      -78.111937,
      39.421087
     ],
     [
      -78.111631,
      39.420828
     ],
     [
      -78.111037,
      39.420433
     ],
     [
      -78.110782,
      39.420297
     ],
     [
      -78.110298,
      39.420038
     ],
     [
      -78.109748,
      39.419734
     ],
     [
      -78.109332,
      39.41938
     ],
     [
      -78.108965,
      39.418819
     ],
     [
      -78.1089,
      39.418668
     ],
     [
      -78.108825,
      39.418495
     ],
     [
      -78.108777,
      39.418218
     ],
     [
      -78.108777,
      39.417894
     ],
     [
      -78.108822,
      39.417556
     ],
     [
      -78.108903,
      39.416873
     ],
     [
      -78.109099,
      39.416347
     ],
     [
      -78.109395,
      39.415703
     ],
     [
      -78.109845,
      39.415088
     ],
     [
      -78.110056,
      39.414891
     ],
     [
      -78.11083,
      39.414508
     ],
     [
      -78.111114,
      39.414321
     ],
     [
      -78.111394,
      39.414015
     ],
     [
      -78.112006,
      39.413318
     ],
     [
      -78.112316,
      39.412948
     ],
     [
      -78.11236,
      39.412906
     ],
     [
      -78.112396,
      39.412871
     ],
     [
      -78.112501,
      39.41274
     ],
     [
      -78.112681,
      39.412528
     ],
     [
      -78.112724,
      39.41248
     ],
     [
      -78.112764,
      39.412427
     ],
     [
      -78.112805,
      39.412373
     ],
     [
      -78.11284,
      39.412317
     ],
     [
      -78.112916,
      39.41214
     ],
     [
      -78.112978,
      39.412012
     ],
     [
      -78.113188,
      39.411674
     ],
     [
      -78.113195,
      39.411655
     ],
     [
      -78.113199,
      39.411634
     ],
     [
      -78.113201,
      39.411611
     ],
     [
      -78.113193,
      39.411567
     ],
     [
      -78.113171,
      39.411525
     ],
     [
      -78.113138,
      39.411486
     ],
     [
      -78.112983,
      39.411428
     ],
     [
      -78.112493,
      39.411234
     ],
     [
      -78.11185,
      39.410979
     ],
     [
      -78.111776,
      39.41095
     ],
     [
      -78.111529,
      39.410852
     ],
     [
      -78.111208,
      39.410727
     ],
     [
      -78.111087,
      39.410676
     ],
     [
      -78.11103,
      39.410648
     ],
     [
      -78.110977,
      39.410616
     ],
     [
      -78.110927,
      39.410574
     ],
     [
      -78.11089,
      39.410528
     ],
     [
      -78.110856,
      39.410472
     ],
     [
      -78.110847,
      39.410444
     ],
     [
      -78.110842,
      39.410415
     ],
     [
      -78.110842,
      39.410384
     ],
     [
      -78.110845,
      39.410352
     ],
     [
      -78.110858,
      39.410309
     ],
     [
      -78.110874,
      39.410267
     ],
     [
      -78.111152,
      39.409869
     ],
     [
      -78.112011,
      39.408688
     ],
     [
      -78.112951,
      39.40737
     ],
     [
      -78.113118,
      39.407141
     ],
     [
      -78.113204,
      39.407028
     ],
     [
      -78.113295,
      39.406919
     ],
     [
      -78.113361,
      39.406845
     ],
     [
      -78.114138,
      39.406077
     ],
     [
      -78.114478,
      39.405755
     ],
     [
      -78.114751,
      39.40549
     ],
     [
      -78.114891,
      39.40536
     ],
     [
      -78.115032,
      39.405232
     ],
     [
      -78.115195,
      39.405073
     ],
     [
      -78.115375,
      39.404899
     ],
     [
      -78.115545,
      39.404657
     ],
     [
      -78.115606,
      39.404562
     ],
     [
      -78.115865,
      39.40402
     ],
     [
      -78.115946,
      39.403868
     ],
     [
      -78.116067,
      39.403745
     ],
     [
      -78.116313,
      39.403533
     ],
     [
      -78.116435,
      39.403425
     ],
     [
      -78.116535,
      39.403312
     ],
     [
      -78.116627,
      39.403172
     ],
     [
      -78.116667,
      39.403058
     ],
     [
      -78.116692,
      39.402944
     ],
     [
      -78.116741,
      39.402693
     ],
     [
      -78.116745,
      39.402589
     ],
     [
      -78.116652,
      39.40226
     ],
     [
      -78.116378,
      39.401621
     ],
     [
      -78.116255,
      39.401274
     ],
     [
      -78.116131,
      39.401069
     ],
     [
      -78.116054,
      39.400955
     ],
     [
      -78.115985,
      39.400908
     ],
     [
      -78.115889,
      39.400855
     ],
     [
      -78.115684,
      39.400766
     ],
     [
      -78.115451,
      39.400662
     ],
     [
      -78.115213,
      39.400569
     ],
     [
      -78.115044,
      39.400514
     ],
     [
      -78.114863,
      39.40047
     ],
     [
      -78.11448,
      39.400455
     ],
     [
      -78.113553,
      39.40046
     ],
     [
      -78.113114,
      39.400302
     ],
     [
      -78.112997,
      39.40025
     ],
     [
      -78.112533,
      39.40004
     ],
     [
      -78.112001,
      39.399868
     ],
     [
      -78.111544,
      39.39983
     ],
     [
      -78.111223,
      39.399791
     ],
     [
      -78.111117,
      39.399724
     ],
     [
      -78.111038,
      39.39962
     ],
     [
      -78.111012,
      39.399328
     ],
     [
      -78.110957,
      39.398936
     ],
     [
      -78.110722,
      39.39822
     ],
     [
      -78.11058,
      39.397599
     ],
     [
      -78.110642,
      39.397222
     ],
     [
      -78.11079,
      39.396577
     ],
     [
      -78.110886,
      39.395649
     ],
     [
      -78.110926,
      39.395263
     ],
     [
      -78.111041,
      39.394123
     ],
     [
      -78.111148,
      39.393061
     ],
     [
      -78.111291,
      39.392359
     ],
     [
      -78.111303,
      39.391867
     ],
     [
      -78.111173,
      39.391308
     ],
     [
      -78.110942,
      39.390686
     ],
     [
      -78.110443,
      39.390038
     ],
     [
      -78.110175,
      39.389802
     ],
     [
      -78.110082,
      39.389705
     ],
     [
      -78.11004,
      39.389657
     ],
     [
      -78.110009,
      39.389607
     ],
     [
      -78.109984,
      39.389568
     ],
     [
      -78.109961,
      39.389527
     ],
     [
      -78.109908,
      39.389395
     ],
     [
      -78.10983,
      39.389201
     ],
     [
      -78.109811,
      39.389148
     ],
     [
      -78.109811,
      39.389148
     ],
     [
      -78.109796,
      39.389107
     ],
     [
      -78.109773,
      39.388944
     ],
     [
      -78.109796,
      39.388822
     ],
     [
      -78.109839,
      39.388685
     ],
     [
      -78.110307,
      39.387753
     ],
     [
      -78.110392,
      39.387489
     ],
     [
      -78.110482,
      39.387132
     ],
     [
      -78.11079,
      39.38585
     ],
     [
      -78.111609,
      39.383419
     ],
     [
      -78.111998,
      39.38239
     ],
     [
      -78.112106,
      39.382
     ],
     [
      -78.112127,
      39.381925
     ],
     [
      -78.112157,
      39.381553
     ],
     [
      -78.112125,
      39.381334
     ],
     [
      -78.112039,
      39.381075
     ],
     [
      -78.111919,
      39.380881
     ],
     [
      -78.111772,
      39.380684
     ],
     [
      -78.111561,
      39.380442
     ],
     [
      -78.111303,
      39.38025
     ],
     [
      -78.111018,
      39.380072
     ],
     [
      -78.110732,
      39.379955
     ],
     [
      -78.110612,
      39.379907
     ],
     [
      -78.106569,
      39.378247
     ],
     [
      -78.106327,
      39.378159
     ],
     [
      -78.105586,
      39.377858
     ],
     [
      -78.104244,
      39.377315
     ],
     [
      -78.104019,
      39.377224
     ],
     [
      -78.102213,
      39.37648
     ],
     [
      -78.101234,
      39.376077
     ],
     [
      -78.100629,
      39.375828
     ],
     [
      -78.100149,
      39.375618
     ],
     [
      -78.099751,
      39.375404
     ],
     [
      -78.099579,
      39.375299
     ],
     [
      -78.099147,
      39.374976
     ],
     [
      -78.098862,
      39.374717
     ],
     [
      -78.098625,
      39.374463
     ],
     [
      -78.098293,
      39.37404
     ],
     [
      -78.09711,
      39.372533
     ],
     [
      -78.096736,
      39.37208
     ],
     [
      -78.09662,
      39.371983
     ],
     [
      -78.096376,
      39.371666
     ],
     [
      -78.095799,
      39.370957
     ],
     [
      -78.095404,
      39.370467
     ],
     [
      -78.095129,
      39.370131
     ],
     [
      -78.094764,
      39.369684
     ],
     [
      -78.093745,
      39.36841
     ],
     [
      -78.093557,
      39.368203
     ],
     [
      -78.093396,
      39.368058
     ],
     [
      -78.093246,
      39.367966
     ],
     [
      -78.093107,
      39.367896
     ],
     [
      -78.092946,
      39.367842
     ],
     [
      -78.092763,
      39.367796
     ],
     [
      -78.09256,
      39.367759
     ],
     [
      -78.092533,
      39.367757
     ],
     [
      -78.092329,
      39.367738
     ],
     [
      -78.090441,
      39.367688
     ],
     [
      -78.090376,
      39.367691
     ],
     [
      -78.090124,
      39.367701
     ],
     [
      -78.089877,
      39.367734
     ],
     [
      -78.089647,
      39.367792
     ],
     [
      -78.089486,
      39.367833
     ],
     [
      -78.089014,
      39.367954
     ],
     [
      -78.088847,
      39.367987
     ],
     [
      -78.088697,
      39.367999
     ],
     [
      -78.088499,
      39.367987
     ],
     [
      -78.087302,
      39.367705
     ],
     [
      -78.087088,
      39.367676
     ],
     [
      -78.086836,
      39.367647
     ],
     [
      -78.085012,
      39.367593
     ],
     [
      -78.084728,
      39.367564
     ],
     [
      -78.083837,
      39.367456
     ],
     [
      -78.083521,
      39.367386
     ],
     [
      -78.08322,
      39.367299
     ],
     [
      -78.082952,
      39.367195
     ],
     [
      -78.082507,
      39.367029
     ],
     [
      -78.08197,
      39.366847
     ],
     [
      -78.081493,
      39.366706
     ],
     [
      -78.080071,
      39.366357
     ],
     [
      -78.079394,
      39.366206
     ],
     [
      -78.078489,
      39.366005
     ],
     [
      -78.078301,
      39.365955
     ],
     [
      -78.078119,
      39.365876
     ],
     [
      -78.074838,
      39.363866
     ],
     [
      -78.074658,
      39.363765
     ],
     [
      -78.074278,
      39.363571
     ],
     [
      -78.074032,
      39.363451
     ],
     [
      -78.073641,
      39.363259
     ],
     [
      -78.073186,
      39.363029
     ],
     [
      -78.072995,
      39.362939
     ],
     [
      -78.072761,
      39.362826
     ],
     [
      -78.072717,
      39.362805
     ],
     [
      -78.072606,
      39.362751
     ],
     [
      -78.072268,
      39.362629
     ],
     [
      -78.072222,
      39.362612
     ],
     [
      -78.071668,
      39.362513
     ],
     [
      -78.070517,
      39.362495
     ],
     [
      -78.069753,
      39.362416
     ],
     [
      -78.068435,
      39.362283
     ],
     [
      -78.067479,
      39.362135
     ],
     [
      -78.066252,
      39.361836
     ],
     [
      -78.066028,
      39.361767
     ],
     [
      -78.065142,
      39.361577
     ],
     [
      -78.064442,
      39.361404
     ],
     [
      -78.063375,
      39.361139
     ],
     [
      -78.062515,
      39.360944
     ],
     [
      -78.062121,
      39.360918
     ],
     [
      -78.061592,
      39.360915
     ],
     [
      -78.061337,
      39.360887
     ],
     [
      -78.060813,
      39.360767
     ],
     [
      -78.060464,
      39.360687
     ],
     [
      -78.060008,
      39.360575
     ],
     [
      -78.059202,
      39.360376
     ],
     [
      -78.057927,
      39.360061
     ],
     [
      -78.057644,
      39.359993
     ],
     [
      -78.057481,
      39.359971
     ],
     [
      -78.057229,
      39.359952
     ],
     [
      -78.05674,
      39.359937
     ],
     [
      -78.056432,
      39.359936
     ],
     [
      -78.0564,
      39.359936
     ],
     [
      -78.055813,
      39.359938
     ],
     [
      -78.055775,
      39.359938
     ],
     [
      -78.055483,
      39.359939
     ],
     [
      -78.055231,
      39.359959
     ],
     [
      -78.055175,
      39.359966
     ],
     [
      -78.054989,
      39.359989
     ],
     [
      -78.05452,
      39.360111
     ],
     [
      -78.054295,
      39.360169
     ],
     [
      -78.052991,
      39.360952
     ],
     [
      -78.052595,
      39.36119
     ],
     [
      -78.051227,
      39.362012
     ],
     [
      -78.050831,
      39.362212
     ],
     [
      -78.050496,
      39.362325
     ],
     [
      -78.050151,
      39.362419
     ],
     [
      -78.04995,
      39.362436
     ],
     [
      -78.049804,
      39.362436
     ],
     [
      -78.049669,
      39.362403
     ],
     [
      -78.049558,
      39.362377
     ],
     [
      -78.049514,
      39.36235
     ],
     [
      -78.04945,
      39.362324
     ],
     [
      -78.049384,
      39.362312
     ],
     [
      -78.049286,
      39.362315
     ],
     [
      -78.049194,
      39.362342
     ],
     [
      -78.049118,
      39.36239
     ],
     [
      -78.048934,
      39.362445
     ],
     [
      -78.048732,
      39.362478
     ],
     [
      -78.048589,
      39.362491
     ],
     [
      -78.047717,
      39.362533
     ],
     [
      -78.0475,
      39.362533
     ],
     [
      -78.047398,
      39.362512
     ],
     [
      -78.047305,
      39.362482
     ],
     [
      -78.047242,
      39.362434
     ],
     [
      -78.047162,
      39.362404
     ],
     [
      -78.047074,
      39.362396
     ],
     [
      -78.046987,
      39.362409
     ],
     [
      -78.046911,
      39.362444
     ],
     [
      -78.046843,
      39.362484
     ],
     [
      -78.046573,
      39.362573
     ],
     [
      -78.046096,
      39.362664
     ],
     [
      -78.045941,
      39.362666
     ],
     [
      -78.045704,
      39.362669
     ],
     [
      -78.045354,
      39.362663
     ],
     [
      -78.045167,
      39.36265
     ],
     [
      -78.045006,
      39.362635
     ],
     [
      -78.044752,
      39.362611
     ],
     [
      -78.044686,
      39.362605
     ],
     [
      -78.044435,
      39.362578
     ],
     [
      -78.04387,
      39.362474
     ],
     [
      -78.043836,
      39.362466
     ],
     [
      -78.043331,
      39.362348
     ],
     [
      -78.042997,
      39.362272
     ],
     [
      -78.042747,
      39.362174
     ],
     [
      -78.042587,
      39.362091
     ],
     [
      -78.042475,
      39.362024
     ],
     [
      -78.042447,
      39.361965
     ],
     [
      -78.042404,
      39.361921
     ],
     [
      -78.042348,
      39.361889
     ],
     [
      -78.042282,
      39.361869
     ],
     [
      -78.042215,
      39.361864
     ],
     [
      -78.042149,
      39.361873
     ],
     [
      -78.042088,
      39.361895
     ],
     [
      -78.041813,
      39.361886
     ],
     [
      -78.041598,
      39.361851
     ],
     [
      -78.0415,
      39.361827
     ],
     [
      -78.041401,
      39.361802
     ],
     [
      -78.041175,
      39.361783
     ],
     [
      -78.04106,
      39.361754
     ],
     [
      -78.041037,
      39.361748
     ],
     [
      -78.040315,
      39.361549
     ],
     [
      -78.040012,
      39.361468
     ],
     [
      -78.0395,
      39.36133
     ],
     [
      -78.03913,
      39.361229
     ],
     [
      -78.039064,
      39.361211
     ],
     [
      -78.038835,
      39.361154
     ],
     [
      -78.038536,
      39.361088
     ],
     [
      -78.038474,
      39.36108
     ],
     [
      -78.038264,
      39.361028
     ],
     [
      -78.038203,
      39.361007
     ],
     [
      -78.038073,
      39.361007
     ],
     [
      -78.037998,
      39.361005
     ],
     [
      -78.037899,
      39.360988
     ],
     [
      -78.037819,
      39.360954
     ],
     [
      -78.037737,
      39.360908
     ],
     [
      -78.037713,
      39.360863
     ],
     [
      -78.037675,
      39.360824
     ],
     [
      -78.037629,
      39.360794
     ],
     [
      -78.037574,
      39.360772
     ],
     [
      -78.037514,
      39.36076
     ],
     [
      -78.037453,
      39.360759
     ],
     [
      -78.03739,
      39.36077
     ],
     [
      -78.037245,
      39.360766
     ],
     [
      -78.037056,
      39.360735
     ],
     [
      -78.0368,
      39.360649
     ],
     [
      -78.036565,
      39.360561
     ],
     [
      -78.036187,
      39.360343
     ],
     [
      -78.035783,
      39.360063
     ],
     [
      -78.035451,
      39.359778
     ],
     [
      -78.035255,
      39.359572
     ],
     [
      -78.035218,
      39.359498
     ],
     [
      -78.035194,
      39.359409
     ],
     [
      -78.035186,
      39.35936
     ],
     [
      -78.035197,
      39.35933
     ],
     [
      -78.035201,
      39.35927
     ],
     [
      -78.03518,
      39.359211
     ],
     [
      -78.035136,
      39.359161
     ],
     [
      -78.035073,
      39.359123
     ],
     [
      -78.035029,
      39.359109
     ],
     [
      -78.034981,
      39.359102
     ],
     [
      -78.034908,
      39.359048
     ],
     [
      -78.034789,
      39.358925
     ],
     [
      -78.034622,
      39.358669
     ],
     [
      -78.034488,
      39.358387
     ],
     [
      -78.034308,
      39.357815
     ],
     [
      -78.034273,
      39.357515
     ],
     [
      -78.034294,
      39.35721
     ],
     [
      -78.034348,
      39.356988
     ],
     [
      -78.03442,
      39.356842
     ],
     [
      -78.034518,
      39.35675
     ],
     [
      -78.034588,
      39.356712
     ],
     [
      -78.034677,
      39.356676
     ],
     [
      -78.034733,
      39.356671
     ],
     [
      -78.034785,
      39.356655
     ],
     [
      -78.034831,
      39.35663
     ],
     [
      -78.034873,
      39.356588
     ],
     [
      -78.034896,
      39.356538
     ],
     [
      -78.034899,
      39.356485
     ],
     [
      -78.034881,
      39.356435
     ],
     [
      -78.034861,
      39.356407
     ],
     [
      -78.034835,
      39.356383
     ],
     [
      -78.034776,
      39.356333
     ],
     [
      -78.034682,
      39.356218
     ],
     [
      -78.034659,
      39.356183
     ],
     [
      -78.034586,
      39.356068
     ],
     [
      -78.034571,
      39.356036
     ],
     [
      -78.034558,
      39.356008
     ],
     [
      -78.03448,
      39.355901
     ],
     [
      -78.033855,
      39.355362
     ],
     [
      -78.033816,
      39.355328
     ],
     [
      -78.033315,
      39.354871
     ],
     [
      -78.032417,
      39.354072
     ],
     [
      -78.032312,
      39.353978
     ],
     [
      -78.032001,
      39.353707
     ],
     [
      -78.031821,
      39.353524
     ],
     [
      -78.031709,
      39.353426
     ],
     [
      -78.030997,
      39.352803
     ],
     [
      -78.030744,
      39.352581
     ],
     [
      -78.030184,
      39.352048
     ],
     [
      -78.029915,
      39.351826
     ],
     [
      -78.029703,
      39.351653
     ],
     [
      -78.029408,
      39.351392
     ],
     [
      -78.028914,
      39.350955
     ],
     [
      -78.028701,
      39.350767
     ],
     [
      -78.028506,
      39.350583
     ],
     [
      -78.027942,
      39.350067
     ],
     [
      -78.027716,
      39.349867
     ],
     [
      -78.02736,
      39.349552
     ],
     [
      -78.027174,
      39.349388
     ],
     [
      -78.027123,
      39.349343
     ],
     [
      -78.026894,
      39.349141
     ],
     [
      -78.026655,
      39.34893
     ],
     [
      -78.025132,
      39.347581
     ],
     [
      -78.025002,
      39.347457
     ],
     [
      -78.024798,
      39.347263
     ],
     [
      -78.024694,
      39.347164
     ],
     [
      -78.02467,
      39.347141
     ],
     [
      -78.024306,
      39.346842
     ],
     [
      -78.023604,
      39.346157
     ],
     [
      -78.022593,
      39.345245
     ],
     [
      -78.022492,
      39.345134
     ],
     [
      -78.022234,
      39.344852
     ],
     [
      -78.022191,
      39.344804
     ],
     [
      -78.02203,
      39.344624
     ],
     [
      -78.021653,
      39.344207
     ],
     [
      -78.021434,
      39.343916
     ],
     [
      -78.020619,
      39.342853
     ],
     [
      -78.020557,
      39.342764
     ],
     [
      -78.020243,
      39.342277
     ],
     [
      -78.019526,
      39.341046
     ],
     [
      -78.019471,
      39.340936
     ],
     [
      -78.019384,
      39.340764
     ],
     [
      -78.019322,
      39.340642
     ],
     [
      -78.019248,
      39.340498
     ],
     [
      -78.019079,
      39.340167
     ],
     [
      -78.018927,
      39.339776
     ],
     [
      -78.01869,
      39.33919
     ],
     [
      -78.018542,
      39.338843
     ],
     [
      -78.017917,
      39.337219
     ],
     [
      -78.017882,
      39.337135
     ],
     [
      -78.017394,
      39.335949
     ],
     [
      -78.017327,
      39.335786
     ],
     [
      -78.017134,
      39.335316
     ],
     [
      -78.016779,
      39.334341
     ],
     [
      -78.016694,
      39.334161
     ],
     [
      -78.016572,
      39.3339
     ],
     [
      -78.016007,
      39.333034
     ],
     [
      -78.015048,
      39.331975
     ],
     [
      -78.014681,
      39.331659
     ],
     [
      -78.014352,
      39.331407
     ],
     [
      -78.014183,
      39.331292
     ],
     [
      -78.014021,
      39.331183
     ],
     [
      -78.013453,
      39.3308
     ],
     [
      -78.013434,
      39.330787
     ],
     [
      -78.013032,
      39.330561
     ],
     [
      -78.012501,
      39.330304
     ],
     [
      -78.012273,
      39.330194
     ],
     [
      -78.010023,
      39.329209
     ],
     [
      -78.009868,
      39.329141
     ],
     [
      -78.008617,
      39.328589
     ],
     [
      -78.007851,
      39.328268
     ],
     [
      -78.007015,
      39.327896
     ],
     [
      -78.006753,
      39.327781
     ],
     [
      -78.00653,
      39.327683
     ],
     [
      -78.005953,
      39.327428
     ],
     [
      -78.005611,
      39.327278
     ],
     [
      -78.004368,
      39.326743
     ],
     [
      -78.003651,
      39.326423
     ],
     [
      -78.003458,
      39.326345
     ],
     [
      -78.001769,
      39.325607
     ],
     [
      -78.001426,
      39.325457
     ],
     [
      -78.001217,
      39.325366
     ],
     [
      -78.000355,
      39.324991
     ],
     [
      -77.999239,
      39.324507
     ],
     [
      -77.997933,
      39.323934
     ],
     [
      -77.997653,
      39.323816
     ],
     [
      -77.995568,
      39.322904
     ],
     [
      -77.995293,
      39.322784
     ],
     [
      -77.993069,
      39.321813
     ],
     [
      -77.99089,
      39.320842
     ],
     [
      -77.990709,
      39.320761
     ],
     [
      -77.989638,
      39.320299
     ],
     [
      -77.988732,
      39.319908
     ],
     [
      -77.988116,
      39.319637
     ],
     [
      -77.987949,
      39.319563
     ],
     [
      -77.98761,
      39.319423
     ],
     [
      -77.986826,
      39.319068
     ],
     [
      -77.986225,
      39.318799
     ],
     [
      -77.985878,
      39.318629
     ],
     [
      -77.985828,
      39.318604
     ],
     [
      -77.985552,
      39.318468
     ],
     [
      -77.985079,
      39.318186
     ],
     [
      -77.984416,
      39.317712
     ],
     [
      -77.984164,
      39.317527
     ],
     [
      -77.983862,
      39.317273
     ],
     [
      -77.983515,
      39.316966
     ],
     [
      -77.983076,
      39.316518
     ],
     [
      -77.98304,
      39.316472
     ],
     [
      -77.982966,
      39.316374
     ],
     [
      -77.982772,
      39.31612
     ],
     [
      -77.98249,
      39.315736
     ],
     [
      -77.982482,
      39.315724
     ],
     [
      -77.981988,
      39.31505
     ],
     [
      -77.98192,
      39.314957
     ],
     [
      -77.981818,
      39.314814
     ],
     [
      -77.981682,
      39.314623
     ],
     [
      -77.981631,
      39.314555
     ],
     [
      -77.981462,
      39.31433
     ],
     [
      -77.981036,
      39.313725
     ],
     [
      -77.980755,
      39.313319
     ],
     [
      -77.980451,
      39.312895
     ],
     [
      -77.980138,
      39.312464
     ],
     [
      -77.979772,
      39.31196
     ],
     [
      -77.979281,
      39.311285
     ],
     [
      -77.978972,
      39.310842
     ],
     [
      -77.978628,
      39.31035
     ],
     [
      -77.978246,
      39.309801
     ],
     [
      -77.977823,
      39.309298
     ],
     [
      -77.977801,
      39.309271
     ],
     [
      -77.977754,
      39.309216
     ],
     [
      -77.977459,
      39.308864
     ],
     [
      -77.977004,
      39.308324
     ],
     [
      -77.976849,
      39.3082
     ],
     [
      -77.976343,
      39.307795
     ],
     [
      -77.976211,
      39.307675
     ],
     [
      -77.976062,
      39.30754
     ],
     [
      -77.975911,
      39.307402
     ],
     [
      -77.975532,
      39.307164
     ],
     [
      -77.975331,
      39.307042
     ],
     [
      -77.975221,
      39.306976
     ],
     [
      -77.974827,
      39.306736
     ],
     [
      -77.974338,
      39.306465
     ],
     [
      -77.97404,
      39.306309
     ],
     [
      -77.973402,
      39.306034
     ],
     [
      -77.972968,
      39.305873
     ],
     [
      -77.97253,
      39.305728
     ],
     [
      -77.972002,
      39.30555
     ],
     [
      -77.971369,
      39.305383
     ],
     [
      -77.971181,
      39.305342
     ],
     [
      -77.970651,
      39.305222
     ],
     [
      -77.970167,
      39.305143
     ],
     [
      -77.970034,
      39.305126
     ],
     [
      -77.969604,
      39.305073
     ],
     [
      -77.96903,
      39.305024
     ],
     [
      -77.968384,
      39.304968
     ],
     [
      -77.967476,
      39.304886
     ],
     [
      -77.967195,
      39.304861
     ],
     [
      -77.96678,
      39.304824
     ],
     [
      -77.966283,
      39.304787
     ],
     [
      -77.963524,
      39.304553
     ],
     [
      -77.963215,
      39.304522
     ],
     [
      -77.962185,
      39.304431
     ],
     [
      -77.961986,
      39.304409
     ],
     [
      -77.959485,
      39.304181
     ],
     [
      -77.955629,
      39.303822
     ],
     [
      -77.954953,
      39.30376
     ],
     [
      -77.954694,
      39.303735
     ],
     [
      -77.954349,
      39.303707
     ],
     [
      -77.952265,
      39.303536
     ],
     [
      -77.952244,
      39.303534
     ],
     [
      -77.951212,
      39.303448
     ],
     [
      -77.951141,
      39.303442
     ],
     [
      -77.950391,
      39.303388
     ],
     [
      -77.950324,
      39.303381
     ],
     [
      -77.949908,
      39.30335
     ],
     [
      -77.949493,
      39.303319
     ],
     [
      -77.949323,
      39.303311
     ],
     [
      -77.94905,
      39.303298
     ],
     [
      -77.947803,
      39.303314
     ],
     [
      -77.947534,
      39.303327
     ],
     [
      -77.944983,
      39.303379
     ],
     [
      -77.942766,
      39.303447
     ],
     [
      -77.94276,
      39.303448
     ],
     [
      -77.94147,
      39.303485
     ],
     [
      -77.940462,
      39.303514
     ],
     [
      -77.938429,
      39.303595
     ],
     [
      -77.93815,
      39.303602
     ],
     [
      -77.936531,
      39.303648
     ],
     [
      -77.934905,
      39.303695
     ],
     [
      -77.934635,
      39.303702
     ],
     [
      -77.934281,
      39.303716
     ],
     [
      -77.932926,
      39.303763
     ],
     [
      -77.928798,
      39.303913
     ],
     [
      -77.926718,
      39.303981
     ],
     [
      -77.926185,
      39.303989
     ],
     [
      -77.924279,
      39.303955
     ],
     [
      -77.924116,
      39.303952
     ],
     [
      -77.922805,
      39.30394
     ],
     [
      -77.919963,
      39.303909
     ],
     [
      -77.919681,
      39.303906
     ],
     [
      -77.917312,
      39.30388
     ],
     [
      -77.91638,
      39.303872
     ],
     [
      -77.916025,
      39.303866
     ],
     [
      -77.915779,
      39.303847
     ],
     [
      -77.915627,
      39.303827
     ],
     [
      -77.915404,
      39.303779
     ],
     [
      -77.915201,
      39.303727
     ],
     [
      -77.913842,
      39.30332
     ],
     [
      -77.911121,
      39.302514
     ],
     [
      -77.91049,
      39.302325
     ],
     [
      -77.910223,
      39.302231
     ],
     [
      -77.90997,
      39.302131
     ],
     [
      -77.909053,
      39.301706
     ],
     [
      -77.908348,
      39.301384
     ],
     [
      -77.907039,
      39.300795
     ],
     [
      -77.906751,
      39.300646
     ],
     [
      -77.906258,
      39.300389
     ],
     [
      -77.905061,
      39.299728
     ],
     [
      -77.904908,
      39.299642
     ],
     [
      -77.900583,
      39.297213
     ],
     [
      -77.900065,
      39.296912
     ],
     [
      -77.899787,
      39.296758
     ],
     [
      -77.899602,
      39.29665
     ],
     [
      -77.899071,
      39.296359
     ],
     [
      -77.897692,
      39.295613
     ],
     [
      -77.896684,
      39.295044
     ],
     [
      -77.894085,
      39.293685
     ],
     [
      -77.892583,
      39.292866
     ],
     [
      -77.891855,
      39.292441
     ],
     [
      -77.891444,
      39.292218
     ],
     [
      -77.890765,
      39.291866
     ],
     [
      -77.890367,
      39.291674
     ],
     [
      -77.889567,
      39.291354
     ],
     [
      -77.888086,
      39.290809
     ],
     [
      -77.885942,
      39.290074
     ],
     [
      -77.885416,
      39.289951
     ],
     [
      -77.884909,
      39.28987
     ],
     [
      -77.884461,
      39.289789
     ],
     [
      -77.883802,
      39.289695
     ],
     [
      -77.883488,
      39.289649
     ],
     [
      -77.882582,
      39.289513
     ],
     [
      -77.880943,
      39.289264
     ],
     [
      -77.879512,
      39.288988
     ],
     [
      -77.87578,
      39.288167
     ],
     [
      -77.875747,
      39.28816
     ],
     [
      -77.873834,
      39.28775
     ],
     [
      -77.871617,
      39.287272
     ],
     [
      -77.8715,
      39.287247
     ],
     [
      -77.871451,
      39.287238
     ],
     [
      -77.871222,
      39.287193
     ],
     [
      -77.871011,
      39.287152
     ],
     [
      -77.870588,
      39.28707
     ],
     [
      -77.869883,
      39.286909
     ],
     [
      -77.869171,
      39.286758
     ],
     [
      -77.867814,
      39.286473
     ],
     [
      -77.867742,
      39.286463
     ],
     [
      -77.867681,
      39.286461
     ],
     [
      -77.86757,
      39.286468
     ],
     [
      -77.86664,
      39.286796
     ],
     [
      -77.866009,
      39.286988
     ],
     [
      -77.865172,
      39.287295
     ],
     [
      -77.864832,
      39.287414
     ],
     [
      -77.863654,
      39.287796
     ],
     [
      -77.863139,
      39.287973
     ],
     [
      -77.86303,
      39.288011
     ],
     [
      -77.862398,
      39.288228
     ],
     [
      -77.861165,
      39.288661
     ],
     [
      -77.860286,
      39.288949
     ],
     [
      -77.859929,
      39.289066
     ],
     [
      -77.859008,
      39.289396
     ],
     [
      -77.858659,
      39.289522
     ],
     [
      -77.857413,
      39.289933
     ],
     [
      -77.856165,
      39.290348
     ],
     [
      -77.85496,
      39.290757
     ],
     [
      -77.853901,
      39.291113
     ],
     [
      -77.853704,
      39.291178
     ],
     [
      -77.852664,
      39.291525
     ],
     [
      -77.852602,
      39.291544
     ],
     [
      -77.852211,
      39.291673
     ],
     [
      -77.851681,
      39.291849
     ],
     [
      -77.851628,
      39.291866
     ],
     [
      -77.85136,
      39.291955
     ],
     [
      -77.851274,
      39.291986
     ],
     [
      -77.851067,
      39.292051
     ],
     [
      -77.850726,
      39.292157
     ],
     [
      -77.850264,
      39.292302
     ],
     [
      -77.850131,
      39.292351
     ],
     [
      -77.850035,
      39.292386
     ],
     [
      -77.849805,
      39.292471
     ],
     [
      -77.849635,
      39.292534
     ],
     [
      -77.849631,
      39.292536
     ],
     [
      -77.849455,
      39.292594
     ],
     [
      -77.849347,
      39.292629
     ],
     [
      -77.849324,
      39.292637
     ],
     [
      -77.849158,
      39.292691
     ],
     [
      -77.849043,
      39.292729
     ],
     [
      -77.848821,
      39.292802
     ],
     [
      -77.848498,
      39.292908
     ],
     [
      -77.848242,
      39.292984
     ],
     [
      -77.847967,
      39.293054
     ],
     [
      -77.847826,
      39.293089
     ],
     [
      -77.847753,
      39.293108
     ],
     [
      -77.84741,
      39.293231
     ],
     [
      -77.847251,
      39.293289
     ],
     [
      -77.847131,
      39.293338
     ],
     [
      -77.846853,
      39.293437
     ],
     [
      -77.846597,
      39.293527
     ],
     [
      -77.846437,
      39.293584
     ],
     [
      -77.846353,
      39.293617
     ],
     [
      -77.84621,
      39.293675
     ],
     [
      -77.845798,
      39.293836
     ],
     [
      -77.844933,
      39.294211
     ],
     [
      -77.844161,
      39.294572
     ],
     [
      -77.843732,
      39.29473
     ],
     [
      -77.843533,
      39.294793
     ],
     [
      -77.842975,
      39.294967
     ],
     [
      -77.842369,
      39.295133
     ],
     [
      -77.84148,
      39.295279
     ],
     [
      -77.840438,
      39.295419
     ],
     [
      -77.839982,
      39.295465
     ],
     [
      -77.839109,
      39.295563
     ],
     [
      -77.838629,
      39.29562
     ],
     [
      -77.837663,
      39.295731
     ],
     [
      -77.837252,
      39.295795
     ],
     [
      -77.83672,
      39.29589
     ],
     [
      -77.836216,
      39.295993
     ],
     [
      -77.83551,
      39.296168
     ],
     [
      -77.834934,
      39.296324
     ],
     [
      -77.833464,
      39.296773
     ],
     [
      -77.833209,
      39.29686
     ],
     [
      -77.831254,
      39.297532
     ],
     [
      -77.829528,
      39.298152
     ],
     [
      -77.828019,
      39.298687
     ],
     [
      -77.827032,
      39.299043
     ],
     [
      -77.826666,
      39.299175
     ],
     [
      -77.824919,
      39.299803
     ],
     [
      -77.822934,
      39.300555
     ],
     [
      -77.821652,
      39.301073
     ],
     [
      -77.819903,
      39.301796
     ],
     [
      -77.817489,
      39.3028
     ],
     [
      -77.816373,
      39.303249
     ],
     [
      -77.816149,
      39.303349
     ],
     [
      -77.816094,
      39.303161
     ],
     [
      -77.816068,
      39.303088
     ],
     [
      -77.815971,
      39.303128
     ],
     [
      -77.815971,
      39.303128
     ],
     [
      -77.816068,
      39.303088
     ],
     [
      -77.816037,
      39.303003
     ],
     [
      -77.816037,
      39.303003
     ],
     [
      -77.816068,
      39.303088
     ],
     [
      -77.816094,
      39.303161
     ],
     [
      -77.816149,
      39.303349
     ],
     [
      -77.816214,
      39.303521
     ],
     [
      -77.822161,
      39.301069
     ],
     [
      -77.824184,
      39.300289
     ],
     [
      -77.825021,
      39.29998
     ],
     [
      -77.828055,
      39.298862
     ],
     [
      -77.829608,
      39.298318
     ],
     [
      -77.831406,
      39.297658
     ],
     [
      -77.83223,
      39.297334
     ],
     [
      -77.833049,
      39.297046
     ],
     [
      -77.83326,
      39.296972
     ],
     [
      -77.833614,
      39.296848
     ],
     [
      -77.834194,
      39.296654
     ],
     [
      -77.835208,
      39.29637
     ],
     [
      -77.835796,
      39.29623
     ],
     [
      -77.836479,
      39.296071
     ],
     [
      -77.837187,
      39.295934
     ],
     [
      -77.837737,
      39.29586
     ],
     [
      -77.838062,
      39.295832
     ],
     [
      -77.838221,
      39.295845
     ],
     [
      -77.838341,
      39.295881
     ],
     [
      -77.838458,
      39.295939
     ],
     [
      -77.838556,
      39.29601
     ],
     [
      -77.838657,
      39.296104
     ],
     [
      -77.838785,
      39.296304
     ],
     [
      -77.839007,
      39.296873
     ],
     [
      -77.839392,
      39.297781
     ],
     [
      -77.839767,
      39.298628
     ],
     [
      -77.839975,
      39.299091
     ],
     [
      -77.840217,
      39.299844
     ],
     [
      -77.840417,
      39.300945
     ],
     [
      -77.840583,
      39.301912
     ],
     [
      -77.84076,
      39.302833
     ],
     [
      -77.84099,
      39.304043
     ],
     [
      -77.841225,
      39.305121
     ],
     [
      -77.841309,
      39.305463
     ],
     [
      -77.841421,
      39.305884
     ],
     [
      -77.841579,
      39.306473
     ],
     [
      -77.841893,
      39.307412
     ],
     [
      -77.842307,
      39.30837
     ],
     [
      -77.842751,
      39.309309
     ],
     [
      -77.842956,
      39.309696
     ],
     [
      -77.843413,
      39.310468
     ],
     [
      -77.844255,
      39.311764
     ],
     [
      -77.845309,
      39.313326
     ],
     [
      -77.845802,
      39.314049
     ],
     [
      -77.847595,
      39.316737
     ],
     [
      -77.848041,
      39.317388
     ],
     [
      -77.849263,
      39.319173
     ],
     [
      -77.849366,
      39.319337
     ],
     [
      -77.849577,
      39.319674
     ],
     [
      -77.849658,
      39.319804
     ],
     [
      -77.8499,
      39.320156
     ],
     [
      -77.850679,
      39.321293
     ],
     [
      -77.851924,
      39.323203
     ],
     [
      -77.852342,
      39.3239
     ],
     [
      -77.852861,
      39.324841
     ],
     [
      -77.853105,
      39.325346
     ],
     [
      -77.853328,
      39.32585
     ],
     [
      -77.853514,
      39.326318
     ],
     [
      -77.853769,
      39.326985
     ],
     [
      -77.853993,
      39.327719
     ],
     [
      -77.854187,
      39.328234
     ],
     [
      -77.85437,
      39.32863
     ],
     [
      -77.85452,
      39.328875
     ],
     [
      -77.854773,
      39.329211
     ],
     [
      -77.855148,
      39.329709
     ],
     [
      -77.855888,
      39.330601
     ],
     [
      -77.856215,
      39.331108
     ],
     [
      -77.856376,
      39.33151
     ],
     [
      -77.856499,
      39.331908
     ],
     [
      -77.856564,
      39.33234
     ],
     [
      -77.856575,
      39.332522
     ],
     [
      -77.856569,
      39.332655
     ],
     [
      -77.856499,
      39.333116
     ],
     [
      -77.856424,
      39.333489
     ],
     [
      -77.856301,
      39.333825
     ],
     [
      -77.855909,
      39.334838
     ],
     [
      -77.855625,
      39.335555
     ],
     [
      -77.855459,
      39.336045
     ],
     [
      -77.855303,
      39.336501
     ],
     [
      -77.855196,
      39.33712
     ],
     [
      -77.855089,
      39.338016
     ],
     [
      -77.855083,
      39.338775
     ],
     [
      -77.855142,
      39.33948
     ],
     [
      -77.855394,
      39.341215
     ],
     [
      -77.85563,
      39.342704
     ],
     [
      -77.855732,
      39.343575
     ],
     [
      -77.855732,
      39.343969
     ],
     [
      -77.8557,
      39.344488
     ],
     [
      -77.855663,
      39.345214
     ],
     [
      -77.855593,
      39.346056
     ],
     [
      -77.855545,
      39.346711
     ],
     [
      -77.855427,
      39.348255
     ],
     [
      -77.855421,
      39.348549
     ],
     [
      -77.855325,
      39.349744
     ],
     [
      -77.855266,
      39.350536
     ],
     [
      -77.855228,
      39.351208
     ],
     [
      -77.855223,
      39.351378
     ],
     [
      -77.855255,
      39.351768
     ],
     [
      -77.85533,
      39.35227
     ],
     [
      -77.855528,
      39.352959
     ],
     [
      -77.855722,
      39.353394
     ],
     [
      -77.856253,
      39.354182
     ],
     [
      -77.856821,
      39.354767
     ],
     [
      -77.857642,
      39.355456
     ],
     [
      -77.858999,
      39.356505
     ],
     [
      -77.860196,
      39.357455
     ],
     [
      -77.861424,
      39.358451
     ],
     [
      -77.862147,
      39.359037
     ],
     [
      -77.862744,
      39.359521
     ],
     [
      -77.865249,
      39.361491
     ],
     [
      -77.865866,
      39.361996
     ],
     [
      -77.866146,
      39.362231
     ],
     [
      -77.867529,
      39.363465
     ],
     [
      -77.868374,
      39.364277
     ],
     [
      -77.868584,
      39.364456
     ],
     [
      -77.86948,
      39.365275
     ],
     [
      -77.87086,
      39.366468
     ],
     [
      -77.871606,
      39.367061
     ],
     [
      -77.872523,
      39.36767
     ],
     [
      -77.873553,
      39.368309
     ],
     [
      -77.875506,
      39.369375
     ],
     [
      -77.878064,
      39.370764
     ],
     [
      -77.880446,
      39.372037
     ],
     [
      -77.882066,
      39.372908
     ],
     [
      -77.882962,
      39.37341
     ],
     [
      -77.883214,
      39.373588
     ],
     [
      -77.883649,
      39.373916
     ],
     [
      -77.884985,
      39.375172
     ],
     [
      -77.886036,
      39.376076
     ],
     [
      -77.886438,
      39.376346
     ],
     [
      -77.887291,
      39.37681
     ],
     [
      -77.887823,
      39.377078
     ],
     [
      -77.888169,
      39.377247
     ],
     [
      -77.889958,
      39.378139
     ],
     [
      -77.890574,
      39.378458
     ],
     [
      -77.891765,
      39.379111
     ],
     [
      -77.892664,
      39.379611
     ],
     [
      -77.893239,
      39.38
     ],
     [
      -77.893661,
      39.380325
     ],
     [
      -77.893947,
      39.380614
     ],
     [
      -77.89423,
      39.380977
     ],
     [
      -77.8945,
      39.381444
     ],
     [
      -77.894665,
      39.381809
     ],
     [
      -77.894818,
      39.382189
     ],
     [
      -77.894901,
      39.382535
     ],
     [
      -77.894955,
      39.382934
     ],
     [
      -77.894947,
      39.383272
     ],
     [
      -77.894901,
      39.383655
     ],
     [
      -77.894775,
      39.384159
     ],
     [
      -77.894681,
      39.384431
     ],
     [
      -77.894622,
      39.3846
     ],
     [
      -77.894174,
      39.385652
     ],
     [
      -77.893431,
      39.387411
     ],
     [
      -77.893045,
      39.38839
     ],
     [
      -77.892927,
      39.388738
     ],
     [
      -77.892876,
      39.389044
     ],
     [
      -77.892854,
      39.389483
     ],
     [
      -77.892887,
      39.389956
     ],
     [
      -77.892983,
      39.390461
     ],
     [
      -77.89312,
      39.39091
     ],
     [
      -77.893348,
      39.391324
     ],
     [
      -77.893656,
      39.391764
     ],
     [
      -77.893978,
      39.392146
     ],
     [
      -77.894364,
      39.392561
     ],
     [
      -77.894772,
      39.392884
     ],
     [
      -77.895244,
      39.393174
     ],
     [
      -77.895834,
      39.393497
     ],
     [
      -77.896382,
      39.393705
     ],
     [
      -77.896864,
      39.393854
     ],
     [
      -77.897379,
      39.393978
     ],
     [
      -77.897969,
      39.394078
     ],
     [
      -77.89857,
      39.394119
     ],
     [
      -77.899568,
      39.394128
     ],
     [
      -77.903645,
      39.394103
     ],
     [
      -77.904353,
      39.39407
     ],
     [
      -77.905093,
      39.394036
     ],
     [
      -77.905952,
      39.393953
     ],
     [
      -77.90666,
      39.393887
     ],
     [
      -77.907379,
      39.393862
     ],
     [
      -77.909267,
      39.393837
     ],
     [
      -77.91387,
      39.393862
     ],
     [
      -77.914524,
      39.393862
     ],
     [
      -77.915082,
      39.393887
     ],
     [
      -77.915504,
      39.393937
     ],
     [
      -77.916058,
      39.394028
     ],
     [
      -77.916127,
      39.394043
     ],
     [
      -77.916477,
      39.394119
     ],
     [
      -77.916992,
      39.394277
     ],
     [
      -77.917421,
      39.394426
     ],
     [
      -77.917979,
      39.394683
     ],
     [
      -77.918343,
      39.394865
     ],
     [
      -77.918794,
      39.395139
     ],
     [
      -77.919309,
      39.395446
     ],
     [
      -77.919695,
      39.395695
     ],
     [
      -77.920017,
      39.395927
     ],
     [
      -77.920328,
      39.396192
     ],
     [
      -77.920554,
      39.396433
     ],
     [
      -77.920761,
      39.396636
     ],
     [
      -77.92089,
      39.39678
     ],
     [
      -77.921123,
      39.397047
     ],
     [
      -77.921436,
      39.397516
     ],
     [
      -77.921665,
      39.397825
     ],
     [
      -77.921879,
      39.398241
     ],
     [
      -77.92208,
      39.398738
     ],
     [
      -77.922244,
      39.399261
     ],
     [
      -77.922506,
      39.400181
     ],
     [
      -77.923347,
      39.402845
     ],
     [
      -77.924449,
      39.406519
     ],
     [
      -77.925298,
      39.409243
     ],
     [
      -77.925983,
      39.411535
     ],
     [
      -77.926489,
      39.413161
     ],
     [
      -77.926699,
      39.41385
     ],
     [
      -77.927124,
      39.415162
     ],
     [
      -77.92722,
      39.415551
     ],
     [
      -77.927391,
      39.416115
     ],
     [
      -77.927521,
      39.416545
     ],
     [
      -77.927712,
      39.417041
     ],
     [
      -77.927896,
      39.41748
     ],
     [
      -77.928127,
      39.417998
     ],
     [
      -77.928326,
      39.41837
     ],
     [
      -77.928587,
      39.418784
     ],
     [
      -77.928662,
      39.418894
     ],
     [
      -77.928859,
      39.419183
     ],
     [
      -77.928937,
      39.419296
     ],
     [
      -77.929241,
      39.419713
     ],
     [
      -77.929538,
      39.42006
     ],
     [
      -77.929936,
      39.420478
     ],
     [
      -77.930381,
      39.420901
     ],
     [
      -77.930711,
      39.421218
     ],
     [
      -77.931102,
      39.42154
     ],
     [
      -77.931478,
      39.421826
     ],
     [
      -77.931896,
      39.422133
     ],
     [
      -77.932802,
      39.42272
     ],
     [
      -77.933562,
      39.423094
     ],
     [
      -77.934207,
      39.423386
     ],
     [
      -77.934755,
      39.423609
     ],
     [
      -77.935128,
      39.423734
     ],
     [
      -77.935564,
      39.423884
     ],
     [
      -77.936576,
      39.424252
     ],
     [
      -77.93712,
      39.424464
     ],
     [
      -77.937586,
      39.424666
     ],
     [
      -77.937736,
      39.424738
     ],
     [
      -77.938033,
      39.42489
     ],
     [
      -77.938266,
      39.425018
     ],
     [
      -77.938525,
      39.425166
     ],
     [
      -77.938878,
      39.42539
     ],
     [
      -77.939384,
      39.425737
     ],
     [
      -77.940243,
      39.426314
     ],
     [
      -77.94078,
      39.426693
     ],
     [
      -77.941745,
      39.427352
     ],
     [
      -77.942267,
      39.427633
     ],
     [
      -77.942743,
      39.427822
     ],
     [
      -77.94327,
      39.427994
     ],
     [
      -77.94537,
      39.428594
     ],
     [
      -77.946026,
      39.428819
     ],
     [
      -77.946428,
      39.429004
     ],
     [
      -77.946751,
      39.429186
     ],
     [
      -77.947619,
      39.429751
     ],
     [
      -77.948229,
      39.430155
     ],
     [
      -77.948543,
      39.430367
     ],
     [
      -77.949259,
      39.430839
     ],
     [
      -77.949631,
      39.431081
     ],
     [
      -77.949819,
      39.431198
     ],
     [
      -77.950012,
      39.431312
     ],
     [
      -77.950269,
      39.431447
     ],
     [
      -77.950526,
      39.431572
     ],
     [
      -77.950789,
      39.43168
     ],
     [
      -77.951058,
      39.431777
     ],
     [
      -77.951305,
      39.431851
     ],
     [
      -77.951523,
      39.431912
     ],
     [
      -77.951904,
      39.431995
     ],
     [
      -77.952257,
      39.432061
     ],
     [
      -77.953774,
      39.432294
     ],
     [
      -77.95416,
      39.432369
     ],
     [
      -77.954442,
      39.432437
     ],
     [
      -77.954556,
      39.432467
     ],
     [
      -77.954729,
      39.432518
     ],
     [
      -77.954898,
      39.432572
     ],
     [
      -77.955064,
      39.432628
     ],
     [
      -77.955299,
      39.432721
     ],
     [
      -77.955532,
      39.43282
     ],
     [
      -77.955739,
      39.432919
     ],
     [
      -77.955945,
      39.433028
     ],
     [
      -77.956211,
      39.43318
     ],
     [
      -77.956515,
      39.433389
     ],
     [
      -77.95676,
      39.433576
     ],
     [
      -77.956859,
      39.433656
     ],
     [
      -77.957152,
      39.433904
     ],
     [
      -77.957448,
      39.43417
     ],
     [
      -77.958268,
      39.434869
     ],
     [
      -77.958366,
      39.434953
     ],
     [
      -77.958899,
      39.435419
     ],
     [
      -77.95908,
      39.435586
     ],
     [
      -77.959366,
      39.435832
     ],
     [
      -77.959511,
      39.435958
     ],
     [
      -77.960148,
      39.436531
     ],
     [
      -77.960859,
      39.437164
     ],
     [
      -77.961127,
      39.437408
     ],
     [
      -77.961347,
      39.437601
     ],
     [
      -77.961518,
      39.437765
     ],
     [
      -77.961722,
      39.437947
     ],
     [
      -77.962405,
      39.438556
     ],
     [
      -77.962854,
      39.438957
     ],
     [
      -77.963257,
      39.439305
     ],
     [
      -77.963472,
      39.439475
     ],
     [
      -77.963655,
      39.439614
     ],
     [
      -77.964065,
      39.439914
     ],
     [
      -77.964255,
      39.440034
     ],
     [
      -77.965031,
      39.440528
     ],
     [
      -77.965767,
      39.440987
     ],
     [
      -77.965898,
      39.441071
     ],
     [
      -77.966008,
      39.441138
     ],
     [
      -77.966162,
      39.441231
     ],
     [
      -77.966324,
      39.441319
     ],
     [
      -77.966481,
      39.441401
     ],
     [
      -77.96666,
      39.441488
     ],
     [
      -77.966956,
      39.441618
     ],
     [
      -77.967284,
      39.441745
     ],
     [
      -77.967551,
      39.441836
     ],
     [
      -77.967866,
      39.441933
     ],
     [
      -77.968095,
      39.441995
     ],
     [
      -77.968369,
      39.442059
     ],
     [
      -77.968477,
      39.442081
     ],
     [
      -77.968859,
      39.442154
     ],
     [
      -77.969272,
      39.442207
     ],
     [
      -77.969589,
      39.442236
     ],
     [
      -77.969896,
      39.442256
     ],
     [
      -77.970144,
      39.442261
     ],
     [
      -77.97042,
      39.442257
     ],
     [
      -77.970714,
      39.442247
     ],
     [
      -77.97101,
      39.442221
     ],
     [
      -77.971216,
      39.442205
     ],
     [
      -77.971421,
      39.442179
     ],
     [
      -77.971688,
      39.44214
     ],
     [
      -77.971952,
      39.442087
     ],
     [
      -77.972468,
      39.441965
     ],
     [
      -77.972974,
      39.441809
     ],
     [
      -77.973201,
      39.441726
     ],
     [
      -77.973549,
      39.441591
     ],
     [
      -77.974964,
      39.441036
     ],
     [
      -77.975166,
      39.440962
     ],
     [
      -77.975308,
      39.440914
     ],
     [
      -77.975451,
      39.440872
     ],
     [
      -77.975589,
      39.440836
     ],
     [
      -77.975758,
      39.440795
     ],
     [
      -77.975867,
      39.440771
     ],
     [
      -77.975977,
      39.440752
     ],
     [
      -77.976215,
      39.440719
     ],
     [
      -77.976542,
      39.44069
     ],
     [
      -77.976747,
      39.440681
     ],
     [
      -77.976934,
      39.440682
     ],
     [
      -77.977178,
      39.440692
     ],
     [
      -77.97756,
      39.440725
     ],
     [
      -77.977793,
      39.440757
     ],
     [
      -77.978232,
      39.440855
     ],
     [
      -77.979687,
      39.441251
     ],
     [
      -77.981321,
      39.441721
     ],
     [
      -77.981979,
      39.441908
     ],
     [
      -77.982207,
      39.4419
     ],
     [
      -77.982937,
      39.442122
     ],
     [
      -77.983087,
      39.442165
     ],
     [
      -77.983662,
      39.442312
     ],
     [
      -77.983759,
      39.442335
     ],
     [
      -77.984571,
      39.442575
     ],
     [
      -77.984873,
      39.442662
     ],
     [
      -77.985251,
      39.442765
     ],
     [
      -77.985487,
      39.442826
     ],
     [
      -77.98579,
      39.442895
     ],
     [
      -77.985976,
      39.442933
     ],
     [
      -77.986069,
      39.442956
     ],
     [
      -77.986402,
      39.443024
     ],
     [
      -77.986513,
      39.443051
     ],
     [
      -77.986783,
      39.44311
     ],
     [
      -77.987019,
      39.443153
     ],
     [
      -77.987257,
      39.443195
     ],
     [
      -77.987432,
      39.44323
     ],
     [
      -77.987604,
      39.443326
     ],
     [
      -77.987749,
      39.443361
     ],
     [
      -77.987862,
      39.443381
     ],
     [
      -77.987972,
      39.443405
     ],
     [
      -77.988066,
      39.443448
     ],
     [
      -77.988116,
      39.443488
     ],
     [
      -77.988184,
      39.443572
     ],
     [
      -77.988177,
      39.44381
     ],
     [
      -77.988177,
      39.444159
     ],
     [
      -77.988187,
      39.444411
     ],
     [
      -77.988211,
      39.444626
     ],
     [
      -77.988245,
      39.444827
     ],
     [
      -77.988291,
      39.445029
     ],
     [
      -77.988352,
      39.445253
     ],
     [
      -77.988424,
      39.445487
     ],
     [
      -77.988557,
      39.445804
     ],
     [
      -77.988826,
      39.446396
     ],
     [
      -77.988932,
      39.446633
     ],
     [
      -77.989027,
      39.446842
     ],
     [
      -77.989088,
      39.446998
     ],
     [
      -77.989125,
      39.447135
     ],
     [
      -77.989159,
      39.447308
     ],
     [
      -77.989191,
      39.447612
     ],
     [
      -77.989217,
      39.447888
     ],
     [
      -77.989346,
      39.448621
     ],
     [
      -77.989455,
      39.451159
     ],
     [
      -77.989538,
      39.452713
     ],
     [
      -77.989604,
      39.454245
     ],
     [
      -77.989748,
      39.457587
     ],
     [
      -77.98985,
      39.460244
     ],
     [
      -77.989905,
      39.461337
     ],
     [
      -77.989949,
      39.46243
     ],
     [
      -77.990046,
      39.465191
     ],
     [
      -77.990072,
      39.465923
     ],
     [
      -77.990078,
      39.466239
     ],
     [
      -77.990063,
      39.466604
     ],
     [
      -77.99003,
      39.467009
     ],
     [
      -77.98999,
      39.467325
     ],
     [
      -77.989936,
      39.467683
     ],
     [
      -77.989841,
      39.468167
     ],
     [
      -77.989804,
      39.468296
     ],
     [
      -77.989734,
      39.468517
     ],
     [
      -77.989609,
      39.468938
     ],
     [
      -77.989407,
      39.469452
     ],
     [
      -77.989198,
      39.4699
     ],
     [
      -77.988953,
      39.470367
     ],
     [
      -77.988757,
      39.470687
     ],
     [
      -77.988345,
      39.471296
     ],
     [
      -77.987962,
      39.471785
     ],
     [
      -77.987465,
      39.472379
     ],
     [
      -77.985837,
      39.474275
     ],
     [
      -77.985015,
      39.475222
     ],
     [
      -77.984179,
      39.476194
     ],
     [
      -77.984005,
      39.476404
     ],
     [
      -77.980227,
      39.480767
     ],
     [
      -77.978723,
      39.482515
     ],
     [
      -77.974428,
      39.487544
     ],
     [
      -77.974034,
      39.487997
     ],
     [
      -77.973633,
      39.488451
     ],
     [
      -77.973199,
      39.488913
     ],
     [
      -77.97278,
      39.489305
     ],
     [
      -77.972282,
      39.489758
     ],
     [
      -77.971597,
      39.490339
     ],
     [
      -77.970991,
      39.490803
     ],
     [
      -77.970553,
      39.491112
     ],
     [
      -77.969919,
      39.491536
     ],
     [
      -77.969502,
      39.491799
     ],
     [
      -77.969004,
      39.492081
     ],
     [
      -77.968448,
      39.492382
     ],
     [
      -77.967849,
      39.492685
     ],
     [
      -77.967045,
      39.493064
     ],
     [
      -77.96606,
      39.493483
     ],
     [
      -77.964209,
      39.494256
     ],
     [
      -77.960257,
      39.495909
     ],
     [
      -77.959647,
      39.49614
     ],
     [
      -77.959303,
      39.496285
     ],
     [
      -77.958667,
      39.496446
     ],
     [
      -77.958389,
      39.496527
     ],
     [
      -77.95822,
      39.496566
     ],
     [
      -77.958086,
      39.49659
     ],
     [
      -77.957919,
      39.496613
     ],
     [
      -77.957725,
      39.496624
     ],
     [
      -77.957573,
      39.496613
     ],
     [
      -77.957448,
      39.496588
     ],
     [
      -77.957351,
      39.496558
     ],
     [
      -77.957249,
      39.496514
     ],
     [
      -77.957159,
      39.496459
     ],
     [
      -77.95709,
      39.496406
     ],
     [
      -77.957021,
      39.496334
     ],
     [
      -77.956962,
      39.496264
     ],
     [
      -77.956927,
      39.496199
     ],
     [
      -77.956894,
      39.496125
     ],
     [
      -77.956879,
      39.496066
     ],
     [
      -77.956869,
      39.495989
     ],
     [
      -77.956874,
      39.495913
     ],
     [
      -77.956901,
      39.4958
     ],
     [
      -77.956935,
      39.495712
     ],
     [
      -77.956981,
      39.495618
     ],
     [
      -77.95705,
      39.495507
     ],
     [
      -77.957127,
      39.495395
     ],
     [
      -77.957235,
      39.495268
     ],
     [
      -77.957348,
      39.495157
     ],
     [
      -77.957447,
      39.495067
     ],
     [
      -77.957547,
      39.494989
     ],
     [
      -77.957651,
      39.494921
     ],
     [
      -77.957759,
      39.494858
     ],
     [
      -77.957881,
      39.494802
     ],
     [
      -77.957981,
      39.494767
     ],
     [
      -77.958086,
      39.494741
     ],
     [
      -77.958226,
      39.494727
     ],
     [
      -77.958361,
      39.494733
     ],
     [
      -77.958483,
      39.494749
     ],
     [
      -77.958642,
      39.494794
     ],
     [
      -77.958735,
      39.494837
     ],
     [
      -77.958819,
      39.494884
     ],
     [
      -77.958896,
      39.494946
     ],
     [
      -77.958979,
      39.495035
     ],
     [
      -77.95907,
      39.495162
     ],
     [
      -77.959139,
      39.495284
     ],
     [
      -77.959181,
      39.495383
     ],
     [
      -77.95921,
      39.495479
     ],
     [
      -77.959281,
      39.495628
     ],
     [
      -77.959363,
      39.495984
     ],
     [
      -77.959531,
      39.496809
     ],
     [
      -77.959562,
      39.497003
     ],
     [
      -77.959703,
      39.497763
     ],
     [
      -77.959752,
      39.497944
     ],
     [
      -77.959819,
      39.498143
     ],
     [
      -77.959887,
      39.498296
     ],
     [
      -77.959954,
      39.498429
     ],
     [
      -77.960067,
      39.498621
     ],
     [
      -77.960277,
      39.498888
     ],
     [
      -77.960527,
      39.499158
     ],
     [
      -77.960731,
      39.499342
     ],
     [
      -77.960977,
      39.499541
     ],
     [
      -77.961234,
      39.499702
     ],
     [
      -77.961465,
      39.499834
     ],
     [
      -77.961747,
      39.499969
     ],
     [
      -77.962013,
      39.500068
     ],
     [
      -77.962126,
      39.500128
     ],
     [
      -77.962849,
      39.500402
     ],
     [
      -77.963412,
      39.500593
     ],
     [
      -77.964733,
      39.501039
     ],
     [
      -77.964959,
      39.501129
     ],
     [
      -77.965296,
      39.501266
     ],
     [
      -77.965564,
      39.501404
     ],
     [
      -77.965792,
      39.501532
     ],
     [
      -77.965945,
      39.501547
     ],
     [
      -77.966003,
      39.501589
     ],
     [
      -77.966235,
      39.501748
     ],
     [
      -77.966301,
      39.5018
     ],
     [
      -77.966589,
      39.502098
     ],
     [
      -77.966709,
      39.502264
     ],
     [
      -77.966824,
      39.502431
     ],
     [
      -77.966865,
      39.502494
     ],
     [
      -77.966902,
      39.502553
     ],
     [
      -77.967015,
      39.502761
     ],
     [
      -77.967064,
      39.502862
     ],
     [
      -77.967111,
      39.502963
     ],
     [
      -77.967166,
      39.503092
     ],
     [
      -77.967214,
      39.503222
     ],
     [
      -77.967351,
      39.503633
     ],
     [
      -77.967397,
      39.503764
     ],
     [
      -77.967493,
      39.504043
     ],
     [
      -77.967594,
      39.504349
     ],
     [
      -77.967629,
      39.504455
     ],
     [
      -77.967698,
      39.504718
     ],
     [
      -77.967722,
      39.504787
     ],
     [
      -77.967792,
      39.504986
     ],
     [
      -77.967814,
      39.505039
     ],
     [
      -77.967862,
      39.505158
     ],
     [
      -77.967954,
      39.505358
     ],
     [
      -77.967993,
      39.505441
     ],
     [
      -77.9682,
      39.505819
     ],
     [
      -77.968444,
      39.506312
     ],
     [
      -77.968695,
      39.506848
     ],
     [
      -77.968939,
      39.507376
     ],
     [
      -77.969051,
      39.507655
     ],
     [
      -77.969169,
      39.507952
     ],
     [
      -77.96929,
      39.508259
     ],
     [
      -77.969354,
      39.508419
     ],
     [
      -77.969524,
      39.508871
     ],
     [
      -77.969882,
      39.509705
     ],
     [
      -77.970035,
      39.509997
     ],
     [
      -77.970227,
      39.510315
     ],
     [
      -77.970488,
      39.510732
     ],
     [
      -77.97107,
      39.51165
     ],
     [
      -77.971256,
      39.511952
     ],
     [
      -77.971817,
      39.51283
     ],
     [
      -77.972065,
      39.513107
     ],
     [
      -77.972296,
      39.513355
     ],
     [
      -77.972741,
      39.51386
     ],
     [
      -77.973731,
      39.51493
     ],
     [
      -77.975406,
      39.51658
     ],
     [
      -77.97552,
      39.516691
     ],
     [
      -77.975865,
      39.517031
     ],
     [
      -77.976049,
      39.517276
     ],
     [
      -77.976215,
      39.517549
     ],
     [
      -77.976332,
      39.517808
     ],
     [
      -77.97644,
      39.518012
     ],
     [
      -77.976725,
      39.518682
     ],
     [
      -77.976874,
      39.51903
     ],
     [
      -77.977018,
      39.519406
     ],
     [
      -77.977058,
      39.51951
     ],
     [
      -77.97732,
      39.52014
     ],
     [
      -77.978067,
      39.521935
     ],
     [
      -77.978092,
      39.522047
     ],
     [
      -77.978149,
      39.522331
     ],
     [
      -77.978196,
      39.522663
     ],
     [
      -77.978217,
      39.522762
     ],
     [
      -77.978303,
      39.523306
     ],
     [
      -77.978314,
      39.523376
     ],
     [
      -77.978337,
      39.523536
     ],
     [
      -77.978414,
      39.524073
     ],
     [
      -77.978416,
      39.524103
     ],
     [
      -77.978417,
      39.524151
     ],
     [
      -77.978422,
      39.524185
     ],
     [
      -77.978439,
      39.524295
     ],
     [
      -77.978461,
      39.524457
     ],
     [
      -77.978541,
      39.524959
     ],
     [
      -77.978564,
      39.525054
     ],
     [
      -77.978591,
      39.525147
     ],
     [
      -77.978626,
      39.525232
     ],
     [
      -77.978698,
      39.525376
     ],
     [
      -77.979115,
      39.526147
     ],
     [
      -77.97918,
      39.52626
     ],
     [
      -77.979245,
      39.526369
     ],
     [
      -77.979302,
      39.526485
     ],
     [
      -77.979355,
      39.526602
     ],
     [
      -77.979404,
      39.526717
     ],
     [
      -77.979417,
      39.526749
     ],
     [
      -77.97943,
      39.526782
     ],
     [
      -77.979451,
      39.526833
     ],
     [
      -77.979459,
      39.526852
     ],
     [
      -77.979546,
      39.527081
     ],
     [
      -77.979797,
      39.527693
     ],
     [
      -77.979863,
      39.527854
     ],
     [
      -77.979963,
      39.5281
     ],
     [
      -77.980111,
      39.528485
     ],
     [
      -77.980235,
      39.528899
     ],
     [
      -77.98027,
      39.529028
     ],
     [
      -77.980351,
      39.529356
     ],
     [
      -77.980445,
      39.529686
     ],
     [
      -77.980501,
      39.529915
     ],
     [
      -77.980591,
      39.53032
     ],
     [
      -77.980604,
      39.530385
     ],
     [
      -77.980626,
      39.530483
     ],
     [
      -77.98073,
      39.530888
     ],
     [
      -77.980792,
      39.531159
     ],
     [
      -77.980971,
      39.531847
     ],
     [
      -77.981128,
      39.532494
     ],
     [
      -77.981198,
      39.532783
     ],
     [
      -77.981214,
      39.532957
     ],
     [
      -77.981247,
      39.53312
     ],
     [
      -77.981326,
      39.533621
     ],
     [
      -77.981337,
      39.533689
     ],
     [
      -77.981414,
      39.534028
     ],
     [
      -77.981429,
      39.534098
     ],
     [
      -77.981443,
      39.534143
     ],
     [
      -77.981525,
      39.534342
     ],
     [
      -77.981645,
      39.53447
     ],
     [
      -77.981771,
      39.534668
     ],
     [
      -77.981875,
      39.534812
     ],
     [
      -77.982043,
      39.535046
     ],
     [
      -77.982316,
      39.535362
     ],
     [
      -77.982717,
      39.535837
     ],
     [
      -77.98274,
      39.535865
     ],
     [
      -77.983036,
      39.536215
     ],
     [
      -77.983474,
      39.536736
     ],
     [
      -77.983661,
      39.536981
     ],
     [
      -77.984337,
      39.538
     ],
     [
      -77.984792,
      39.538696
     ],
     [
      -77.984976,
      39.538977
     ],
     [
      -77.985101,
      39.53917
     ],
     [
      -77.985259,
      39.539411
     ],
     [
      -77.985675,
      39.540045
     ],
     [
      -77.985731,
      39.54013
     ],
     [
      -77.98586,
      39.540323
     ],
     [
      -77.985983,
      39.540499
     ],
     [
      -77.986139,
      39.540688
     ],
     [
      -77.986366,
      39.5409
     ],
     [
      -77.986593,
      39.541086
     ],
     [
      -77.986993,
      39.541396
     ],
     [
      -77.987329,
      39.541652
     ],
     [
      -77.987429,
      39.541748
     ],
     [
      -77.987569,
      39.541866
     ],
     [
      -77.9879,
      39.542092
     ],
     [
      -77.988421,
      39.542429
     ],
     [
      -77.988547,
      39.542491
     ],
     [
      -77.98866,
      39.542558
     ],
     [
      -77.98885,
      39.542725
     ],
     [
      -77.98893,
      39.54282
     ],
     [
      -77.988987,
      39.542918
     ],
     [
      -77.989042,
      39.543029
     ],
     [
      -77.989087,
      39.543179
     ],
     [
      -77.989116,
      39.543312
     ],
     [
      -77.989172,
      39.543571
     ],
     [
      -77.989202,
      39.543701
     ],
     [
      -77.989264,
      39.543976
     ],
     [
      -77.989356,
      39.544243
     ],
     [
      -77.989474,
      39.544505
     ],
     [
      -77.989621,
      39.544811
     ],
     [
      -77.989937,
      39.545436
     ],
     [
      -77.990056,
      39.545677
     ],
     [
      -77.990165,
      39.545927
     ],
     [
      -77.99023,
      39.546129
     ],
     [
      -77.99025,
      39.546233
     ],
     [
      -77.990259,
      39.546393
     ],
     [
      -77.990249,
      39.546545
     ],
     [
      -77.990235,
      39.546648
     ],
     [
      -77.990138,
      39.546941
     ],
     [
      -77.990084,
      39.547047
     ],
     [
      -77.989929,
      39.547295
     ],
     [
      -77.989622,
      39.547761
     ],
     [
      -77.989567,
      39.547854
     ],
     [
      -77.989515,
      39.547954
     ],
     [
      -77.989477,
      39.548034
     ],
     [
      -77.989445,
      39.548118
     ],
     [
      -77.989427,
      39.54818
     ],
     [
      -77.989416,
      39.548242
     ],
     [
      -77.989404,
      39.548324
     ],
     [
      -77.989398,
      39.548406
     ],
     [
      -77.989397,
      39.548487
     ],
     [
      -77.989402,
      39.548555
     ],
     [
      -77.989413,
      39.548623
     ],
     [
      -77.989429,
      39.548691
     ],
     [
      -77.989449,
      39.54876
     ],
     [
      -77.989472,
      39.548821
     ],
     [
      -77.989498,
      39.548882
     ],
     [
      -77.989529,
      39.548944
     ],
     [
      -77.989563,
      39.549004
     ],
     [
      -77.989611,
      39.549076
     ],
     [
      -77.989664,
      39.549147
     ],
     [
      -77.989705,
      39.549196
     ],
     [
      -77.989722,
      39.549218
     ],
     [
      -77.989785,
      39.549286
     ],
     [
      -77.989957,
      39.549426
     ],
     [
      -77.990682,
      39.549947
     ],
     [
      -77.991334,
      39.55045
     ],
     [
      -77.99183,
      39.550829
     ],
     [
      -77.992149,
      39.551068
     ],
     [
      -77.992532,
      39.551355
     ],
     [
      -77.993467,
      39.552065
     ],
     [
      -77.99366,
      39.552231
     ],
     [
      -77.993771,
      39.552346
     ],
     [
      -77.99388,
      39.552483
     ],
     [
      -77.993946,
      39.552585
     ],
     [
      -77.99407,
      39.552896
     ],
     [
      -77.994115,
      39.552993
     ],
     [
      -77.994164,
      39.553061
     ],
     [
      -77.994221,
      39.553109
     ],
     [
      -77.994339,
      39.553212
     ],
     [
      -77.994681,
      39.553504
     ],
     [
      -77.994791,
      39.553601
     ],
     [
      -77.995175,
      39.553931
     ],
     [
      -77.995373,
      39.554113
     ],
     [
      -77.995451,
      39.554198
     ],
     [
      -77.995494,
      39.554279
     ],
     [
      -77.9955,
      39.554308
     ],
     [
      -77.995511,
      39.554357
     ],
     [
      -77.995523,
      39.554459
     ],
     [
      -77.995504,
      39.554524
     ],
     [
      -77.995471,
      39.554794
     ],
     [
      -77.995481,
      39.554937
     ],
     [
      -77.995522,
      39.555052
     ],
     [
      -77.995596,
      39.555162
     ],
     [
      -77.995713,
      39.555285
     ],
     [
      -77.996093,
      39.555666
     ],
     [
      -77.996831,
      39.556445
     ],
     [
      -77.996885,
      39.556504
     ],
     [
      -77.996899,
      39.556525
     ],
     [
      -77.997225,
      39.556888
     ],
     [
      -77.99754,
      39.557198
     ],
     [
      -77.997654,
      39.557302
     ],
     [
      -77.997831,
      39.557437
     ],
     [
      -77.998047,
      39.557567
     ],
     [
      -77.998276,
      39.557677
     ],
     [
      -77.998559,
      39.557802
     ],
     [
      -77.999167,
      39.558068
     ],
     [
      -77.999231,
      39.558089
     ],
     [
      -77.999668,
      39.558231
     ],
     [
      -77.99995,
      39.558272
     ],
     [
      -78.000103,
      39.558281
     ],
     [
      -78.000366,
      39.558277
     ],
     [
      -78.000985,
      39.558206
     ],
     [
      -78.002114,
      39.558089
     ],
     [
      -78.00227,
      39.558041
     ],
     [
      -78.002427,
      39.557974
     ],
     [
      -78.002694,
      39.557793
     ],
     [
      -78.002822,
      39.557663
     ],
     [
      -78.003136,
      39.557338
     ],
     [
      -78.003362,
      39.557135
     ],
     [
      -78.003603,
      39.556953
     ],
     [
      -78.003863,
      39.556786
     ],
     [
      -78.004991,
      39.556253
     ],
     [
      -78.006331,
      39.555648
     ],
     [
      -78.006551,
      39.555586
     ],
     [
      -78.006768,
      39.555545
     ],
     [
      -78.006916,
      39.555532
     ],
     [
      -78.007329,
      39.555576
     ],
     [
      -78.007752,
      39.555611
     ],
     [
      -78.008179,
      39.555586
     ],
     [
      -78.009461,
      39.555413
     ],
     [
      -78.010136,
      39.555401
     ],
     [
      -78.010453,
      39.555414
     ],
     [
      -78.010923,
      39.555462
     ],
     [
      -78.012371,
      39.555677
     ],
     [
      -78.012744,
      39.555756
     ],
     [
      -78.012964,
      39.555824
     ],
     [
      -78.013232,
      39.555919
     ],
     [
      -78.014251,
      39.556365
     ],
     [
      -78.014549,
      39.556451
     ],
     [
      -78.014882,
      39.556531
     ],
     [
      -78.015263,
      39.556583
     ],
     [
      -78.015627,
      39.556593
     ],
     [
      -78.016074,
      39.556564
     ],
     [
      -78.016379,
      39.556493
     ],
     [
      -78.017267,
      39.556171
     ],
     [
      -78.018152,
      39.555867
     ],
     [
      -78.018909,
      39.555585
     ],
     [
      -78.019743,
      39.555271
     ],
     [
      -78.020617,
      39.554942
     ],
     [
      -78.021511,
      39.55462
     ],
     [
      -78.021696,
      39.554554
     ],
     [
      -78.02203,
      39.554434
     ],
     [
      -78.022279,
      39.55434
     ],
     [
      -78.022936,
      39.554184
     ],
     [
      -78.023139,
      39.554164
     ],
     [
      -78.023238,
      39.554154
     ],
     [
      -78.024536,
      39.554232
     ],
     [
      -78.024565,
      39.554235
     ],
     [
      -78.024601,
      39.554238
     ],
     [
      -78.025371,
      39.554305
     ],
     [
      -78.025531,
      39.554319
     ],
     [
      -78.026122,
      39.554375
     ],
     [
      -78.026662,
      39.554427
     ],
     [
      -78.02715,
      39.554498
     ],
     [
      -78.027318,
      39.554523
     ],
     [
      -78.027879,
      39.554681
     ],
     [
      -78.028946,
      39.555058
     ],
     [
      -78.029664,
      39.555297
     ],
     [
      -78.030413,
      39.555566
     ],
     [
      -78.030852,
      39.555723
     ],
     [
      -78.031222,
      39.555855
     ],
     [
      -78.031913,
      39.556094
     ],
     [
      -78.03227,
      39.556217
     ],
     [
      -78.032355,
      39.556249
     ],
     [
      -78.032538,
      39.556318
     ],
     [
      -78.032583,
      39.556335
     ],
     [
      -78.03297,
      39.556494
     ],
     [
      -78.033281,
      39.556628
     ],
     [
      -78.033689,
      39.556805
     ],
     [
      -78.034323,
      39.55709
     ],
     [
      -78.034628,
      39.557234
     ],
     [
      -78.034866,
      39.557364
     ],
     [
      -78.035112,
      39.55752
     ],
     [
      -78.035841,
      39.558012
     ],
     [
      -78.035973,
      39.558102
     ],
     [
      -78.03604,
      39.558149
     ],
     [
      -78.036262,
      39.558299
     ],
     [
      -78.036449,
      39.55844
     ],
     [
      -78.036593,
      39.558555
     ],
     [
      -78.036754,
      39.558692
     ],
     [
      -78.036784,
      39.558721
     ],
     [
      -78.036901,
      39.558833
     ],
     [
      -78.036916,
      39.558846
     ],
     [
      -78.037149,
      39.559086
     ],
     [
      -78.037276,
      39.559224
     ],
     [
      -78.037452,
      39.55943
     ],
     [
      -78.037681,
      39.559717
     ],
     [
      -78.037756,
      39.559821
     ],
     [
      -78.037826,
      39.559917
     ],
     [
      -78.038142,
      39.560343
     ],
     [
      -78.038243,
      39.560485
     ],
     [
      -78.039078,
      39.561647
     ],
     [
      -78.039188,
      39.561801
     ],
     [
      -78.039275,
      39.561989
     ],
     [
      -78.039321,
      39.562119
     ],
     [
      -78.039345,
      39.562237
     ],
     [
      -78.039365,
      39.562394
     ],
     [
      -78.039448,
      39.563501
     ],
     [
      -78.039542,
      39.564771
     ],
     [
      -78.039545,
      39.564804
     ],
     [
      -78.039557,
      39.56497
     ],
     [
      -78.039559,
      39.565081
     ],
     [
      -78.03956,
      39.565128
     ],
     [
      -78.039557,
      39.565295
     ],
     [
      -78.039537,
      39.56545
     ],
     [
      -78.039516,
      39.565553
     ],
     [
      -78.039503,
      39.565618
     ],
     [
      -78.03947,
      39.565752
     ],
     [
      -78.039426,
      39.565902
     ],
     [
      -78.039393,
      39.56599
     ],
     [
      -78.039383,
      39.566018
     ],
     [
      -78.039326,
      39.56615
     ],
     [
      -78.039275,
      39.566258
     ],
     [
      -78.039215,
      39.566362
     ],
     [
      -78.039137,
      39.566495
     ],
     [
      -78.038956,
      39.566771
     ],
     [
      -78.038751,
      39.567077
     ],
     [
      -78.038086,
      39.568069
     ],
     [
      -78.037835,
      39.568475
     ],
     [
      -78.037652,
      39.568803
     ],
     [
      -78.037534,
      39.569079
     ],
     [
      -78.037463,
      39.56928
     ],
     [
      -78.037405,
      39.569501
     ],
     [
      -78.037351,
      39.569759
     ],
     [
      -78.037273,
      39.570283
     ],
     [
      -78.037211,
      39.570681
     ],
     [
      -78.037127,
      39.571335
     ],
     [
      -78.036949,
      39.572721
     ],
     [
      -78.036937,
      39.573044
     ],
     [
      -78.036955,
      39.573195
     ],
     [
      -78.036965,
      39.573281
     ],
     [
      -78.037016,
      39.573474
     ],
     [
      -78.037077,
      39.573698
     ],
     [
      -78.037222,
      39.574232
     ],
     [
      -78.037347,
      39.574726
     ],
     [
      -78.037446,
      39.575114
     ],
     [
      -78.037503,
      39.575283
     ],
     [
      -78.037529,
      39.57536
     ],
     [
      -78.037608,
      39.575575
     ],
     [
      -78.037714,
      39.575751
     ],
     [
      -78.037859,
      39.575958
     ],
     [
      -78.038275,
      39.576483
     ],
     [
      -78.038578,
      39.576873
     ],
     [
      -78.038742,
      39.577147
     ],
     [
      -78.038839,
      39.577373
     ],
     [
      -78.039047,
      39.577805
     ],
     [
      -78.039308,
      39.578205
     ],
     [
      -78.039501,
      39.578429
     ],
     [
      -78.039734,
      39.578652
     ],
     [
      -78.040019,
      39.578879
     ],
     [
      -78.040755,
      39.579439
     ],
     [
      -78.040961,
      39.579595
     ],
     [
      -78.04156,
      39.580047
     ],
     [
      -78.041742,
      39.580184
     ],
     [
      -78.041812,
      39.580237
     ],
     [
      -78.041937,
      39.580329
     ],
     [
      -78.041995,
      39.580371
     ],
     [
      -78.042179,
      39.580506
     ],
     [
      -78.042277,
      39.580578
     ],
     [
      -78.042587,
      39.580806
     ],
     [
      -78.042614,
      39.580826
     ],
     [
      -78.042736,
      39.580898
     ],
     [
      -78.043564,
      39.581388
     ],
     [
      -78.04404,
      39.581641
     ],
     [
      -78.044595,
      39.581936
     ],
     [
      -78.04464,
      39.58196
     ],
     [
      -78.044913,
      39.582105
     ],
     [
      -78.045044,
      39.582174
     ],
     [
      -78.045056,
      39.582182
     ],
     [
      -78.045843,
      39.58265
     ],
     [
      -78.045926,
      39.582706
     ],
     [
      -78.046444,
      39.583055
     ],
     [
      -78.046517,
      39.583104
     ],
     [
      -78.046561,
      39.583134
     ],
     [
      -78.046794,
      39.583291
     ],
     [
      -78.046826,
      39.583312
     ],
     [
      -78.047175,
      39.583548
     ],
     [
      -78.047938,
      39.584034
     ],
     [
      -78.0481,
      39.584137
     ],
     [
      -78.048566,
      39.584387
     ],
     [
      -78.048774,
      39.58447
     ],
     [
      -78.048886,
      39.584507
     ],
     [
      -78.049061,
      39.584567
     ],
     [
      -78.049844,
      39.584785
     ],
     [
      -78.050596,
      39.584994
     ],
     [
      -78.051716,
      39.585242
     ],
     [
      -78.052076,
      39.585381
     ],
     [
      -78.053231,
      39.585829
     ],
     [
      -78.053648,
      39.585991
     ],
     [
      -78.056647,
      39.587059
     ],
     [
      -78.057259,
      39.587277
     ],
     [
      -78.057486,
      39.587358
     ],
     [
      -78.057891,
      39.587453
     ],
     [
      -78.059155,
      39.587748
     ],
     [
      -78.059502,
      39.587893
     ],
     [
      -78.05968,
      39.588042
     ],
     [
      -78.060038,
      39.588302
     ],
     [
      -78.060153,
      39.588385
     ],
     [
      -78.060219,
      39.588449
     ],
     [
      -78.060244,
      39.588473
     ],
     [
      -78.060642,
      39.588854
     ],
     [
      -78.060687,
      39.588897
     ],
     [
      -78.060774,
      39.58898
     ],
     [
      -78.060958,
      39.589112
     ],
     [
      -78.061996,
      39.589855
     ],
     [
      -78.062779,
      39.590338
     ],
     [
      -78.063013,
      39.590482
     ],
     [
      -78.063144,
      39.590562
     ],
     [
      -78.063345,
      39.590684
     ],
     [
      -78.063945,
      39.591059
     ],
     [
      -78.064054,
      39.591126
     ],
     [
      -78.064338,
      39.591349
     ],
     [
      -78.064734,
      39.591724
     ],
     [
      -78.065236,
      39.592357
     ],
     [
      -78.065359,
      39.592529
     ],
     [
      -78.065622,
      39.592868
     ],
     [
      -78.066184,
      39.593526
     ],
     [
      -78.066229,
      39.593578
     ],
     [
      -78.06699,
      39.594542
     ],
     [
      -78.067288,
      39.59489
     ],
     [
      -78.067388,
      39.595039
     ],
     [
      -78.067476,
      39.595257
     ],
     [
      -78.067527,
      39.595443
     ],
     [
      -78.06754,
      39.595829
     ],
     [
      -78.067598,
      39.597714
     ],
     [
      -78.067629,
      39.598333
     ],
     [
      -78.067707,
      39.598644
     ],
     [
      -78.067733,
      39.59875
     ],
     [
      -78.067807,
      39.598946
     ],
     [
      -78.067949,
      39.599271
     ],
     [
      -78.06798,
      39.599337
     ],
     [
      -78.068257,
      39.599919
     ],
     [
      -78.068488,
      39.600405
     ],
     [
      -78.068991,
      39.601467
     ],
     [
      -78.069333,
      39.602093
     ],
     [
      -78.069423,
      39.60225
     ],
     [
      -78.069535,
      39.602425
     ],
     [
      -78.069738,
      39.60269
     ],
     [
      -78.070071,
      39.603139
     ],
     [
      -78.070303,
      39.603403
     ],
     [
      -78.070525,
      39.603599
     ],
     [
      -78.070714,
      39.603764
     ],
     [
      -78.071122,
      39.604067
     ],
     [
      -78.071598,
      39.604434
     ],
     [
      -78.071652,
      39.604476
     ],
     [
      -78.071667,
      39.604487
     ],
     [
      -78.072066,
      39.604779
     ],
     [
      -78.072622,
      39.605191
     ],
     [
      -78.073073,
      39.605506
     ],
     [
      -78.07349,
      39.605822
     ],
     [
      -78.074027,
      39.606223
     ],
     [
      -78.074148,
      39.606304
     ],
     [
      -78.074679,
      39.606662
     ],
     [
      -78.075394,
      39.606977
     ],
     [
      -78.077452,
      39.607678
     ],
     [
      -78.077852,
      39.607853
     ],
     [
      -78.078442,
      39.608167
     ],
     [
      -78.079104,
      39.60852
     ],
     [
      -78.079611,
      39.608817
     ],
     [
      -78.079836,
      39.609001
     ],
     [
      -78.08,
      39.60917
     ],
     [
      -78.080092,
      39.609329
     ],
     [
      -78.080108,
      39.609356
     ],
     [
      -78.080377,
      39.609822
     ],
     [
      -78.080419,
      39.609896
     ],
     [
      -78.080687,
      39.610367
     ],
     [
      -78.081211,
      39.611291
     ],
     [
      -78.081347,
      39.611531
     ],
     [
      -78.081618,
      39.612016
     ],
     [
      -78.081838,
      39.61239
     ],
     [
      -78.081848,
      39.612408
     ],
     [
      -78.081993,
      39.612646
     ],
     [
      -78.082398,
      39.613313
     ],
     [
      -78.082529,
      39.61353
     ],
     [
      -78.08281,
      39.613894
     ],
     [
      -78.08294,
      39.614032
     ],
     [
      -78.083151,
      39.614223
     ],
     [
      -78.083369,
      39.614404
     ],
     [
      -78.084117,
      39.615029
     ],
     [
      -78.084277,
      39.615137
     ],
     [
      -78.084333,
      39.615181
     ],
     [
      -78.085146,
      39.615822
     ],
     [
      -78.086446,
      39.616848
     ],
     [
      -78.086475,
      39.616865
     ],
     [
      -78.086834,
      39.617069
     ],
     [
      -78.087646,
      39.61748
     ],
     [
      -78.08807,
      39.617701
     ],
     [
      -78.08848,
      39.617933
     ],
     [
      -78.088638,
      39.618045
     ],
     [
      -78.088819,
      39.618171
     ],
     [
      -78.088885,
      39.618217
     ],
     [
      -78.089184,
      39.618459
     ],
     [
      -78.089516,
      39.618764
     ],
     [
      -78.089739,
      39.618993
     ],
     [
      -78.089773,
      39.619032
     ],
     [
      -78.090281,
      39.619649
     ],
     [
      -78.090664,
      39.620184
     ],
     [
      -78.091227,
      39.620957
     ],
     [
      -78.091337,
      39.621469
     ],
     [
      -78.091482,
      39.622139
     ],
     [
      -78.091491,
      39.622319
     ],
     [
      -78.091518,
      39.622837
     ],
     [
      -78.091641,
      39.624319
     ],
     [
      -78.091688,
      39.624662
     ],
     [
      -78.091758,
      39.625081
     ],
     [
      -78.0919,
      39.625683
     ],
     [
      -78.091902,
      39.625696
     ],
     [
      -78.091938,
      39.625895
     ],
     [
      -78.092,
      39.626128
     ],
     [
      -78.092085,
      39.626376
     ],
     [
      -78.092144,
      39.626535
     ],
     [
      -78.092338,
      39.626889
     ],
     [
      -78.092507,
      39.627155
     ],
     [
      -78.092891,
      39.627724
     ],
     [
      -78.092962,
      39.627823
     ],
     [
      -78.093154,
      39.628086
     ],
     [
      -78.093175,
      39.628115
     ],
     [
      -78.093367,
      39.628378
     ],
     [
      -78.093535,
      39.628613
     ],
     [
      -78.093663,
      39.628804
     ],
     [
      -78.093957,
      39.629183
     ],
     [
      -78.094189,
      39.629435
     ],
     [
      -78.094547,
      39.629749
     ],
     [
      -78.095001,
      39.630084
     ],
     [
      -78.095244,
      39.630217
     ],
     [
      -78.095462,
      39.630292
     ],
     [
      -78.095512,
      39.630309
     ],
     [
      -78.09571,
      39.630343
     ],
     [
      -78.095738,
      39.630347
     ],
     [
      -78.095751,
      39.630349
     ],
     [
      -78.096889,
      39.630481
     ],
     [
      -78.096923,
      39.630485
     ],
     [
      -78.0973,
      39.630521
     ],
     [
      -78.097886,
      39.630577
     ],
     [
      -78.098122,
      39.6306
     ],
     [
      -78.098576,
      39.630653
     ],
     [
      -78.098818,
      39.630689
     ],
     [
      -78.099151,
      39.630754
     ],
     [
      -78.099744,
      39.630878
     ],
     [
      -78.100645,
      39.631055
     ],
     [
      -78.100802,
      39.631085
     ],
     [
      -78.102018,
      39.631333
     ],
     [
      -78.102723,
      39.631462
     ],
     [
      -78.103402,
      39.631605
     ],
     [
      -78.103691,
      39.631658
     ],
     [
      -78.104458,
      39.631808
     ],
     [
      -78.105107,
      39.631939
     ],
     [
      -78.105637,
      39.632106
     ],
     [
      -78.105917,
      39.632224
     ],
     [
      -78.10622,
      39.632353
     ],
     [
      -78.106499,
      39.632511
     ],
     [
      -78.106778,
      39.632695
     ],
     [
      -78.106917,
      39.632811
     ],
     [
      -78.107543,
      39.633378
     ],
     [
      -78.108265,
      39.634113
     ],
     [
      -78.109691,
      39.635676
     ],
     [
      -78.110101,
      39.636153
     ],
     [
      -78.110572,
      39.636623
     ],
     [
      -78.111185,
      39.637176
     ],
     [
      -78.111594,
      39.637518
     ],
     [
      -78.111765,
      39.63766
     ],
     [
      -78.112037,
      39.637842
     ],
     [
      -78.112241,
      39.637953
     ],
     [
      -78.112528,
      39.638084
     ],
     [
      -78.112765,
      39.638187
     ],
     [
      -78.114125,
      39.638704
     ],
     [
      -78.114996,
      39.639021
     ],
     [
      -78.115296,
      39.639115
     ],
     [
      -78.115455,
      39.639151
     ],
     [
      -78.115586,
      39.639174
     ],
     [
      -78.115688,
      39.639182
     ],
     [
      -78.115827,
      39.639185
     ],
     [
      -78.115997,
      39.639179
     ],
     [
      -78.116189,
      39.639155
     ],
     [
      -78.116824,
      39.639041
     ],
     [
      -78.117436,
      39.638926
     ],
     [
      -78.118138,
      39.638765
     ],
     [
      -78.118249,
      39.638737
     ],
     [
      -78.118416,
      39.638698
     ],
     [
      -78.118828,
      39.638584
     ],
     [
      -78.118984,
      39.638526
     ],
     [
      -78.119107,
      39.638481
     ],
     [
      -78.119225,
      39.638411
     ],
     [
      -78.119306,
      39.638328
     ],
     [
      -78.119381,
      39.638233
     ],
     [
      -78.11956,
      39.637924
     ],
     [
      -78.119687,
      39.637725
     ],
     [
      -78.119704,
      39.637699
     ],
     [
      -78.11989,
      39.637489
     ],
     [
      -78.120041,
      39.637357
     ],
     [
      -78.120223,
      39.637242
     ],
     [
      -78.120422,
      39.637159
     ],
     [
      -78.120615,
      39.637114
     ],
     [
      -78.120801,
      39.637089
     ],
     [
      -78.120867,
      39.637081
     ],
     [
      -78.121092,
      39.637089
     ],
     [
      -78.12119,
      39.637108
     ],
     [
      -78.121307,
      39.63713
     ],
     [
      -78.121585,
      39.637228
     ],
     [
      -78.122428,
      39.637634
     ],
     [
      -78.123139,
      39.638002
     ],
     [
      -78.124231,
      39.638567
     ],
     [
      -78.124496,
      39.63866
     ],
     [
      -78.124718,
      39.638702
     ],
     [
      -78.124947,
      39.638711
     ],
     [
      -78.125165,
      39.638686
     ],
     [
      -78.125435,
      39.63862
     ],
     [
      -78.125642,
      39.638536
     ],
     [
      -78.125823,
      39.638419
     ],
     [
      -78.126072,
      39.638226
     ],
     [
      -78.126163,
      39.638173
     ],
     [
      -78.126269,
      39.638152
     ],
     [
      -78.126399,
      39.638154
     ],
     [
      -78.126498,
      39.638186
     ],
     [
      -78.126606,
      39.638248
     ],
     [
      -78.126804,
      39.638408
     ],
     [
      -78.126941,
      39.638564
     ],
     [
      -78.127194,
      39.638851
     ],
     [
      -78.127617,
      39.639319
     ],
     [
      -78.127867,
      39.639463
     ],
     [
      -78.128113,
      39.63951
     ],
     [
      -78.128427,
      39.639486
     ],
     [
      -78.128808,
      39.639386
     ],
     [
      -78.130942,
      39.638674
     ],
     [
      -78.131321,
      39.638523
     ],
     [
      -78.131713,
      39.638307
     ],
     [
      -78.132007,
      39.638098
     ],
     [
      -78.132273,
      39.637854
     ],
     [
      -78.132934,
      39.637137
     ],
     [
      -78.133133,
      39.636957
     ],
     [
      -78.133327,
      39.636818
     ],
     [
      -78.133522,
      39.636706
     ],
     [
      -78.133784,
      39.636619
     ],
     [
      -78.134304,
      39.636496
     ],
     [
      -78.134856,
      39.636398
     ],
     [
      -78.135171,
      39.636379
     ],
     [
      -78.135394,
      39.636398
     ],
     [
      -78.135663,
      39.636463
     ],
     [
      -78.13595,
      39.636589
     ],
     [
      -78.136793,
      39.636976
     ],
     [
      -78.136965,
      39.637055
     ],
     [
      -78.137125,
      39.637118
     ],
     [
      -78.137464,
      39.63721
     ],
     [
      -78.137783,
      39.637259
     ],
     [
      -78.138038,
      39.637265
     ],
     [
      -78.138289,
      39.637246
     ],
     [
      -78.138611,
      39.637188
     ],
     [
      -78.13893,
      39.637085
     ],
     [
      -78.139395,
      39.636883
     ],
     [
      -78.139407,
      39.636878
     ],
     [
      -78.140053,
      39.636599
     ],
     [
      -78.14099,
      39.636174
     ],
     [
      -78.141375,
      39.635965
     ],
     [
      -78.141624,
      39.635794
     ],
     [
      -78.141701,
      39.635741
     ],
     [
      -78.141945,
      39.63552
     ],
     [
      -78.142345,
      39.635084
     ],
     [
      -78.143422,
      39.633847
     ],
     [
      -78.14377,
      39.633483
     ],
     [
      -78.143845,
      39.633429
     ],
     [
      -78.14395,
      39.63337
     ],
     [
      -78.144116,
      39.633278
     ],
     [
      -78.144338,
      39.633201
     ],
     [
      -78.144552,
      39.633147
     ],
     [
      -78.144809,
      39.633093
     ],
     [
      -78.145921,
      39.632958
     ],
     [
      -78.146143,
      39.63294
     ],
     [
      -78.146269,
      39.632944
     ],
     [
      -78.146411,
      39.63296
     ],
     [
      -78.14649,
      39.632989
     ],
     [
      -78.146594,
      39.633037
     ],
     [
      -78.146731,
      39.633127
     ],
     [
      -78.147057,
      39.633451
     ],
     [
      -78.147674,
      39.634021
     ],
     [
      -78.147868,
      39.634177
     ],
     [
      -78.148111,
      39.634339
     ],
     [
      -78.14834,
      39.634446
     ],
     [
      -78.148719,
      39.634556
     ],
     [
      -78.149136,
      39.634642
     ],
     [
      -78.149326,
      39.634664
     ],
     [
      -78.149487,
      39.634666
     ],
     [
      -78.149623,
      39.634641
     ],
     [
      -78.149876,
      39.634571
     ],
     [
      -78.150061,
      39.634514
     ],
     [
      -78.150226,
      39.634508
     ],
     [
      -78.150423,
      39.634546
     ],
     [
      -78.150577,
      39.634627
     ],
     [
      -78.150726,
      39.63478
     ],
     [
      -78.150871,
      39.634954
     ],
     [
      -78.151149,
      39.635328
     ],
     [
      -78.15134,
      39.635602
     ],
     [
      -78.151396,
      39.635693
     ],
     [
      -78.151459,
      39.635823
     ],
     [
      -78.151484,
      39.635898
     ],
     [
      -78.151492,
      39.635974
     ],
     [
      -78.1515,
      39.636136
     ],
     [
      -78.151466,
      39.636315
     ],
     [
      -78.15138,
      39.636724
     ],
     [
      -78.151322,
      39.636972
     ],
     [
      -78.151287,
      39.637164
     ],
     [
      -78.151261,
      39.637366
     ],
     [
      -78.15127,
      39.637563
     ],
     [
      -78.1513,
      39.637736
     ],
     [
      -78.151351,
      39.637888
     ],
     [
      -78.151503,
      39.638271
     ],
     [
      -78.152133,
      39.639809
     ],
     [
      -78.152235,
      39.640028
     ],
     [
      -78.152346,
      39.640189
     ],
     [
      -78.152466,
      39.640294
     ],
     [
      -78.152611,
      39.640377
     ],
     [
      -78.152777,
      39.640438
     ],
     [
      -78.152942,
      39.640474
     ],
     [
      -78.153765,
      39.640583
     ],
     [
      -78.153989,
      39.640596
     ],
     [
      -78.154054,
      39.640595
     ],
     [
      -78.154174,
      39.640593
     ],
     [
      -78.154363,
      39.640569
     ],
     [
      -78.154542,
      39.640529
     ],
     [
      -78.154969,
      39.640389
     ],
     [
      -78.155367,
      39.640239
     ],
     [
      -78.155585,
      39.640131
     ],
     [
      -78.155784,
      39.63997
     ],
     [
      -78.155944,
      39.639782
     ],
     [
      -78.156587,
      39.638968
     ],
     [
      -78.156684,
      39.638844
     ],
     [
      -78.156759,
      39.638765
     ],
     [
      -78.156885,
      39.63863
     ],
     [
      -78.157211,
      39.638359
     ],
     [
      -78.157271,
      39.638315
     ],
     [
      -78.157644,
      39.638041
     ],
     [
      -78.157955,
      39.63781
     ],
     [
      -78.158237,
      39.6376
     ],
     [
      -78.158267,
      39.637574
     ],
     [
      -78.158311,
      39.637536
     ],
     [
      -78.158695,
      39.637202
     ],
     [
      -78.158848,
      39.637057
     ],
     [
      -78.159106,
      39.636813
     ],
     [
      -78.159652,
      39.636296
     ],
     [
      -78.159795,
      39.636152
     ],
     [
      -78.159975,
      39.635971
     ],
     [
      -78.16003,
      39.635915
     ],
     [
      -78.16026,
      39.63567
     ],
     [
      -78.160323,
      39.635602
     ],
     [
      -78.160577,
      39.635304
     ],
     [
      -78.160685,
      39.635178
     ],
     [
      -78.16079,
      39.635055
     ],
     [
      -78.16098,
      39.634832
     ],
     [
      -78.161125,
      39.634673
     ],
     [
      -78.161338,
      39.634432
     ],
     [
      -78.161679,
      39.634156
     ],
     [
      -78.162057,
      39.633941
     ],
     [
      -78.162445,
      39.63379
     ],
     [
      -78.162842,
      39.633692
     ],
     [
      -78.163294,
      39.63366
     ],
     [
      -78.163757,
      39.633704
     ],
     [
      -78.163998,
      39.63373
     ],
     [
      -78.164364,
      39.633771
     ],
     [
      -78.164782,
      39.633816
     ],
     [
      -78.165438,
      39.633824
     ],
     [
      -78.166451,
      39.63376
     ],
     [
      -78.167102,
      39.633642
     ],
     [
      -78.167639,
      39.633527
     ],
     [
      -78.167773,
      39.633485
     ],
     [
      -78.167827,
      39.633474
     ],
     [
      -78.168387,
      39.633223
     ],
     [
      -78.169294,
      39.632622
     ],
     [
      -78.169421,
      39.632549
     ],
     [
      -78.16975,
      39.63236
     ],
     [
      -78.17005,
      39.632258
     ],
     [
      -78.170294,
      39.632194
     ],
     [
      -78.170616,
      39.632132
     ],
     [
      -78.171126,
      39.632089
     ],
     [
      -78.171971,
      39.63188
     ],
     [
      -78.172381,
      39.63173
     ],
     [
      -78.173003,
      39.631465
     ],
     [
      -78.173685,
      39.631168
     ],
     [
      -78.174114,
      39.630973
     ],
     [
      -78.174391,
      39.630851
     ],
     [
      -78.174918,
      39.630618
     ],
     [
      -78.175466,
      39.630362
     ],
     [
      -78.175951,
      39.630042
     ],
     [
      -78.176108,
      39.629913
     ],
     [
      -78.176108,
      39.629913
     ],
     [
      -78.176184,
      39.62985
     ],
     [
      -78.176551,
      39.629479
     ],
     [
      -78.176597,
      39.629419
     ],
     [
      -78.176654,
      39.629344
     ],
     [
      -78.176925,
      39.628986
     ],
     [
      -78.177377,
      39.628547
     ],
     [
      -78.177639,
      39.628312
     ],
     [
      -78.177853,
      39.628172
     ],
     [
      -78.177955,
      39.628116
     ],
     [
      -78.178116,
      39.628057
     ],
     [
      -78.17844,
      39.627965
     ],
     [
      -78.17891,
      39.62783
     ],
     [
      -78.179415,
      39.627685
     ],
     [
      -78.179754,
      39.627575
     ],
     [
      -78.180064,
      39.627443
     ],
     [
      -78.180692,
      39.627118
     ],
     [
      -78.181311,
      39.626797
     ],
     [
      -78.181854,
      39.626529
     ],
     [
      -78.18215,
      39.626392
     ],
     [
      -78.182908,
      39.62606
     ],
     [
      -78.183343,
      39.625856
     ],
     [
      -78.183447,
      39.625807
     ],
     [
      -78.183841,
      39.625597
     ],
     [
      -78.184071,
      39.625464
     ],
     [
      -78.184758,
      39.625065
     ],
     [
      -78.185437,
      39.624689
     ],
     [
      -78.185747,
      39.624518
     ],
     [
      -78.185987,
      39.624413
     ],
     [
      -78.186196,
      39.624321
     ],
     [
      -78.186501,
      39.624208
     ],
     [
      -78.186762,
      39.624146
     ],
     [
      -78.187248,
      39.624078
     ],
     [
      -78.18862,
      39.624002
     ],
     [
      -78.189705,
      39.623938
     ],
     [
      -78.189942,
      39.623955
     ],
     [
      -78.190164,
      39.623972
     ],
     [
      -78.190662,
      39.624046
     ],
     [
      -78.1913,
      39.624159
     ],
     [
      -78.191784,
      39.624237
     ],
     [
      -78.192174,
      39.624248
     ],
     [
      -78.192619,
      39.624261
     ],
     [
      -78.193372,
      39.624272
     ],
     [
      -78.193793,
      39.624274
     ],
     [
      -78.193879,
      39.624275
     ],
     [
      -78.194108,
      39.624275
     ],
     [
      -78.194627,
      39.624277
     ],
     [
      -78.19659,
      39.624307
     ],
     [
      -78.19809,
      39.624311
     ],
     [
      -78.198415,
      39.624323
     ],
     [
      -78.19861,
      39.624345
     ],
     [
      -78.198825,
      39.62438
     ],
     [
      -78.199,
      39.624419
     ],
     [
      -78.199235,
      39.624494
     ],
     [
      -78.199478,
      39.624588
     ],
     [
      -78.199702,
      39.624657
     ],
     [
      -78.199881,
      39.624697
     ],
     [
      -78.200153,
      39.624731
     ],
     [
      -78.20051,
      39.624739
     ],
     [
      -78.200862,
      39.624735
     ],
     [
      -78.201066,
      39.624727
     ],
     [
      -78.201699,
      39.624709
     ],
     [
      -78.201989,
      39.624705
     ],
     [
      -78.202203,
      39.624701
     ],
     [
      -78.203139,
      39.624734
     ],
     [
      -78.203557,
      39.624741
     ],
     [
      -78.203907,
      39.624727
     ],
     [
      -78.204251,
      39.624655
     ],
     [
      -78.205263,
      39.624328
     ],
     [
      -78.206073,
      39.62409
     ],
     [
      -78.20616,
      39.624061
     ],
     [
      -78.206318,
      39.623998
     ],
     [
      -78.207179,
      39.623558
     ],
     [
      -78.207358,
      39.623466
     ],
     [
      -78.207774,
      39.623229
     ],
     [
      -78.207903,
      39.623155
     ],
     [
      -78.208232,
      39.622974
     ],
     [
      -78.208683,
      39.622727
     ],
     [
      -78.209045,
      39.622528
     ],
     [
      -78.209766,
      39.622103
     ],
     [
      -78.210051,
      39.621872
     ],
     [
      -78.210242,
      39.621682
     ],
     [
      -78.21041,
      39.621483
     ],
     [
      -78.210625,
      39.621276
     ],
     [
      -78.210816,
      39.621111
     ],
     [
      -78.211131,
      39.620896
     ],
     [
      -78.211796,
      39.620501
     ],
     [
      -78.212346,
      39.620107
     ],
     [
      -78.212785,
      39.619793
     ],
     [
      -78.213009,
      39.619633
     ],
     [
      -78.213778,
      39.619081
     ],
     [
      -78.214332,
      39.618693
     ],
     [
      -78.214679,
      39.618509
     ],
     [
      -78.214873,
      39.61844
     ],
     [
      -78.214988,
      39.61842
     ],
     [
      -78.215139,
      39.618413
     ],
     [
      -78.215215,
      39.618422
     ],
     [
      -78.215407,
      39.618455
     ],
     [
      -78.215587,
      39.618503
     ],
     [
      -78.215852,
      39.618589
     ],
     [
      -78.21616,
      39.618703
     ],
     [
      -78.216852,
      39.61894
     ],
     [
      -78.217516,
      39.619156
     ],
     [
      -78.217782,
      39.619243
     ],
     [
      -78.218049,
      39.61933
     ],
     [
      -78.218465,
      39.619457
     ],
     [
      -78.218953,
      39.619585
     ],
     [
      -78.220179,
      39.619865
     ],
     [
      -78.22038,
      39.619909
     ],
     [
      -78.220469,
      39.619923
     ],
     [
      -78.220624,
      39.619949
     ],
     [
      -78.220898,
      39.61999
     ],
     [
      -78.221911,
      39.62014
     ],
     [
      -78.223254,
      39.620387
     ],
     [
      -78.223573,
      39.62045
     ],
     [
      -78.223903,
      39.620527
     ],
     [
      -78.22542,
      39.620957
     ],
     [
      -78.225788,
      39.621062
     ],
     [
      -78.225902,
      39.621095
     ],
     [
      -78.226205,
      39.621206
     ],
     [
      -78.22639,
      39.621289
     ],
     [
      -78.226563,
      39.621387
     ],
     [
      -78.226815,
      39.62156
     ],
     [
      -78.227962,
      39.622458
     ],
     [
      -78.228103,
      39.622595
     ],
     [
      -78.228181,
      39.622703
     ],
     [
      -78.228233,
      39.622799
     ],
     [
      -78.228284,
      39.622938
     ],
     [
      -78.228318,
      39.623085
     ],
     [
      -78.228338,
      39.623169
     ],
     [
      -78.228354,
      39.623231
     ],
     [
      -78.228398,
      39.623295
     ],
     [
      -78.228447,
      39.623349
     ],
     [
      -78.228547,
      39.62342
     ],
     [
      -78.22866,
      39.623481
     ],
     [
      -78.228853,
      39.623567
     ],
     [
      -78.229294,
      39.62376
     ],
     [
      -78.229514,
      39.623855
     ],
     [
      -78.229556,
      39.623874
     ],
     [
      -78.229597,
      39.623892
     ],
     [
      -78.229769,
      39.623967
     ],
     [
      -78.229754,
      39.624015
     ],
     [
      -78.229731,
      39.624069
     ],
     [
      -78.229696,
      39.624124
     ],
     [
      -78.229472,
      39.624436
     ],
     [
      -78.228902,
      39.625244
     ],
     [
      -78.228883,
      39.625272
     ],
     [
      -78.228621,
      39.625643
     ],
     [
      -78.228449,
      39.625888
     ],
     [
      -78.228348,
      39.626043
     ],
     [
      -78.228297,
      39.626104
     ],
     [
      -78.228086,
      39.626402
     ],
     [
      -78.228055,
      39.626446
     ],
     [
      -78.227822,
      39.626777
     ],
     [
      -78.227751,
      39.626877
     ],
     [
      -78.227683,
      39.626973
     ],
     [
      -78.227452,
      39.627295
     ],
     [
      -78.227311,
      39.627491
     ],
     [
      -78.227195,
      39.627654
     ],
     [
      -78.227151,
      39.627714
     ],
     [
      -78.227108,
      39.627776
     ],
     [
      -78.226846,
      39.628141
     ],
     [
      -78.226832,
      39.62816
     ],
     [
      -78.22663,
      39.628442
     ],
     [
      -78.226582,
      39.628508
     ],
     [
      -78.226523,
      39.628593
     ],
     [
      -78.22637,
      39.628805
     ],
     [
      -78.226253,
      39.628968
     ],
     [
      -78.226073,
      39.62922
     ],
     [
      -78.22602,
      39.629293
     ],
     [
      -78.226121,
      39.629338
     ],
     [
      -78.226673,
      39.62958
     ],
     [
      -78.226899,
      39.629675
     ],
     [
      -78.226995,
      39.629712
     ],
     [
      -78.227139,
      39.629759
     ],
     [
      -78.227204,
      39.629765
     ],
     [
      -78.227251,
      39.62977
     ],
     [
      -78.22735,
      39.629761
     ],
     [
      -78.227457,
      39.629725
     ],
     [
      -78.22756,
      39.629663
     ],
     [
      -78.227741,
      39.629507
     ],
     [
      -78.227975,
      39.62931
     ],
     [
      -78.228138,
      39.62918
     ],
     [
      -78.228276,
      39.629057
     ],
     [
      -78.228477,
      39.628818
     ],
     [
      -78.228701,
      39.628533
     ],
     [
      -78.228941,
      39.628251
     ],
     [
      -78.229239,
      39.627907
     ],
     [
      -78.229457,
      39.627623
     ],
     [
      -78.22971,
      39.627275
     ],
     [
      -78.229989,
      39.62691
     ],
     [
      -78.230177,
      39.626674
     ],
     [
      -78.230292,
      39.626531
     ],
     [
      -78.230441,
      39.626336
     ],
     [
      -78.230632,
      39.626068
     ],
     [
      -78.230764,
      39.625895
     ],
     [
      -78.230932,
      39.625722
     ],
     [
      -78.231158,
      39.625507
     ],
     [
      -78.231287,
      39.625382
     ],
     [
      -78.2314,
      39.625273
     ],
     [
      -78.23148,
      39.625185
     ],
     [
      -78.231669,
      39.624974
     ],
     [
      -78.231861,
      39.62476
     ],
     [
      -78.232144,
      39.624441
     ],
     [
      -78.232377,
      39.624195
     ],
     [
      -78.232419,
      39.624152
     ],
     [
      -78.232524,
      39.624046
     ],
     [
      -78.232652,
      39.623916
     ],
     [
      -78.232726,
      39.623845
     ],
     [
      -78.232796,
      39.623786
     ],
     [
      -78.232863,
      39.623738
     ],
     [
      -78.232927,
      39.6237
     ],
     [
      -78.233011,
      39.623659
     ],
     [
      -78.23308,
      39.623639
     ],
     [
      -78.233135,
      39.623627
     ],
     [
      -78.233192,
      39.623622
     ],
     [
      -78.233262,
      39.623627
     ],
     [
      -78.233334,
      39.623639
     ],
     [
      -78.233398,
      39.62366
     ],
     [
      -78.233464,
      39.623687
     ],
     [
      -78.23356,
      39.623738
     ],
     [
      -78.233666,
      39.623799
     ],
     [
      -78.233725,
      39.623833
     ],
     [
      -78.233821,
      39.623874
     ],
     [
      -78.233918,
      39.623906
     ],
     [
      -78.233994,
      39.623923
     ],
     [
      -78.234055,
      39.623935
     ],
     [
      -78.234117,
      39.623938
     ],
     [
      -78.234182,
      39.62394
     ],
     [
      -78.234247,
      39.623934
     ],
     [
      -78.234313,
      39.62392
     ],
     [
      -78.234384,
      39.623898
     ],
     [
      -78.23452,
      39.623847
     ],
     [
      -78.23488,
      39.623688
     ],
     [
      -78.235166,
      39.623573
     ],
     [
      -78.235375,
      39.623495
     ],
     [
      -78.235512,
      39.623451
     ],
     [
      -78.235654,
      39.623411
     ],
     [
      -78.235771,
      39.62338
     ],
     [
      -78.235874,
      39.623357
     ],
     [
      -78.235985,
      39.62334
     ],
     [
      -78.236168,
      39.623334
     ]
    ]
   },
   "properties": {
    "kind": "track",
    "slug": "mills-gap-mountain-loop",
    "name": "Mills Gap Mountain Loop",
    "miles": 96,
    "trackMiles": 96.2,
    "difficulty": "Intermediate",
    "surface": "Paved",
    "region": "Eastern Panhandle",
    "gpx": null
   }
  },
  {
   "type": "Feature",
   "geometry": {
    "type": "Point",
    "coordinates": [
     -78.1758881,
     39.6298459
    ]
   },
   "properties": {
    "kind": "stop",
    "order": 1,
    "slug": "hillbilly-heaven-bar-and-grill",
    "name": "Hillbilly Heaven Bar & Grill",
    "category": "Restaurant",
    "type": "food",
    "short": "Berkeley Springs roadhouse -- burgers, steak platters, pool tables, and weekend live music.",
    "region": "Eastern Panhandle",
    "county": "Morgan",
    "certified": false,
    "url": "/directory/hillbilly-heaven-bar-and-grill",
    "website": "https://hillbillyheavenbarandgrill.com/",
    "tel": "tel:+13042580004",
    "maps": "https://www.google.com/maps/dir/?api=1&destination=39.6298459,-78.1758881"
   }
  },
  {
   "type": "Feature",
   "geometry": {
    "type": "Point",
    "coordinates": [
     -78.145711,
     39.534471
    ]
   },
   "properties": {
    "kind": "stop",
    "order": 2,
    "slug": "sleepy-creek-wma",
    "name": "Sleepy Creek Wildlife Management Area",
    "category": "Attraction \\ Sight to See",
    "type": "park",
    "short": "23,000-acre WMA spanning Berkeley and Morgan counties, with a 205-acre lake and scenic overlooks.",
    "region": "Eastern Panhandle",
    "county": "Morgan",
    "certified": false,
    "url": "/directory/sleepy-creek-wma",
    "website": null,
    "tel": null,
    "maps": "https://www.google.com/maps/dir/?api=1&destination=39.534471,-78.145711"
   }
  },
  {
   "type": "Feature",
   "geometry": {
    "type": "Point",
    "coordinates": [
     -78.3102554,
     39.5085891
    ]
   },
   "properties": {
    "kind": "nearby",
    "slug": "almost-heaven-swing-cacapon-resort-state-park",
    "name": "Almost Heaven Swing - Cacapon Resort State Park",
    "category": "Attraction \\ Sight to See",
    "type": "swing",
    "lane": "attraction",
    "laneLabel": "See & Do",
    "short": "Cacapon Mountain Overlook with endless mountain views; swing closed seasonally Nov 1-Mar 31.",
    "region": "Eastern Panhandle",
    "county": "Morgan",
    "certified": false,
    "featured": false,
    "reserved": false,
    "offRouteMiles": 1.09,
    "routeMile": 10.25,
    "url": "/directory/almost-heaven-swing-cacapon-resort-state-park",
    "website": null,
    "tel": null,
    "maps": "https://www.google.com/maps/dir/?api=1&destination=39.5085891,-78.3102554"
   }
  }
 ]
}
