{
 "type": "FeatureCollection",
 "features": [
  {
   "type": "Feature",
   "geometry": {
    "type": "MultiLineString",
    "coordinates": [
     [
      [
       -78.59622,
       39.309532
      ],
      [
       -78.595979,
       39.309845
      ],
      [
       -78.595171,
       39.310768
      ],
      [
       -78.594887,
       39.311129
      ],
      [
       -78.594656,
       39.311407
      ],
      [
       -78.594619,
       39.311452
      ],
      [
       -78.594539,
       39.31156
      ],
      [
       -78.594331,
       39.311836
      ],
      [
       -78.59116,
       39.315714
      ],
      [
       -78.59089,
       39.316044
      ],
      [
       -78.590769,
       39.316191
      ],
      [
       -78.589862,
       39.3173
      ],
      [
       -78.587914,
       39.319682
      ],
      [
       -78.587681,
       39.319968
      ],
      [
       -78.587033,
       39.320762
      ],
      [
       -78.584388,
       39.324005
      ],
      [
       -78.583174,
       39.325494
      ],
      [
       -78.582974,
       39.32576
      ],
      [
       -78.581143,
       39.32801
      ],
      [
       -78.579886,
       39.329507
      ],
      [
       -78.579617,
       39.329855
      ],
      [
       -78.575626,
       39.334781
      ],
      [
       -78.572055,
       39.339077
      ],
      [
       -78.570743,
       39.340762
      ],
      [
       -78.570729,
       39.340778
      ],
      [
       -78.570607,
       39.340916
      ],
      [
       -78.57041,
       39.341139
      ],
      [
       -78.570334,
       39.341256
      ],
      [
       -78.56993,
       39.341749
      ],
      [
       -78.569875,
       39.341816
      ],
      [
       -78.568044,
       39.344051
      ],
      [
       -78.567397,
       39.344841
      ],
      [
       -78.567136,
       39.34516
      ],
      [
       -78.566896,
       39.345454
      ],
      [
       -78.566336,
       39.346138
      ],
      [
       -78.566192,
       39.346315
      ],
      [
       -78.565743,
       39.346864
      ],
      [
       -78.564878,
       39.347922
      ],
      [
       -78.564345,
       39.348573
      ],
      [
       -78.561929,
       39.351622
      ],
      [
       -78.557499,
       39.357059
      ],
      [
       -78.557032,
       39.357632
      ],
      [
       -78.556737,
       39.357989
      ],
      [
       -78.556691,
       39.358045
      ],
      [
       -78.5557,
       39.359084
      ],
      [
       -78.554462,
       39.360382
      ],
      [
       -78.554334,
       39.360516
      ],
      [
       -78.554234,
       39.360601
      ],
      [
       -78.554006,
       39.360794
      ],
      [
       -78.553537,
       39.36127
      ],
      [
       -78.553335,
       39.361475
      ],
      [
       -78.553013,
       39.36174
      ],
      [
       -78.552713,
       39.361978
      ],
      [
       -78.552595,
       39.362072
      ],
      [
       -78.552064,
       39.36245
      ],
      [
       -78.551366,
       39.362914
      ],
      [
       -78.550792,
       39.363283
      ],
      [
       -78.550192,
       39.363652
      ],
      [
       -78.549414,
       39.364096
      ],
      [
       -78.54869,
       39.364474
      ],
      [
       -78.548051,
       39.364793
      ],
      [
       -78.547563,
       39.365
      ],
      [
       -78.547016,
       39.365232
      ],
      [
       -78.546512,
       39.36544
      ],
      [
       -78.545889,
       39.365684
      ],
      [
       -78.545176,
       39.365938
      ],
      [
       -78.544634,
       39.36612
      ],
      [
       -78.543958,
       39.366327
      ],
      [
       -78.543331,
       39.366502
      ],
      [
       -78.54214,
       39.366792
      ],
      [
       -78.540772,
       39.367099
      ],
      [
       -78.539758,
       39.367305
      ],
      [
       -78.539409,
       39.367377
      ],
      [
       -78.537811,
       39.367712
      ],
      [
       -78.537532,
       39.367775
      ],
      [
       -78.53728,
       39.367841
      ],
      [
       -78.537043,
       39.367916
      ],
      [
       -78.536681,
       39.368063
      ],
      [
       -78.536271,
       39.368263
      ],
      [
       -78.535888,
       39.368481
      ],
      [
       -78.534524,
       39.369219
      ],
      [
       -78.533666,
       39.369675
      ],
      [
       -78.533295,
       39.369872
      ],
      [
       -78.53197,
       39.370611
      ],
      [
       -78.531393,
       39.370923
      ],
      [
       -78.531007,
       39.371127
      ],
      [
       -78.530587,
       39.371346
      ],
      [
       -78.530119,
       39.371559
      ],
      [
       -78.529504,
       39.371719
      ],
      [
       -78.52828,
       39.371983
      ],
      [
       -78.525876,
       39.372539
      ],
      [
       -78.524782,
       39.372792
      ],
      [
       -78.52366,
       39.373052
      ],
      [
       -78.522854,
       39.373239
      ],
      [
       -78.522854,
       39.373239
      ],
      [
       -78.52366,
       39.373052
      ],
      [
       -78.524782,
       39.372792
      ],
      [
       -78.525876,
       39.372539
      ],
      [
       -78.52828,
       39.371983
      ],
      [
       -78.529504,
       39.371719
      ],
      [
       -78.530119,
       39.371559
      ],
      [
       -78.530587,
       39.371346
      ],
      [
       -78.531007,
       39.371127
      ],
      [
       -78.531393,
       39.370923
      ],
      [
       -78.53197,
       39.370611
      ],
      [
       -78.533295,
       39.369872
      ],
      [
       -78.533666,
       39.369675
      ],
      [
       -78.534524,
       39.369219
      ],
      [
       -78.535888,
       39.368481
      ],
      [
       -78.536271,
       39.368263
      ],
      [
       -78.536681,
       39.368063
      ],
      [
       -78.537043,
       39.367916
      ],
      [
       -78.53728,
       39.367841
      ],
      [
       -78.537532,
       39.367775
      ],
      [
       -78.537811,
       39.367712
      ],
      [
       -78.539409,
       39.367377
      ],
      [
       -78.539758,
       39.367305
      ],
      [
       -78.540772,
       39.367099
      ],
      [
       -78.54214,
       39.366792
      ],
      [
       -78.543331,
       39.366502
      ],
      [
       -78.543958,
       39.366327
      ],
      [
       -78.544634,
       39.36612
      ],
      [
       -78.545176,
       39.365938
      ],
      [
       -78.545889,
       39.365684
      ],
      [
       -78.546512,
       39.36544
      ],
      [
       -78.547016,
       39.365232
      ],
      [
       -78.547563,
       39.365
      ],
      [
       -78.548051,
       39.364793
      ],
      [
       -78.54869,
       39.364474
      ],
      [
       -78.549414,
       39.364096
      ],
      [
       -78.550192,
       39.363652
      ],
      [
       -78.550792,
       39.363283
      ],
      [
       -78.551366,
       39.362914
      ],
      [
       -78.552064,
       39.36245
      ],
      [
       -78.552595,
       39.362072
      ],
      [
       -78.552713,
       39.361978
      ],
      [
       -78.553013,
       39.36174
      ],
      [
       -78.553335,
       39.361475
      ],
      [
       -78.553537,
       39.36127
      ],
      [
       -78.554006,
       39.360794
      ],
      [
       -78.554234,
       39.360601
      ],
      [
       -78.554334,
       39.360516
      ],
      [
       -78.554462,
       39.360382
      ],
      [
       -78.5557,
       39.359084
      ],
      [
       -78.556691,
       39.358045
      ],
      [
       -78.556737,
       39.357989
      ],
      [
       -78.557032,
       39.357632
      ],
      [
       -78.557499,
       39.357059
      ],
      [
       -78.561929,
       39.351622
      ],
      [
       -78.564345,
       39.348573
      ],
      [
       -78.564878,
       39.347922
      ],
      [
       -78.565743,
       39.346864
      ],
      [
       -78.566192,
       39.346315
      ],
      [
       -78.566336,
       39.346138
      ],
      [
       -78.566896,
       39.345454
      ],
      [
       -78.567136,
       39.34516
      ],
      [
       -78.567397,
       39.344841
      ],
      [
       -78.568044,
       39.344051
      ],
      [
       -78.569875,
       39.341816
      ],
      [
       -78.56993,
       39.341749
      ],
      [
       -78.570334,
       39.341256
      ],
      [
       -78.57041,
       39.341139
      ],
      [
       -78.570607,
       39.340916
      ],
      [
       -78.570729,
       39.340778
      ],
      [
       -78.570743,
       39.340762
      ],
      [
       -78.572055,
       39.339077
      ],
      [
       -78.575626,
       39.334781
      ],
      [
       -78.579617,
       39.329855
      ],
      [
       -78.579886,
       39.329507
      ],
      [
       -78.581143,
       39.32801
      ],
      [
       -78.582974,
       39.32576
      ],
      [
       -78.583174,
       39.325494
      ],
      [
       -78.584388,
       39.324005
      ],
      [
       -78.587033,
       39.320762
      ],
      [
       -78.587681,
       39.319968
      ],
      [
       -78.587914,
       39.319682
      ],
      [
       -78.589862,
       39.3173
      ],
      [
       -78.590769,
       39.316191
      ],
      [
       -78.59089,
       39.316044
      ],
      [
       -78.59116,
       39.315714
      ],
      [
       -78.594331,
       39.311836
      ],
      [
       -78.594539,
       39.31156
      ],
      [
       -78.594619,
       39.311452
      ],
      [
       -78.594656,
       39.311407
      ],
      [
       -78.594887,
       39.311129
      ],
      [
       -78.595171,
       39.310768
      ],
      [
       -78.595979,
       39.309845
      ],
      [
       -78.597246,
       39.308196
      ],
      [
       -78.59783,
       39.307499
      ],
      [
       -78.59889,
       39.306297
      ],
      [
       -78.599458,
       39.305604
      ],
      [
       -78.601937,
       39.302582
      ],
      [
       -78.602021,
       39.30248
      ],
      [
       -78.603544,
       39.300514
      ],
      [
       -78.603727,
       39.300318
      ],
      [
       -78.603972,
       39.300177
      ],
      [
       -78.604337,
       39.300032
      ],
      [
       -78.604729,
       39.299907
      ],
      [
       -78.605077,
       39.299896
      ],
      [
       -78.606513,
       39.299873
      ],
      [
       -78.607036,
       39.299827
      ],
      [
       -78.607578,
       39.299727
      ],
      [
       -78.608798,
       39.299463
      ],
      [
       -78.60915,
       39.299397
      ],
      [
       -78.609907,
       39.29922
      ],
      [
       -78.611607,
       39.29886
      ],
      [
       -78.612651,
       39.298581
      ],
      [
       -78.614001,
       39.298219
      ],
      [
       -78.614875,
       39.297955
      ],
      [
       -78.616023,
       39.297645
      ],
      [
       -78.616749,
       39.297436
      ],
      [
       -78.617282,
       39.297341
      ],
      [
       -78.617426,
       39.297315
      ],
      [
       -78.617725,
       39.297282
      ],
      [
       -78.618241,
       39.297285
      ],
      [
       -78.618709,
       39.29733
      ],
      [
       -78.618831,
       39.297342
      ],
      [
       -78.619172,
       39.297402
      ],
      [
       -78.619477,
       39.29749
      ],
      [
       -78.620087,
       39.297713
      ],
      [
       -78.620343,
       39.297855
      ],
      [
       -78.620623,
       39.298024
      ],
      [
       -78.621095,
       39.298333
      ],
      [
       -78.621664,
       39.298739
      ],
      [
       -78.622211,
       39.299105
      ],
      [
       -78.622498,
       39.299312
      ],
      [
       -78.622901,
       39.299593
      ],
      [
       -78.623486,
       39.299907
      ],
      [
       -78.623743,
       39.300009
      ],
      [
       -78.624106,
       39.300127
      ],
      [
       -78.624706,
       39.300266
      ],
      [
       -78.625061,
       39.300298
      ],
      [
       -78.625636,
       39.300304
      ],
      [
       -78.62616,
       39.300257
      ],
      [
       -78.626503,
       39.300203
      ],
      [
       -78.626924,
       39.300115
      ],
      [
       -78.628954,
       39.299519
      ],
      [
       -78.629531,
       39.299352
      ],
      [
       -78.629578,
       39.299337
      ],
      [
       -78.629711,
       39.299295
      ],
      [
       -78.630042,
       39.299189
      ],
      [
       -78.630587,
       39.298957
      ],
      [
       -78.631515,
       39.298563
      ],
      [
       -78.632261,
       39.298195
      ],
      [
       -78.63268,
       39.297988
      ],
      [
       -78.633144,
       39.297765
      ],
      [
       -78.633771,
       39.297464
      ],
      [
       -78.634203,
       39.297245
      ],
      [
       -78.635546,
       39.296589
      ],
      [
       -78.636381,
       39.296119
      ],
      [
       -78.636972,
       39.295783
      ],
      [
       -78.637746,
       39.295367
      ],
      [
       -78.638296,
       39.295088
      ],
      [
       -78.639786,
       39.294341
      ],
      [
       -78.640132,
       39.29416
      ],
      [
       -78.640823,
       39.29382
      ],
      [
       -78.641113,
       39.293691
      ],
      [
       -78.641566,
       39.29349
      ],
      [
       -78.641692,
       39.293453
      ],
      [
       -78.64175,
       39.293435
      ],
      [
       -78.642418,
       39.293321
      ],
      [
       -78.643025,
       39.29333
      ],
      [
       -78.643322,
       39.293358
      ],
      [
       -78.643602,
       39.293408
      ],
      [
       -78.643814,
       39.293467
      ],
      [
       -78.644002,
       39.293542
      ],
      [
       -78.644533,
       39.293801
      ],
      [
       -78.645498,
       39.294381
      ],
      [
       -78.645825,
       39.294585
      ],
      [
       -78.646218,
       39.294867
      ],
      [
       -78.646691,
       39.295309
      ],
      [
       -78.646961,
       39.295573
      ],
      [
       -78.647742,
       39.29635
      ],
      [
       -78.648649,
       39.297228
      ],
      [
       -78.649232,
       39.297706
      ],
      [
       -78.649836,
       39.2981
      ],
      [
       -78.651238,
       39.298913
      ],
      [
       -78.651807,
       39.299245
      ],
      [
       -78.652156,
       39.299452
      ],
      [
       -78.653608,
       39.300302
      ],
      [
       -78.654324,
       39.300705
      ],
      [
       -78.655148,
       39.301209
      ],
      [
       -78.655752,
       39.301587
      ],
      [
       -78.65605,
       39.301795
      ],
      [
       -78.656259,
       39.302058
      ],
      [
       -78.656476,
       39.302484
      ],
      [
       -78.656546,
       39.302702
      ],
      [
       -78.656551,
       39.302911
      ],
      [
       -78.656569,
       39.303051
      ],
      [
       -78.656581,
       39.303142
      ],
      [
       -78.65682,
       39.305246
      ],
      [
       -78.657095,
       39.307698
      ],
      [
       -78.657528,
       39.311422
      ],
      [
       -78.657559,
       39.311669
      ],
      [
       -78.657622,
       39.312164
      ],
      [
       -78.657666,
       39.312598
      ],
      [
       -78.657732,
       39.313094
      ],
      [
       -78.657767,
       39.313329
      ],
      [
       -78.65781,
       39.313585
      ],
      [
       -78.657855,
       39.31377
      ],
      [
       -78.657932,
       39.313964
      ],
      [
       -78.65804,
       39.314168
      ],
      [
       -78.658324,
       39.314492
      ],
      [
       -78.658573,
       39.314701
      ],
      [
       -78.658986,
       39.314984
      ],
      [
       -78.659378,
       39.315117
      ],
      [
       -78.659753,
       39.315229
      ],
      [
       -78.660148,
       39.315286
      ],
      [
       -78.660551,
       39.315287
      ],
      [
       -78.661353,
       39.315202
      ],
      [
       -78.661913,
       39.315132
      ],
      [
       -78.662377,
       39.315072
      ],
      [
       -78.663112,
       39.314979
      ],
      [
       -78.664585,
       39.31479
      ],
      [
       -78.66529,
       39.314703
      ],
      [
       -78.666124,
       39.314596
      ],
      [
       -78.666457,
       39.31456
      ],
      [
       -78.666723,
       39.314524
      ],
      [
       -78.667361,
       39.31444
      ],
      [
       -78.667989,
       39.314338
      ],
      [
       -78.668604,
       39.314227
      ],
      [
       -78.669261,
       39.314089
      ],
      [
       -78.67059,
       39.313704
      ],
      [
       -78.671899,
       39.313288
      ],
      [
       -78.673317,
       39.312835
      ],
      [
       -78.673846,
       39.312668
      ],
      [
       -78.674599,
       39.312426
      ],
      [
       -78.675513,
       39.312146
      ],
      [
       -78.675903,
       39.312032
      ],
      [
       -78.676088,
       39.311981
      ],
      [
       -78.676294,
       39.311947
      ],
      [
       -78.676633,
       39.311921
      ],
      [
       -78.67854,
       39.311913
      ],
      [
       -78.678776,
       39.311911
      ],
      [
       -78.680337,
       39.3119
      ],
      [
       -78.681114,
       39.311907
      ],
      [
       -78.681483,
       39.311921
      ],
      [
       -78.681608,
       39.311936
      ],
      [
       -78.682139,
       39.312053
      ],
      [
       -78.682431,
       39.312145
      ],
      [
       -78.682711,
       39.312254
      ],
      [
       -78.683693,
       39.312687
      ],
      [
       -78.685113,
       39.313306
      ],
      [
       -78.68516,
       39.313327
      ],
      [
       -78.686211,
       39.313789
      ],
      [
       -78.686982,
       39.314118
      ],
      [
       -78.68711,
       39.314178
      ],
      [
       -78.687453,
       39.31433
      ],
      [
       -78.687668,
       39.314431
      ],
      [
       -78.687869,
       39.314519
      ],
      [
       -78.6881,
       39.314619
      ],
      [
       -78.688628,
       39.314868
      ],
      [
       -78.689138,
       39.315151
      ],
      [
       -78.68961,
       39.315463
      ],
      [
       -78.69004,
       39.315787
      ],
      [
       -78.691109,
       39.316846
      ],
      [
       -78.691815,
       39.317955
      ],
      [
       -78.691992,
       39.318225
      ],
      [
       -78.692206,
       39.318534
      ],
      [
       -78.692546,
       39.319078
      ],
      [
       -78.69292,
       39.319691
      ],
      [
       -78.693116,
       39.320115
      ],
      [
       -78.693234,
       39.320564
      ],
      [
       -78.693185,
       39.321012
      ],
      [
       -78.69311,
       39.321285
      ],
      [
       -78.693057,
       39.32143
      ],
      [
       -78.69289,
       39.321771
      ],
      [
       -78.692787,
       39.321907
      ],
      [
       -78.692556,
       39.322338
      ],
      [
       -78.692352,
       39.322794
      ],
      [
       -78.692281,
       39.323019
      ],
      [
       -78.69224,
       39.323408
      ],
      [
       -78.692263,
       39.323735
      ],
      [
       -78.692351,
       39.324059
      ],
      [
       -78.692468,
       39.324311
      ],
      [
       -78.692595,
       39.324515
      ],
      [
       -78.692749,
       39.324721
      ],
      [
       -78.693054,
       39.325072
      ],
      [
       -78.693136,
       39.32518
      ],
      [
       -78.693529,
       39.325609
      ],
      [
       -78.694132,
       39.326106
      ],
      [
       -78.694476,
       39.32631
      ],
      [
       -78.695202,
       39.326677
      ],
      [
       -78.696014,
       39.326979
      ],
      [
       -78.697806,
       39.32745
      ],
      [
       -78.698962,
       39.327758
      ],
      [
       -78.699271,
       39.327825
      ],
      [
       -78.699339,
       39.327837
      ],
      [
       -78.699709,
       39.327935
      ],
      [
       -78.7004,
       39.328115
      ],
      [
       -78.70171,
       39.328461
      ],
      [
       -78.702386,
       39.328636
      ],
      [
       -78.703447,
       39.328901
      ],
      [
       -78.704737,
       39.329249
      ],
      [
       -78.705662,
       39.329497
      ],
      [
       -78.706386,
       39.329691
      ],
      [
       -78.709048,
       39.330395
      ],
      [
       -78.709104,
       39.330405
      ],
      [
       -78.709705,
       39.330515
      ],
      [
       -78.710264,
       39.330553
      ],
      [
       -78.710343,
       39.330559
      ],
      [
       -78.711213,
       39.330526
      ],
      [
       -78.711752,
       39.330446
      ],
      [
       -78.712164,
       39.330353
      ],
      [
       -78.712411,
       39.330286
      ],
      [
       -78.712685,
       39.33019
      ],
      [
       -78.712867,
       39.33012
      ],
      [
       -78.713228,
       39.32995
      ],
      [
       -78.713644,
       39.329718
      ],
      [
       -78.713849,
       39.32957
      ],
      [
       -78.714102,
       39.329387
      ],
      [
       -78.714561,
       39.328973
      ],
      [
       -78.714792,
       39.328727
      ],
      [
       -78.716337,
       39.32698
      ],
      [
       -78.716526,
       39.32681
      ],
      [
       -78.716733,
       39.326653
      ],
      [
       -78.718122,
       39.325855
      ],
      [
       -78.719495,
       39.325058
      ],
      [
       -78.719604,
       39.324996
      ],
      [
       -78.719714,
       39.324932
      ],
      [
       -78.719971,
       39.324785
      ],
      [
       -78.720824,
       39.324349
      ],
      [
       -78.721041,
       39.324266
      ],
      [
       -78.721617,
       39.324127
      ],
      [
       -78.721926,
       39.324091
      ],
      [
       -78.722273,
       39.324085
      ],
      [
       -78.722651,
       39.324128
      ],
      [
       -78.723173,
       39.324242
      ],
      [
       -78.723677,
       39.324421
      ],
      [
       -78.723884,
       39.32452
      ],
      [
       -78.724069,
       39.324628
      ],
      [
       -78.726791,
       39.326422
      ],
      [
       -78.727617,
       39.326887
      ],
      [
       -78.728132,
       39.32713
      ],
      [
       -78.728259,
       39.327181
      ],
      [
       -78.728719,
       39.327366
      ],
      [
       -78.729052,
       39.327469
      ],
      [
       -78.729568,
       39.327606
      ],
      [
       -78.730679,
       39.327857
      ],
      [
       -78.731061,
       39.327913
      ],
      [
       -78.731496,
       39.328008
      ],
      [
       -78.731823,
       39.328079
      ],
      [
       -78.732284,
       39.328178
      ],
      [
       -78.73251,
       39.32822
      ],
      [
       -78.732757,
       39.328278
      ],
      [
       -78.733649,
       39.328638
      ],
      [
       -78.734271,
       39.328949
      ],
      [
       -78.736494,
       39.330201
      ],
      [
       -78.736898,
       39.330418
      ],
      [
       -78.737658,
       39.330825
      ],
      [
       -78.739079,
       39.331663
      ],
      [
       -78.739714,
       39.331972
      ],
      [
       -78.740939,
       39.332489
      ],
      [
       -78.742405,
       39.333293
      ],
      [
       -78.742679,
       39.333452
      ],
      [
       -78.742882,
       39.33357
      ],
      [
       -78.744293,
       39.334386
      ],
      [
       -78.745137,
       39.334856
      ],
      [
       -78.745206,
       39.334895
      ],
      [
       -78.745474,
       39.335045
      ],
      [
       -78.745859,
       39.335263
      ],
      [
       -78.74611,
       39.3354
      ],
      [
       -78.746244,
       39.335478
      ],
      [
       -78.746457,
       39.335602
      ],
      [
       -78.748477,
       39.336777
      ],
      [
       -78.748613,
       39.336858
      ],
      [
       -78.748974,
       39.337071
      ],
      [
       -78.749155,
       39.337202
      ],
      [
       -78.74923,
       39.33727
      ],
      [
       -78.749763,
       39.337751
      ],
      [
       -78.750316,
       39.338256
      ],
      [
       -78.750738,
       39.338646
      ],
      [
       -78.751085,
       39.338965
      ],
      [
       -78.75138,
       39.339237
      ],
      [
       -78.751547,
       39.339386
      ],
      [
       -78.751709,
       39.339536
      ],
      [
       -78.751936,
       39.339742
      ],
      [
       -78.752052,
       39.339852
      ],
      [
       -78.752298,
       39.340083
      ],
      [
       -78.752446,
       39.340221
      ],
      [
       -78.752752,
       39.340505
      ],
      [
       -78.752922,
       39.340663
      ],
      [
       -78.753199,
       39.340893
      ],
      [
       -78.753387,
       39.340993
      ],
      [
       -78.753419,
       39.34101
      ],
      [
       -78.753935,
       39.341178
      ],
      [
       -78.753974,
       39.341191
      ],
      [
       -78.754328,
       39.341306
      ],
      [
       -78.75437,
       39.341225
      ],
      [
       -78.754559,
       39.340855
      ],
      [
       -78.754692,
       39.340595
      ],
      [
       -78.754769,
       39.340439
      ],
      [
       -78.754799,
       39.340386
      ],
      [
       -78.754823,
       39.340339
      ],
      [
       -78.755029,
       39.340399
      ],
      [
       -78.755065,
       39.34041
      ],
      [
       -78.755178,
       39.340443
      ],
      [
       -78.755344,
       39.340491
      ],
      [
       -78.755317,
       39.340543
      ],
      [
       -78.755237,
       39.3407
      ],
      [
       -78.755237,
       39.3407
      ],
      [
       -78.755317,
       39.340543
      ],
      [
       -78.755344,
       39.340491
      ],
      [
       -78.755879,
       39.340647
      ],
      [
       -78.755752,
       39.340907
      ],
      [
       -78.755631,
       39.341154
      ],
      [
       -78.755394,
       39.341639
      ],
      [
       -78.755875,
       39.341792
      ],
      [
       -78.756088,
       39.341858
      ],
      [
       -78.756231,
       39.341902
      ],
      [
       -78.756362,
       39.341943
      ],
      [
       -78.756448,
       39.341971
      ],
      [
       -78.75654,
       39.341998
      ],
      [
       -78.757571,
       39.342303
      ],
      [
       -78.758678,
       39.342632
      ],
      [
       -78.759693,
       39.342941
      ],
      [
       -78.760043,
       39.342931
      ],
      [
       -78.760646,
       39.342859
      ],
      [
       -78.761889,
       39.342715
      ],
      [
       -78.762118,
       39.342688
      ],
      [
       -78.763103,
       39.342574
      ],
      [
       -78.764001,
       39.342458
      ],
      [
       -78.764545,
       39.342369
      ],
      [
       -78.76496,
       39.342212
      ],
      [
       -78.765743,
       39.341897
      ],
      [
       -78.76637,
       39.341644
      ],
      [
       -78.766741,
       39.341518
      ],
      [
       -78.768201,
       39.340975
      ],
      [
       -78.768226,
       39.340966
      ],
      [
       -78.770566,
       39.340057
      ],
      [
       -78.771482,
       39.3397
      ],
      [
       -78.772148,
       39.339479
      ],
      [
       -78.772505,
       39.339418
      ],
      [
       -78.772865,
       39.339381
      ],
      [
       -78.773223,
       39.339371
      ],
      [
       -78.773407,
       39.339377
      ],
      [
       -78.775809,
       39.339561
      ],
      [
       -78.775897,
       39.339567
      ],
      [
       -78.776699,
       39.339618
      ],
      [
       -78.777192,
       39.339634
      ],
      [
       -78.777543,
       39.339611
      ],
      [
       -78.777777,
       39.339592
      ],
      [
       -78.778006,
       39.339557
      ],
      [
       -78.778283,
       39.339496
      ],
      [
       -78.778656,
       39.339379
      ],
      [
       -78.779324,
       39.339136
      ],
      [
       -78.780517,
       39.338657
      ],
      [
       -78.781493,
       39.338289
      ],
      [
       -78.782366,
       39.337955
      ],
      [
       -78.784474,
       39.337162
      ],
      [
       -78.784533,
       39.337138
      ],
      [
       -78.784957,
       39.336966
      ],
      [
       -78.785401,
       39.336753
      ],
      [
       -78.785675,
       39.336584
      ],
      [
       -78.785963,
       39.33636
      ],
      [
       -78.786577,
       39.335811
      ],
      [
       -78.786778,
       39.335578
      ],
      [
       -78.787049,
       39.335222
      ],
      [
       -78.787237,
       39.334992
      ],
      [
       -78.78924,
       39.333201
      ],
      [
       -78.789932,
       39.332628
      ],
      [
       -78.790357,
       39.332167
      ],
      [
       -78.791171,
       39.331103
      ],
      [
       -78.791394,
       39.330844
      ],
      [
       -78.79166,
       39.330591
      ],
      [
       -78.792586,
       39.329881
      ],
      [
       -78.793036,
       39.329537
      ],
      [
       -78.793448,
       39.329176
      ],
      [
       -78.794313,
       39.328334
      ],
      [
       -78.79452,
       39.328188
      ],
      [
       -78.79471,
       39.328087
      ],
      [
       -78.794892,
       39.327993
      ],
      [
       -78.795117,
       39.327899
      ],
      [
       -78.795419,
       39.327814
      ],
      [
       -78.795774,
       39.327746
      ],
      [
       -78.796252,
       39.327727
      ],
      [
       -78.796514,
       39.32774
      ],
      [
       -78.796849,
       39.327794
      ],
      [
       -78.798178,
       39.328104
      ],
      [
       -78.799678,
       39.328504
      ],
      [
       -78.800711,
       39.328865
      ],
      [
       -78.802424,
       39.329956
      ],
      [
       -78.803075,
       39.330471
      ],
      [
       -78.805178,
       39.332206
      ],
      [
       -78.805914,
       39.332825
      ],
      [
       -78.807124,
       39.333734
      ],
      [
       -78.808264,
       39.334687
      ],
      [
       -78.808781,
       39.335004
      ],
      [
       -78.809396,
       39.335239
      ],
      [
       -78.809715,
       39.335326
      ],
      [
       -78.810058,
       39.335386
      ],
      [
       -78.810182,
       39.335391
      ],
      [
       -78.810839,
       39.335419
      ],
      [
       -78.81141,
       39.335342
      ],
      [
       -78.811901,
       39.335226
      ],
      [
       -78.812484,
       39.335003
      ],
      [
       -78.812844,
       39.334786
      ],
      [
       -78.812888,
       39.334754
      ],
      [
       -78.813106,
       39.334594
      ],
      [
       -78.813214,
       39.334487
      ],
      [
       -78.813288,
       39.334414
      ],
      [
       -78.813475,
       39.334197
      ],
      [
       -78.813708,
       39.333915
      ],
      [
       -78.814063,
       39.333059
      ],
      [
       -78.814376,
       39.33212
      ],
      [
       -78.814745,
       39.331076
      ],
      [
       -78.815137,
       39.329996
      ],
      [
       -78.815319,
       39.329429
      ],
      [
       -78.815711,
       39.328497
      ],
      [
       -78.815968,
       39.328002
      ],
      [
       -78.816155,
       39.327717
      ],
      [
       -78.816636,
       39.327121
      ],
      [
       -78.816943,
       39.326774
      ],
      [
       -78.817103,
       39.326593
      ],
      [
       -78.817472,
       39.326181
      ],
      [
       -78.817776,
       39.325755
      ],
      [
       -78.81849,
       39.324921
      ],
      [
       -78.818798,
       39.324469
      ],
      [
       -78.819177,
       39.324039
      ],
      [
       -78.81969,
       39.323667
      ],
      [
       -78.820045,
       39.323378
      ],
      [
       -78.821144,
       39.322249
      ],
      [
       -78.822302,
       39.321122
      ],
      [
       -78.823479,
       39.319929
      ],
      [
       -78.823796,
       39.319547
      ],
      [
       -78.824095,
       39.319142
      ],
      [
       -78.824665,
       39.318246
      ],
      [
       -78.825132,
       39.317726
      ],
      [
       -78.825603,
       39.31733
      ],
      [
       -78.825911,
       39.317134
      ],
      [
       -78.826416,
       39.316886
      ],
      [
       -78.828364,
       39.3159
      ],
      [
       -78.829171,
       39.315585
      ],
      [
       -78.829997,
       39.315337
      ],
      [
       -78.830915,
       39.315108
      ],
      [
       -78.831389,
       39.315027
      ],
      [
       -78.831833,
       39.314975
      ],
      [
       -78.832468,
       39.314951
      ],
      [
       -78.833022,
       39.314932
      ],
      [
       -78.834131,
       39.314775
      ],
      [
       -78.83521,
       39.314636
      ],
      [
       -78.836239,
       39.314512
      ],
      [
       -78.83704,
       39.314346
      ],
      [
       -78.838859,
       39.313829
      ],
      [
       -78.838986,
       39.313796
      ],
      [
       -78.83922,
       39.313768
      ],
      [
       -78.839467,
       39.313757
      ],
      [
       -78.840444,
       39.313733
      ],
      [
       -78.840768,
       39.313725
      ],
      [
       -78.841627,
       39.313693
      ],
      [
       -78.841723,
       39.313689
      ],
      [
       -78.842581,
       39.313665
      ],
      [
       -78.843117,
       39.313633
      ],
      [
       -78.844321,
       39.313562
      ],
      [
       -78.844458,
       39.313558
      ],
      [
       -78.844623,
       39.313553
      ],
      [
       -78.844898,
       39.313544
      ],
      [
       -78.845799,
       39.313514
      ],
      [
       -78.847002,
       39.313474
      ],
      [
       -78.848352,
       39.313451
      ],
      [
       -78.849406,
       39.313434
      ],
      [
       -78.849497,
       39.313433
      ],
      [
       -78.850103,
       39.313429
      ],
      [
       -78.852405,
       39.313416
      ],
      [
       -78.857767,
       39.313369
      ],
      [
       -78.8585,
       39.313362
      ],
      [
       -78.859068,
       39.313356
      ],
      [
       -78.862603,
       39.313319
      ],
      [
       -78.863247,
       39.313235
      ],
      [
       -78.864058,
       39.313075
      ],
      [
       -78.864364,
       39.313026
      ],
      [
       -78.864587,
       39.313023
      ],
      [
       -78.865095,
       39.313064
      ],
      [
       -78.866403,
       39.313292
      ],
      [
       -78.866835,
       39.313378
      ],
      [
       -78.86711,
       39.31349
      ],
      [
       -78.867492,
       39.313682
      ],
      [
       -78.868083,
       39.314068
      ],
      [
       -78.86862,
       39.314474
      ],
      [
       -78.868756,
       39.314588
      ],
      [
       -78.86885,
       39.314681
      ],
      [
       -78.869054,
       39.314876
      ],
      [
       -78.870086,
       39.315762
      ],
      [
       -78.870174,
       39.315838
      ],
      [
       -78.870964,
       39.316464
      ],
      [
       -78.871411,
       39.316819
      ],
      [
       -78.871889,
       39.317155
      ],
      [
       -78.872912,
       39.317769
      ],
      [
       -78.873258,
       39.317979
      ],
      [
       -78.873318,
       39.318026
      ],
      [
       -78.873772,
       39.318373
      ],
      [
       -78.87421,
       39.318717
      ],
      [
       -78.874958,
       39.319292
      ],
      [
       -78.874996,
       39.319321
      ],
      [
       -78.875282,
       39.319503
      ],
      [
       -78.875528,
       39.319612
      ],
      [
       -78.875833,
       39.319766
      ],
      [
       -78.876116,
       39.31987
      ],
      [
       -78.876365,
       39.319941
      ],
      [
       -78.877377,
       39.320204
      ],
      [
       -78.877699,
       39.320411
      ],
      [
       -78.878049,
       39.320676
      ],
      [
       -78.878284,
       39.320962
      ],
      [
       -78.878528,
       39.321341
      ],
      [
       -78.878658,
       39.321565
      ],
      [
       -78.878853,
       39.321903
      ],
      [
       -78.878925,
       39.322011
      ],
      [
       -78.878942,
       39.322038
      ],
      [
       -78.879042,
       39.322186
      ],
      [
       -78.879145,
       39.322339
      ],
      [
       -78.879568,
       39.322967
      ],
      [
       -78.879837,
       39.323351
      ],
      [
       -78.880154,
       39.323806
      ],
      [
       -78.880194,
       39.323865
      ],
      [
       -78.880572,
       39.32442
      ],
      [
       -78.880809,
       39.324795
      ],
      [
       -78.880923,
       39.325123
      ],
      [
       -78.881111,
       39.325872
      ],
      [
       -78.88123,
       39.326213
      ],
      [
       -78.881384,
       39.326462
      ],
      [
       -78.881583,
       39.326702
      ],
      [
       -78.881712,
       39.326881
      ],
      [
       -78.881882,
       39.327122
      ],
      [
       -78.882236,
       39.327604
      ],
      [
       -78.882402,
       39.327757
      ],
      [
       -78.882539,
       39.327858
      ],
      [
       -78.882834,
       39.327988
      ],
      [
       -78.883147,
       39.328116
      ],
      [
       -78.883298,
       39.328198
      ],
      [
       -78.883407,
       39.328286
      ],
      [
       -78.883584,
       39.328505
      ],
      [
       -78.883734,
       39.328832
      ],
      [
       -78.883903,
       39.328999
      ],
      [
       -78.884085,
       39.329123
      ],
      [
       -78.884367,
       39.329208
      ],
      [
       -78.884602,
       39.329203
      ],
      [
       -78.884849,
       39.329175
      ],
      [
       -78.885412,
       39.329011
      ],
      [
       -78.886172,
       39.328886
      ],
      [
       -78.886566,
       39.328877
      ],
      [
       -78.886817,
       39.328942
      ],
      [
       -78.886954,
       39.329053
      ],
      [
       -78.887123,
       39.329291
      ],
      [
       -78.887323,
       39.32978
      ],
      [
       -78.887511,
       39.330186
      ],
      [
       -78.887652,
       39.330488
      ],
      [
       -78.887756,
       39.330633
      ],
      [
       -78.887878,
       39.33077
      ],
      [
       -78.887896,
       39.330783
      ],
      [
       -78.887967,
       39.330845
      ],
      [
       -78.888085,
       39.330929
      ],
      [
       -78.888251,
       39.331005
      ],
      [
       -78.888474,
       39.331065
      ],
      [
       -78.888713,
       39.33108
      ],
      [
       -78.888917,
       39.331065
      ],
      [
       -78.889166,
       39.331005
      ],
      [
       -78.8894,
       39.330914
      ],
      [
       -78.889628,
       39.330798
      ],
      [
       -78.889981,
       39.330619
      ],
      [
       -78.890444,
       39.330345
      ],
      [
       -78.8907,
       39.33019
      ],
      [
       -78.890908,
       39.330052
      ],
      [
       -78.891211,
       39.329815
      ],
      [
       -78.891244,
       39.32979
      ],
      [
       -78.891289,
       39.329754
      ],
      [
       -78.891963,
       39.329219
      ],
      [
       -78.892204,
       39.329023
      ],
      [
       -78.892339,
       39.328914
      ],
      [
       -78.892451,
       39.32885
      ],
      [
       -78.892716,
       39.328665
      ],
      [
       -78.892749,
       39.328642
      ],
      [
       -78.892927,
       39.328532
      ],
      [
       -78.893166,
       39.328449
      ],
      [
       -78.894134,
       39.328169
      ],
      [
       -78.894537,
       39.328106
      ],
      [
       -78.894852,
       39.328103
      ],
      [
       -78.895645,
       39.328224
      ],
      [
       -78.896358,
       39.328303
      ],
      [
       -78.897055,
       39.328403
      ],
      [
       -78.897648,
       39.328648
      ],
      [
       -78.898158,
       39.328953
      ],
      [
       -78.898703,
       39.329419
      ],
      [
       -78.899141,
       39.329859
      ],
      [
       -78.899747,
       39.330736
      ],
      [
       -78.900032,
       39.3313
      ],
      [
       -78.900237,
       39.331937
      ],
      [
       -78.900343,
       39.332414
      ],
      [
       -78.900418,
       39.332646
      ],
      [
       -78.900617,
       39.333504
      ],
      [
       -78.900748,
       39.333856
      ],
      [
       -78.900944,
       39.334144
      ],
      [
       -78.901364,
       39.334451
      ],
      [
       -78.901864,
       39.334752
      ],
      [
       -78.902167,
       39.334889
      ],
      [
       -78.902897,
       39.33509
      ],
      [
       -78.903041,
       39.335123
      ],
      [
       -78.904977,
       39.335642
      ],
      [
       -78.906014,
       39.33592
      ],
      [
       -78.907038,
       39.336195
      ],
      [
       -78.907204,
       39.33624
      ],
      [
       -78.909908,
       39.336962
      ],
      [
       -78.910251,
       39.337061
      ],
      [
       -78.911147,
       39.337265
      ],
      [
       -78.911933,
       39.337361
      ],
      [
       -78.912817,
       39.337468
      ],
      [
       -78.913287,
       39.337504
      ],
      [
       -78.913911,
       39.337552
      ],
      [
       -78.915552,
       39.337545
      ],
      [
       -78.916934,
       39.337544
      ],
      [
       -78.917513,
       39.337553
      ],
      [
       -78.917652,
       39.337551
      ],
      [
       -78.919003,
       39.337755
      ],
      [
       -78.919303,
       39.337816
      ],
      [
       -78.9196,
       39.33792
      ],
      [
       -78.919784,
       39.338019
      ],
      [
       -78.91991,
       39.338125
      ],
      [
       -78.920038,
       39.338259
      ],
      [
       -78.920334,
       39.338696
      ],
      [
       -78.920505,
       39.338835
      ],
      [
       -78.920712,
       39.338934
      ],
      [
       -78.920994,
       39.33901
      ],
      [
       -78.922262,
       39.339163
      ],
      [
       -78.922541,
       39.339189
      ],
      [
       -78.922854,
       39.339192
      ],
      [
       -78.923673,
       39.339094
      ],
      [
       -78.924027,
       39.339045
      ],
      [
       -78.924308,
       39.338996
      ],
      [
       -78.924609,
       39.338935
      ],
      [
       -78.925133,
       39.338763
      ],
      [
       -78.92567,
       39.338632
      ],
      [
       -78.926079,
       39.338603
      ],
      [
       -78.926374,
       39.338608
      ],
      [
       -78.926627,
       39.338653
      ],
      [
       -78.927434,
       39.33888
      ],
      [
       -78.927678,
       39.338935
      ],
      [
       -78.927902,
       39.338996
      ],
      [
       -78.928274,
       39.33909
      ],
      [
       -78.930538,
       39.339672
      ],
      [
       -78.931682,
       39.339967
      ],
      [
       -78.932034,
       39.340051
      ],
      [
       -78.932315,
       39.340114
      ],
      [
       -78.932895,
       39.34021
      ],
      [
       -78.933504,
       39.340275
      ],
      [
       -78.934236,
       39.340321
      ],
      [
       -78.934581,
       39.340357
      ],
      [
       -78.935001,
       39.34042
      ],
      [
       -78.936877,
       39.340763
      ],
      [
       -78.937246,
       39.340818
      ],
      [
       -78.937583,
       39.340814
      ],
      [
       -78.937958,
       39.340753
      ],
      [
       -78.938381,
       39.340663
      ],
      [
       -78.938788,
       39.340594
      ],
      [
       -78.939261,
       39.340574
      ],
      [
       -78.939728,
       39.340569
      ],
      [
       -78.941364,
       39.340507
      ],
      [
       -78.941943,
       39.340492
      ],
      [
       -78.942307,
       39.340508
      ],
      [
       -78.942788,
       39.340594
      ],
      [
       -78.943168,
       39.340663
      ],
      [
       -78.943444,
       39.340677
      ],
      [
       -78.943647,
       39.340683
      ],
      [
       -78.944071,
       39.340643
      ],
      [
       -78.94441,
       39.34061
      ],
      [
       -78.944876,
       39.34061
      ],
      [
       -78.945055,
       39.340602
      ],
      [
       -78.945352,
       39.340541
      ],
      [
       -78.946369,
       39.340223
      ],
      [
       -78.946715,
       39.340045
      ],
      [
       -78.947042,
       39.33978
      ],
      [
       -78.947158,
       39.339678
      ],
      [
       -78.947444,
       39.339478
      ],
      [
       -78.947962,
       39.339204
      ],
      [
       -78.948289,
       39.339016
      ],
      [
       -78.948501,
       39.338865
      ],
      [
       -78.948786,
       39.338579
      ],
      [
       -78.948955,
       39.338374
      ],
      [
       -78.949379,
       39.337819
      ],
      [
       -78.949595,
       39.337574
      ],
      [
       -78.950055,
       39.33716
      ],
      [
       -78.950251,
       39.337017
      ],
      [
       -78.950454,
       39.336915
      ],
      [
       -78.950715,
       39.336841
      ],
      [
       -78.951108,
       39.336824
      ],
      [
       -78.951382,
       39.336811
      ],
      [
       -78.951646,
       39.336745
      ],
      [
       -78.951866,
       39.336627
      ],
      [
       -78.952268,
       39.336339
      ],
      [
       -78.952617,
       39.336113
      ],
      [
       -78.952898,
       39.335992
      ],
      [
       -78.953204,
       39.335896
      ],
      [
       -78.954597,
       39.335598
      ],
      [
       -78.95514,
       39.335494
      ],
      [
       -78.956782,
       39.335139
      ],
      [
       -78.957022,
       39.33511
      ],
      [
       -78.957224,
       39.335106
      ],
      [
       -78.957464,
       39.335139
      ],
      [
       -78.957743,
       39.335214
      ],
      [
       -78.958075,
       39.335292
      ],
      [
       -78.958396,
       39.335321
      ],
      [
       -78.959222,
       39.335323
      ],
      [
       -78.960078,
       39.335403
      ],
      [
       -78.960573,
       39.335444
      ],
      [
       -78.960992,
       39.335471
      ],
      [
       -78.962177,
       39.335459
      ],
      [
       -78.962928,
       39.335454
      ],
      [
       -78.963907,
       39.335478
      ],
      [
       -78.963985,
       39.335478
      ],
      [
       -78.964479,
       39.335511
      ],
      [
       -78.964844,
       39.335578
      ],
      [
       -78.966054,
       39.335915
      ],
      [
       -78.966991,
       39.336191
      ],
      [
       -78.967755,
       39.336481
      ],
      [
       -78.968543,
       39.336845
      ],
      [
       -78.968927,
       39.337042
      ],
      [
       -78.969653,
       39.337466
      ],
      [
       -78.969918,
       39.337572
      ],
      [
       -78.970368,
       39.337703
      ],
      [
       -78.970743,
       39.337807
      ],
      [
       -78.971084,
       39.337965
      ],
      [
       -78.973441,
       39.33915
      ],
      [
       -78.973866,
       39.339367
      ],
      [
       -78.974704,
       39.339707
      ],
      [
       -78.975291,
       39.339894
      ],
      [
       -78.975879,
       39.340081
      ],
      [
       -78.976508,
       39.340263
      ],
      [
       -78.976976,
       39.340359
      ],
      [
       -78.97767,
       39.340472
      ],
      [
       -78.978541,
       39.340604
      ],
      [
       -78.978908,
       39.340694
      ],
      [
       -78.979141,
       39.340798
      ],
      [
       -78.979297,
       39.340899
      ],
      [
       -78.979879,
       39.341349
      ],
      [
       -78.980203,
       39.34156
      ],
      [
       -78.981019,
       39.341871
      ],
      [
       -78.981972,
       39.34218
      ],
      [
       -78.983299,
       39.342652
      ],
      [
       -78.983719,
       39.342851
      ],
      [
       -78.983963,
       39.343049
      ],
      [
       -78.984131,
       39.343206
      ],
      [
       -78.984353,
       39.343359
      ],
      [
       -78.985383,
       39.343884
      ],
      [
       -78.986379,
       39.344336
      ],
      [
       -78.986763,
       39.344576
      ],
      [
       -78.988011,
       39.345608
      ],
      [
       -78.988758,
       39.346201
      ],
      [
       -78.988916,
       39.346411
      ],
      [
       -78.988986,
       39.346618
      ],
      [
       -78.989025,
       39.346874
      ],
      [
       -78.989067,
       39.347067
      ],
      [
       -78.989154,
       39.347297
      ],
      [
       -78.989303,
       39.347508
      ],
      [
       -78.989567,
       39.34776
      ],
      [
       -78.989816,
       39.347952
      ],
      [
       -78.990442,
       39.348291
      ],
      [
       -78.991293,
       39.348776
      ],
      [
       -78.991652,
       39.349032
      ],
      [
       -78.991994,
       39.349392
      ],
      [
       -78.992279,
       39.34972
      ],
      [
       -78.99365,
       39.351279
      ],
      [
       -78.994851,
       39.352637
      ],
      [
       -78.994922,
       39.352727
      ],
      [
       -78.996378,
       39.354385
      ],
      [
       -78.996587,
       39.354631
      ],
      [
       -78.996654,
       39.354842
      ],
      [
       -78.996648,
       39.35507
      ],
      [
       -78.996605,
       39.355198
      ],
      [
       -78.996571,
       39.3553
      ],
      [
       -78.99617,
       39.356345
      ],
      [
       -78.996058,
       39.356648
      ],
      [
       -78.996039,
       39.356874
      ],
      [
       -78.996101,
       39.357123
      ],
      [
       -78.996277,
       39.357384
      ],
      [
       -78.996507,
       39.357566
      ],
      [
       -78.996954,
       39.357769
      ],
      [
       -78.997522,
       39.357997
      ],
      [
       -78.997884,
       39.358192
      ],
      [
       -78.999265,
       39.358984
      ],
      [
       -79.000267,
       39.359574
      ],
      [
       -79.001119,
       39.360141
      ],
      [
       -79.001802,
       39.360595
      ],
      [
       -79.002422,
       39.361025
      ],
      [
       -79.002579,
       39.361161
      ],
      [
       -79.002727,
       39.361321
      ],
      [
       -79.002886,
       39.361461
      ],
      [
       -79.00307,
       39.361581
      ],
      [
       -79.00337,
       39.361732
      ],
      [
       -79.003974,
       39.362014
      ],
      [
       -79.004475,
       39.362239
      ],
      [
       -79.004508,
       39.362352
      ],
      [
       -79.004709,
       39.362634
      ],
      [
       -79.004887,
       39.362811
      ],
      [
       -79.005145,
       39.363007
      ],
      [
       -79.005415,
       39.363171
      ],
      [
       -79.005822,
       39.363443
      ],
      [
       -79.006193,
       39.363719
      ],
      [
       -79.006521,
       39.364132
      ],
      [
       -79.006767,
       39.364594
      ],
      [
       -79.00698,
       39.365083
      ],
      [
       -79.00712,
       39.365613
      ],
      [
       -79.00708,
       39.36624
      ],
      [
       -79.007072,
       39.366745
      ],
      [
       -79.007272,
       39.367845
      ],
      [
       -79.007338,
       39.369281
      ],
      [
       -79.007378,
       39.369466
      ],
      [
       -79.007455,
       39.369659
      ],
      [
       -79.007489,
       39.369689
      ],
      [
       -79.007666,
       39.369846
      ],
      [
       -79.007882,
       39.369974
      ],
      [
       -79.008606,
       39.370256
      ],
      [
       -79.008941,
       39.370391
      ],
      [
       -79.009005,
       39.370419
      ],
      [
       -79.009233,
       39.370524
      ],
      [
       -79.009475,
       39.370738
      ],
      [
       -79.009605,
       39.370954
      ],
      [
       -79.009705,
       39.371154
      ],
      [
       -79.009751,
       39.37136
      ],
      [
       -79.009729,
       39.371742
      ],
      [
       -79.009751,
       39.372224
      ],
      [
       -79.009757,
       39.372486
      ],
      [
       -79.00972,
       39.372727
      ],
      [
       -79.009246,
       39.374097
      ],
      [
       -79.00905,
       39.374663
      ],
      [
       -79.008833,
       39.375095
      ],
      [
       -79.008255,
       39.376275
      ],
      [
       -79.007988,
       39.376741
      ],
      [
       -79.007854,
       39.377019
      ],
      [
       -79.007762,
       39.377377
      ],
      [
       -79.007744,
       39.377717
      ],
      [
       -79.007811,
       39.37801
      ],
      [
       -79.007964,
       39.378482
      ],
      [
       -79.008034,
       39.378897
      ],
      [
       -79.008063,
       39.379397
      ],
      [
       -79.008053,
       39.379778
      ],
      [
       -79.007999,
       39.380058
      ],
      [
       -79.007881,
       39.380442
      ],
      [
       -79.007629,
       39.380844
      ],
      [
       -79.007342,
       39.3813
      ],
      [
       -79.007127,
       39.381598
      ],
      [
       -79.006972,
       39.381814
      ],
      [
       -79.00683,
       39.381992
      ],
      [
       -79.006588,
       39.38232
      ],
      [
       -79.006484,
       39.382471
      ],
      [
       -79.006347,
       39.382662
      ],
      [
       -79.006285,
       39.382768
      ],
      [
       -79.006231,
       39.382853
      ],
      [
       -79.006171,
       39.382961
      ],
      [
       -79.006028,
       39.383356
      ],
      [
       -79.005802,
       39.384352
      ],
      [
       -79.005666,
       39.384974
      ],
      [
       -79.004938,
       39.388052
      ],
      [
       -79.004872,
       39.38868
      ],
      [
       -79.00488,
       39.388983
      ],
      [
       -79.004949,
       39.389383
      ],
      [
       -79.005011,
       39.389592
      ],
      [
       -79.005192,
       39.390101
      ],
      [
       -79.005388,
       39.390442
      ],
      [
       -79.005576,
       39.3907
      ],
      [
       -79.005844,
       39.391038
      ],
      [
       -79.006077,
       39.391344
      ],
      [
       -79.006394,
       39.391717
      ],
      [
       -79.006706,
       39.392086
      ],
      [
       -79.006982,
       39.392382
      ],
      [
       -79.007208,
       39.392565
      ],
      [
       -79.00742,
       39.392689
      ],
      [
       -79.007793,
       39.392832
      ],
      [
       -79.008206,
       39.392946
      ],
      [
       -79.0086,
       39.393039
      ],
      [
       -79.008927,
       39.393145
      ],
      [
       -79.009236,
       39.393272
      ],
      [
       -79.009624,
       39.393512
      ],
      [
       -79.010359,
       39.393987
      ],
      [
       -79.01077,
       39.39425
      ],
      [
       -79.011105,
       39.394428
      ],
      [
       -79.011443,
       39.394596
      ],
      [
       -79.011699,
       39.394696
      ],
      [
       -79.01193,
       39.394782
      ],
      [
       -79.012284,
       39.394903
      ],
      [
       -79.012554,
       39.394992
      ],
      [
       -79.012489,
       39.395807
      ],
      [
       -79.012472,
       39.395946
      ],
      [
       -79.012431,
       39.396105
      ],
      [
       -79.012363,
       39.396303
      ],
      [
       -79.012314,
       39.396413
      ],
      [
       -79.012268,
       39.396494
      ],
      [
       -79.012244,
       39.396535
      ],
      [
       -79.012203,
       39.396601
      ],
      [
       -79.012156,
       39.396669
      ],
      [
       -79.012096,
       39.396753
      ],
      [
       -79.012034,
       39.396832
      ],
      [
       -79.011934,
       39.396935
      ],
      [
       -79.011822,
       39.397036
      ],
      [
       -79.011584,
       39.39724
      ],
      [
       -79.011226,
       39.397542
      ],
      [
       -79.011063,
       39.397682
      ],
      [
       -79.010919,
       39.397829
      ],
      [
       -79.010804,
       39.397961
      ],
      [
       -79.010734,
       39.398048
      ],
      [
       -79.010667,
       39.398135
      ],
      [
       -79.010511,
       39.398361
      ],
      [
       -79.010382,
       39.398522
      ],
      [
       -79.010294,
       39.398622
      ],
      [
       -79.010197,
       39.39872
      ],
      [
       -79.010038,
       39.398851
      ],
      [
       -79.009881,
       39.39897
      ],
      [
       -79.009693,
       39.399089
      ],
      [
       -79.009475,
       39.399208
      ],
      [
       -79.00908,
       39.399412
      ],
      [
       -79.008932,
       39.399507
      ],
      [
       -79.008659,
       39.399709
      ],
      [
       -79.008391,
       39.399936
      ],
      [
       -79.007672,
       39.400601
      ],
      [
       -79.007568,
       39.400696
      ],
      [
       -79.007463,
       39.400781
      ],
      [
       -79.00743,
       39.400809
      ],
      [
       -79.007344,
       39.400873
      ],
      [
       -79.00725,
       39.400939
      ],
      [
       -79.00712,
       39.401027
      ],
      [
       -79.006985,
       39.401108
      ],
      [
       -79.006789,
       39.401211
      ],
      [
       -79.006582,
       39.401307
      ],
      [
       -79.006193,
       39.401479
      ],
      [
       -79.006049,
       39.401553
      ],
      [
       -79.005871,
       39.401658
      ],
      [
       -79.005714,
       39.401763
      ],
      [
       -79.005553,
       39.401894
      ],
      [
       -79.005347,
       39.402078
      ],
      [
       -79.005172,
       39.402274
      ],
      [
       -79.005109,
       39.402354
      ],
      [
       -79.00505,
       39.402432
      ],
      [
       -79.004961,
       39.402582
      ],
      [
       -79.004795,
       39.402913
      ],
      [
       -79.004646,
       39.403256
      ],
      [
       -79.00453,
       39.403508
      ],
      [
       -79.004415,
       39.40374
      ],
      [
       -79.004132,
       39.404207
      ],
      [
       -79.003889,
       39.404601
      ],
      [
       -79.003546,
       39.405171
      ],
      [
       -79.002898,
       39.406224
      ],
      [
       -79.002763,
       39.406451
      ],
      [
       -79.002618,
       39.406675
      ],
      [
       -79.002236,
       39.407246
      ],
      [
       -79.002084,
       39.407474
      ],
      [
       -79.001942,
       39.407762
      ],
      [
       -79.001337,
       39.409436
      ],
      [
       -79.001173,
       39.409896
      ],
      [
       -79.000902,
       39.410658
      ],
      [
       -79.001168,
       39.410786
      ],
      [
       -79.001487,
       39.410939
      ],
      [
       -79.00154,
       39.410964
      ],
      [
       -79.001679,
       39.411031
      ],
      [
       -79.001729,
       39.410908
      ]
     ],
     [
      [
       -79.001729,
       39.410908
      ],
      [
       -79.001679,
       39.411031
      ],
      [
       -79.00154,
       39.410964
      ],
      [
       -79.001487,
       39.410939
      ],
      [
       -79.001168,
       39.410786
      ],
      [
       -79.000902,
       39.410658
      ],
      [
       -79.000653,
       39.411454
      ],
      [
       -79.000409,
       39.412233
      ],
      [
       -79.000377,
       39.412337
      ],
      [
       -78.999631,
       39.414931
      ],
      [
       -78.999492,
       39.415491
      ],
      [
       -78.999427,
       39.415748
      ],
      [
       -78.999395,
       39.415847
      ],
      [
       -78.999325,
       39.416096
      ],
      [
       -78.999256,
       39.416353
      ],
      [
       -78.999202,
       39.416519
      ],
      [
       -78.999131,
       39.416802
      ],
      [
       -78.998899,
       39.417688
      ],
      [
       -78.998695,
       39.418467
      ],
      [
       -78.998607,
       39.418753
      ],
      [
       -78.998104,
       39.420319
      ],
      [
       -78.997799,
       39.421028
      ],
      [
       -78.997521,
       39.421562
      ],
      [
       -78.997313,
       39.421924
      ],
      [
       -78.997028,
       39.422422
      ],
      [
       -78.996939,
       39.422577
      ],
      [
       -78.996896,
       39.422651
      ],
      [
       -78.996479,
       39.423295
      ],
      [
       -78.995808,
       39.424206
      ],
      [
       -78.995607,
       39.42445
      ],
      [
       -78.995457,
       39.424606
      ],
      [
       -78.995044,
       39.42508
      ],
      [
       -78.99462,
       39.425518
      ],
      [
       -78.994453,
       39.425676
      ],
      [
       -78.994099,
       39.426008
      ],
      [
       -78.993983,
       39.426117
      ],
      [
       -78.992771,
       39.427093
      ],
      [
       -78.991791,
       39.427771
      ],
      [
       -78.991155,
       39.428232
      ],
      [
       -78.990965,
       39.42837
      ],
      [
       -78.990907,
       39.428412
      ],
      [
       -78.990466,
       39.428727
      ],
      [
       -78.990113,
       39.428979
      ],
      [
       -78.989979,
       39.429075
      ],
      [
       -78.989597,
       39.429338
      ],
      [
       -78.989423,
       39.429461
      ],
      [
       -78.988859,
       39.429859
      ],
      [
       -78.988723,
       39.429955
      ],
      [
       -78.986872,
       39.431638
      ],
      [
       -78.986645,
       39.431863
      ],
      [
       -78.986289,
       39.432206
      ],
      [
       -78.985712,
       39.432685
      ],
      [
       -78.984917,
       39.43332
      ],
      [
       -78.984655,
       39.433528
      ],
      [
       -78.98461,
       39.433564
      ],
      [
       -78.984242,
       39.433856
      ],
      [
       -78.98394,
       39.434144
      ],
      [
       -78.983639,
       39.434431
      ],
      [
       -78.983224,
       39.435018
      ],
      [
       -78.983157,
       39.435115
      ],
      [
       -78.982852,
       39.435557
      ],
      [
       -78.982373,
       39.436034
      ],
      [
       -78.981279,
       39.436871
      ],
      [
       -78.980572,
       39.437411
      ],
      [
       -78.979439,
       39.438277
      ],
      [
       -78.978494,
       39.439172
      ],
      [
       -78.978395,
       39.439277
      ],
      [
       -78.978192,
       39.439496
      ],
      [
       -78.977771,
       39.43996
      ],
      [
       -78.977716,
       39.440016
      ],
      [
       -78.977655,
       39.440086
      ],
      [
       -78.977557,
       39.440195
      ],
      [
       -78.977424,
       39.440319
      ],
      [
       -78.977297,
       39.440397
      ],
      [
       -78.976964,
       39.440603
      ],
      [
       -78.976681,
       39.440692
      ],
      [
       -78.976401,
       39.440799
      ],
      [
       -78.976307,
       39.440853
      ],
      [
       -78.976153,
       39.440971
      ],
      [
       -78.97548,
       39.441555
      ],
      [
       -78.975462,
       39.44157
      ],
      [
       -78.975374,
       39.441647
      ],
      [
       -78.975152,
       39.441526
      ],
      [
       -78.974683,
       39.441283
      ],
      [
       -78.974261,
       39.441063
      ],
      [
       -78.973904,
       39.440874
      ],
      [
       -78.973819,
       39.440835
      ],
      [
       -78.973521,
       39.440614
      ],
      [
       -78.973189,
       39.440369
      ],
      [
       -78.973026,
       39.440233
      ],
      [
       -78.972732,
       39.439986
      ],
      [
       -78.972415,
       39.439749
      ],
      [
       -78.972125,
       39.439509
      ],
      [
       -78.972001,
       39.439417
      ],
      [
       -78.971736,
       39.439219
      ],
      [
       -78.971645,
       39.439151
      ],
      [
       -78.971129,
       39.438784
      ],
      [
       -78.970918,
       39.438654
      ],
      [
       -78.970705,
       39.438563
      ],
      [
       -78.970469,
       39.438481
      ],
      [
       -78.969839,
       39.438273
      ],
      [
       -78.969477,
       39.438148
      ],
      [
       -78.969078,
       39.43799
      ],
      [
       -78.968565,
       39.437744
      ],
      [
       -78.968047,
       39.437504
      ],
      [
       -78.967712,
       39.437374
      ],
      [
       -78.967335,
       39.437243
      ],
      [
       -78.966984,
       39.437118
      ],
      [
       -78.966403,
       39.436918
      ],
      [
       -78.966231,
       39.436881
      ],
      [
       -78.966065,
       39.436861
      ],
      [
       -78.965928,
       39.436863
      ],
      [
       -78.965644,
       39.436874
      ],
      [
       -78.964352,
       39.436939
      ],
      [
       -78.963321,
       39.437018
      ],
      [
       -78.962561,
       39.437106
      ],
      [
       -78.960502,
       39.437417
      ],
      [
       -78.960157,
       39.43746
      ],
      [
       -78.959897,
       39.437476
      ],
      [
       -78.959672,
       39.437472
      ],
      [
       -78.959374,
       39.437443
      ],
      [
       -78.958985,
       39.437365
      ],
      [
       -78.958874,
       39.437446
      ],
      [
       -78.958739,
       39.437528
      ],
      [
       -78.958614,
       39.437588
      ],
      [
       -78.958482,
       39.437616
      ],
      [
       -78.958327,
       39.437636
      ],
      [
       -78.957981,
       39.437668
      ],
      [
       -78.95779,
       39.437698
      ],
      [
       -78.957627,
       39.437735
      ],
      [
       -78.957404,
       39.437819
      ],
      [
       -78.957155,
       39.437944
      ],
      [
       -78.955572,
       39.4389
      ],
      [
       -78.955199,
       39.439121
      ],
      [
       -78.954114,
       39.439762
      ],
      [
       -78.95389,
       39.439909
      ],
      [
       -78.953717,
       39.440036
      ],
      [
       -78.953551,
       39.440191
      ],
      [
       -78.95341,
       39.440353
      ],
      [
       -78.953292,
       39.440509
      ],
      [
       -78.953196,
       39.440675
      ],
      [
       -78.953121,
       39.440843
      ],
      [
       -78.953063,
       39.440998
      ],
      [
       -78.95303,
       39.441189
      ],
      [
       -78.952925,
       39.442632
      ],
      [
       -78.952906,
       39.442956
      ],
      [
       -78.952797,
       39.44457
      ],
      [
       -78.952806,
       39.44477
      ],
      [
       -78.952838,
       39.444949
      ],
      [
       -78.952883,
       39.44511
      ],
      [
       -78.952962,
       39.445281
      ],
      [
       -78.95308,
       39.445455
      ],
      [
       -78.953279,
       39.445688
      ],
      [
       -78.954013,
       39.446428
      ],
      [
       -78.954114,
       39.44655
      ],
      [
       -78.954153,
       39.446629
      ],
      [
       -78.954177,
       39.446717
      ],
      [
       -78.954179,
       39.446805
      ],
      [
       -78.954155,
       39.44689
      ],
      [
       -78.954121,
       39.446971
      ],
      [
       -78.954034,
       39.447098
      ],
      [
       -78.953925,
       39.447264
      ],
      [
       -78.953901,
       39.447302
      ],
      [
       -78.953874,
       39.447401
      ],
      [
       -78.953861,
       39.447535
      ],
      [
       -78.953889,
       39.447921
      ],
      [
       -78.953921,
       39.448034
      ],
      [
       -78.953971,
       39.448173
      ],
      [
       -78.954042,
       39.448305
      ],
      [
       -78.954241,
       39.448619
      ],
      [
       -78.95438,
       39.448816
      ],
      [
       -78.954796,
       39.449291
      ],
      [
       -78.95486,
       39.449387
      ],
      [
       -78.954895,
       39.449474
      ],
      [
       -78.954903,
       39.44957
      ],
      [
       -78.954879,
       39.449664
      ],
      [
       -78.954781,
       39.449815
      ],
      [
       -78.954526,
       39.45011
      ],
      [
       -78.954436,
       39.450226
      ],
      [
       -78.954363,
       39.450363
      ],
      [
       -78.954306,
       39.45051
      ],
      [
       -78.954265,
       39.450672
      ],
      [
       -78.954226,
       39.45088
      ],
      [
       -78.954194,
       39.450983
      ],
      [
       -78.954141,
       39.451084
      ],
      [
       -78.954069,
       39.451164
      ],
      [
       -78.953971,
       39.451232
      ],
      [
       -78.953845,
       39.451297
      ],
      [
       -78.953699,
       39.451349
      ],
      [
       -78.953109,
       39.451467
      ],
      [
       -78.952135,
       39.451678
      ],
      [
       -78.951899,
       39.451742
      ],
      [
       -78.951731,
       39.451796
      ],
      [
       -78.951552,
       39.451872
      ],
      [
       -78.950834,
       39.452236
      ],
      [
       -78.950672,
       39.452331
      ],
      [
       -78.95053,
       39.452435
      ],
      [
       -78.95039,
       39.452561
      ],
      [
       -78.950232,
       39.452751
      ],
      [
       -78.950129,
       39.452919
      ],
      [
       -78.950047,
       39.453133
      ],
      [
       -78.949984,
       39.45338
      ],
      [
       -78.949893,
       39.453926
      ],
      [
       -78.949848,
       39.454107
      ],
      [
       -78.949773,
       39.454282
      ],
      [
       -78.949677,
       39.454444
      ],
      [
       -78.948884,
       39.455515
      ],
      [
       -78.948812,
       39.455608
      ],
      [
       -78.948628,
       39.455851
      ],
      [
       -78.948311,
       39.456205
      ],
      [
       -78.948227,
       39.456313
      ],
      [
       -78.948133,
       39.456515
      ],
      [
       -78.948037,
       39.456683
      ],
      [
       -78.947964,
       39.45679
      ],
      [
       -78.947872,
       39.456898
      ],
      [
       -78.947742,
       39.457041
      ],
      [
       -78.947574,
       39.457173
      ],
      [
       -78.947393,
       39.457275
      ],
      [
       -78.947143,
       39.457389
      ],
      [
       -78.946661,
       39.457574
      ],
      [
       -78.946265,
       39.457751
      ],
      [
       -78.945875,
       39.457945
      ],
      [
       -78.945633,
       39.458046
      ],
      [
       -78.945314,
       39.45816
      ],
      [
       -78.945138,
       39.458211
      ],
      [
       -78.944979,
       39.458258
      ],
      [
       -78.944794,
       39.458295
      ],
      [
       -78.944593,
       39.458302
      ],
      [
       -78.944342,
       39.458294
      ],
      [
       -78.944062,
       39.458246
      ],
      [
       -78.943817,
       39.458179
      ],
      [
       -78.9436,
       39.458099
      ],
      [
       -78.943199,
       39.457944
      ],
      [
       -78.942867,
       39.457794
      ],
      [
       -78.942698,
       39.457723
      ],
      [
       -78.942431,
       39.45765
      ],
      [
       -78.94218,
       39.45761
      ],
      [
       -78.941981,
       39.457577
      ],
      [
       -78.941815,
       39.457572
      ],
      [
       -78.941657,
       39.457593
      ],
      [
       -78.941479,
       39.457631
      ],
      [
       -78.941197,
       39.457708
      ],
      [
       -78.941037,
       39.457736
      ],
      [
       -78.940828,
       39.45776
      ],
      [
       -78.940191,
       39.457806
      ],
      [
       -78.939993,
       39.457828
      ],
      [
       -78.939814,
       39.457864
      ],
      [
       -78.939702,
       39.4579
      ],
      [
       -78.93957,
       39.457958
      ],
      [
       -78.939458,
       39.458031
      ],
      [
       -78.939346,
       39.458118
      ],
      [
       -78.939224,
       39.458233
      ],
      [
       -78.938575,
       39.458969
      ],
      [
       -78.937981,
       39.459579
      ],
      [
       -78.937863,
       39.45971
      ],
      [
       -78.937777,
       39.459853
      ],
      [
       -78.937703,
       39.460021
      ],
      [
       -78.937497,
       39.460581
      ],
      [
       -78.937292,
       39.461081
      ],
      [
       -78.937231,
       39.461287
      ],
      [
       -78.937186,
       39.461475
      ],
      [
       -78.937164,
       39.461641
      ],
      [
       -78.93717,
       39.461778
      ],
      [
       -78.937192,
       39.461898
      ],
      [
       -78.937233,
       39.462104
      ],
      [
       -78.937233,
       39.462191
      ],
      [
       -78.937208,
       39.462267
      ],
      [
       -78.937163,
       39.462333
      ],
      [
       -78.936858,
       39.462602
      ],
      [
       -78.936759,
       39.462694
      ],
      [
       -78.936671,
       39.462806
      ],
      [
       -78.936483,
       39.463065
      ],
      [
       -78.936362,
       39.463201
      ],
      [
       -78.936236,
       39.463314
      ],
      [
       -78.935901,
       39.463612
      ],
      [
       -78.935399,
       39.464094
      ],
      [
       -78.935001,
       39.464475
      ],
      [
       -78.934694,
       39.464724
      ],
      [
       -78.934407,
       39.464939
      ],
      [
       -78.933589,
       39.465655
      ],
      [
       -78.933264,
       39.465985
      ],
      [
       -78.933169,
       39.466106
      ],
      [
       -78.933118,
       39.466209
      ],
      [
       -78.933087,
       39.466367
      ],
      [
       -78.933058,
       39.46657
      ],
      [
       -78.933005,
       39.466693
      ],
      [
       -78.932926,
       39.466793
      ],
      [
       -78.932826,
       39.466861
      ],
      [
       -78.932702,
       39.466908
      ],
      [
       -78.932242,
       39.46705
      ],
      [
       -78.932134,
       39.467094
      ],
      [
       -78.932036,
       39.467166
      ],
      [
       -78.931946,
       39.467254
      ],
      [
       -78.931874,
       39.467363
      ],
      [
       -78.931777,
       39.467617
      ],
      [
       -78.931694,
       39.467765
      ],
      [
       -78.931345,
       39.46825
      ],
      [
       -78.931254,
       39.46835
      ],
      [
       -78.931123,
       39.468459
      ],
      [
       -78.930845,
       39.468616
      ],
      [
       -78.930189,
       39.469051
      ],
      [
       -78.929347,
       39.469586
      ],
      [
       -78.928823,
       39.469943
      ],
      [
       -78.928699,
       39.470009
      ],
      [
       -78.928609,
       39.47003
      ],
      [
       -78.92851,
       39.470032
      ],
      [
       -78.92838,
       39.470021
      ],
      [
       -78.927905,
       39.469946
      ],
      [
       -78.927359,
       39.46989
      ],
      [
       -78.926909,
       39.469845
      ],
      [
       -78.926802,
       39.469813
      ],
      [
       -78.926757,
       39.469785
      ],
      [
       -78.926726,
       39.469737
      ],
      [
       -78.926716,
       39.46968
      ],
      [
       -78.926732,
       39.469621
      ],
      [
       -78.926779,
       39.469569
      ],
      [
       -78.926922,
       39.469438
      ],
      [
       -78.927019,
       39.469313
      ],
      [
       -78.927126,
       39.46914
      ],
      [
       -78.927217,
       39.468921
      ],
      [
       -78.92724,
       39.468771
      ],
      [
       -78.927241,
       39.468651
      ],
      [
       -78.927212,
       39.468564
      ],
      [
       -78.927156,
       39.468467
      ],
      [
       -78.927082,
       39.468389
      ],
      [
       -78.926977,
       39.4683
      ],
      [
       -78.926744,
       39.468141
      ],
      [
       -78.925797,
       39.46753
      ],
      [
       -78.925686,
       39.467484
      ],
      [
       -78.925578,
       39.467458
      ],
      [
       -78.925481,
       39.46746
      ],
      [
       -78.925348,
       39.46748
      ],
      [
       -78.924827,
       39.467578
      ],
      [
       -78.924622,
       39.467607
      ],
      [
       -78.924401,
       39.467615
      ],
      [
       -78.924208,
       39.467611
      ],
      [
       -78.924047,
       39.467586
      ],
      [
       -78.923818,
       39.467556
      ],
      [
       -78.923592,
       39.467544
      ],
      [
       -78.923415,
       39.467546
      ],
      [
       -78.923268,
       39.46757
      ],
      [
       -78.923124,
       39.467616
      ],
      [
       -78.922943,
       39.467688
      ],
      [
       -78.922869,
       39.467699
      ],
      [
       -78.922796,
       39.4677
      ],
      [
       -78.922726,
       39.467674
      ],
      [
       -78.92268,
       39.467636
      ],
      [
       -78.922655,
       39.467585
      ],
      [
       -78.922658,
       39.467515
      ],
      [
       -78.922643,
       39.467391
      ],
      [
       -78.922621,
       39.467305
      ],
      [
       -78.922568,
       39.46719
      ],
      [
       -78.922491,
       39.467076
      ],
      [
       -78.922407,
       39.466996
      ],
      [
       -78.922277,
       39.466907
      ],
      [
       -78.921974,
       39.466783
      ],
      [
       -78.92178,
       39.466693
      ],
      [
       -78.921597,
       39.466568
      ],
      [
       -78.92133,
       39.466417
      ],
      [
       -78.921098,
       39.466339
      ],
      [
       -78.920824,
       39.466268
      ],
      [
       -78.920603,
       39.466236
      ],
      [
       -78.920311,
       39.466218
      ],
      [
       -78.920194,
       39.466201
      ],
      [
       -78.920143,
       39.466188
      ],
      [
       -78.92008,
       39.466159
      ],
      [
       -78.920025,
       39.466102
      ],
      [
       -78.919789,
       39.465799
      ],
      [
       -78.919714,
       39.465717
      ],
      [
       -78.919609,
       39.465658
      ],
      [
       -78.919478,
       39.465603
      ],
      [
       -78.919172,
       39.465539
      ],
      [
       -78.918921,
       39.465499
      ],
      [
       -78.918701,
       39.465482
      ],
      [
       -78.918538,
       39.465488
      ],
      [
       -78.918334,
       39.465513
      ],
      [
       -78.918161,
       39.465549
      ],
      [
       -78.917666,
       39.465656
      ],
      [
       -78.917514,
       39.465697
      ],
      [
       -78.917352,
       39.465763
      ],
      [
       -78.917151,
       39.465892
      ],
      [
       -78.916924,
       39.466036
      ],
      [
       -78.916185,
       39.466432
      ],
      [
       -78.915821,
       39.466603
      ],
      [
       -78.915476,
       39.466763
      ],
      [
       -78.915212,
       39.46687
      ],
      [
       -78.914997,
       39.466932
      ],
      [
       -78.914842,
       39.466956
      ],
      [
       -78.914669,
       39.46698
      ],
      [
       -78.914493,
       39.467027
      ],
      [
       -78.914074,
       39.467181
      ],
      [
       -78.913908,
       39.467257
      ],
      [
       -78.91372,
       39.467382
      ],
      [
       -78.913368,
       39.467648
      ],
      [
       -78.913095,
       39.467872
      ],
      [
       -78.912787,
       39.468132
      ],
      [
       -78.912595,
       39.468297
      ],
      [
       -78.912409,
       39.468399
      ],
      [
       -78.912193,
       39.468493
      ],
      [
       -78.911599,
       39.468678
      ],
      [
       -78.911297,
       39.468741
      ],
      [
       -78.911061,
       39.468795
      ],
      [
       -78.91092,
       39.468808
      ],
      [
       -78.910778,
       39.468802
      ],
      [
       -78.910655,
       39.468788
      ],
      [
       -78.910531,
       39.468785
      ],
      [
       -78.910412,
       39.468805
      ],
      [
       -78.910302,
       39.468844
      ],
      [
       -78.910192,
       39.468879
      ],
      [
       -78.910106,
       39.46889
      ],
      [
       -78.909996,
       39.468871
      ],
      [
       -78.909934,
       39.468829
      ],
      [
       -78.909888,
       39.46874
      ],
      [
       -78.909835,
       39.468568
      ],
      [
       -78.909772,
       39.468398
      ],
      [
       -78.909705,
       39.468281
      ],
      [
       -78.909586,
       39.468149
      ],
      [
       -78.909464,
       39.468039
      ],
      [
       -78.909367,
       39.467972
      ],
      [
       -78.909297,
       39.467944
      ],
      [
       -78.90921,
       39.467927
      ],
      [
       -78.909116,
       39.467927
      ],
      [
       -78.909029,
       39.467953
      ],
      [
       -78.908931,
       39.468007
      ],
      [
       -78.908813,
       39.46809
      ],
      [
       -78.908522,
       39.468337
      ],
      [
       -78.908229,
       39.468616
      ],
      [
       -78.907774,
       39.46913
      ],
      [
       -78.90749,
       39.469518
      ],
      [
       -78.906826,
       39.470587
      ],
      [
       -78.905577,
       39.472413
      ],
      [
       -78.904872,
       39.47338
      ],
      [
       -78.903473,
       39.475241
      ],
      [
       -78.901762,
       39.477445
      ],
      [
       -78.900439,
       39.479254
      ],
      [
       -78.899177,
       39.480939
      ],
      [
       -78.898523,
       39.481777
      ],
      [
       -78.897907,
       39.482589
      ],
      [
       -78.897907,
       39.482589
      ],
      [
       -78.89756,
       39.483046
      ],
      [
       -78.897234,
       39.483528
      ],
      [
       -78.89682,
       39.484159
      ],
      [
       -78.896572,
       39.484491
      ],
      [
       -78.895687,
       39.485575
      ],
      [
       -78.895209,
       39.486156
      ],
      [
       -78.894843,
       39.486539
      ],
      [
       -78.894445,
       39.486908
      ],
      [
       -78.894003,
       39.48735
      ],
      [
       -78.893936,
       39.487456
      ],
      [
       -78.893915,
       39.487545
      ],
      [
       -78.89388,
       39.487811
      ],
      [
       -78.893824,
       39.487958
      ],
      [
       -78.893743,
       39.488135
      ],
      [
       -78.893596,
       39.488328
      ],
      [
       -78.893419,
       39.48852
      ],
      [
       -78.892475,
       39.489491
      ],
      [
       -78.891981,
       39.48995
      ],
      [
       -78.891549,
       39.490291
      ],
      [
       -78.890942,
       39.490767
      ],
      [
       -78.890742,
       39.490972
      ],
      [
       -78.890541,
       39.491246
      ],
      [
       -78.890164,
       39.491711
      ],
      [
       -78.889872,
       39.492058
      ],
      [
       -78.889523,
       39.492379
      ],
      [
       -78.88917,
       39.492642
      ],
      [
       -78.888948,
       39.492789
      ],
      [
       -78.888819,
       39.492845
      ],
      [
       -78.888627,
       39.492909
      ],
      [
       -78.888481,
       39.492974
      ],
      [
       -78.888336,
       39.493072
      ],
      [
       -78.888238,
       39.49319
      ],
      [
       -78.886413,
       39.49624
      ],
      [
       -78.886166,
       39.496598
      ],
      [
       -78.884781,
       39.498527
      ],
      [
       -78.884173,
       39.499309
      ],
      [
       -78.883747,
       39.499851
      ],
      [
       -78.882297,
       39.501716
      ],
      [
       -78.879719,
       39.505071
      ],
      [
       -78.878919,
       39.506103
      ],
      [
       -78.878718,
       39.506404
      ],
      [
       -78.87846,
       39.506839
      ],
      [
       -78.878071,
       39.507638
      ],
      [
       -78.877867,
       39.508026
      ],
      [
       -78.877643,
       39.50842
      ],
      [
       -78.877387,
       39.508848
      ],
      [
       -78.877104,
       39.509285
      ],
      [
       -78.876811,
       39.509707
      ],
      [
       -78.876391,
       39.510245
      ],
      [
       -78.875908,
       39.51079
      ],
      [
       -78.875355,
       39.511389
      ],
      [
       -78.874976,
       39.511835
      ],
      [
       -78.87461,
       39.512283
      ],
      [
       -78.874378,
       39.512536
      ],
      [
       -78.872814,
       39.514133
      ],
      [
       -78.872345,
       39.514619
      ],
      [
       -78.870741,
       39.516193
      ],
      [
       -78.8687,
       39.518234
      ],
      [
       -78.868553,
       39.518372
      ],
      [
       -78.868411,
       39.518469
      ],
      [
       -78.868343,
       39.518505
      ],
      [
       -78.868253,
       39.518553
      ],
      [
       -78.868074,
       39.518641
      ],
      [
       -78.867898,
       39.518728
      ],
      [
       -78.867729,
       39.518796
      ],
      [
       -78.867537,
       39.518849
      ],
      [
       -78.867375,
       39.518882
      ],
      [
       -78.867167,
       39.518917
      ],
      [
       -78.866991,
       39.518959
      ],
      [
       -78.866841,
       39.519012
      ],
      [
       -78.866691,
       39.519095
      ],
      [
       -78.866294,
       39.519331
      ],
      [
       -78.866033,
       39.519464
      ],
      [
       -78.865795,
       39.519573
      ],
      [
       -78.865573,
       39.519647
      ],
      [
       -78.865419,
       39.51967
      ],
      [
       -78.865252,
       39.519682
      ],
      [
       -78.865081,
       39.519709
      ],
      [
       -78.864907,
       39.519749
      ],
      [
       -78.864682,
       39.519815
      ],
      [
       -78.863952,
       39.520076
      ],
      [
       -78.863752,
       39.520141
      ],
      [
       -78.863296,
       39.520274
      ],
      [
       -78.862543,
       39.520517
      ],
      [
       -78.862229,
       39.520638
      ],
      [
       -78.861912,
       39.520742
      ],
      [
       -78.861569,
       39.520847
      ],
      [
       -78.861285,
       39.520941
      ],
      [
       -78.861066,
       39.521017
      ],
      [
       -78.860861,
       39.521111
      ],
      [
       -78.860658,
       39.521228
      ],
      [
       -78.860434,
       39.5214
      ],
      [
       -78.859809,
       39.52182
      ],
      [
       -78.859288,
       39.522207
      ],
      [
       -78.858691,
       39.522664
      ],
      [
       -78.858571,
       39.522743
      ],
      [
       -78.858466,
       39.522799
      ],
      [
       -78.858361,
       39.522833
      ],
      [
       -78.858252,
       39.522849
      ],
      [
       -78.858141,
       39.522857
      ],
      [
       -78.857947,
       39.522861
      ],
      [
       -78.85781,
       39.522878
      ],
      [
       -78.8577,
       39.522912
      ],
      [
       -78.857579,
       39.522958
      ],
      [
       -78.85746,
       39.523023
      ],
      [
       -78.8573,
       39.523136
      ],
      [
       -78.856729,
       39.523558
      ],
      [
       -78.856585,
       39.523643
      ],
      [
       -78.856449,
       39.52371
      ],
      [
       -78.85621,
       39.523798
      ],
      [
       -78.856072,
       39.523878
      ],
      [
       -78.85597,
       39.523955
      ],
      [
       -78.855887,
       39.524048
      ],
      [
       -78.855636,
       39.524347
      ],
      [
       -78.855585,
       39.52443
      ],
      [
       -78.855553,
       39.524518
      ],
      [
       -78.855549,
       39.524608
      ],
      [
       -78.855575,
       39.524703
      ],
      [
       -78.855624,
       39.52477
      ],
      [
       -78.855762,
       39.524895
      ],
      [
       -78.856044,
       39.525117
      ],
      [
       -78.85641,
       39.525425
      ],
      [
       -78.856639,
       39.525589
      ],
      [
       -78.856781,
       39.525698
      ],
      [
       -78.856891,
       39.525807
      ],
      [
       -78.856981,
       39.525932
      ],
      [
       -78.85704,
       39.526067
      ],
      [
       -78.85711,
       39.526323
      ],
      [
       -78.85717,
       39.526458
      ],
      [
       -78.857257,
       39.526581
      ],
      [
       -78.857379,
       39.526725
      ],
      [
       -78.857445,
       39.526845
      ],
      [
       -78.857493,
       39.526988
      ],
      [
       -78.857489,
       39.527106
      ],
      [
       -78.857497,
       39.527263
      ],
      [
       -78.857535,
       39.527393
      ],
      [
       -78.857603,
       39.52756
      ],
      [
       -78.85778,
       39.527864
      ],
      [
       -78.857912,
       39.528025
      ],
      [
       -78.857959,
       39.528108
      ],
      [
       -78.857987,
       39.528188
      ],
      [
       -78.857983,
       39.52826
      ],
      [
       -78.857957,
       39.52834
      ],
      [
       -78.857909,
       39.528399
      ],
      [
       -78.857811,
       39.528478
      ],
      [
       -78.857481,
       39.528696
      ],
      [
       -78.857155,
       39.528892
      ],
      [
       -78.856825,
       39.529063
      ],
      [
       -78.856294,
       39.529312
      ],
      [
       -78.855295,
       39.529738
      ],
      [
       -78.854398,
       39.53007
      ],
      [
       -78.85408,
       39.530172
      ],
      [
       -78.853801,
       39.530245
      ],
      [
       -78.853457,
       39.530322
      ],
      [
       -78.85317,
       39.530365
      ],
      [
       -78.852498,
       39.530434
      ],
      [
       -78.852213,
       39.530478
      ],
      [
       -78.852039,
       39.530527
      ],
      [
       -78.851865,
       39.530604
      ],
      [
       -78.851637,
       39.530749
      ],
      [
       -78.851543,
       39.530895
      ],
      [
       -78.851466,
       39.53104
      ],
      [
       -78.85141,
       39.53121
      ],
      [
       -78.851367,
       39.531445
      ],
      [
       -78.851287,
       39.532161
      ],
      [
       -78.851222,
       39.532447
      ],
      [
       -78.851147,
       39.532727
      ],
      [
       -78.851118,
       39.532906
      ],
      [
       -78.851075,
       39.533053
      ],
      [
       -78.850914,
       39.533494
      ],
      [
       -78.850836,
       39.533658
      ],
      [
       -78.850752,
       39.53375
      ],
      [
       -78.850663,
       39.533853
      ],
      [
       -78.850553,
       39.533995
      ],
      [
       -78.850377,
       39.534184
      ],
      [
       -78.850191,
       39.534318
      ],
      [
       -78.849877,
       39.534508
      ],
      [
       -78.849571,
       39.534648
      ],
      [
       -78.849165,
       39.534815
      ],
      [
       -78.84839,
       39.535089
      ],
      [
       -78.848198,
       39.535163
      ],
      [
       -78.848061,
       39.535237
      ],
      [
       -78.847839,
       39.535351
      ],
      [
       -78.847655,
       39.535457
      ],
      [
       -78.847399,
       39.535647
      ],
      [
       -78.84714,
       39.535839
      ],
      [
       -78.846881,
       39.536089
      ],
      [
       -78.845921,
       39.537144
      ],
      [
       -78.84574,
       39.537318
      ],
      [
       -78.845556,
       39.537454
      ],
      [
       -78.845108,
       39.537741
      ],
      [
       -78.844419,
       39.538224
      ],
      [
       -78.844157,
       39.538382
      ],
      [
       -78.843964,
       39.538492
      ],
      [
       -78.843755,
       39.538558
      ],
      [
       -78.843111,
       39.538658
      ],
      [
       -78.842429,
       39.538795
      ],
      [
       -78.842005,
       39.5389
      ],
      [
       -78.841679,
       39.538992
      ],
      [
       -78.841484,
       39.539078
      ],
      [
       -78.841313,
       39.539188
      ],
      [
       -78.841167,
       39.539302
      ],
      [
       -78.841011,
       39.539474
      ],
      [
       -78.840892,
       39.539707
      ],
      [
       -78.840743,
       39.539974
      ],
      [
       -78.840396,
       39.540545
      ],
      [
       -78.840181,
       39.540901
      ],
      [
       -78.840145,
       39.541017
      ],
      [
       -78.840129,
       39.541178
      ],
      [
       -78.840131,
       39.541324
      ],
      [
       -78.839836,
       39.541556
      ],
      [
       -78.837551,
       39.543355
      ],
      [
       -78.835518,
       39.544915
      ],
      [
       -78.83475,
       39.545548
      ],
      [
       -78.834359,
       39.545953
      ],
      [
       -78.83423,
       39.546111
      ],
      [
       -78.83342,
       39.547798
      ],
      [
       -78.833213,
       39.548118
      ],
      [
       -78.832974,
       39.548437
      ],
      [
       -78.832218,
       39.549223
      ],
      [
       -78.831773,
       39.549684
      ],
      [
       -78.831237,
       39.550143
      ],
      [
       -78.830437,
       39.550702
      ],
      [
       -78.828898,
       39.551719
      ],
      [
       -78.828107,
       39.552228
      ],
      [
       -78.827908,
       39.55239
      ],
      [
       -78.827342,
       39.55277
      ],
      [
       -78.826441,
       39.553208
      ],
      [
       -78.825913,
       39.553334
      ],
      [
       -78.825913,
       39.553334
      ],
      [
       -78.825851,
       39.553349
      ],
      [
       -78.825296,
       39.553411
      ],
      [
       -78.824953,
       39.553416
      ],
      [
       -78.8244,
       39.553391
      ],
      [
       -78.823998,
       39.553312
      ],
      [
       -78.823542,
       39.553188
      ],
      [
       -78.823247,
       39.553076
      ],
      [
       -78.822893,
       39.552894
      ],
      [
       -78.822313,
       39.552476
      ],
      [
       -78.821959,
       39.552075
      ],
      [
       -78.82173,
       39.55168
      ],
      [
       -78.821122,
       39.550777
      ],
      [
       -78.820961,
       39.550516
      ],
      [
       -78.820479,
       39.549933
      ],
      [
       -78.819921,
       39.549416
      ],
      [
       -78.817755,
       39.54789
      ],
      [
       -78.816671,
       39.54712
      ],
      [
       -78.81492,
       39.546083
      ],
      [
       -78.81467,
       39.54595
      ],
      [
       -78.814416,
       39.545816
      ],
      [
       -78.814108,
       39.545622
      ],
      [
       -78.81325,
       39.545131
      ],
      [
       -78.812892,
       39.544946
      ],
      [
       -78.812771,
       39.54487
      ],
      [
       -78.812451,
       39.544667
      ],
      [
       -78.811133,
       39.543923
      ],
      [
       -78.810785,
       39.543726
      ],
      [
       -78.810942,
       39.543496
      ],
      [
       -78.811138,
       39.543211
      ],
      [
       -78.811277,
       39.542957
      ],
      [
       -78.811326,
       39.542806
      ],
      [
       -78.811358,
       39.542707
      ],
      [
       -78.811362,
       39.542641
      ],
      [
       -78.811361,
       39.542511
      ],
      [
       -78.811329,
       39.542367
      ],
      [
       -78.811022,
       39.54165
      ],
      [
       -78.810933,
       39.541403
      ],
      [
       -78.810742,
       39.541045
      ],
      [
       -78.810538,
       39.54083
      ],
      [
       -78.8103,
       39.540608
      ],
      [
       -78.81004,
       39.540323
      ],
      [
       -78.809851,
       39.540116
      ],
      [
       -78.809508,
       39.539672
      ],
      [
       -78.80883,
       39.53874
      ],
      [
       -78.80875,
       39.538632
      ],
      [
       -78.808614,
       39.538449
      ],
      [
       -78.808197,
       39.537835
      ],
      [
       -78.8079,
       39.537396
      ],
      [
       -78.807349,
       39.536703
      ],
      [
       -78.807111,
       39.536424
      ],
      [
       -78.806778,
       39.536138
      ],
      [
       -78.804037,
       39.534479
      ],
      [
       -78.802054,
       39.533345
      ],
      [
       -78.800357,
       39.532511
      ],
      [
       -78.799623,
       39.532078
      ],
      [
       -78.799223,
       39.531806
      ],
      [
       -78.799085,
       39.531709
      ],
      [
       -78.798769,
       39.53152
      ],
      [
       -78.798368,
       39.531322
      ],
      [
       -78.798125,
       39.531265
      ],
      [
       -78.797927,
       39.531237
      ],
      [
       -78.797053,
       39.531219
      ],
      [
       -78.796569,
       39.53117
      ],
      [
       -78.795877,
       39.530921
      ],
      [
       -78.795294,
       39.530611
      ],
      [
       -78.79443,
       39.530192
      ],
      [
       -78.793928,
       39.529987
      ],
      [
       -78.793623,
       39.529956
      ],
      [
       -78.79225,
       39.529996
      ],
      [
       -78.791437,
       39.529903
      ],
      [
       -78.790377,
       39.529587
      ],
      [
       -78.790054,
       39.529472
      ],
      [
       -78.789714,
       39.529334
      ],
      [
       -78.789177,
       39.529138
      ],
      [
       -78.789135,
       39.529126
      ],
      [
       -78.789051,
       39.529102
      ],
      [
       -78.788543,
       39.528911
      ],
      [
       -78.78807,
       39.528764
      ],
      [
       -78.787661,
       39.528685
      ],
      [
       -78.786768,
       39.528587
      ],
      [
       -78.785557,
       39.528364
      ],
      [
       -78.785147,
       39.528235
      ],
      [
       -78.784835,
       39.528103
      ],
      [
       -78.784551,
       39.527952
      ],
      [
       -78.783757,
       39.527529
      ],
      [
       -78.783008,
       39.527159
      ],
      [
       -78.782057,
       39.526759
      ],
      [
       -78.781591,
       39.526553
      ],
      [
       -78.781331,
       39.526323
      ],
      [
       -78.779526,
       39.525047
      ],
      [
       -78.778154,
       39.524455
      ],
      [
       -78.777485,
       39.524104
      ],
      [
       -78.776822,
       39.523588
      ],
      [
       -78.776228,
       39.523179
      ],
      [
       -78.775088,
       39.522338
      ],
      [
       -78.774784,
       39.522113
      ],
      [
       -78.774289,
       39.521584
      ],
      [
       -78.7741,
       39.52138
      ],
      [
       -78.773873,
       39.521101
      ],
      [
       -78.773772,
       39.520989
      ],
      [
       -78.773634,
       39.520835
      ],
      [
       -78.773352,
       39.520567
      ],
      [
       -78.772603,
       39.520048
      ],
      [
       -78.771398,
       39.519557
      ],
      [
       -78.769616,
       39.518807
      ],
      [
       -78.768494,
       39.518349
      ],
      [
       -78.768444,
       39.518329
      ],
      [
       -78.766965,
       39.517734
      ],
      [
       -78.766723,
       39.517567
      ],
      [
       -78.766574,
       39.517279
      ],
      [
       -78.766375,
       39.516819
      ],
      [
       -78.766236,
       39.51627
      ],
      [
       -78.76622,
       39.516084
      ],
      [
       -78.766247,
       39.515881
      ],
      [
       -78.766274,
       39.515737
      ],
      [
       -78.766381,
       39.515542
      ],
      [
       -78.766515,
       39.515281
      ],
      [
       -78.766708,
       39.515083
      ],
      [
       -78.766816,
       39.514992
      ],
      [
       -78.767779,
       39.514157
      ],
      [
       -78.767824,
       39.514118
      ],
      [
       -78.768931,
       39.513166
      ],
      [
       -78.769128,
       39.512997
      ],
      [
       -78.769863,
       39.512339
      ],
      [
       -78.770304,
       39.511721
      ],
      [
       -78.770696,
       39.511237
      ],
      [
       -78.770721,
       39.511209
      ],
      [
       -78.771403,
       39.51021
      ],
      [
       -78.771756,
       39.509727
      ],
      [
       -78.771901,
       39.50955
      ],
      [
       -78.772515,
       39.508708
      ],
      [
       -78.772629,
       39.508528
      ],
      [
       -78.772736,
       39.508351
      ],
      [
       -78.772806,
       39.508177
      ],
      [
       -78.772849,
       39.508003
      ],
      [
       -78.772859,
       39.507913
      ],
      [
       -78.772857,
       39.507787
      ],
      [
       -78.772855,
       39.507705
      ],
      [
       -78.772824,
       39.507509
      ],
      [
       -78.772739,
       39.507279
      ],
      [
       -78.772686,
       39.507176
      ],
      [
       -78.772627,
       39.507074
      ],
      [
       -78.772528,
       39.506942
      ],
      [
       -78.772424,
       39.506827
      ],
      [
       -78.772183,
       39.506604
      ],
      [
       -78.771979,
       39.5064
      ],
      [
       -78.771226,
       39.50568
      ],
      [
       -78.771173,
       39.505629
      ],
      [
       -78.770917,
       39.505384
      ],
      [
       -78.770612,
       39.505092
      ],
      [
       -78.770361,
       39.504853
      ],
      [
       -78.770034,
       39.50454
      ],
      [
       -78.769647,
       39.50417
      ],
      [
       -78.769459,
       39.503973
      ],
      [
       -78.76911,
       39.50365
      ],
      [
       -78.768598,
       39.503131
      ],
      [
       -78.768061,
       39.502624
      ],
      [
       -78.767586,
       39.502169
      ],
      [
       -78.767535,
       39.502111
      ],
      [
       -78.767284,
       39.501865
      ],
      [
       -78.767151,
       39.501735
      ],
      [
       -78.766878,
       39.501421
      ],
      [
       -78.766753,
       39.501258
      ],
      [
       -78.766532,
       39.500967
      ],
      [
       -78.766275,
       39.500675
      ],
      [
       -78.766042,
       39.500409
      ],
      [
       -78.765033,
       39.499451
      ],
      [
       -78.764887,
       39.499313
      ],
      [
       -78.764228,
       39.498687
      ],
      [
       -78.764161,
       39.498624
      ],
      [
       -78.763486,
       39.498114
      ],
      [
       -78.762749,
       39.497723
      ],
      [
       -78.762056,
       39.497293
      ],
      [
       -78.761793,
       39.49711
      ],
      [
       -78.760464,
       39.496184
      ],
      [
       -78.759993,
       39.495851
      ],
      [
       -78.759622,
       39.495566
      ],
      [
       -78.758947,
       39.495076
      ],
      [
       -78.758641,
       39.494759
      ],
      [
       -78.757161,
       39.493375
      ],
      [
       -78.756156,
       39.49242
      ],
      [
       -78.755199,
       39.491594
      ],
      [
       -78.75323,
       39.48996
      ],
      [
       -78.752423,
       39.48927
      ],
      [
       -78.751709,
       39.488545
      ],
      [
       -78.750852,
       39.487573
      ],
      [
       -78.749731,
       39.486301
      ],
      [
       -78.749058,
       39.485679
      ],
      [
       -78.748905,
       39.485538
      ],
      [
       -78.748869,
       39.485505
      ],
      [
       -78.748527,
       39.485213
      ],
      [
       -78.748354,
       39.485066
      ],
      [
       -78.747989,
       39.484755
      ],
      [
       -78.747816,
       39.484611
      ],
      [
       -78.74748,
       39.484332
      ],
      [
       -78.746713,
       39.483698
      ],
      [
       -78.746164,
       39.483313
      ],
      [
       -78.744591,
       39.482269
      ],
      [
       -78.744411,
       39.482123
      ],
      [
       -78.744076,
       39.481851
      ],
      [
       -78.743297,
       39.481309
      ],
      [
       -78.741996,
       39.480403
      ],
      [
       -78.740306,
       39.479281
      ],
      [
       -78.739352,
       39.478881
      ],
      [
       -78.738655,
       39.478593
      ],
      [
       -78.738556,
       39.478536
      ],
      [
       -78.737978,
       39.478206
      ],
      [
       -78.737202,
       39.477736
      ],
      [
       -78.73662,
       39.477474
      ],
      [
       -78.735764,
       39.477086
      ],
      [
       -78.735612,
       39.47698
      ],
      [
       -78.734816,
       39.47611
      ],
      [
       -78.734022,
       39.475485
      ],
      [
       -78.733584,
       39.475145
      ],
      [
       -78.733008,
       39.4748
      ],
      [
       -78.732794,
       39.474694
      ],
      [
       -78.732476,
       39.474542
      ],
      [
       -78.731304,
       39.474005
      ],
      [
       -78.730017,
       39.47342
      ],
      [
       -78.729475,
       39.473263
      ],
      [
       -78.728732,
       39.473157
      ],
      [
       -78.728573,
       39.473129
      ],
      [
       -78.728415,
       39.47308
      ],
      [
       -78.728308,
       39.473038
      ],
      [
       -78.728067,
       39.472907
      ],
      [
       -78.727841,
       39.472714
      ],
      [
       -78.727641,
       39.472507
      ],
      [
       -78.727292,
       39.472191
      ],
      [
       -78.726302,
       39.471466
      ],
      [
       -78.726189,
       39.471387
      ],
      [
       -78.725693,
       39.471004
      ],
      [
       -78.72517,
       39.470637
      ],
      [
       -78.724723,
       39.470271
      ],
      [
       -78.724532,
       39.470115
      ],
      [
       -78.724452,
       39.470053
      ],
      [
       -78.724219,
       39.469872
      ],
      [
       -78.723797,
       39.469544
      ],
      [
       -78.723117,
       39.46911
      ],
      [
       -78.723051,
       39.469068
      ],
      [
       -78.722802,
       39.468946
      ],
      [
       -78.722759,
       39.468926
      ],
      [
       -78.722338,
       39.468699
      ],
      [
       -78.721265,
       39.468264
      ],
      [
       -78.720782,
       39.468103
      ],
      [
       -78.719232,
       39.467674
      ],
      [
       -78.718776,
       39.467548
      ],
      [
       -78.717016,
       39.467076
      ],
      [
       -78.716004,
       39.466821
      ],
      [
       -78.715297,
       39.466618
      ],
      [
       -78.714568,
       39.466475
      ],
      [
       -78.712852,
       39.46622
      ],
      [
       -78.712135,
       39.466185
      ],
      [
       -78.71154,
       39.466215
      ],
      [
       -78.710918,
       39.466315
      ],
      [
       -78.710396,
       39.466401
      ],
      [
       -78.710114,
       39.466447
      ],
      [
       -78.709836,
       39.466445
      ],
      [
       -78.709537,
       39.466431
      ],
      [
       -78.709252,
       39.466382
      ],
      [
       -78.708726,
       39.466269
      ],
      [
       -78.707604,
       39.46603
      ],
      [
       -78.707306,
       39.465937
      ],
      [
       -78.70694,
       39.465793
      ],
      [
       -78.705347,
       39.465185
      ],
      [
       -78.705022,
       39.465055
      ],
      [
       -78.704731,
       39.464953
      ],
      [
       -78.704649,
       39.464924
      ],
      [
       -78.703716,
       39.464612
      ],
      [
       -78.702941,
       39.464459
      ],
      [
       -78.702384,
       39.464342
      ],
      [
       -78.701854,
       39.464205
      ],
      [
       -78.701404,
       39.464058
      ],
      [
       -78.70136,
       39.464033
      ],
      [
       -78.701219,
       39.463964
      ],
      [
       -78.70106,
       39.463881
      ],
      [
       -78.700871,
       39.463758
      ],
      [
       -78.700109,
       39.463192
      ],
      [
       -78.699654,
       39.462815
      ],
      [
       -78.698974,
       39.462233
      ],
      [
       -78.698662,
       39.461851
      ],
      [
       -78.698392,
       39.461451
      ],
      [
       -78.698198,
       39.46116
      ],
      [
       -78.697954,
       39.460786
      ],
      [
       -78.697737,
       39.460466
      ],
      [
       -78.69754,
       39.460139
      ],
      [
       -78.697394,
       39.459771
      ],
      [
       -78.697362,
       39.459371
      ],
      [
       -78.697405,
       39.459017
      ],
      [
       -78.697528,
       39.458503
      ],
      [
       -78.697625,
       39.457671
      ],
      [
       -78.697589,
       39.45727
      ],
      [
       -78.697479,
       39.456742
      ],
      [
       -78.697351,
       39.456176
      ],
      [
       -78.697089,
       39.45502
      ],
      [
       -78.696923,
       39.454288
      ],
      [
       -78.696727,
       39.453319
      ],
      [
       -78.696669,
       39.45308
      ],
      [
       -78.6966,
       39.452722
      ],
      [
       -78.696511,
       39.452336
      ],
      [
       -78.696466,
       39.452253
      ],
      [
       -78.696418,
       39.452196
      ],
      [
       -78.696338,
       39.4521
      ],
      [
       -78.696174,
       39.451964
      ],
      [
       -78.695652,
       39.451651
      ],
      [
       -78.695243,
       39.451407
      ],
      [
       -78.69476,
       39.45112
      ],
      [
       -78.694282,
       39.450837
      ],
      [
       -78.693993,
       39.450642
      ],
      [
       -78.693908,
       39.450538
      ],
      [
       -78.693832,
       39.450529
      ],
      [
       -78.693756,
       39.450513
      ],
      [
       -78.693687,
       39.450483
      ],
      [
       -78.69362,
       39.450447
      ],
      [
       -78.692042,
       39.449505
      ],
      [
       -78.691265,
       39.449063
      ],
      [
       -78.690232,
       39.448483
      ],
      [
       -78.689931,
       39.448308
      ],
      [
       -78.6897,
       39.448169
      ],
      [
       -78.689525,
       39.448038
      ],
      [
       -78.689378,
       39.447899
      ],
      [
       -78.688748,
       39.447235
      ],
      [
       -78.688561,
       39.447086
      ],
      [
       -78.688314,
       39.446993
      ],
      [
       -78.68775,
       39.446865
      ],
      [
       -78.686071,
       39.446496
      ],
      [
       -78.685506,
       39.44638
      ],
      [
       -78.685022,
       39.446284
      ],
      [
       -78.684689,
       39.446229
      ],
      [
       -78.683334,
       39.446023
      ],
      [
       -78.681299,
       39.445712
      ],
      [
       -78.680984,
       39.4456
      ],
      [
       -78.680556,
       39.445335
      ],
      [
       -78.680149,
       39.44496
      ],
      [
       -78.679809,
       39.444285
      ],
      [
       -78.679513,
       39.443652
      ],
      [
       -78.679326,
       39.443107
      ],
      [
       -78.679246,
       39.442671
      ],
      [
       -78.67917,
       39.442414
      ],
      [
       -78.67912,
       39.442224
      ],
      [
       -78.679031,
       39.442026
      ],
      [
       -78.678747,
       39.44171
      ],
      [
       -78.678448,
       39.441429
      ],
      [
       -78.677567,
       39.440408
      ],
      [
       -78.677376,
       39.440173
      ],
      [
       -78.677108,
       39.439752
      ],
      [
       -78.676973,
       39.439599
      ],
      [
       -78.676831,
       39.439497
      ],
      [
       -78.676682,
       39.439423
      ],
      [
       -78.67638,
       39.439387
      ],
      [
       -78.676371,
       39.439386
      ],
      [
       -78.676242,
       39.439383
      ],
      [
       -78.67585,
       39.439372
      ],
      [
       -78.675628,
       39.439422
      ],
      [
       -78.67523,
       39.439623
      ],
      [
       -78.675075,
       39.439711
      ],
      [
       -78.674424,
       39.439968
      ],
      [
       -78.673452,
       39.440688
      ],
      [
       -78.673023,
       39.440899
      ],
      [
       -78.671841,
       39.44146
      ],
      [
       -78.67006,
       39.442447
      ],
      [
       -78.669206,
       39.442843
      ],
      [
       -78.668686,
       39.442944
      ],
      [
       -78.667994,
       39.442981
      ],
      [
       -78.666102,
       39.443042
      ],
      [
       -78.665426,
       39.443078
      ],
      [
       -78.664859,
       39.443113
      ],
      [
       -78.664108,
       39.443214
      ],
      [
       -78.663441,
       39.443402
      ],
      [
       -78.663018,
       39.443641
      ],
      [
       -78.662587,
       39.44398
      ],
      [
       -78.662311,
       39.444212
      ],
      [
       -78.661725,
       39.444664
      ],
      [
       -78.660433,
       39.445386
      ],
      [
       -78.65962,
       39.445882
      ],
      [
       -78.659221,
       39.446114
      ],
      [
       -78.658701,
       39.44641
      ],
      [
       -78.658351,
       39.44656
      ],
      [
       -78.657847,
       39.446692
      ],
      [
       -78.656814,
       39.446924
      ],
      [
       -78.656221,
       39.447
      ],
      [
       -78.655333,
       39.447073
      ],
      [
       -78.655139,
       39.447104
      ],
      [
       -78.654969,
       39.447149
      ],
      [
       -78.654836,
       39.447229
      ],
      [
       -78.654668,
       39.447383
      ],
      [
       -78.653841,
       39.44819
      ],
      [
       -78.653578,
       39.448419
      ],
      [
       -78.653429,
       39.448579
      ],
      [
       -78.653354,
       39.448673
      ],
      [
       -78.653238,
       39.448818
      ],
      [
       -78.653259,
       39.448965
      ],
      [
       -78.653286,
       39.449178
      ],
      [
       -78.653391,
       39.449568
      ],
      [
       -78.65344,
       39.44975
      ],
      [
       -78.653424,
       39.449963
      ],
      [
       -78.653375,
       39.450095
      ],
      [
       -78.653172,
       39.450378
      ],
      [
       -78.653051,
       39.45054
      ],
      [
       -78.652735,
       39.450957
      ],
      [
       -78.652411,
       39.451277
      ],
      [
       -78.652273,
       39.451414
      ],
      [
       -78.652107,
       39.451631
      ],
      [
       -78.651927,
       39.451899
      ],
      [
       -78.651834,
       39.452034
      ],
      [
       -78.651709,
       39.452166
      ],
      [
       -78.651238,
       39.45263
      ],
      [
       -78.651049,
       39.452801
      ],
      [
       -78.650878,
       39.452933
      ],
      [
       -78.650199,
       39.453354
      ],
      [
       -78.649497,
       39.45371
      ],
      [
       -78.648998,
       39.453975
      ],
      [
       -78.648668,
       39.45415
      ],
      [
       -78.648373,
       39.454316
      ],
      [
       -78.648316,
       39.454349
      ],
      [
       -78.647462,
       39.454739
      ],
      [
       -78.646789,
       39.454927
      ],
      [
       -78.646421,
       39.455002
      ],
      [
       -78.646131,
       39.455029
      ],
      [
       -78.645795,
       39.455076
      ],
      [
       -78.64542,
       39.455178
      ],
      [
       -78.645166,
       39.455245
      ],
      [
       -78.644847,
       39.45533
      ],
      [
       -78.643857,
       39.455569
      ],
      [
       -78.643204,
       39.455715
      ],
      [
       -78.642188,
       39.455914
      ],
      [
       -78.641793,
       39.456016
      ],
      [
       -78.641446,
       39.456068
      ],
      [
       -78.641203,
       39.456039
      ],
      [
       -78.641051,
       39.456008
      ],
      [
       -78.6409,
       39.455942
      ],
      [
       -78.640471,
       39.455697
      ],
      [
       -78.639428,
       39.455109
      ],
      [
       -78.638511,
       39.4545
      ],
      [
       -78.638143,
       39.454097
      ],
      [
       -78.637721,
       39.45333
      ],
      [
       -78.637492,
       39.453115
      ],
      [
       -78.637342,
       39.452988
      ],
      [
       -78.636997,
       39.452868
      ],
      [
       -78.636345,
       39.452685
      ],
      [
       -78.635522,
       39.452422
      ],
      [
       -78.635044,
       39.452158
      ],
      [
       -78.634139,
       39.451554
      ],
      [
       -78.633951,
       39.451344
      ],
      [
       -78.633793,
       39.451134
      ],
      [
       -78.633462,
       39.450468
      ],
      [
       -78.633027,
       39.449958
      ],
      [
       -78.63274,
       39.449737
      ],
      [
       -78.632584,
       39.449648
      ],
      [
       -78.632367,
       39.449574
      ],
      [
       -78.631614,
       39.449474
      ],
      [
       -78.630379,
       39.449231
      ],
      [
       -78.630076,
       39.449208
      ],
      [
       -78.62983,
       39.449217
      ],
      [
       -78.629587,
       39.449259
      ],
      [
       -78.629261,
       39.449368
      ],
      [
       -78.628818,
       39.449494
      ],
      [
       -78.62852,
       39.449532
      ],
      [
       -78.628267,
       39.449532
      ],
      [
       -78.627971,
       39.449498
      ],
      [
       -78.627526,
       39.449342
      ],
      [
       -78.626706,
       39.44926
      ],
      [
       -78.626156,
       39.449188
      ],
      [
       -78.626012,
       39.449126
      ],
      [
       -78.625849,
       39.449013
      ],
      [
       -78.625592,
       39.448655
      ],
      [
       -78.62537,
       39.448389
      ],
      [
       -78.625051,
       39.448083
      ],
      [
       -78.624591,
       39.447802
      ],
      [
       -78.624318,
       39.44765
      ],
      [
       -78.624053,
       39.447508
      ],
      [
       -78.623797,
       39.447459
      ],
      [
       -78.623588,
       39.447494
      ],
      [
       -78.62348,
       39.447555
      ],
      [
       -78.623408,
       39.447719
      ],
      [
       -78.623445,
       39.447921
      ],
      [
       -78.623491,
       39.448172
      ],
      [
       -78.623464,
       39.4484
      ],
      [
       -78.623341,
       39.448627
      ],
      [
       -78.623133,
       39.448806
      ],
      [
       -78.623007,
       39.448872
      ],
      [
       -78.622804,
       39.448904
      ],
      [
       -78.622593,
       39.448877
      ],
      [
       -78.622425,
       39.448806
      ],
      [
       -78.621923,
       39.448509
      ],
      [
       -78.621024,
       39.448083
      ],
      [
       -78.619928,
       39.447765
      ],
      [
       -78.619579,
       39.447709
      ],
      [
       -78.619369,
       39.447712
      ],
      [
       -78.619176,
       39.447746
      ],
      [
       -78.619058,
       39.447798
      ],
      [
       -78.618962,
       39.44787
      ],
      [
       -78.618908,
       39.447957
      ],
      [
       -78.618904,
       39.448077
      ],
      [
       -78.619153,
       39.448668
      ],
      [
       -78.619282,
       39.449172
      ],
      [
       -78.619281,
       39.449519
      ],
      [
       -78.619266,
       39.449679
      ],
      [
       -78.619204,
       39.449843
      ],
      [
       -78.61896,
       39.450183
      ],
      [
       -78.618779,
       39.4504
      ],
      [
       -78.618266,
       39.450798
      ],
      [
       -78.617393,
       39.451049
      ],
      [
       -78.616872,
       39.451102
      ],
      [
       -78.61642,
       39.451127
      ],
      [
       -78.616032,
       39.451075
      ],
      [
       -78.615648,
       39.450937
      ],
      [
       -78.615305,
       39.450861
      ],
      [
       -78.614927,
       39.450835
      ],
      [
       -78.614662,
       39.45079
      ],
      [
       -78.614444,
       39.450703
      ],
      [
       -78.61418,
       39.450563
      ],
      [
       -78.61399,
       39.450528
      ],
      [
       -78.613725,
       39.450535
      ],
      [
       -78.61204,
       39.450709
      ],
      [
       -78.611288,
       39.450704
      ],
      [
       -78.610982,
       39.450675
      ],
      [
       -78.610778,
       39.450597
      ],
      [
       -78.610727,
       39.450552
      ],
      [
       -78.610682,
       39.450485
      ],
      [
       -78.610709,
       39.45029
      ],
      [
       -78.610784,
       39.450113
      ],
      [
       -78.61118,
       39.449439
      ],
      [
       -78.611196,
       39.449411
      ],
      [
       -78.611671,
       39.448697
      ],
      [
       -78.61174,
       39.448558
      ],
      [
       -78.611786,
       39.448428
      ],
      [
       -78.611784,
       39.448349
      ],
      [
       -78.611772,
       39.448279
      ],
      [
       -78.611742,
       39.448225
      ],
      [
       -78.6117,
       39.44818
      ],
      [
       -78.611639,
       39.448149
      ],
      [
       -78.611542,
       39.448128
      ],
      [
       -78.610881,
       39.448146
      ],
      [
       -78.610753,
       39.448133
      ],
      [
       -78.610615,
       39.448106
      ],
      [
       -78.610426,
       39.448057
      ],
      [
       -78.61024,
       39.448005
      ],
      [
       -78.610075,
       39.447934
      ],
      [
       -78.609913,
       39.447859
      ],
      [
       -78.609771,
       39.447757
      ],
      [
       -78.609632,
       39.44764
      ],
      [
       -78.609565,
       39.447559
      ],
      [
       -78.609516,
       39.447483
      ],
      [
       -78.609477,
       39.447374
      ],
      [
       -78.609467,
       39.447233
      ],
      [
       -78.609477,
       39.447079
      ],
      [
       -78.609494,
       39.446944
      ],
      [
       -78.609568,
       39.44673
      ],
      [
       -78.609683,
       39.446495
      ],
      [
       -78.610011,
       39.445956
      ],
      [
       -78.610122,
       39.445752
      ],
      [
       -78.610355,
       39.44522
      ],
      [
       -78.610914,
       39.443779
      ],
      [
       -78.610854,
       39.442315
      ],
      [
       -78.610189,
       39.440058
      ],
      [
       -78.609617,
       39.438535
      ],
      [
       -78.609594,
       39.438502
      ],
      [
       -78.609564,
       39.438458
      ],
      [
       -78.609462,
       39.438373
      ],
      [
       -78.609175,
       39.438215
      ],
      [
       -78.608559,
       39.437928
      ],
      [
       -78.608178,
       39.437748
      ],
      [
       -78.607895,
       39.437594
      ],
      [
       -78.607651,
       39.4374
      ],
      [
       -78.607411,
       39.437117
      ],
      [
       -78.606642,
       39.436455
      ],
      [
       -78.605512,
       39.435654
      ],
      [
       -78.604302,
       39.435039
      ],
      [
       -78.603958,
       39.43487
      ],
      [
       -78.603612,
       39.43469
      ],
      [
       -78.603343,
       39.43453
      ],
      [
       -78.603085,
       39.434348
      ],
      [
       -78.6028,
       39.434118
      ],
      [
       -78.602523,
       39.433863
      ],
      [
       -78.602008,
       39.433384
      ],
      [
       -78.601823,
       39.433233
      ],
      [
       -78.601615,
       39.433088
      ],
      [
       -78.601378,
       39.432955
      ],
      [
       -78.601132,
       39.432835
      ],
      [
       -78.600874,
       39.432725
      ],
      [
       -78.600617,
       39.432637
      ],
      [
       -78.600403,
       39.432552
      ],
      [
       -78.60021,
       39.432436
      ],
      [
       -78.600098,
       39.432348
      ],
      [
       -78.599997,
       39.432256
      ],
      [
       -78.599637,
       39.43191
      ],
      [
       -78.599353,
       39.431629
      ],
      [
       -78.599162,
       39.431262
      ],
      [
       -78.599138,
       39.430948
      ],
      [
       -78.599138,
       39.430791
      ],
      [
       -78.599199,
       39.430596
      ],
      [
       -78.599206,
       39.430425
      ],
      [
       -78.599162,
       39.430301
      ],
      [
       -78.599101,
       39.430196
      ],
      [
       -78.59899,
       39.430087
      ],
      [
       -78.598737,
       39.429876
      ],
      [
       -78.598077,
       39.429476
      ],
      [
       -78.597868,
       39.429332
      ],
      [
       -78.597696,
       39.42918
      ],
      [
       -78.597417,
       39.428815
      ],
      [
       -78.597262,
       39.428503
      ],
      [
       -78.597149,
       39.428348
      ],
      [
       -78.596985,
       39.428169
      ],
      [
       -78.596767,
       39.428034
      ],
      [
       -78.596529,
       39.427933
      ],
      [
       -78.594673,
       39.427174
      ],
      [
       -78.594515,
       39.427114
      ],
      [
       -78.594199,
       39.427026
      ],
      [
       -78.594048,
       39.427003
      ],
      [
       -78.594048,
       39.427003
      ],
      [
       -78.593205,
       39.426873
      ],
      [
       -78.592283,
       39.426612
      ],
      [
       -78.591494,
       39.426374
      ],
      [
       -78.59104,
       39.426272
      ],
      [
       -78.590409,
       39.426156
      ],
      [
       -78.589309,
       39.426035
      ],
      [
       -78.588528,
       39.425941
      ],
      [
       -78.587811,
       39.425856
      ],
      [
       -78.58736,
       39.425794
      ],
      [
       -78.586969,
       39.425732
      ],
      [
       -78.586628,
       39.425623
      ],
      [
       -78.586126,
       39.425349
      ],
      [
       -78.585956,
       39.425214
      ],
      [
       -78.585726,
       39.42503
      ],
      [
       -78.585028,
       39.424481
      ],
      [
       -78.584838,
       39.42427
      ],
      [
       -78.584744,
       39.424057
      ],
      [
       -78.584736,
       39.423791
      ],
      [
       -78.584881,
       39.4234
      ],
      [
       -78.585286,
       39.422805
      ],
      [
       -78.585522,
       39.422312
      ],
      [
       -78.585591,
       39.422101
      ],
      [
       -78.585606,
       39.421849
      ],
      [
       -78.585587,
       39.421652
      ],
      [
       -78.585409,
       39.42132
      ],
      [
       -78.585239,
       39.421088
      ],
      [
       -78.585039,
       39.420919
      ],
      [
       -78.58473,
       39.420723
      ],
      [
       -78.582456,
       39.419558
      ],
      [
       -78.581624,
       39.419103
      ],
      [
       -78.580377,
       39.41864
      ],
      [
       -78.579579,
       39.41837
      ],
      [
       -78.579142,
       39.41841
      ],
      [
       -78.578756,
       39.41852
      ],
      [
       -78.578396,
       39.41874
      ],
      [
       -78.578023,
       39.418919
      ],
      [
       -78.57736,
       39.419254
      ],
      [
       -78.57705,
       39.419392
      ],
      [
       -78.576813,
       39.419484
      ],
      [
       -78.576421,
       39.419581
      ],
      [
       -78.576018,
       39.419575
      ],
      [
       -78.575543,
       39.419473
      ],
      [
       -78.574726,
       39.419237
      ],
      [
       -78.574257,
       39.419018
      ],
      [
       -78.572313,
       39.418018
      ],
      [
       -78.57215,
       39.417932
      ],
      [
       -78.570699,
       39.417414
      ],
      [
       -78.569766,
       39.417359
      ],
      [
       -78.568742,
       39.417475
      ],
      [
       -78.56831,
       39.417578
      ],
      [
       -78.567927,
       39.417666
      ],
      [
       -78.567378,
       39.417843
      ],
      [
       -78.567095,
       39.417888
      ],
      [
       -78.566998,
       39.417883
      ],
      [
       -78.566798,
       39.41783
      ],
      [
       -78.566555,
       39.417669
      ],
      [
       -78.566246,
       39.417002
      ],
      [
       -78.566135,
       39.416803
      ],
      [
       -78.566038,
       39.416556
      ],
      [
       -78.565695,
       39.415869
      ],
      [
       -78.565572,
       39.415273
      ],
      [
       -78.565512,
       39.415043
      ],
      [
       -78.565372,
       39.414771
      ],
      [
       -78.564988,
       39.414243
      ],
      [
       -78.564777,
       39.413879
      ],
      [
       -78.564523,
       39.413581
      ],
      [
       -78.564022,
       39.413199
      ],
      [
       -78.563011,
       39.412556
      ],
      [
       -78.562094,
       39.411995
      ],
      [
       -78.561619,
       39.411652
      ],
      [
       -78.560926,
       39.411099
      ],
      [
       -78.560522,
       39.410795
      ],
      [
       -78.56013,
       39.410465
      ],
      [
       -78.55991,
       39.410223
      ],
      [
       -78.559753,
       39.410002
      ],
      [
       -78.55966,
       39.409801
      ],
      [
       -78.559627,
       39.409552
      ],
      [
       -78.55966,
       39.409266
      ],
      [
       -78.559694,
       39.408974
      ],
      [
       -78.559692,
       39.408729
      ],
      [
       -78.55966,
       39.40852
      ],
      [
       -78.559591,
       39.408369
      ],
      [
       -78.559431,
       39.408188
      ],
      [
       -78.559228,
       39.408033
      ],
      [
       -78.558645,
       39.407744
      ],
      [
       -78.557712,
       39.40738
      ],
      [
       -78.55751,
       39.407336
      ],
      [
       -78.557211,
       39.407306
      ],
      [
       -78.556694,
       39.407328
      ],
      [
       -78.555748,
       39.407346
      ],
      [
       -78.555554,
       39.407317
      ],
      [
       -78.555393,
       39.407273
      ],
      [
       -78.555259,
       39.407164
      ],
      [
       -78.555181,
       39.407043
      ],
      [
       -78.55512,
       39.406811
      ],
      [
       -78.555017,
       39.406336
      ],
      [
       -78.554922,
       39.405962
      ],
      [
       -78.554855,
       39.405692
      ],
      [
       -78.554851,
       39.405362
      ],
      [
       -78.554892,
       39.404843
      ],
      [
       -78.554878,
       39.404661
      ],
      [
       -78.554837,
       39.404493
      ],
      [
       -78.554746,
       39.404322
      ],
      [
       -78.554257,
       39.403824
      ],
      [
       -78.552988,
       39.40274
      ],
      [
       -78.552423,
       39.402275
      ],
      [
       -78.551893,
       39.401823
      ],
      [
       -78.551639,
       39.401574
      ],
      [
       -78.551489,
       39.401303
      ],
      [
       -78.55138,
       39.400853
      ],
      [
       -78.551346,
       39.400303
      ],
      [
       -78.551338,
       39.399849
      ],
      [
       -78.551409,
       39.39924
      ],
      [
       -78.551477,
       39.398895
      ],
      [
       -78.551506,
       39.39845
      ],
      [
       -78.551504,
       39.398065
      ],
      [
       -78.551442,
       39.39747
      ],
      [
       -78.551385,
       39.397181
      ],
      [
       -78.551152,
       39.396548
      ],
      [
       -78.550882,
       39.395832
      ],
      [
       -78.550775,
       39.395436
      ],
      [
       -78.550527,
       39.395073
      ],
      [
       -78.550421,
       39.394887
      ],
      [
       -78.550394,
       39.394665
      ],
      [
       -78.550402,
       39.394411
      ],
      [
       -78.550697,
       39.393681
      ],
      [
       -78.550862,
       39.393298
      ],
      [
       -78.550962,
       39.392851
      ],
      [
       -78.55121,
       39.391177
      ],
      [
       -78.551177,
       39.390854
      ],
      [
       -78.551028,
       39.390493
      ],
      [
       -78.550925,
       39.390246
      ],
      [
       -78.550809,
       39.389965
      ],
      [
       -78.550766,
       39.389875
      ],
      [
       -78.550614,
       39.389552
      ],
      [
       -78.550479,
       39.389325
      ],
      [
       -78.550352,
       39.389059
      ],
      [
       -78.550203,
       39.388887
      ],
      [
       -78.549849,
       39.388564
      ],
      [
       -78.549648,
       39.388479
      ],
      [
       -78.549418,
       39.388378
      ],
      [
       -78.548834,
       39.388026
      ],
      [
       -78.54872,
       39.387963
      ],
      [
       -78.548629,
       39.387904
      ],
      [
       -78.548196,
       39.387628
      ],
      [
       -78.548126,
       39.387597
      ],
      [
       -78.546798,
       39.387017
      ],
      [
       -78.54546,
       39.386453
      ],
      [
       -78.545154,
       39.386336
      ],
      [
       -78.544897,
       39.386238
      ],
      [
       -78.543963,
       39.385958
      ],
      [
       -78.542944,
       39.385554
      ],
      [
       -78.542496,
       39.385287
      ],
      [
       -78.542199,
       39.385176
      ],
      [
       -78.541677,
       39.384903
      ],
      [
       -78.54115,
       39.384659
      ],
      [
       -78.540664,
       39.384478
      ],
      [
       -78.53958,
       39.384499
      ],
      [
       -78.53877,
       39.384469
      ],
      [
       -78.537256,
       39.384193
      ],
      [
       -78.535743,
       39.384028
      ],
      [
       -78.535088,
       39.38397
      ],
      [
       -78.534793,
       39.383903
      ],
      [
       -78.534659,
       39.383887
      ],
      [
       -78.534321,
       39.383688
      ],
      [
       -78.534005,
       39.383451
      ],
      [
       -78.533322,
       39.383139
      ],
      [
       -78.532449,
       39.382699
      ],
      [
       -78.532406,
       39.382678
      ],
      [
       -78.531921,
       39.382409
      ],
      [
       -78.531413,
       39.381985
      ],
      [
       -78.531384,
       39.381961
      ],
      [
       -78.531205,
       39.381732
      ],
      [
       -78.531022,
       39.381439
      ],
      [
       -78.530783,
       39.38098
      ],
      [
       -78.530651,
       39.380661
      ],
      [
       -78.530474,
       39.380394
      ],
      [
       -78.530207,
       39.380199
      ],
      [
       -78.529945,
       39.38009
      ],
      [
       -78.529691,
       39.380018
      ],
      [
       -78.529417,
       39.380046
      ],
      [
       -78.529113,
       39.380231
      ],
      [
       -78.528711,
       39.380467
      ],
      [
       -78.528437,
       39.380522
      ],
      [
       -78.528145,
       39.380427
      ],
      [
       -78.527885,
       39.380216
      ],
      [
       -78.527465,
       39.379884
      ],
      [
       -78.527123,
       39.379681
      ],
      [
       -78.526811,
       39.379417
      ],
      [
       -78.526543,
       39.379163
      ],
      [
       -78.526279,
       39.378696
      ],
      [
       -78.526029,
       39.378032
      ],
      [
       -78.525785,
       39.37766
      ],
      [
       -78.525451,
       39.377103
      ],
      [
       -78.525104,
       39.37648
      ],
      [
       -78.5247,
       39.376006
      ],
      [
       -78.524245,
       39.375412
      ],
      [
       -78.524077,
       39.375172
      ],
      [
       -78.523773,
       39.374849
      ],
      [
       -78.523585,
       39.374598
      ],
      [
       -78.523504,
       39.374514
      ],
      [
       -78.523337,
       39.37434
      ],
      [
       -78.523025,
       39.374007
      ],
      [
       -78.522445,
       39.373333
      ],
      [
       -78.52366,
       39.373052
      ],
      [
       -78.524782,
       39.372792
      ],
      [
       -78.525876,
       39.372539
      ],
      [
       -78.52828,
       39.371983
      ],
      [
       -78.529504,
       39.371719
      ],
      [
       -78.530119,
       39.371559
      ],
      [
       -78.530587,
       39.371346
      ],
      [
       -78.531007,
       39.371127
      ],
      [
       -78.531393,
       39.370923
      ],
      [
       -78.53197,
       39.370611
      ],
      [
       -78.533295,
       39.369872
      ],
      [
       -78.533666,
       39.369675
      ],
      [
       -78.534524,
       39.369219
      ],
      [
       -78.535888,
       39.368481
      ],
      [
       -78.536271,
       39.368263
      ],
      [
       -78.536681,
       39.368063
      ],
      [
       -78.537043,
       39.367916
      ],
      [
       -78.53728,
       39.367841
      ],
      [
       -78.537532,
       39.367775
      ],
      [
       -78.537811,
       39.367712
      ],
      [
       -78.539409,
       39.367377
      ],
      [
       -78.539758,
       39.367305
      ],
      [
       -78.540772,
       39.367099
      ],
      [
       -78.54214,
       39.366792
      ],
      [
       -78.543331,
       39.366502
      ],
      [
       -78.543958,
       39.366327
      ],
      [
       -78.544634,
       39.36612
      ],
      [
       -78.545176,
       39.365938
      ],
      [
       -78.545889,
       39.365684
      ],
      [
       -78.546512,
       39.36544
      ],
      [
       -78.547016,
       39.365232
      ],
      [
       -78.547563,
       39.365
      ],
      [
       -78.548051,
       39.364793
      ],
      [
       -78.54869,
       39.364474
      ],
      [
       -78.549414,
       39.364096
      ],
      [
       -78.550192,
       39.363652
      ],
      [
       -78.550792,
       39.363283
      ],
      [
       -78.551366,
       39.362914
      ],
      [
       -78.552064,
       39.36245
      ],
      [
       -78.552595,
       39.362072
      ],
      [
       -78.552713,
       39.361978
      ],
      [
       -78.553013,
       39.36174
      ],
      [
       -78.553335,
       39.361475
      ],
      [
       -78.553537,
       39.36127
      ],
      [
       -78.554006,
       39.360794
      ],
      [
       -78.554234,
       39.360601
      ],
      [
       -78.554334,
       39.360516
      ],
      [
       -78.554462,
       39.360382
      ],
      [
       -78.5557,
       39.359084
      ],
      [
       -78.556691,
       39.358045
      ],
      [
       -78.556737,
       39.357989
      ],
      [
       -78.557032,
       39.357632
      ],
      [
       -78.557499,
       39.357059
      ],
      [
       -78.561929,
       39.351622
      ],
      [
       -78.564345,
       39.348573
      ],
      [
       -78.564878,
       39.347922
      ],
      [
       -78.565743,
       39.346864
      ],
      [
       -78.566192,
       39.346315
      ],
      [
       -78.566336,
       39.346138
      ],
      [
       -78.566896,
       39.345454
      ],
      [
       -78.567136,
       39.34516
      ],
      [
       -78.567397,
       39.344841
      ],
      [
       -78.568044,
       39.344051
      ],
      [
       -78.569875,
       39.341816
      ],
      [
       -78.56993,
       39.341749
      ],
      [
       -78.570334,
       39.341256
      ],
      [
       -78.57041,
       39.341139
      ],
      [
       -78.570607,
       39.340916
      ],
      [
       -78.570729,
       39.340778
      ],
      [
       -78.570743,
       39.340762
      ],
      [
       -78.572055,
       39.339077
      ],
      [
       -78.575626,
       39.334781
      ],
      [
       -78.579617,
       39.329855
      ],
      [
       -78.579886,
       39.329507
      ],
      [
       -78.581143,
       39.32801
      ],
      [
       -78.582974,
       39.32576
      ],
      [
       -78.583174,
       39.325494
      ],
      [
       -78.584388,
       39.324005
      ],
      [
       -78.587033,
       39.320762
      ],
      [
       -78.587681,
       39.319968
      ],
      [
       -78.587914,
       39.319682
      ],
      [
       -78.589862,
       39.3173
      ],
      [
       -78.590769,
       39.316191
      ],
      [
       -78.59089,
       39.316044
      ],
      [
       -78.59116,
       39.315714
      ],
      [
       -78.594331,
       39.311836
      ],
      [
       -78.594539,
       39.31156
      ],
      [
       -78.594619,
       39.311452
      ],
      [
       -78.594656,
       39.311407
      ],
      [
       -78.594887,
       39.311129
      ],
      [
       -78.595171,
       39.310768
      ],
      [
       -78.595979,
       39.309845
      ],
      [
       -78.59622,
       39.309532
      ]
     ]
    ]
   },
   "properties": {
    "kind": "track",
    "slug": "the-mountain-store-loop",
    "name": "The Mountain Store Loop",
    "miles": 92,
    "trackMiles": 92.7,
    "difficulty": "Beginner",
    "surface": "Paved",
    "region": "Potomac Highlands",
    "gpx": null
   }
  },
  {
   "type": "Feature",
   "geometry": {
    "type": "Point",
    "coordinates": [
     -78.5231614,
     39.3736064
    ]
   },
   "properties": {
    "kind": "stop",
    "order": 1,
    "slug": "slanesville-general-store",
    "name": "Slanesville General Store",
    "category": "Restaurant",
    "type": "food",
    "short": "Working general store and deli in Slanesville, WV -- lunch stop on the Mountain Store Loop.",
    "region": "Potomac Highlands",
    "county": "Hampshire",
    "certified": false,
    "url": "/directory/slanesville-general-store",
    "website": null,
    "tel": "tel:+13044967677",
    "maps": "https://www.google.com/maps/dir/?api=1&destination=39.3736064,-78.5231614"
   }
  },
  {
   "type": "Feature",
   "geometry": {
    "type": "Point",
    "coordinates": [
     -79.0020672,
     39.4107572
    ]
   },
   "properties": {
    "kind": "stop",
    "order": 2,
    "slug": "keyser-inn",
    "name": "Keyser Inn",
    "category": "Lodging",
    "type": "lodging",
    "short": "Overnight stop in Keyser, WV for the two-day Mountain Store Loop. Free breakfast and parking, no elevator.",
    "region": "Potomac Highlands",
    "county": "Mineral",
    "certified": false,
    "url": "/directory/keyser-inn",
    "website": null,
    "tel": "tel:+13047880913",
    "maps": "https://www.google.com/maps/dir/?api=1&destination=39.4107572,-79.0020672"
   }
  }
 ]
}
