{
 "type": "FeatureCollection",
 "features": [
  {
   "type": "Feature",
   "geometry": {
    "type": "MultiLineString",
    "coordinates": [
     [
      [
       -80.887554,
       38.222965
      ],
      [
       -80.887541,
       38.222966
      ],
      [
       -80.887344,
       38.222974
      ],
      [
       -80.886966,
       38.222988
      ],
      [
       -80.886917,
       38.222988
      ],
      [
       -80.88403,
       38.222951
      ],
      [
       -80.883738,
       38.2229
      ],
      [
       -80.883462,
       38.222822
      ],
      [
       -80.882292,
       38.222376
      ],
      [
       -80.881589,
       38.222085
      ],
      [
       -80.881265,
       38.221895
      ],
      [
       -80.881063,
       38.221775
      ],
      [
       -80.880742,
       38.22143
      ],
      [
       -80.880708,
       38.221386
      ],
      [
       -80.880594,
       38.22124
      ],
      [
       -80.880495,
       38.221013
      ],
      [
       -80.880428,
       38.220823
      ],
      [
       -80.880182,
       38.219993
      ],
      [
       -80.879928,
       38.219044
      ],
      [
       -80.879793,
       38.21854
      ],
      [
       -80.879557,
       38.217832
      ],
      [
       -80.879235,
       38.217276
      ],
      [
       -80.878849,
       38.216787
      ],
      [
       -80.878205,
       38.216298
      ],
      [
       -80.877119,
       38.215671
      ],
      [
       -80.876651,
       38.215403
      ],
      [
       -80.87637,
       38.215186
      ],
      [
       -80.876118,
       38.214962
      ],
      [
       -80.876001,
       38.214832
      ],
      [
       -80.875991,
       38.214819
      ],
      [
       -80.875855,
       38.214646
      ],
      [
       -80.875769,
       38.214503
      ],
      [
       -80.875708,
       38.214402
      ],
      [
       -80.875599,
       38.21417
      ],
      [
       -80.875512,
       38.213875
      ],
      [
       -80.875381,
       38.213241
      ],
      [
       -80.875154,
       38.212149
      ],
      [
       -80.87464,
       38.210578
      ],
      [
       -80.874368,
       38.209786
      ],
      [
       -80.874315,
       38.209657
      ],
      [
       -80.87428,
       38.20957
      ],
      [
       -80.874101,
       38.209295
      ],
      [
       -80.873918,
       38.209049
      ],
      [
       -80.873708,
       38.208855
      ],
      [
       -80.872762,
       38.208081
      ],
      [
       -80.872575,
       38.207889
      ],
      [
       -80.87246,
       38.207688
      ],
      [
       -80.872385,
       38.207493
      ],
      [
       -80.872339,
       38.207279
      ],
      [
       -80.87235,
       38.207077
      ],
      [
       -80.872378,
       38.206901
      ],
      [
       -80.872427,
       38.206737
      ],
      [
       -80.872719,
       38.206081
      ],
      [
       -80.872904,
       38.205624
      ],
      [
       -80.872947,
       38.205346
      ],
      [
       -80.872974,
       38.20512
      ],
      [
       -80.872945,
       38.204809
      ],
      [
       -80.872883,
       38.204637
      ],
      [
       -80.872773,
       38.2044
      ],
      [
       -80.872695,
       38.204289
      ],
      [
       -80.872503,
       38.204022
      ],
      [
       -80.872353,
       38.203839
      ],
      [
       -80.871702,
       38.203109
      ],
      [
       -80.871,
       38.202479
      ],
      [
       -80.870481,
       38.202076
      ],
      [
       -80.868999,
       38.201018
      ],
      [
       -80.867798,
       38.200189
      ],
      [
       -80.867091,
       38.199756
      ],
      [
       -80.866133,
       38.199195
      ],
      [
       -80.865329,
       38.198724
      ],
      [
       -80.863932,
       38.197875
      ],
      [
       -80.863282,
       38.197507
      ],
      [
       -80.86322,
       38.197473
      ],
      [
       -80.8625,
       38.19704
      ],
      [
       -80.862043,
       38.196756
      ],
      [
       -80.861942,
       38.196703
      ],
      [
       -80.862083,
       38.196594
      ],
      [
       -80.86279,
       38.196101
      ],
      [
       -80.862969,
       38.195982
      ],
      [
       -80.863168,
       38.195852
      ],
      [
       -80.863451,
       38.195682
      ],
      [
       -80.863742,
       38.195503
      ],
      [
       -80.864094,
       38.195305
      ],
      [
       -80.864523,
       38.195061
      ],
      [
       -80.865041,
       38.19478
      ],
      [
       -80.866017,
       38.194231
      ],
      [
       -80.867569,
       38.193359
      ],
      [
       -80.87147,
       38.191186
      ],
      [
       -80.873545,
       38.190034
      ],
      [
       -80.874276,
       38.189642
      ],
      [
       -80.874395,
       38.189579
      ],
      [
       -80.874627,
       38.18945
      ],
      [
       -80.878665,
       38.187186
      ],
      [
       -80.882231,
       38.185198
      ],
      [
       -80.884224,
       38.184088
      ],
      [
       -80.885526,
       38.183369
      ],
      [
       -80.888724,
       38.181581
      ],
      [
       -80.889527,
       38.181119
      ],
      [
       -80.889962,
       38.180851
      ],
      [
       -80.890303,
       38.180637
      ],
      [
       -80.890783,
       38.180322
      ],
      [
       -80.891132,
       38.180084
      ],
      [
       -80.891536,
       38.179777
      ],
      [
       -80.891874,
       38.179516
      ],
      [
       -80.892168,
       38.179272
      ],
      [
       -80.892556,
       38.178934
      ],
      [
       -80.8929,
       38.178622
      ],
      [
       -80.893205,
       38.178344
      ],
      [
       -80.893496,
       38.178039
      ],
      [
       -80.893817,
       38.177697
      ],
      [
       -80.894133,
       38.177331
      ],
      [
       -80.894507,
       38.176858
      ],
      [
       -80.894853,
       38.176394
      ],
      [
       -80.895007,
       38.176187
      ],
      [
       -80.895196,
       38.175923
      ],
      [
       -80.895381,
       38.17564
      ],
      [
       -80.89552,
       38.17542
      ],
      [
       -80.895681,
       38.175161
      ],
      [
       -80.89583,
       38.174895
      ],
      [
       -80.895988,
       38.174612
      ],
      [
       -80.896346,
       38.173948
      ],
      [
       -80.89682,
       38.173085
      ],
      [
       -80.897229,
       38.172301
      ],
      [
       -80.898466,
       38.169915
      ],
      [
       -80.899067,
       38.168794
      ],
      [
       -80.899868,
       38.167252
      ],
      [
       -80.900777,
       38.165544
      ],
      [
       -80.901767,
       38.163655
      ],
      [
       -80.902556,
       38.162136
      ],
      [
       -80.90285,
       38.161526
      ],
      [
       -80.903127,
       38.161047
      ],
      [
       -80.903449,
       38.160537
      ],
      [
       -80.903578,
       38.160332
      ],
      [
       -80.903747,
       38.160112
      ],
      [
       -80.903991,
       38.159816
      ],
      [
       -80.904113,
       38.159672
      ],
      [
       -80.904401,
       38.15936
      ],
      [
       -80.904914,
       38.158837
      ],
      [
       -80.905003,
       38.158747
      ],
      [
       -80.905169,
       38.158604
      ],
      [
       -80.905472,
       38.158338
      ],
      [
       -80.905685,
       38.158163
      ],
      [
       -80.90594,
       38.157964
      ],
      [
       -80.906215,
       38.157758
      ],
      [
       -80.906421,
       38.15761
      ],
      [
       -80.906662,
       38.157448
      ],
      [
       -80.906899,
       38.157292
      ],
      [
       -80.907176,
       38.157126
      ],
      [
       -80.907412,
       38.156991
      ],
      [
       -80.907719,
       38.156827
      ],
      [
       -80.907971,
       38.156695
      ],
      [
       -80.908229,
       38.156568
      ],
      [
       -80.908531,
       38.156427
      ],
      [
       -80.908847,
       38.156291
      ],
      [
       -80.909174,
       38.156159
      ],
      [
       -80.909515,
       38.156026
      ],
      [
       -80.90981,
       38.155921
      ],
      [
       -80.910156,
       38.155803
      ],
      [
       -80.910479,
       38.155703
      ],
      [
       -80.910811,
       38.155615
      ],
      [
       -80.911199,
       38.155515
      ],
      [
       -80.911545,
       38.155438
      ],
      [
       -80.911721,
       38.155401
      ],
      [
       -80.911998,
       38.155347
      ],
      [
       -80.91228,
       38.155298
      ],
      [
       -80.912415,
       38.155275
      ],
      [
       -80.912543,
       38.155253
      ],
      [
       -80.912757,
       38.155225
      ],
      [
       -80.913302,
       38.155145
      ],
      [
       -80.914009,
       38.155051
      ],
      [
       -80.916842,
       38.154679
      ],
      [
       -80.917605,
       38.154581
      ],
      [
       -80.917761,
       38.154564
      ],
      [
       -80.917924,
       38.154543
      ],
      [
       -80.919919,
       38.154278
      ],
      [
       -80.920679,
       38.15418
      ],
      [
       -80.921024,
       38.154125
      ],
      [
       -80.921339,
       38.154067
      ],
      [
       -80.921674,
       38.153994
      ],
      [
       -80.921982,
       38.153917
      ],
      [
       -80.922237,
       38.153847
      ],
      [
       -80.922417,
       38.153793
      ],
      [
       -80.922633,
       38.153721
      ],
      [
       -80.922852,
       38.153645
      ],
      [
       -80.923099,
       38.15355
      ],
      [
       -80.9233,
       38.153465
      ],
      [
       -80.92348,
       38.153385
      ],
      [
       -80.923659,
       38.153298
      ],
      [
       -80.923841,
       38.153205
      ],
      [
       -80.924061,
       38.15309
      ],
      [
       -80.924302,
       38.152949
      ],
      [
       -80.924493,
       38.152834
      ],
      [
       -80.924686,
       38.152708
      ],
      [
       -80.924884,
       38.152576
      ],
      [
       -80.925099,
       38.152427
      ],
      [
       -80.925324,
       38.152262
      ],
      [
       -80.925523,
       38.152107
      ],
      [
       -80.925786,
       38.151893
      ],
      [
       -80.929003,
       38.149559
      ],
      [
       -80.929227,
       38.149394
      ],
      [
       -80.929397,
       38.149272
      ],
      [
       -80.929585,
       38.149126
      ],
      [
       -80.929797,
       38.148953
      ],
      [
       -80.929981,
       38.148792
      ],
      [
       -80.930119,
       38.14867
      ],
      [
       -80.930286,
       38.148512
      ],
      [
       -80.93041,
       38.148389
      ],
      [
       -80.930541,
       38.148255
      ],
      [
       -80.93066,
       38.148123
      ],
      [
       -80.930779,
       38.147995
      ],
      [
       -80.930906,
       38.147848
      ],
      [
       -80.931022,
       38.147703
      ],
      [
       -80.931141,
       38.14755
      ],
      [
       -80.931245,
       38.147406
      ],
      [
       -80.931348,
       38.147257
      ],
      [
       -80.93148,
       38.147062
      ],
      [
       -80.931588,
       38.146886
      ],
      [
       -80.93167,
       38.146751
      ],
      [
       -80.931758,
       38.146596
      ],
      [
       -80.931859,
       38.146407
      ],
      [
       -80.931925,
       38.14628
      ],
      [
       -80.932039,
       38.146026
      ],
      [
       -80.932152,
       38.145751
      ],
      [
       -80.932329,
       38.145328
      ],
      [
       -80.932425,
       38.145087
      ],
      [
       -80.932876,
       38.143947
      ],
      [
       -80.933215,
       38.143148
      ],
      [
       -80.933291,
       38.142993
      ],
      [
       -80.933377,
       38.142819
      ],
      [
       -80.933456,
       38.142679
      ],
      [
       -80.933538,
       38.142535
      ],
      [
       -80.933612,
       38.142417
      ],
      [
       -80.933692,
       38.142285
      ],
      [
       -80.933783,
       38.142146
      ],
      [
       -80.933914,
       38.141965
      ],
      [
       -80.934026,
       38.141819
      ],
      [
       -80.93413,
       38.141685
      ],
      [
       -80.934248,
       38.141541
      ],
      [
       -80.934379,
       38.141391
      ],
      [
       -80.93447,
       38.141285
      ],
      [
       -80.934582,
       38.14117
      ],
      [
       -80.934705,
       38.141046
      ],
      [
       -80.934802,
       38.140944
      ],
      [
       -80.934935,
       38.140823
      ],
      [
       -80.93507,
       38.140698
      ],
      [
       -80.935269,
       38.140527
      ],
      [
       -80.935395,
       38.140425
      ],
      [
       -80.935538,
       38.140313
      ],
      [
       -80.935673,
       38.14021
      ],
      [
       -80.935857,
       38.140079
      ],
      [
       -80.936024,
       38.139963
      ],
      [
       -80.93617,
       38.139866
      ],
      [
       -80.936339,
       38.13976
      ],
      [
       -80.9365,
       38.139662
      ],
      [
       -80.936654,
       38.139572
      ],
      [
       -80.936832,
       38.139474
      ],
      [
       -80.937009,
       38.139379
      ],
      [
       -80.937273,
       38.139246
      ],
      [
       -80.937654,
       38.139062
      ],
      [
       -80.940894,
       38.137528
      ],
      [
       -80.944786,
       38.135679
      ],
      [
       -80.948778,
       38.133775
      ],
      [
       -80.952813,
       38.131858
      ],
      [
       -80.956059,
       38.130319
      ],
      [
       -80.956623,
       38.130049
      ],
      [
       -80.956765,
       38.129984
      ],
      [
       -80.956823,
       38.13006
      ],
      [
       -80.957054,
       38.130369
      ],
      [
       -80.957636,
       38.131126
      ],
      [
       -80.957984,
       38.131584
      ],
      [
       -80.955318,
       38.133851
      ],
      [
       -80.955405,
       38.134331
      ],
      [
       -80.954681,
       38.134927
      ],
      [
       -80.953956,
       38.135362
      ],
      [
       -80.953927,
       38.135476
      ],
      [
       -80.954362,
       38.136277
      ],
      [
       -80.954536,
       38.136827
      ],
      [
       -80.954826,
       38.137124
      ],
      [
       -80.956652,
       38.137445
      ],
      [
       -80.957522,
       38.137742
      ],
      [
       -80.958131,
       38.138131
      ],
      [
       -80.958247,
       38.138337
      ],
      [
       -80.958131,
       38.139001
      ],
      [
       -80.958044,
       38.13907
      ],
      [
       -80.957975,
       38.13945
      ],
      [
       -80.957899,
       38.139871
      ],
      [
       -80.958015,
       38.14026
      ],
      [
       -80.958595,
       38.141313
      ],
      [
       -80.95903,
       38.141656
      ],
      [
       -80.960219,
       38.141931
      ],
      [
       -80.96048,
       38.14216
      ],
      [
       -80.960538,
       38.142343
      ],
      [
       -80.960451,
       38.143579
      ],
      [
       -80.960567,
       38.143945
      ],
      [
       -80.961873,
       38.145639
      ],
      [
       -80.962067,
       38.1459
      ],
      [
       -80.963285,
       38.14754
      ],
      [
       -80.963626,
       38.148002
      ],
      [
       -80.963874,
       38.148402
      ],
      [
       -80.964131,
       38.148696
      ],
      [
       -80.964332,
       38.148945
      ],
      [
       -80.964487,
       38.149
      ],
      [
       -80.964708,
       38.148972
      ],
      [
       -80.964967,
       38.14887
      ],
      [
       -80.965213,
       38.148778
      ],
      [
       -80.965412,
       38.148815
      ],
      [
       -80.965562,
       38.148975
      ],
      [
       -80.96596,
       38.149527
      ],
      [
       -80.965475,
       38.150021
      ],
      [
       -80.965011,
       38.150459
      ],
      [
       -80.964869,
       38.15063
      ],
      [
       -80.964674,
       38.150948
      ],
      [
       -80.964579,
       38.151199
      ],
      [
       -80.964468,
       38.151829
      ],
      [
       -80.964469,
       38.151973
      ],
      [
       -80.964504,
       38.152219
      ],
      [
       -80.964561,
       38.152442
      ],
      [
       -80.964598,
       38.152707
      ],
      [
       -80.964576,
       38.153899
      ],
      [
       -80.964559,
       38.154068
      ],
      [
       -80.964378,
       38.154921
      ],
      [
       -80.964128,
       38.155651
      ],
      [
       -80.963933,
       38.155989
      ],
      [
       -80.963758,
       38.156193
      ],
      [
       -80.962718,
       38.157166
      ],
      [
       -80.962437,
       38.157386
      ],
      [
       -80.962261,
       38.157545
      ],
      [
       -80.962072,
       38.157672
      ],
      [
       -80.961876,
       38.157834
      ],
      [
       -80.961689,
       38.158045
      ],
      [
       -80.961533,
       38.158172
      ],
      [
       -80.961372,
       38.158414
      ],
      [
       -80.961307,
       38.158573
      ],
      [
       -80.961203,
       38.159045
      ],
      [
       -80.961118,
       38.159227
      ],
      [
       -80.961014,
       38.159355
      ],
      [
       -80.960999,
       38.159395
      ],
      [
       -80.960984,
       38.159598
      ],
      [
       -80.960986,
       38.159801
      ],
      [
       -80.961098,
       38.160028
      ],
      [
       -80.961215,
       38.16036
      ],
      [
       -80.96124,
       38.160508
      ],
      [
       -80.961229,
       38.160647
      ],
      [
       -80.961256,
       38.160703
      ],
      [
       -80.961353,
       38.160818
      ],
      [
       -80.96149,
       38.16089
      ],
      [
       -80.961588,
       38.160909
      ],
      [
       -80.961992,
       38.16093
      ],
      [
       -80.962341,
       38.160914
      ],
      [
       -80.962482,
       38.160844
      ],
      [
       -80.962603,
       38.160738
      ],
      [
       -80.962825,
       38.160484
      ],
      [
       -80.96295,
       38.160381
      ],
      [
       -80.963176,
       38.160283
      ],
      [
       -80.963341,
       38.16026
      ],
      [
       -80.96354,
       38.160274
      ],
      [
       -80.96371,
       38.160318
      ],
      [
       -80.963818,
       38.160365
      ],
      [
       -80.963904,
       38.160422
      ],
      [
       -80.964406,
       38.160889
      ],
      [
       -80.964802,
       38.16118
      ],
      [
       -80.964891,
       38.161271
      ],
      [
       -80.965075,
       38.161621
      ],
      [
       -80.965161,
       38.161743
      ],
      [
       -80.965371,
       38.161902
      ],
      [
       -80.965427,
       38.161938
      ],
      [
       -80.965537,
       38.16198
      ],
      [
       -80.965867,
       38.162121
      ],
      [
       -80.966273,
       38.162362
      ],
      [
       -80.966364,
       38.162471
      ],
      [
       -80.966483,
       38.1627
      ],
      [
       -80.966645,
       38.163058
      ],
      [
       -80.966688,
       38.16321
      ],
      [
       -80.966841,
       38.163362
      ],
      [
       -80.967048,
       38.163619
      ],
      [
       -80.96717,
       38.163778
      ],
      [
       -80.967219,
       38.163876
      ],
      [
       -80.967239,
       38.164121
      ],
      [
       -80.967191,
       38.16438
      ],
      [
       -80.967167,
       38.164506
      ],
      [
       -80.9672,
       38.164832
      ],
      [
       -80.967297,
       38.165068
      ],
      [
       -80.967486,
       38.165349
      ],
      [
       -80.967548,
       38.165489
      ],
      [
       -80.967594,
       38.165724
      ],
      [
       -80.967553,
       38.166446
      ],
      [
       -80.967587,
       38.166873
      ],
      [
       -80.967579,
       38.166977
      ],
      [
       -80.967475,
       38.167346
      ],
      [
       -80.967337,
       38.167683
      ],
      [
       -80.967231,
       38.167819
      ],
      [
       -80.967073,
       38.167945
      ],
      [
       -80.966908,
       38.168031
      ],
      [
       -80.966565,
       38.168252
      ],
      [
       -80.966417,
       38.168431
      ],
      [
       -80.966244,
       38.168754
      ],
      [
       -80.966094,
       38.169225
      ],
      [
       -80.96597,
       38.169736
      ],
      [
       -80.965941,
       38.169984
      ],
      [
       -80.96594,
       38.170035
      ],
      [
       -80.96593,
       38.170688
      ],
      [
       -80.965881,
       38.170851
      ],
      [
       -80.965844,
       38.170915
      ],
      [
       -80.965696,
       38.171083
      ],
      [
       -80.965228,
       38.171537
      ],
      [
       -80.965085,
       38.171797
      ],
      [
       -80.964924,
       38.172221
      ],
      [
       -80.964835,
       38.172577
      ],
      [
       -80.964825,
       38.172782
      ],
      [
       -80.964836,
       38.172861
      ],
      [
       -80.965062,
       38.173487
      ],
      [
       -80.965056,
       38.173552
      ],
      [
       -80.964868,
       38.173793
      ],
      [
       -80.964848,
       38.173858
      ],
      [
       -80.964862,
       38.173906
      ],
      [
       -80.964918,
       38.173968
      ],
      [
       -80.965141,
       38.174119
      ],
      [
       -80.965331,
       38.174284
      ],
      [
       -80.965497,
       38.174476
      ],
      [
       -80.965664,
       38.174711
      ],
      [
       -80.965752,
       38.174873
      ],
      [
       -80.965885,
       38.175039
      ],
      [
       -80.965956,
       38.175095
      ],
      [
       -80.966079,
       38.175157
      ],
      [
       -80.966393,
       38.175278
      ],
      [
       -80.966496,
       38.175334
      ],
      [
       -80.96669,
       38.175483
      ],
      [
       -80.966828,
       38.175625
      ],
      [
       -80.966959,
       38.175801
      ],
      [
       -80.96703,
       38.175895
      ],
      [
       -80.967116,
       38.176049
      ],
      [
       -80.967133,
       38.176092
      ],
      [
       -80.967252,
       38.176383
      ],
      [
       -80.967325,
       38.176565
      ],
      [
       -80.967471,
       38.176858
      ],
      [
       -80.967613,
       38.176995
      ],
      [
       -80.967754,
       38.177067
      ],
      [
       -80.967817,
       38.177082
      ],
      [
       -80.967939,
       38.177082
      ],
      [
       -80.968147,
       38.177044
      ],
      [
       -80.96855,
       38.176929
      ],
      [
       -80.968903,
       38.176879
      ],
      [
       -80.969071,
       38.176877
      ],
      [
       -80.970305,
       38.176973
      ],
      [
       -80.970647,
       38.176966
      ],
      [
       -80.971211,
       38.176879
      ],
      [
       -80.97138,
       38.176835
      ],
      [
       -80.971633,
       38.176731
      ],
      [
       -80.971815,
       38.176682
      ],
      [
       -80.972264,
       38.176599
      ],
      [
       -80.972686,
       38.176548
      ],
      [
       -80.972983,
       38.176549
      ],
      [
       -80.973208,
       38.176567
      ],
      [
       -80.973768,
       38.176695
      ],
      [
       -80.974417,
       38.176868
      ],
      [
       -80.974909,
       38.176949
      ],
      [
       -80.975215,
       38.176967
      ],
      [
       -80.975896,
       38.177001
      ],
      [
       -80.976034,
       38.177034
      ],
      [
       -80.976956,
       38.177457
      ],
      [
       -80.977015,
       38.177484
      ],
      [
       -80.977251,
       38.177579
      ],
      [
       -80.978021,
       38.17789
      ],
      [
       -80.978147,
       38.177945
      ],
      [
       -80.978496,
       38.1781
      ],
      [
       -80.978888,
       38.178242
      ],
      [
       -80.979173,
       38.178345
      ],
      [
       -80.979563,
       38.178427
      ],
      [
       -80.979756,
       38.178427
      ],
      [
       -80.980858,
       38.178346
      ],
      [
       -80.981618,
       38.178311
      ],
      [
       -80.982155,
       38.178311
      ],
      [
       -80.982527,
       38.178336
      ],
      [
       -80.983001,
       38.178407
      ],
      [
       -80.983317,
       38.178428
      ],
      [
       -80.98374,
       38.17843
      ],
      [
       -80.983852,
       38.178425
      ],
      [
       -80.98431,
       38.178357
      ],
      [
       -80.984656,
       38.17828
      ],
      [
       -80.985292,
       38.178187
      ],
      [
       -80.985401,
       38.178193
      ],
      [
       -80.985921,
       38.178298
      ],
      [
       -80.986088,
       38.17835
      ],
      [
       -80.986235,
       38.178418
      ],
      [
       -80.986483,
       38.17857
      ],
      [
       -80.986711,
       38.178757
      ],
      [
       -80.986913,
       38.178959
      ],
      [
       -80.987112,
       38.17921
      ],
      [
       -80.987131,
       38.179253
      ],
      [
       -80.987123,
       38.179354
      ],
      [
       -80.987138,
       38.179419
      ],
      [
       -80.98723,
       38.179596
      ],
      [
       -80.987318,
       38.17971
      ],
      [
       -80.987508,
       38.179863
      ],
      [
       -80.987645,
       38.17994
      ],
      [
       -80.987892,
       38.180031
      ],
      [
       -80.988223,
       38.180211
      ],
      [
       -80.988309,
       38.180286
      ],
      [
       -80.988364,
       38.180445
      ],
      [
       -80.988459,
       38.180577
      ],
      [
       -80.988571,
       38.1807
      ],
      [
       -80.988644,
       38.180753
      ],
      [
       -80.988744,
       38.180787
      ],
      [
       -80.988842,
       38.180788
      ],
      [
       -80.989025,
       38.180741
      ],
      [
       -80.989504,
       38.180525
      ],
      [
       -80.989649,
       38.180478
      ],
      [
       -80.98977,
       38.180457
      ],
      [
       -80.989948,
       38.180456
      ],
      [
       -80.990083,
       38.180495
      ],
      [
       -80.990578,
       38.180705
      ],
      [
       -80.990701,
       38.180744
      ],
      [
       -80.990922,
       38.180813
      ],
      [
       -80.991404,
       38.180851
      ],
      [
       -80.99217,
       38.181028
      ],
      [
       -80.992333,
       38.181089
      ],
      [
       -80.992575,
       38.181207
      ],
      [
       -80.992838,
       38.181363
      ],
      [
       -80.993187,
       38.181643
      ],
      [
       -80.993571,
       38.182
      ],
      [
       -80.993653,
       38.182049
      ],
      [
       -80.993708,
       38.182082
      ],
      [
       -80.993876,
       38.182247
      ],
      [
       -80.994092,
       38.182402
      ],
      [
       -80.994656,
       38.182679
      ],
      [
       -80.995083,
       38.182929
      ],
      [
       -80.995649,
       38.183171
      ],
      [
       -80.995944,
       38.18326
      ],
      [
       -80.996081,
       38.183319
      ],
      [
       -80.996396,
       38.183473
      ],
      [
       -80.99673,
       38.183673
      ],
      [
       -80.996865,
       38.183736
      ],
      [
       -80.99791,
       38.183978
      ],
      [
       -80.998218,
       38.184089
      ],
      [
       -80.998338,
       38.184154
      ],
      [
       -80.998558,
       38.18433
      ],
      [
       -80.998862,
       38.184675
      ],
      [
       -80.999138,
       38.185022
      ],
      [
       -80.9993,
       38.185334
      ],
      [
       -80.999316,
       38.185514
      ],
      [
       -80.99927,
       38.185971
      ],
      [
       -80.999038,
       38.186564
      ],
      [
       -80.998973,
       38.186842
      ],
      [
       -80.999045,
       38.187155
      ],
      [
       -80.999248,
       38.187634
      ],
      [
       -80.9994,
       38.187928
      ],
      [
       -80.999472,
       38.188027
      ],
      [
       -80.999557,
       38.188108
      ],
      [
       -80.999736,
       38.188201
      ],
      [
       -80.999838,
       38.188269
      ],
      [
       -80.999951,
       38.188388
      ],
      [
       -81.000092,
       38.188453
      ],
      [
       -81.000174,
       38.188535
      ],
      [
       -81.000345,
       38.188857
      ],
      [
       -81.000399,
       38.189221
      ],
      [
       -81.000415,
       38.189533
      ],
      [
       -81.000457,
       38.189859
      ],
      [
       -81.000442,
       38.190028
      ],
      [
       -81.000316,
       38.19044
      ],
      [
       -81.000098,
       38.190915
      ],
      [
       -81.000058,
       38.191044
      ],
      [
       -81.000047,
       38.19115
      ],
      [
       -81.000096,
       38.191295
      ],
      [
       -81.000272,
       38.191523
      ],
      [
       -81.001242,
       38.191803
      ],
      [
       -81.001764,
       38.192062
      ],
      [
       -81.002061,
       38.192184
      ],
      [
       -81.002367,
       38.192255
      ],
      [
       -81.003422,
       38.192417
      ],
      [
       -81.003642,
       38.192465
      ],
      [
       -81.003832,
       38.192463
      ],
      [
       -81.00396,
       38.192436
      ],
      [
       -81.004926,
       38.192115
      ],
      [
       -81.005216,
       38.191997
      ],
      [
       -81.005293,
       38.191946
      ],
      [
       -81.005378,
       38.191842
      ],
      [
       -81.005424,
       38.191706
      ],
      [
       -81.005426,
       38.191526
      ],
      [
       -81.005399,
       38.191395
      ],
      [
       -81.005318,
       38.191167
      ],
      [
       -81.005159,
       38.19083
      ],
      [
       -81.005079,
       38.190525
      ],
      [
       -81.005041,
       38.190303
      ],
      [
       -81.005122,
       38.189913
      ],
      [
       -81.005122,
       38.189913
      ],
      [
       -81.005153,
       38.189765
      ],
      [
       -81.005366,
       38.189231
      ],
      [
       -81.005402,
       38.189169
      ],
      [
       -81.005503,
       38.188963
      ],
      [
       -81.005772,
       38.188538
      ],
      [
       -81.006003,
       38.188307
      ],
      [
       -81.006474,
       38.187925
      ],
      [
       -81.006671,
       38.187718
      ],
      [
       -81.007139,
       38.187182
      ],
      [
       -81.007684,
       38.18649
      ],
      [
       -81.0078,
       38.186264
      ],
      [
       -81.007926,
       38.185918
      ],
      [
       -81.008007,
       38.185682
      ],
      [
       -81.008054,
       38.185546
      ],
      [
       -81.008192,
       38.184989
      ],
      [
       -81.008283,
       38.184774
      ],
      [
       -81.008636,
       38.184287
      ],
      [
       -81.008889,
       38.183741
      ],
      [
       -81.009008,
       38.183625
      ],
      [
       -81.009125,
       38.183575
      ],
      [
       -81.00928,
       38.18353
      ],
      [
       -81.009966,
       38.183421
      ],
      [
       -81.010082,
       38.183389
      ],
      [
       -81.010327,
       38.183308
      ],
      [
       -81.011016,
       38.182981
      ],
      [
       -81.011201,
       38.18292
      ],
      [
       -81.011311,
       38.182902
      ],
      [
       -81.011653,
       38.182898
      ],
      [
       -81.012226,
       38.182977
      ],
      [
       -81.012599,
       38.183055
      ],
      [
       -81.013071,
       38.183229
      ],
      [
       -81.013241,
       38.183266
      ],
      [
       -81.013355,
       38.183268
      ],
      [
       -81.013874,
       38.183203
      ],
      [
       -81.014206,
       38.183198
      ],
      [
       -81.01428,
       38.183206
      ],
      [
       -81.014428,
       38.183223
      ],
      [
       -81.014991,
       38.183354
      ],
      [
       -81.016518,
       38.183822
      ],
      [
       -81.017245,
       38.184077
      ],
      [
       -81.017911,
       38.184231
      ],
      [
       -81.018349,
       38.184379
      ],
      [
       -81.018676,
       38.184464
      ],
      [
       -81.019166,
       38.184513
      ],
      [
       -81.019999,
       38.184522
      ],
      [
       -81.020741,
       38.184649
      ],
      [
       -81.020945,
       38.184657
      ],
      [
       -81.02144,
       38.18473
      ],
      [
       -81.021903,
       38.184836
      ],
      [
       -81.023267,
       38.185053
      ],
      [
       -81.024078,
       38.185056
      ],
      [
       -81.024313,
       38.185085
      ],
      [
       -81.024564,
       38.185092
      ],
      [
       -81.025123,
       38.185039
      ],
      [
       -81.02543,
       38.184958
      ],
      [
       -81.026326,
       38.184545
      ],
      [
       -81.026465,
       38.184518
      ],
      [
       -81.026636,
       38.184517
      ],
      [
       -81.026825,
       38.184493
      ],
      [
       -81.026976,
       38.184468
      ],
      [
       -81.027129,
       38.184419
      ],
      [
       -81.027577,
       38.184199
      ],
      [
       -81.027764,
       38.184081
      ],
      [
       -81.027867,
       38.183977
      ],
      [
       -81.028061,
       38.183688
      ],
      [
       -81.028168,
       38.183575
      ],
      [
       -81.028393,
       38.183427
      ],
      [
       -81.028503,
       38.183327
      ],
      [
       -81.028591,
       38.183196
      ],
      [
       -81.028647,
       38.182973
      ],
      [
       -81.028624,
       38.182619
      ],
      [
       -81.028704,
       38.182191
      ],
      [
       -81.028703,
       38.181877
      ],
      [
       -81.028729,
       38.181708
      ],
      [
       -81.028791,
       38.181596
      ],
      [
       -81.028918,
       38.181511
      ],
      [
       -81.029225,
       38.181423
      ],
      [
       -81.029278,
       38.18139
      ],
      [
       -81.029326,
       38.181333
      ],
      [
       -81.029348,
       38.181265
      ],
      [
       -81.029308,
       38.180923
      ],
      [
       -81.029226,
       38.180594
      ],
      [
       -81.02923,
       38.180111
      ],
      [
       -81.029303,
       38.179975
      ],
      [
       -81.02969,
       38.179541
      ],
      [
       -81.029784,
       38.179366
      ],
      [
       -81.029847,
       38.179198
      ],
      [
       -81.029855,
       38.17913
      ],
      [
       -81.02983,
       38.179018
      ],
      [
       -81.029823,
       38.178857
      ],
      [
       -81.02964,
       38.177734
      ],
      [
       -81.029537,
       38.177343
      ],
      [
       -81.029497,
       38.177105
      ],
      [
       -81.029427,
       38.176918
      ],
      [
       -81.029184,
       38.176082
      ],
      [
       -81.029173,
       38.175867
      ],
      [
       -81.029216,
       38.175723
      ],
      [
       -81.02933,
       38.175581
      ],
      [
       -81.029801,
       38.175122
      ],
      [
       -81.030061,
       38.174842
      ],
      [
       -81.03026,
       38.1745
      ],
      [
       -81.030293,
       38.17438
      ],
      [
       -81.030295,
       38.174282
      ],
      [
       -81.030225,
       38.173904
      ],
      [
       -81.030328,
       38.173435
      ],
      [
       -81.03034,
       38.173167
      ],
      [
       -81.030256,
       38.172659
      ],
      [
       -81.030248,
       38.172327
      ],
      [
       -81.030194,
       38.172029
      ],
      [
       -81.030118,
       38.171904
      ],
      [
       -81.029849,
       38.171639
      ],
      [
       -81.029793,
       38.171562
      ],
      [
       -81.029684,
       38.171342
      ],
      [
       -81.029649,
       38.171205
      ],
      [
       -81.029645,
       38.171044
      ],
      [
       -81.029712,
       38.170667
      ],
      [
       -81.029796,
       38.170399
      ],
      [
       -81.029954,
       38.170135
      ],
      [
       -81.030238,
       38.169832
      ],
      [
       -81.030282,
       38.169765
      ],
      [
       -81.030883,
       38.169833
      ],
      [
       -81.031097,
       38.169839
      ],
      [
       -81.031446,
       38.169763
      ],
      [
       -81.031764,
       38.16964
      ],
      [
       -81.032473,
       38.169254
      ],
      [
       -81.032707,
       38.1691
      ],
      [
       -81.032774,
       38.169021
      ],
      [
       -81.032873,
       38.168819
      ],
      [
       -81.032907,
       38.16871
      ],
      [
       -81.033034,
       38.168596
      ],
      [
       -81.033164,
       38.168411
      ],
      [
       -81.033243,
       38.168326
      ],
      [
       -81.033351,
       38.168263
      ],
      [
       -81.033531,
       38.16821
      ],
      [
       -81.034012,
       38.168145
      ],
      [
       -81.034288,
       38.168075
      ],
      [
       -81.034482,
       38.168003
      ],
      [
       -81.034772,
       38.167834
      ],
      [
       -81.034856,
       38.167746
      ],
      [
       -81.034999,
       38.167596
      ],
      [
       -81.035036,
       38.167511
      ],
      [
       -81.035079,
       38.167017
      ],
      [
       -81.035094,
       38.166838
      ],
      [
       -81.035145,
       38.166762
      ],
      [
       -81.035467,
       38.166502
      ],
      [
       -81.035498,
       38.166446
      ],
      [
       -81.035536,
       38.166278
      ],
      [
       -81.03571,
       38.165794
      ],
      [
       -81.035864,
       38.165518
      ],
      [
       -81.035942,
       38.165428
      ],
      [
       -81.036344,
       38.165253
      ],
      [
       -81.036784,
       38.165062
      ],
      [
       -81.037174,
       38.164823
      ],
      [
       -81.037323,
       38.164713
      ],
      [
       -81.037516,
       38.164639
      ],
      [
       -81.037843,
       38.16445
      ],
      [
       -81.037893,
       38.164382
      ],
      [
       -81.03791,
       38.164274
      ],
      [
       -81.037908,
       38.164129
      ],
      [
       -81.03787,
       38.164066
      ],
      [
       -81.037548,
       38.163742
      ],
      [
       -81.037342,
       38.16359
      ],
      [
       -81.037031,
       38.163317
      ],
      [
       -81.03686,
       38.163127
      ],
      [
       -81.036789,
       38.162987
      ],
      [
       -81.036723,
       38.162736
      ],
      [
       -81.036714,
       38.162621
      ],
      [
       -81.036742,
       38.162395
      ],
      [
       -81.036722,
       38.162121
      ],
      [
       -81.036677,
       38.161982
      ],
      [
       -81.0365,
       38.161634
      ],
      [
       -81.036164,
       38.161169
      ],
      [
       -81.036109,
       38.161053
      ],
      [
       -81.036045,
       38.160856
      ],
      [
       -81.035971,
       38.160363
      ],
      [
       -81.035912,
       38.160231
      ],
      [
       -81.035643,
       38.160007
      ],
      [
       -81.035111,
       38.159688
      ],
      [
       -81.034819,
       38.159542
      ],
      [
       -81.034651,
       38.159428
      ],
      [
       -81.034337,
       38.159259
      ],
      [
       -81.034196,
       38.159208
      ],
      [
       -81.033996,
       38.159069
      ],
      [
       -81.033536,
       38.158823
      ],
      [
       -81.033464,
       38.158768
      ],
      [
       -81.033357,
       38.158642
      ],
      [
       -81.033317,
       38.15855
      ],
      [
       -81.033301,
       38.158453
      ],
      [
       -81.03335,
       38.158203
      ],
      [
       -81.033306,
       38.158087
      ],
      [
       -81.033308,
       38.157984
      ],
      [
       -81.033373,
       38.157858
      ],
      [
       -81.033515,
       38.157333
      ],
      [
       -81.033549,
       38.157091
      ],
      [
       -81.033574,
       38.156671
      ],
      [
       -81.033546,
       38.156558
      ],
      [
       -81.033543,
       38.156443
      ],
      [
       -81.033592,
       38.156188
      ],
      [
       -81.033575,
       38.15601
      ],
      [
       -81.033642,
       38.155808
      ],
      [
       -81.033726,
       38.15574
      ],
      [
       -81.033856,
       38.155554
      ],
      [
       -81.033943,
       38.155372
      ],
      [
       -81.034099,
       38.155155
      ],
      [
       -81.034192,
       38.155078
      ],
      [
       -81.034697,
       38.154809
      ],
      [
       -81.034824,
       38.154718
      ],
      [
       -81.035007,
       38.154504
      ],
      [
       -81.0351,
       38.154336
      ],
      [
       -81.035335,
       38.154015
      ],
      [
       -81.035402,
       38.153958
      ],
      [
       -81.035514,
       38.153931
      ],
      [
       -81.03561,
       38.153942
      ],
      [
       -81.035783,
       38.154005
      ],
      [
       -81.036026,
       38.154008
      ],
      [
       -81.03623,
       38.153961
      ],
      [
       -81.036488,
       38.153869
      ],
      [
       -81.036863,
       38.15372
      ],
      [
       -81.036967,
       38.153655
      ],
      [
       -81.037013,
       38.153587
      ],
      [
       -81.03704,
       38.153493
      ],
      [
       -81.037074,
       38.153075
      ],
      [
       -81.037075,
       38.152706
      ],
      [
       -81.037046,
       38.152432
      ],
      [
       -81.036988,
       38.15229
      ],
      [
       -81.036904,
       38.152196
      ],
      [
       -81.036814,
       38.152129
      ],
      [
       -81.035757,
       38.151447
      ],
      [
       -81.035456,
       38.151231
      ],
      [
       -81.035367,
       38.151109
      ],
      [
       -81.035368,
       38.151032
      ],
      [
       -81.035393,
       38.150984
      ],
      [
       -81.035468,
       38.150908
      ],
      [
       -81.035556,
       38.150853
      ],
      [
       -81.036039,
       38.15062
      ],
      [
       -81.036323,
       38.15045
      ],
      [
       -81.037516,
       38.149613
      ],
      [
       -81.038022,
       38.149285
      ],
      [
       -81.03808,
       38.149231
      ],
      [
       -81.038135,
       38.149134
      ],
      [
       -81.038157,
       38.149056
      ],
      [
       -81.038233,
       38.148529
      ],
      [
       -81.038322,
       38.148338
      ],
      [
       -81.038435,
       38.148216
      ],
      [
       -81.039052,
       38.14765
      ],
      [
       -81.039185,
       38.147484
      ],
      [
       -81.039421,
       38.147139
      ],
      [
       -81.039568,
       38.14696
      ],
      [
       -81.039687,
       38.146855
      ],
      [
       -81.039866,
       38.146777
      ],
      [
       -81.039964,
       38.146734
      ],
      [
       -81.040363,
       38.146616
      ],
      [
       -81.041136,
       38.146337
      ],
      [
       -81.041546,
       38.146212
      ],
      [
       -81.041734,
       38.146192
      ],
      [
       -81.04188,
       38.146201
      ],
      [
       -81.042035,
       38.146224
      ],
      [
       -81.042409,
       38.146325
      ],
      [
       -81.042553,
       38.146336
      ],
      [
       -81.042644,
       38.146309
      ],
      [
       -81.042718,
       38.146237
      ],
      [
       -81.042739,
       38.14616
      ],
      [
       -81.042735,
       38.146089
      ],
      [
       -81.042556,
       38.145325
      ],
      [
       -81.042465,
       38.144753
      ],
      [
       -81.042448,
       38.144343
      ],
      [
       -81.042463,
       38.144275
      ],
      [
       -81.042524,
       38.144208
      ],
      [
       -81.04259,
       38.144177
      ],
      [
       -81.042719,
       38.14416
      ],
      [
       -81.042912,
       38.144165
      ],
      [
       -81.043297,
       38.144217
      ],
      [
       -81.043815,
       38.144328
      ],
      [
       -81.044353,
       38.144411
      ],
      [
       -81.044649,
       38.144416
      ],
      [
       -81.044756,
       38.144374
      ],
      [
       -81.044799,
       38.144335
      ],
      [
       -81.044832,
       38.144271
      ],
      [
       -81.044868,
       38.144015
      ],
      [
       -81.044875,
       38.143818
      ],
      [
       -81.044912,
       38.143725
      ],
      [
       -81.044958,
       38.143664
      ],
      [
       -81.045059,
       38.143597
      ],
      [
       -81.045551,
       38.143378
      ],
      [
       -81.046118,
       38.143158
      ],
      [
       -81.046215,
       38.143145
      ],
      [
       -81.046367,
       38.143173
      ],
      [
       -81.046618,
       38.143302
      ],
      [
       -81.046715,
       38.143322
      ],
      [
       -81.046802,
       38.143312
      ],
      [
       -81.046891,
       38.143277
      ],
      [
       -81.047129,
       38.143113
      ],
      [
       -81.047343,
       38.142896
      ],
      [
       -81.047547,
       38.142598
      ],
      [
       -81.047901,
       38.142315
      ],
      [
       -81.047959,
       38.142259
      ],
      [
       -81.047995,
       38.142196
      ],
      [
       -81.047986,
       38.142093
      ],
      [
       -81.047907,
       38.141965
      ],
      [
       -81.047589,
       38.141597
      ],
      [
       -81.047494,
       38.141352
      ],
      [
       -81.047501,
       38.141293
      ],
      [
       -81.047635,
       38.141022
      ],
      [
       -81.047741,
       38.140906
      ],
      [
       -81.047893,
       38.140815
      ],
      [
       -81.048121,
       38.140718
      ],
      [
       -81.048247,
       38.140644
      ],
      [
       -81.048353,
       38.14053
      ],
      [
       -81.048411,
       38.140433
      ],
      [
       -81.048497,
       38.140178
      ],
      [
       -81.048549,
       38.14007
      ],
      [
       -81.048605,
       38.140003
      ],
      [
       -81.048699,
       38.139942
      ],
      [
       -81.048843,
       38.139892
      ],
      [
       -81.049061,
       38.139854
      ],
      [
       -81.049668,
       38.139811
      ],
      [
       -81.049974,
       38.139815
      ],
      [
       -81.050138,
       38.139855
      ],
      [
       -81.0503,
       38.139916
      ],
      [
       -81.050807,
       38.140474
      ],
      [
       -81.050956,
       38.140609
      ],
      [
       -81.051194,
       38.140773
      ],
      [
       -81.052049,
       38.141299
      ],
      [
       -81.05237,
       38.141524
      ],
      [
       -81.052584,
       38.141707
      ],
      [
       -81.053141,
       38.142481
      ],
      [
       -81.053326,
       38.142671
      ],
      [
       -81.053466,
       38.14276
      ],
      [
       -81.053617,
       38.142813
      ],
      [
       -81.053739,
       38.142823
      ],
      [
       -81.054061,
       38.142784
      ],
      [
       -81.054233,
       38.142719
      ],
      [
       -81.054387,
       38.142592
      ],
      [
       -81.054626,
       38.142162
      ],
      [
       -81.054734,
       38.142015
      ],
      [
       -81.054893,
       38.141841
      ],
      [
       -81.054938,
       38.141811
      ],
      [
       -81.055056,
       38.141733
      ],
      [
       -81.055421,
       38.141552
      ],
      [
       -81.055519,
       38.141492
      ],
      [
       -81.055642,
       38.141388
      ],
      [
       -81.055779,
       38.141217
      ],
      [
       -81.055943,
       38.140955
      ],
      [
       -81.05618,
       38.140523
      ],
      [
       -81.056256,
       38.140312
      ],
      [
       -81.056297,
       38.140084
      ],
      [
       -81.056301,
       38.139959
      ],
      [
       -81.05628,
       38.139837
      ],
      [
       -81.056212,
       38.139687
      ],
      [
       -81.056148,
       38.139614
      ],
      [
       -81.055818,
       38.13933
      ],
      [
       -81.055772,
       38.139211
      ],
      [
       -81.055824,
       38.139088
      ],
      [
       -81.056034,
       38.138813
      ],
      [
       -81.056392,
       38.138403
      ],
      [
       -81.057176,
       38.137618
      ],
      [
       -81.0575,
       38.137266
      ],
      [
       -81.057834,
       38.136865
      ],
      [
       -81.058015,
       38.136712
      ],
      [
       -81.058173,
       38.136579
      ],
      [
       -81.0584,
       38.136432
      ],
      [
       -81.058596,
       38.136326
      ],
      [
       -81.058923,
       38.136168
      ],
      [
       -81.059267,
       38.136038
      ],
      [
       -81.059429,
       38.136001
      ],
      [
       -81.05962,
       38.135958
      ],
      [
       -81.060304,
       38.135904
      ],
      [
       -81.060747,
       38.135807
      ],
      [
       -81.060944,
       38.135748
      ],
      [
       -81.060982,
       38.13573
      ],
      [
       -81.061116,
       38.135665
      ],
      [
       -81.061252,
       38.135559
      ],
      [
       -81.061331,
       38.135473
      ],
      [
       -81.061613,
       38.135073
      ],
      [
       -81.061903,
       38.134744
      ],
      [
       -81.062126,
       38.134582
      ],
      [
       -81.062281,
       38.134512
      ],
      [
       -81.062871,
       38.134368
      ],
      [
       -81.06361,
       38.134231
      ],
      [
       -81.063994,
       38.13417
      ],
      [
       -81.064435,
       38.134148
      ],
      [
       -81.064632,
       38.134081
      ],
      [
       -81.064699,
       38.134037
      ],
      [
       -81.064743,
       38.133978
      ],
      [
       -81.064779,
       38.13383
      ],
      [
       -81.064792,
       38.133509
      ],
      [
       -81.064856,
       38.133304
      ],
      [
       -81.06493,
       38.133186
      ],
      [
       -81.065,
       38.133114
      ],
      [
       -81.06527,
       38.132969
      ],
      [
       -81.065535,
       38.132872
      ],
      [
       -81.065978,
       38.13278
      ],
      [
       -81.066177,
       38.132755
      ],
      [
       -81.066685,
       38.132724
      ],
      [
       -81.067016,
       38.132725
      ],
      [
       -81.067195,
       38.132711
      ],
      [
       -81.067303,
       38.132687
      ],
      [
       -81.067446,
       38.132619
      ],
      [
       -81.067505,
       38.132556
      ],
      [
       -81.067693,
       38.132151
      ],
      [
       -81.067813,
       38.132023
      ],
      [
       -81.068233,
       38.131713
      ],
      [
       -81.068347,
       38.131612
      ],
      [
       -81.068613,
       38.131294
      ],
      [
       -81.068856,
       38.131083
      ],
      [
       -81.068979,
       38.131006
      ],
      [
       -81.069202,
       38.130903
      ],
      [
       -81.069326,
       38.130862
      ],
      [
       -81.069896,
       38.130727
      ],
      [
       -81.069968,
       38.130702
      ],
      [
       -81.070052,
       38.130647
      ],
      [
       -81.070079,
       38.130609
      ],
      [
       -81.070106,
       38.130497
      ],
      [
       -81.070094,
       38.130418
      ],
      [
       -81.069763,
       38.129845
      ],
      [
       -81.069746,
       38.129758
      ],
      [
       -81.069759,
       38.129636
      ],
      [
       -81.069842,
       38.129399
      ],
      [
       -81.069968,
       38.12919
      ],
      [
       -81.070174,
       38.128968
      ],
      [
       -81.070324,
       38.128834
      ],
      [
       -81.070437,
       38.128762
      ],
      [
       -81.070684,
       38.128655
      ],
      [
       -81.071689,
       38.128293
      ],
      [
       -81.072025,
       38.128226
      ],
      [
       -81.072316,
       38.128201
      ],
      [
       -81.072691,
       38.128196
      ],
      [
       -81.072867,
       38.12822
      ],
      [
       -81.073683,
       38.128445
      ],
      [
       -81.074027,
       38.12849
      ],
      [
       -81.074135,
       38.128521
      ],
      [
       -81.074728,
       38.129455
      ],
      [
       -81.075019,
       38.130039
      ],
      [
       -81.075096,
       38.130425
      ],
      [
       -81.075315,
       38.131525
      ],
      [
       -81.075317,
       38.131534
      ],
      [
       -81.07535,
       38.131597
      ],
      [
       -81.075579,
       38.132032
      ],
      [
       -81.075687,
       38.13217
      ],
      [
       -81.075866,
       38.132399
      ],
      [
       -81.076035,
       38.132615
      ],
      [
       -81.076928,
       38.133175
      ],
      [
       -81.077353,
       38.133345
      ],
      [
       -81.077809,
       38.133478
      ],
      [
       -81.078205,
       38.133557
      ],
      [
       -81.078634,
       38.133589
      ],
      [
       -81.079349,
       38.133584
      ],
      [
       -81.080929,
       38.133526
      ],
      [
       -81.081071,
       38.133521
      ],
      [
       -81.081196,
       38.13352
      ],
      [
       -81.082008,
       38.133485
      ],
      [
       -81.083424,
       38.133426
      ],
      [
       -81.084761,
       38.133366
      ],
      [
       -81.085525,
       38.133353
      ],
      [
       -81.08642,
       38.133344
      ],
      [
       -81.088591,
       38.133367
      ],
      [
       -81.090743,
       38.1334
      ],
      [
       -81.092534,
       38.133426
      ],
      [
       -81.092975,
       38.133443
      ],
      [
       -81.093234,
       38.133466
      ],
      [
       -81.093499,
       38.133488
      ],
      [
       -81.093758,
       38.133529
      ],
      [
       -81.094123,
       38.133597
      ],
      [
       -81.094479,
       38.133685
      ],
      [
       -81.094871,
       38.133797
      ],
      [
       -81.095335,
       38.133957
      ],
      [
       -81.095563,
       38.13405
      ],
      [
       -81.095695,
       38.134112
      ],
      [
       -81.096104,
       38.134299
      ],
      [
       -81.096502,
       38.134503
      ],
      [
       -81.096805,
       38.134656
      ],
      [
       -81.097522,
       38.135097
      ],
      [
       -81.09795,
       38.13534
      ],
      [
       -81.098492,
       38.135672
      ],
      [
       -81.099059,
       38.13601
      ],
      [
       -81.099259,
       38.136107
      ],
      [
       -81.09946,
       38.136187
      ],
      [
       -81.099662,
       38.136247
      ],
      [
       -81.09987,
       38.136285
      ],
      [
       -81.100098,
       38.136299
      ],
      [
       -81.100236,
       38.136301
      ],
      [
       -81.100404,
       38.136297
      ],
      [
       -81.100535,
       38.13628
      ],
      [
       -81.100711,
       38.136247
      ],
      [
       -81.100873,
       38.136207
      ],
      [
       -81.101023,
       38.136156
      ],
      [
       -81.101146,
       38.136093
      ],
      [
       -81.10131,
       38.13601
      ],
      [
       -81.101462,
       38.135903
      ],
      [
       -81.101618,
       38.135776
      ],
      [
       -81.10179,
       38.135599
      ],
      [
       -81.101921,
       38.135431
      ],
      [
       -81.102397,
       38.134804
      ],
      [
       -81.102544,
       38.134607
      ],
      [
       -81.102608,
       38.134521
      ],
      [
       -81.102851,
       38.13418
      ],
      [
       -81.103169,
       38.133799
      ],
      [
       -81.103466,
       38.13347
      ],
      [
       -81.103707,
       38.133254
      ],
      [
       -81.103854,
       38.13314
      ],
      [
       -81.104006,
       38.133027
      ],
      [
       -81.104176,
       38.132924
      ],
      [
       -81.104383,
       38.132816
      ],
      [
       -81.104578,
       38.132713
      ],
      [
       -81.105231,
       38.132417
      ],
      [
       -81.105465,
       38.132318
      ],
      [
       -81.1057,
       38.132232
      ],
      [
       -81.106063,
       38.132124
      ],
      [
       -81.106658,
       38.131954
      ],
      [
       -81.106858,
       38.131883
      ],
      [
       -81.107077,
       38.131781
      ],
      [
       -81.107294,
       38.131668
      ],
      [
       -81.10745,
       38.131576
      ],
      [
       -81.10778,
       38.131319
      ],
      [
       -81.108093,
       38.131025
      ],
      [
       -81.108235,
       38.130862
      ],
      [
       -81.108353,
       38.130688
      ],
      [
       -81.108593,
       38.130213
      ],
      [
       -81.108828,
       38.12969
      ],
      [
       -81.108885,
       38.129545
      ],
      [
       -81.108938,
       38.129406
      ],
      [
       -81.108986,
       38.129198
      ],
      [
       -81.109007,
       38.128969
      ],
      [
       -81.108993,
       38.12876
      ],
      [
       -81.108813,
       38.128168
      ],
      [
       -81.108777,
       38.12797
      ],
      [
       -81.10879,
       38.127794
      ],
      [
       -81.108839,
       38.127643
      ],
      [
       -81.108945,
       38.127461
      ],
      [
       -81.109382,
       38.126881
      ],
      [
       -81.109957,
       38.126058
      ],
      [
       -81.110534,
       38.125316
      ],
      [
       -81.110958,
       38.124777
      ],
      [
       -81.111105,
       38.124562
      ],
      [
       -81.111275,
       38.124361
      ],
      [
       -81.111435,
       38.12422
      ],
      [
       -81.111674,
       38.124077
      ],
      [
       -81.111965,
       38.123944
      ],
      [
       -81.112256,
       38.123824
      ],
      [
       -81.112393,
       38.123775
      ],
      [
       -81.112515,
       38.123732
      ],
      [
       -81.112697,
       38.123685
      ],
      [
       -81.113836,
       38.123486
      ],
      [
       -81.114089,
       38.123442
      ],
      [
       -81.114189,
       38.123425
      ],
      [
       -81.114656,
       38.123338
      ],
      [
       -81.115358,
       38.123207
      ],
      [
       -81.115695,
       38.123145
      ],
      [
       -81.116586,
       38.122976
      ],
      [
       -81.117325,
       38.122843
      ],
      [
       -81.117639,
       38.122528
      ],
      [
       -81.117827,
       38.12221
      ],
      [
       -81.117881,
       38.1221
      ]
     ],
     [
      [
       -81.117881,
       38.1221
      ],
      [
       -81.117827,
       38.12221
      ],
      [
       -81.117639,
       38.122528
      ],
      [
       -81.117663,
       38.122594
      ],
      [
       -81.117689,
       38.122649
      ],
      [
       -81.117723,
       38.122685
      ],
      [
       -81.117769,
       38.122709
      ],
      [
       -81.117878,
       38.122735
      ],
      [
       -81.119725,
       38.122401
      ],
      [
       -81.120471,
       38.122264
      ],
      [
       -81.121071,
       38.122151
      ],
      [
       -81.12245,
       38.121896
      ],
      [
       -81.122604,
       38.121883
      ],
      [
       -81.122844,
       38.121894
      ],
      [
       -81.123037,
       38.121929
      ],
      [
       -81.123223,
       38.121993
      ],
      [
       -81.123457,
       38.122123
      ],
      [
       -81.123665,
       38.122212
      ],
      [
       -81.123908,
       38.122258
      ],
      [
       -81.12443,
       38.122293
      ],
      [
       -81.124639,
       38.122314
      ],
      [
       -81.12485,
       38.12236
      ],
      [
       -81.125104,
       38.122424
      ],
      [
       -81.125432,
       38.122484
      ],
      [
       -81.125692,
       38.122478
      ],
      [
       -81.125888,
       38.122462
      ],
      [
       -81.126131,
       38.122368
      ],
      [
       -81.126279,
       38.122307
      ],
      [
       -81.126571,
       38.12229
      ],
      [
       -81.126875,
       38.122401
      ],
      [
       -81.127278,
       38.122612
      ],
      [
       -81.127337,
       38.122649
      ],
      [
       -81.127383,
       38.122674
      ],
      [
       -81.127537,
       38.122771
      ],
      [
       -81.127672,
       38.122885
      ],
      [
       -81.127744,
       38.12296
      ],
      [
       -81.127805,
       38.123017
      ],
      [
       -81.127892,
       38.123128
      ],
      [
       -81.127997,
       38.12324
      ],
      [
       -81.128072,
       38.123341
      ],
      [
       -81.128189,
       38.1235
      ],
      [
       -81.128257,
       38.123615
      ],
      [
       -81.128311,
       38.123744
      ],
      [
       -81.128356,
       38.123866
      ],
      [
       -81.128389,
       38.124001
      ],
      [
       -81.128407,
       38.124225
      ],
      [
       -81.128388,
       38.124978
      ],
      [
       -81.128374,
       38.125526
      ],
      [
       -81.12833,
       38.12574
      ],
      [
       -81.128165,
       38.126242
      ],
      [
       -81.128165,
       38.126344
      ],
      [
       -81.128185,
       38.126437
      ],
      [
       -81.128244,
       38.126505
      ],
      [
       -81.128342,
       38.126536
      ],
      [
       -81.128445,
       38.126539
      ],
      [
       -81.128535,
       38.126499
      ],
      [
       -81.1287,
       38.126382
      ],
      [
       -81.129362,
       38.125761
      ],
      [
       -81.129454,
       38.125662
      ],
      [
       -81.130417,
       38.124453
      ],
      [
       -81.13057,
       38.124242
      ],
      [
       -81.130822,
       38.123889
      ],
      [
       -81.131246,
       38.123649
      ],
      [
       -81.131696,
       38.12359
      ],
      [
       -81.132297,
       38.123691
      ],
      [
       -81.132841,
       38.123807
      ],
      [
       -81.133548,
       38.123921
      ],
      [
       -81.134096,
       38.123926
      ],
      [
       -81.134652,
       38.12387
      ],
      [
       -81.134889,
       38.12382
      ],
      [
       -81.135446,
       38.123668
      ],
      [
       -81.136045,
       38.123439
      ],
      [
       -81.136258,
       38.123355
      ],
      [
       -81.136413,
       38.123309
      ],
      [
       -81.136536,
       38.123285
      ],
      [
       -81.136664,
       38.123278
      ],
      [
       -81.136778,
       38.123292
      ],
      [
       -81.136871,
       38.123316
      ],
      [
       -81.136972,
       38.123355
      ],
      [
       -81.137046,
       38.123407
      ],
      [
       -81.137193,
       38.123552
      ],
      [
       -81.137351,
       38.123699
      ],
      [
       -81.137412,
       38.12373
      ],
      [
       -81.137473,
       38.123742
      ],
      [
       -81.137549,
       38.12375
      ],
      [
       -81.137621,
       38.123746
      ],
      [
       -81.137739,
       38.123727
      ],
      [
       -81.137886,
       38.123681
      ],
      [
       -81.13808,
       38.12362
      ],
      [
       -81.138359,
       38.123552
      ],
      [
       -81.138624,
       38.123525
      ],
      [
       -81.138757,
       38.123487
      ],
      [
       -81.13913,
       38.123316
      ],
      [
       -81.139249,
       38.123282
      ],
      [
       -81.139377,
       38.123268
      ],
      [
       -81.139541,
       38.123282
      ],
      [
       -81.139675,
       38.12334
      ],
      [
       -81.139967,
       38.123488
      ],
      [
       -81.140177,
       38.123604
      ],
      [
       -81.140452,
       38.123765
      ],
      [
       -81.140764,
       38.123943
      ],
      [
       -81.140984,
       38.12407
      ],
      [
       -81.141085,
       38.124178
      ],
      [
       -81.141139,
       38.124277
      ],
      [
       -81.14114,
       38.124391
      ],
      [
       -81.141104,
       38.124614
      ],
      [
       -81.141104,
       38.124695
      ],
      [
       -81.141116,
       38.124749
      ],
      [
       -81.141167,
       38.124838
      ],
      [
       -81.141304,
       38.124982
      ],
      [
       -81.141455,
       38.125127
      ],
      [
       -81.141612,
       38.125288
      ],
      [
       -81.141817,
       38.125557
      ],
      [
       -81.141872,
       38.125739
      ],
      [
       -81.141876,
       38.125979
      ],
      [
       -81.141928,
       38.126273
      ],
      [
       -81.141994,
       38.126405
      ],
      [
       -81.142083,
       38.126483
      ],
      [
       -81.142329,
       38.126662
      ],
      [
       -81.142445,
       38.126794
      ],
      [
       -81.142473,
       38.126851
      ],
      [
       -81.142477,
       38.126912
      ],
      [
       -81.14247,
       38.126973
      ],
      [
       -81.14245,
       38.127026
      ],
      [
       -81.142406,
       38.127097
      ],
      [
       -81.142348,
       38.127159
      ],
      [
       -81.1421,
       38.127333
      ],
      [
       -81.141695,
       38.12758
      ],
      [
       -81.141417,
       38.127813
      ],
      [
       -81.141368,
       38.127913
      ],
      [
       -81.141365,
       38.127995
      ],
      [
       -81.141397,
       38.128068
      ],
      [
       -81.141456,
       38.128144
      ],
      [
       -81.141583,
       38.128225
      ],
      [
       -81.142165,
       38.12843
      ],
      [
       -81.143892,
       38.129062
      ],
      [
       -81.144151,
       38.129164
      ],
      [
       -81.144256,
       38.129265
      ],
      [
       -81.14434,
       38.129383
      ],
      [
       -81.144379,
       38.12953
      ],
      [
       -81.144386,
       38.129669
      ],
      [
       -81.14436,
       38.129809
      ],
      [
       -81.144203,
       38.130295
      ],
      [
       -81.144189,
       38.13048
      ],
      [
       -81.144201,
       38.130571
      ],
      [
       -81.144242,
       38.130651
      ],
      [
       -81.144312,
       38.130722
      ],
      [
       -81.144406,
       38.130777
      ],
      [
       -81.144738,
       38.130921
      ],
      [
       -81.145156,
       38.130988
      ],
      [
       -81.14535,
       38.131
      ],
      [
       -81.145519,
       38.131015
      ],
      [
       -81.145638,
       38.131052
      ],
      [
       -81.145753,
       38.131105
      ],
      [
       -81.145873,
       38.131215
      ],
      [
       -81.14595,
       38.13134
      ],
      [
       -81.145989,
       38.131439
      ],
      [
       -81.146004,
       38.131555
      ],
      [
       -81.14594,
       38.131981
      ],
      [
       -81.145922,
       38.132119
      ],
      [
       -81.145931,
       38.132272
      ],
      [
       -81.145945,
       38.13232
      ],
      [
       -81.145965,
       38.132372
      ],
      [
       -81.146026,
       38.132456
      ],
      [
       -81.146277,
       38.132734
      ],
      [
       -81.146338,
       38.132814
      ],
      [
       -81.146376,
       38.132896
      ],
      [
       -81.146378,
       38.132977
      ],
      [
       -81.146366,
       38.133026
      ],
      [
       -81.146339,
       38.133076
      ],
      [
       -81.146288,
       38.133141
      ],
      [
       -81.146194,
       38.133214
      ],
      [
       -81.145556,
       38.13351
      ],
      [
       -81.145145,
       38.133688
      ],
      [
       -81.144713,
       38.133933
      ],
      [
       -81.144482,
       38.134048
      ],
      [
       -81.144438,
       38.134096
      ],
      [
       -81.144414,
       38.134148
      ],
      [
       -81.144402,
       38.134254
      ],
      [
       -81.144447,
       38.134346
      ],
      [
       -81.144501,
       38.134412
      ],
      [
       -81.144683,
       38.134525
      ],
      [
       -81.144808,
       38.134574
      ],
      [
       -81.144994,
       38.13462
      ],
      [
       -81.145615,
       38.134709
      ],
      [
       -81.146616,
       38.134917
      ],
      [
       -81.146841,
       38.134981
      ],
      [
       -81.146929,
       38.135047
      ],
      [
       -81.146986,
       38.135124
      ],
      [
       -81.147016,
       38.135202
      ],
      [
       -81.147024,
       38.135304
      ],
      [
       -81.147014,
       38.135411
      ],
      [
       -81.146945,
       38.135618
      ],
      [
       -81.146677,
       38.136408
      ],
      [
       -81.146338,
       38.137665
      ],
      [
       -81.146313,
       38.137812
      ],
      [
       -81.146311,
       38.137947
      ],
      [
       -81.146344,
       38.138119
      ],
      [
       -81.146396,
       38.138276
      ],
      [
       -81.14647,
       38.138426
      ],
      [
       -81.146554,
       38.138534
      ],
      [
       -81.146664,
       38.138616
      ],
      [
       -81.146794,
       38.13869
      ],
      [
       -81.146873,
       38.138745
      ],
      [
       -81.146976,
       38.138819
      ],
      [
       -81.147047,
       38.138905
      ],
      [
       -81.147105,
       38.139003
      ],
      [
       -81.147129,
       38.139103
      ],
      [
       -81.147116,
       38.139274
      ],
      [
       -81.147067,
       38.139521
      ],
      [
       -81.146883,
       38.140147
      ],
      [
       -81.146662,
       38.140762
      ],
      [
       -81.146454,
       38.141195
      ],
      [
       -81.146413,
       38.141341
      ],
      [
       -81.146425,
       38.141419
      ],
      [
       -81.146479,
       38.141468
      ],
      [
       -81.146549,
       38.141492
      ],
      [
       -81.146654,
       38.14148
      ],
      [
       -81.146725,
       38.141435
      ],
      [
       -81.146864,
       38.141255
      ],
      [
       -81.147056,
       38.141051
      ],
      [
       -81.147369,
       38.140796
      ],
      [
       -81.147593,
       38.140616
      ],
      [
       -81.147724,
       38.140512
      ],
      [
       -81.147866,
       38.140432
      ],
      [
       -81.148104,
       38.140366
      ],
      [
       -81.148356,
       38.14034
      ],
      [
       -81.148639,
       38.140346
      ],
      [
       -81.148846,
       38.140388
      ],
      [
       -81.149008,
       38.140468
      ],
      [
       -81.149439,
       38.140793
      ],
      [
       -81.15007,
       38.141292
      ],
      [
       -81.150293,
       38.14152
      ],
      [
       -81.150856,
       38.142321
      ],
      [
       -81.151005,
       38.14249
      ],
      [
       -81.151164,
       38.142604
      ],
      [
       -81.151342,
       38.142687
      ],
      [
       -81.151492,
       38.142743
      ],
      [
       -81.151686,
       38.142785
      ],
      [
       -81.151836,
       38.142793
      ],
      [
       -81.151953,
       38.142775
      ],
      [
       -81.15205,
       38.142727
      ],
      [
       -81.15211,
       38.142668
      ],
      [
       -81.152155,
       38.142581
      ],
      [
       -81.152197,
       38.142374
      ],
      [
       -81.15224,
       38.142281
      ],
      [
       -81.15232,
       38.142176
      ],
      [
       -81.152426,
       38.142123
      ],
      [
       -81.152563,
       38.142085
      ],
      [
       -81.152727,
       38.142088
      ],
      [
       -81.152873,
       38.14213
      ],
      [
       -81.153034,
       38.142223
      ],
      [
       -81.153237,
       38.142413
      ],
      [
       -81.153383,
       38.142498
      ],
      [
       -81.153511,
       38.142551
      ],
      [
       -81.153722,
       38.142591
      ],
      [
       -81.153961,
       38.142568
      ],
      [
       -81.154137,
       38.14254
      ],
      [
       -81.154294,
       38.142539
      ],
      [
       -81.154434,
       38.142588
      ],
      [
       -81.154554,
       38.142671
      ],
      [
       -81.154663,
       38.142763
      ],
      [
       -81.154767,
       38.14288
      ],
      [
       -81.155531,
       38.14396
      ],
      [
       -81.155714,
       38.14412
      ],
      [
       -81.155913,
       38.144259
      ],
      [
       -81.15606,
       38.144337
      ],
      [
       -81.156207,
       38.144377
      ],
      [
       -81.156329,
       38.144374
      ],
      [
       -81.156427,
       38.144332
      ],
      [
       -81.156513,
       38.144267
      ],
      [
       -81.1568,
       38.143792
      ],
      [
       -81.156893,
       38.143671
      ],
      [
       -81.156997,
       38.143556
      ],
      [
       -81.157171,
       38.143376
      ],
      [
       -81.157333,
       38.143147
      ],
      [
       -81.157437,
       38.142934
      ],
      [
       -81.1575,
       38.142733
      ],
      [
       -81.157535,
       38.142527
      ],
      [
       -81.157562,
       38.142415
      ],
      [
       -81.157617,
       38.142331
      ],
      [
       -81.157715,
       38.142263
      ],
      [
       -81.157842,
       38.142193
      ],
      [
       -81.158273,
       38.142014
      ],
      [
       -81.158595,
       38.141889
      ],
      [
       -81.158779,
       38.141802
      ],
      [
       -81.159034,
       38.141614
      ],
      [
       -81.159219,
       38.141528
      ],
      [
       -81.159345,
       38.141519
      ],
      [
       -81.159512,
       38.141558
      ],
      [
       -81.159821,
       38.141657
      ],
      [
       -81.159967,
       38.141676
      ],
      [
       -81.160085,
       38.141657
      ],
      [
       -81.160203,
       38.141614
      ],
      [
       -81.160325,
       38.141523
      ],
      [
       -81.160534,
       38.141385
      ],
      [
       -81.160645,
       38.141324
      ],
      [
       -81.160772,
       38.14128
      ],
      [
       -81.161018,
       38.141212
      ],
      [
       -81.161265,
       38.141191
      ],
      [
       -81.161451,
       38.1412
      ],
      [
       -81.161942,
       38.141345
      ],
      [
       -81.16212,
       38.141371
      ],
      [
       -81.162264,
       38.141358
      ],
      [
       -81.162386,
       38.141313
      ],
      [
       -81.162493,
       38.141233
      ],
      [
       -81.162695,
       38.140894
      ],
      [
       -81.162828,
       38.140735
      ],
      [
       -81.162966,
       38.140619
      ],
      [
       -81.163113,
       38.14055
      ],
      [
       -81.163262,
       38.140494
      ],
      [
       -81.164352,
       38.140151
      ],
      [
       -81.164506,
       38.140094
      ],
      [
       -81.164643,
       38.14002
      ],
      [
       -81.16484,
       38.139893
      ],
      [
       -81.165051,
       38.139769
      ],
      [
       -81.165234,
       38.139686
      ],
      [
       -81.165431,
       38.139626
      ],
      [
       -81.165625,
       38.139566
      ],
      [
       -81.165783,
       38.139497
      ],
      [
       -81.165927,
       38.139396
      ],
      [
       -81.166063,
       38.139287
      ],
      [
       -81.166206,
       38.139202
      ],
      [
       -81.16631,
       38.139151
      ],
      [
       -81.16644,
       38.13912
      ],
      [
       -81.166596,
       38.1391
      ],
      [
       -81.166833,
       38.139085
      ],
      [
       -81.16699,
       38.139052
      ],
      [
       -81.167123,
       38.138984
      ],
      [
       -81.167229,
       38.138889
      ],
      [
       -81.167341,
       38.138713
      ],
      [
       -81.167445,
       38.138535
      ],
      [
       -81.16758,
       38.138381
      ],
      [
       -81.167726,
       38.13826
      ],
      [
       -81.167844,
       38.138188
      ],
      [
       -81.168013,
       38.138111
      ],
      [
       -81.168221,
       38.138054
      ],
      [
       -81.168627,
       38.137957
      ],
      [
       -81.168953,
       38.137865
      ],
      [
       -81.169186,
       38.137785
      ],
      [
       -81.169444,
       38.13767
      ],
      [
       -81.170286,
       38.137237
      ],
      [
       -81.170535,
       38.137101
      ],
      [
       -81.170718,
       38.136985
      ],
      [
       -81.170847,
       38.136881
      ],
      [
       -81.17093,
       38.136777
      ],
      [
       -81.170997,
       38.136673
      ],
      [
       -81.171083,
       38.13643
      ],
      [
       -81.171206,
       38.136111
      ],
      [
       -81.171318,
       38.135909
      ],
      [
       -81.171439,
       38.135753
      ],
      [
       -81.171567,
       38.135623
      ],
      [
       -81.171703,
       38.135528
      ],
      [
       -81.171863,
       38.135447
      ],
      [
       -81.171998,
       38.135405
      ],
      [
       -81.17213,
       38.135394
      ],
      [
       -81.172295,
       38.135419
      ],
      [
       -81.172402,
       38.135458
      ],
      [
       -81.172494,
       38.135538
      ],
      [
       -81.172558,
       38.135654
      ],
      [
       -81.172572,
       38.135777
      ],
      [
       -81.172593,
       38.135998
      ],
      [
       -81.172599,
       38.13631
      ],
      [
       -81.172597,
       38.136596
      ],
      [
       -81.17262,
       38.136813
      ],
      [
       -81.172653,
       38.136945
      ],
      [
       -81.172735,
       38.137086
      ],
      [
       -81.172848,
       38.137236
      ],
      [
       -81.172924,
       38.137326
      ],
      [
       -81.173,
       38.137444
      ],
      [
       -81.173037,
       38.137554
      ],
      [
       -81.173037,
       38.137669
      ],
      [
       -81.172992,
       38.137851
      ],
      [
       -81.172856,
       38.138225
      ],
      [
       -81.172668,
       38.138618
      ],
      [
       -81.172366,
       38.140603
      ],
      [
       -81.17235,
       38.141359
      ],
      [
       -81.172203,
       38.141758
      ],
      [
       -81.172041,
       38.142244
      ],
      [
       -81.172089,
       38.142599
      ],
      [
       -81.17244,
       38.143469
      ],
      [
       -81.172495,
       38.144504
      ],
      [
       -81.1726,
       38.145108
      ],
      [
       -81.172747,
       38.145523
      ],
      [
       -81.173042,
       38.147067
      ],
      [
       -81.173146,
       38.147307
      ],
      [
       -81.173425,
       38.147604
      ],
      [
       -81.173953,
       38.14811
      ],
      [
       -81.174962,
       38.149168
      ],
      [
       -81.175268,
       38.149378
      ],
      [
       -81.17589,
       38.149592
      ],
      [
       -81.176233,
       38.149784
      ],
      [
       -81.176504,
       38.150038
      ],
      [
       -81.176778,
       38.150494
      ],
      [
       -81.177066,
       38.150766
      ],
      [
       -81.177966,
       38.151329
      ],
      [
       -81.178121,
       38.151403
      ],
      [
       -81.178611,
       38.151807
      ],
      [
       -81.179012,
       38.152245
      ],
      [
       -81.179124,
       38.152399
      ],
      [
       -81.179463,
       38.153168
      ],
      [
       -81.179718,
       38.153506
      ],
      [
       -81.179951,
       38.153787
      ],
      [
       -81.180072,
       38.153927
      ],
      [
       -81.180145,
       38.153991
      ],
      [
       -81.180215,
       38.154038
      ],
      [
       -81.18029,
       38.154071
      ],
      [
       -81.180371,
       38.154099
      ],
      [
       -81.180466,
       38.154119
      ],
      [
       -81.180595,
       38.154134
      ],
      [
       -81.180721,
       38.154144
      ],
      [
       -81.180853,
       38.154141
      ],
      [
       -81.181217,
       38.154113
      ],
      [
       -81.181338,
       38.154107
      ],
      [
       -81.181446,
       38.154107
      ],
      [
       -81.181536,
       38.154115
      ],
      [
       -81.181633,
       38.154134
      ],
      [
       -81.181736,
       38.154159
      ],
      [
       -81.18182,
       38.154194
      ],
      [
       -81.182044,
       38.154308
      ],
      [
       -81.182215,
       38.154399
      ],
      [
       -81.182374,
       38.154491
      ],
      [
       -81.182512,
       38.154595
      ],
      [
       -81.182688,
       38.154745
      ],
      [
       -81.183559,
       38.155544
      ],
      [
       -81.183958,
       38.155915
      ],
      [
       -81.184128,
       38.156101
      ],
      [
       -81.184243,
       38.156258
      ],
      [
       -81.184416,
       38.156493
      ],
      [
       -81.184735,
       38.156941
      ],
      [
       -81.184799,
       38.157015
      ],
      [
       -81.18503,
       38.157284
      ],
      [
       -81.185473,
       38.157643
      ],
      [
       -81.185922,
       38.157954
      ],
      [
       -81.187631,
       38.158958
      ],
      [
       -81.188261,
       38.15934
      ],
      [
       -81.188403,
       38.159426
      ],
      [
       -81.18892,
       38.159781
      ],
      [
       -81.189579,
       38.160235
      ],
      [
       -81.189616,
       38.160257
      ],
      [
       -81.190424,
       38.160734
      ],
      [
       -81.191167,
       38.161011
      ],
      [
       -81.192193,
       38.161394
      ],
      [
       -81.194327,
       38.162189
      ],
      [
       -81.194895,
       38.162445
      ],
      [
       -81.197057,
       38.163338
      ],
      [
       -81.197299,
       38.163428
      ],
      [
       -81.197673,
       38.163582
      ],
      [
       -81.197851,
       38.163641
      ],
      [
       -81.197888,
       38.163652
      ],
      [
       -81.198037,
       38.163694
      ],
      [
       -81.198205,
       38.163735
      ],
      [
       -81.198355,
       38.163758
      ],
      [
       -81.19871,
       38.163803
      ],
      [
       -81.198946,
       38.163806
      ],
      [
       -81.199191,
       38.163802
      ],
      [
       -81.199385,
       38.163788
      ],
      [
       -81.199543,
       38.163771
      ],
      [
       -81.199776,
       38.163737
      ],
      [
       -81.200051,
       38.163691
      ],
      [
       -81.200196,
       38.163666
      ],
      [
       -81.200371,
       38.163636
      ],
      [
       -81.200467,
       38.163621
      ],
      [
       -81.200984,
       38.16353
      ],
      [
       -81.201272,
       38.16348
      ],
      [
       -81.201949,
       38.163368
      ],
      [
       -81.202609,
       38.163245
      ],
      [
       -81.203248,
       38.163123
      ],
      [
       -81.203966,
       38.162971
      ],
      [
       -81.205589,
       38.162634
      ],
      [
       -81.206252,
       38.16249
      ],
      [
       -81.206745,
       38.162362
      ],
      [
       -81.207148,
       38.162246
      ],
      [
       -81.207628,
       38.162083
      ],
      [
       -81.20814,
       38.161896
      ],
      [
       -81.208746,
       38.161632
      ],
      [
       -81.209213,
       38.161406
      ],
      [
       -81.209604,
       38.161193
      ],
      [
       -81.210136,
       38.160875
      ],
      [
       -81.211182,
       38.160225
      ],
      [
       -81.211689,
       38.159905
      ],
      [
       -81.211973,
       38.15969
      ],
      [
       -81.212187,
       38.159517
      ],
      [
       -81.212319,
       38.159396
      ],
      [
       -81.212385,
       38.159239
      ],
      [
       -81.213172,
       38.158467
      ],
      [
       -81.214006,
       38.157484
      ],
      [
       -81.214271,
       38.156848
      ],
      [
       -81.2145,
       38.156017
      ],
      [
       -81.214926,
       38.154233
      ],
      [
       -81.215054,
       38.153265
      ],
      [
       -81.215045,
       38.152837
      ],
      [
       -81.214997,
       38.151581
      ],
      [
       -81.214991,
       38.151102
      ],
      [
       -81.214982,
       38.15046
      ],
      [
       -81.214977,
       38.150129
      ],
      [
       -81.214973,
       38.149849
      ],
      [
       -81.214972,
       38.149797
      ],
      [
       -81.214966,
       38.149616
      ],
      [
       -81.214962,
       38.149089
      ],
      [
       -81.214994,
       38.148712
      ],
      [
       -81.21499,
       38.148642
      ],
      [
       -81.214969,
       38.148552
      ],
      [
       -81.214442,
       38.147219
      ],
      [
       -81.214221,
       38.146681
      ],
      [
       -81.213946,
       38.146268
      ],
      [
       -81.213511,
       38.145631
      ],
      [
       -81.212575,
       38.144327
      ],
      [
       -81.212175,
       38.143656
      ],
      [
       -81.21204,
       38.143376
      ],
      [
       -81.211935,
       38.143034
      ],
      [
       -81.211921,
       38.1426
      ],
      [
       -81.211999,
       38.142118
      ],
      [
       -81.212077,
       38.141774
      ],
      [
       -81.212131,
       38.141639
      ],
      [
       -81.212197,
       38.141531
      ],
      [
       -81.212272,
       38.141421
      ],
      [
       -81.212346,
       38.141327
      ],
      [
       -81.212385,
       38.141271
      ],
      [
       -81.212526,
       38.140976
      ],
      [
       -81.212782,
       38.140449
      ],
      [
       -81.212913,
       38.140223
      ],
      [
       -81.213158,
       38.1399
      ],
      [
       -81.213579,
       38.139492
      ],
      [
       -81.213939,
       38.139188
      ],
      [
       -81.214372,
       38.138844
      ],
      [
       -81.214291,
       38.138786
      ],
      [
       -81.213601,
       38.13832
      ],
      [
       -81.212531,
       38.13758
      ],
      [
       -81.211722,
       38.136977
      ],
      [
       -81.211634,
       38.136904
      ],
      [
       -81.211763,
       38.136822
      ],
      [
       -81.211907,
       38.136728
      ],
      [
       -81.212038,
       38.136663
      ],
      [
       -81.212207,
       38.13659
      ],
      [
       -81.212416,
       38.13646
      ],
      [
       -81.212609,
       38.136335
      ],
      [
       -81.21284,
       38.13622
      ],
      [
       -81.213036,
       38.136124
      ],
      [
       -81.213307,
       38.136027
      ],
      [
       -81.213059,
       38.13618
      ],
      [
       -81.212775,
       38.13634
      ],
      [
       -81.212306,
       38.136651
      ],
      [
       -81.211989,
       38.136857
      ],
      [
       -81.211906,
       38.136943
      ],
      [
       -81.211841,
       38.13701
      ],
      [
       -81.211749,
       38.137139
      ],
      [
       -81.211699,
       38.1372
      ],
      [
       -81.211576,
       38.13728
      ],
      [
       -81.211436,
       38.137375
      ],
      [
       -81.211326,
       38.137471
      ],
      [
       -81.211257,
       38.137579
      ],
      [
       -81.2112,
       38.137696
      ],
      [
       -81.211152,
       38.137821
      ],
      [
       -81.211134,
       38.137963
      ],
      [
       -81.211096,
       38.138074
      ],
      [
       -81.210991,
       38.138231
      ],
      [
       -81.210892,
       38.138352
      ],
      [
       -81.210747,
       38.138461
      ],
      [
       -81.210119,
       38.138951
      ],
      [
       -81.209792,
       38.139206
      ],
      [
       -81.209533,
       38.139434
      ],
      [
       -81.209331,
       38.139632
      ],
      [
       -81.209151,
       38.139801
      ],
      [
       -81.208949,
       38.139967
      ],
      [
       -81.208754,
       38.140083
      ],
      [
       -81.208381,
       38.140288
      ],
      [
       -81.208148,
       38.140432
      ],
      [
       -81.207932,
       38.140609
      ],
      [
       -81.207537,
       38.14092
      ],
      [
       -81.207176,
       38.141236
      ],
      [
       -81.207,
       38.141438
      ],
      [
       -81.206871,
       38.141606
      ],
      [
       -81.206689,
       38.141866
      ],
      [
       -81.206558,
       38.1421
      ],
      [
       -81.206482,
       38.142245
      ],
      [
       -81.20644,
       38.142344
      ],
      [
       -81.20641,
       38.14244
      ],
      [
       -81.20639,
       38.142551
      ],
      [
       -81.206504,
       38.142563
      ],
      [
       -81.206504,
       38.142563
      ],
      [
       -81.20639,
       38.142551
      ],
      [
       -81.20641,
       38.14244
      ],
      [
       -81.20644,
       38.142344
      ],
      [
       -81.206482,
       38.142245
      ],
      [
       -81.206558,
       38.1421
      ],
      [
       -81.206689,
       38.141866
      ],
      [
       -81.206871,
       38.141606
      ],
      [
       -81.207,
       38.141438
      ],
      [
       -81.207176,
       38.141236
      ],
      [
       -81.207537,
       38.14092
      ],
      [
       -81.207932,
       38.140609
      ],
      [
       -81.208148,
       38.140432
      ],
      [
       -81.208381,
       38.140288
      ],
      [
       -81.208754,
       38.140083
      ],
      [
       -81.208949,
       38.139967
      ],
      [
       -81.209151,
       38.139801
      ],
      [
       -81.209331,
       38.139632
      ],
      [
       -81.209533,
       38.139434
      ],
      [
       -81.209792,
       38.139206
      ],
      [
       -81.210119,
       38.138951
      ],
      [
       -81.210747,
       38.138461
      ],
      [
       -81.210892,
       38.138352
      ],
      [
       -81.210991,
       38.138231
      ],
      [
       -81.211096,
       38.138074
      ],
      [
       -81.211134,
       38.137963
      ],
      [
       -81.211152,
       38.137821
      ],
      [
       -81.2112,
       38.137696
      ],
      [
       -81.211257,
       38.137579
      ],
      [
       -81.211326,
       38.137471
      ],
      [
       -81.211436,
       38.137375
      ],
      [
       -81.211576,
       38.13728
      ],
      [
       -81.211699,
       38.1372
      ],
      [
       -81.211749,
       38.137139
      ],
      [
       -81.211841,
       38.13701
      ],
      [
       -81.211906,
       38.136943
      ],
      [
       -81.211989,
       38.136857
      ],
      [
       -81.212306,
       38.136651
      ],
      [
       -81.212775,
       38.13634
      ],
      [
       -81.213059,
       38.13618
      ],
      [
       -81.213307,
       38.136027
      ],
      [
       -81.213036,
       38.136124
      ],
      [
       -81.21284,
       38.13622
      ],
      [
       -81.212609,
       38.136335
      ],
      [
       -81.212416,
       38.13646
      ],
      [
       -81.212207,
       38.13659
      ],
      [
       -81.212038,
       38.136663
      ],
      [
       -81.211907,
       38.136728
      ],
      [
       -81.211763,
       38.136822
      ],
      [
       -81.211634,
       38.136904
      ],
      [
       -81.211722,
       38.136977
      ],
      [
       -81.212531,
       38.13758
      ],
      [
       -81.213601,
       38.13832
      ],
      [
       -81.214291,
       38.138786
      ],
      [
       -81.214372,
       38.138844
      ],
      [
       -81.213939,
       38.139188
      ],
      [
       -81.213579,
       38.139492
      ],
      [
       -81.213158,
       38.1399
      ],
      [
       -81.212913,
       38.140223
      ],
      [
       -81.212782,
       38.140449
      ],
      [
       -81.212526,
       38.140976
      ],
      [
       -81.212385,
       38.141271
      ],
      [
       -81.212346,
       38.141327
      ],
      [
       -81.212272,
       38.141421
      ],
      [
       -81.212197,
       38.141531
      ],
      [
       -81.212131,
       38.141639
      ],
      [
       -81.212077,
       38.141774
      ],
      [
       -81.211999,
       38.142118
      ],
      [
       -81.211921,
       38.1426
      ],
      [
       -81.211935,
       38.143034
      ],
      [
       -81.21204,
       38.143376
      ],
      [
       -81.212175,
       38.143656
      ],
      [
       -81.212575,
       38.144327
      ],
      [
       -81.213511,
       38.145631
      ],
      [
       -81.213946,
       38.146268
      ],
      [
       -81.214221,
       38.146681
      ],
      [
       -81.214442,
       38.147219
      ],
      [
       -81.214969,
       38.148552
      ],
      [
       -81.21499,
       38.148642
      ],
      [
       -81.214994,
       38.148712
      ],
      [
       -81.214962,
       38.149089
      ],
      [
       -81.214966,
       38.149616
      ],
      [
       -81.214972,
       38.149797
      ],
      [
       -81.214973,
       38.149849
      ],
      [
       -81.214977,
       38.150129
      ],
      [
       -81.214982,
       38.15046
      ],
      [
       -81.214991,
       38.151102
      ],
      [
       -81.214997,
       38.151581
      ],
      [
       -81.215045,
       38.152837
      ],
      [
       -81.215054,
       38.153265
      ],
      [
       -81.214926,
       38.154233
      ],
      [
       -81.2145,
       38.156017
      ],
      [
       -81.214271,
       38.156848
      ],
      [
       -81.214006,
       38.157484
      ],
      [
       -81.213172,
       38.158467
      ],
      [
       -81.212385,
       38.159239
      ],
      [
       -81.212225,
       38.159337
      ],
      [
       -81.212115,
       38.159443
      ],
      [
       -81.211922,
       38.159609
      ],
      [
       -81.211632,
       38.159831
      ],
      [
       -81.210809,
       38.160358
      ],
      [
       -81.209545,
       38.16113
      ],
      [
       -81.209122,
       38.16136
      ],
      [
       -81.208542,
       38.161638
      ],
      [
       -81.20803,
       38.161853
      ],
      [
       -81.207585,
       38.16202
      ],
      [
       -81.207075,
       38.162187
      ],
      [
       -81.20663,
       38.162315
      ],
      [
       -81.206115,
       38.162444
      ],
      [
       -81.204967,
       38.162687
      ],
      [
       -81.203929,
       38.162902
      ],
      [
       -81.203089,
       38.163077
      ],
      [
       -81.202298,
       38.163226
      ],
      [
       -81.201579,
       38.163353
      ],
      [
       -81.200844,
       38.163475
      ],
      [
       -81.200356,
       38.163556
      ],
      [
       -81.200171,
       38.163585
      ],
      [
       -81.199825,
       38.163627
      ],
      [
       -81.199638,
       38.163646
      ],
      [
       -81.199294,
       38.163669
      ],
      [
       -81.198999,
       38.163679
      ],
      [
       -81.198747,
       38.163677
      ],
      [
       -81.198424,
       38.16366
      ],
      [
       -81.198147,
       38.163626
      ],
      [
       -81.198006,
       38.163602
      ],
      [
       -81.197817,
       38.163556
      ],
      [
       -81.197761,
       38.163542
      ],
      [
       -81.197299,
       38.163428
      ],
      [
       -81.197057,
       38.163338
      ],
      [
       -81.194895,
       38.162445
      ],
      [
       -81.194327,
       38.162189
      ],
      [
       -81.192193,
       38.161394
      ],
      [
       -81.191167,
       38.161011
      ],
      [
       -81.190424,
       38.160734
      ],
      [
       -81.189616,
       38.160257
      ],
      [
       -81.189579,
       38.160235
      ],
      [
       -81.18892,
       38.159781
      ],
      [
       -81.188403,
       38.159426
      ],
      [
       -81.188261,
       38.15934
      ],
      [
       -81.187631,
       38.158958
      ],
      [
       -81.185922,
       38.157954
      ],
      [
       -81.185473,
       38.157643
      ],
      [
       -81.18503,
       38.157284
      ],
      [
       -81.184799,
       38.157015
      ],
      [
       -81.184735,
       38.156941
      ],
      [
       -81.184416,
       38.156493
      ],
      [
       -81.184243,
       38.156258
      ],
      [
       -81.184128,
       38.156101
      ],
      [
       -81.183958,
       38.155915
      ],
      [
       -81.183559,
       38.155544
      ],
      [
       -81.182688,
       38.154745
      ],
      [
       -81.182512,
       38.154595
      ],
      [
       -81.182374,
       38.154491
      ],
      [
       -81.182215,
       38.154399
      ],
      [
       -81.182044,
       38.154308
      ],
      [
       -81.18182,
       38.154194
      ],
      [
       -81.181736,
       38.154159
      ],
      [
       -81.181633,
       38.154134
      ],
      [
       -81.181536,
       38.154115
      ],
      [
       -81.181446,
       38.154107
      ],
      [
       -81.181338,
       38.154107
      ],
      [
       -81.181217,
       38.154113
      ],
      [
       -81.180853,
       38.154141
      ],
      [
       -81.180721,
       38.154144
      ],
      [
       -81.180595,
       38.154134
      ],
      [
       -81.180466,
       38.154119
      ],
      [
       -81.180371,
       38.154099
      ],
      [
       -81.18029,
       38.154071
      ],
      [
       -81.180215,
       38.154038
      ],
      [
       -81.180145,
       38.153991
      ],
      [
       -81.180072,
       38.153927
      ],
      [
       -81.179951,
       38.153787
      ],
      [
       -81.179718,
       38.153506
      ],
      [
       -81.179463,
       38.153168
      ],
      [
       -81.179124,
       38.152399
      ],
      [
       -81.179012,
       38.152245
      ],
      [
       -81.178611,
       38.151807
      ],
      [
       -81.178121,
       38.151403
      ],
      [
       -81.177966,
       38.151329
      ],
      [
       -81.177066,
       38.150766
      ],
      [
       -81.176778,
       38.150494
      ],
      [
       -81.176504,
       38.150038
      ],
      [
       -81.176233,
       38.149784
      ],
      [
       -81.17589,
       38.149592
      ],
      [
       -81.175268,
       38.149378
      ],
      [
       -81.174962,
       38.149168
      ],
      [
       -81.173953,
       38.14811
      ],
      [
       -81.173425,
       38.147604
      ],
      [
       -81.173146,
       38.147307
      ],
      [
       -81.173042,
       38.147067
      ],
      [
       -81.172747,
       38.145523
      ],
      [
       -81.1726,
       38.145108
      ],
      [
       -81.172495,
       38.144504
      ],
      [
       -81.17244,
       38.143469
      ],
      [
       -81.172089,
       38.142599
      ],
      [
       -81.172041,
       38.142244
      ],
      [
       -81.172203,
       38.141758
      ],
      [
       -81.17235,
       38.141359
      ],
      [
       -81.172366,
       38.140603
      ],
      [
       -81.172668,
       38.138618
      ],
      [
       -81.172856,
       38.138225
      ],
      [
       -81.172992,
       38.137851
      ],
      [
       -81.173037,
       38.137669
      ],
      [
       -81.173037,
       38.137554
      ],
      [
       -81.173,
       38.137444
      ],
      [
       -81.172924,
       38.137326
      ],
      [
       -81.172848,
       38.137236
      ],
      [
       -81.172735,
       38.137086
      ],
      [
       -81.172653,
       38.136945
      ],
      [
       -81.17262,
       38.136813
      ],
      [
       -81.172597,
       38.136596
      ],
      [
       -81.172599,
       38.13631
      ],
      [
       -81.172593,
       38.135998
      ],
      [
       -81.172572,
       38.135777
      ],
      [
       -81.172558,
       38.135654
      ],
      [
       -81.172494,
       38.135538
      ],
      [
       -81.172402,
       38.135458
      ],
      [
       -81.172295,
       38.135419
      ],
      [
       -81.17213,
       38.135394
      ],
      [
       -81.171998,
       38.135405
      ],
      [
       -81.171863,
       38.135447
      ],
      [
       -81.171703,
       38.135528
      ],
      [
       -81.171567,
       38.135623
      ],
      [
       -81.171439,
       38.135753
      ],
      [
       -81.171318,
       38.135909
      ],
      [
       -81.171206,
       38.136111
      ],
      [
       -81.171083,
       38.13643
      ],
      [
       -81.170997,
       38.136673
      ],
      [
       -81.17093,
       38.136777
      ],
      [
       -81.170847,
       38.136881
      ],
      [
       -81.170718,
       38.136985
      ],
      [
       -81.170535,
       38.137101
      ],
      [
       -81.170286,
       38.137237
      ],
      [
       -81.169444,
       38.13767
      ],
      [
       -81.169186,
       38.137785
      ],
      [
       -81.168953,
       38.137865
      ],
      [
       -81.168627,
       38.137957
      ],
      [
       -81.168221,
       38.138054
      ],
      [
       -81.168013,
       38.138111
      ],
      [
       -81.167844,
       38.138188
      ],
      [
       -81.167726,
       38.13826
      ],
      [
       -81.16758,
       38.138381
      ],
      [
       -81.167445,
       38.138535
      ],
      [
       -81.167341,
       38.138713
      ],
      [
       -81.167229,
       38.138889
      ],
      [
       -81.167123,
       38.138984
      ],
      [
       -81.16699,
       38.139052
      ],
      [
       -81.166833,
       38.139085
      ],
      [
       -81.166596,
       38.1391
      ],
      [
       -81.16644,
       38.13912
      ],
      [
       -81.16631,
       38.139151
      ],
      [
       -81.166206,
       38.139202
      ],
      [
       -81.166063,
       38.139287
      ],
      [
       -81.165927,
       38.139396
      ],
      [
       -81.165783,
       38.139497
      ],
      [
       -81.165625,
       38.139566
      ],
      [
       -81.165431,
       38.139626
      ],
      [
       -81.165234,
       38.139686
      ],
      [
       -81.165051,
       38.139769
      ],
      [
       -81.16484,
       38.139893
      ],
      [
       -81.164643,
       38.14002
      ],
      [
       -81.164506,
       38.140094
      ],
      [
       -81.164352,
       38.140151
      ],
      [
       -81.163262,
       38.140494
      ],
      [
       -81.163113,
       38.14055
      ],
      [
       -81.162966,
       38.140619
      ],
      [
       -81.162828,
       38.140735
      ],
      [
       -81.162695,
       38.140894
      ],
      [
       -81.162493,
       38.141233
      ],
      [
       -81.162386,
       38.141313
      ],
      [
       -81.162264,
       38.141358
      ],
      [
       -81.16212,
       38.141371
      ],
      [
       -81.161942,
       38.141345
      ],
      [
       -81.161451,
       38.1412
      ],
      [
       -81.161265,
       38.141191
      ],
      [
       -81.161018,
       38.141212
      ],
      [
       -81.160772,
       38.14128
      ],
      [
       -81.160645,
       38.141324
      ],
      [
       -81.160534,
       38.141385
      ],
      [
       -81.160325,
       38.141523
      ],
      [
       -81.160203,
       38.141614
      ],
      [
       -81.160085,
       38.141657
      ],
      [
       -81.159967,
       38.141676
      ],
      [
       -81.159821,
       38.141657
      ],
      [
       -81.159512,
       38.141558
      ],
      [
       -81.159345,
       38.141519
      ],
      [
       -81.159219,
       38.141528
      ],
      [
       -81.159034,
       38.141614
      ],
      [
       -81.158779,
       38.141802
      ],
      [
       -81.158595,
       38.141889
      ],
      [
       -81.158273,
       38.142014
      ],
      [
       -81.157842,
       38.142193
      ],
      [
       -81.157715,
       38.142263
      ],
      [
       -81.157617,
       38.142331
      ],
      [
       -81.157562,
       38.142415
      ],
      [
       -81.157535,
       38.142527
      ],
      [
       -81.1575,
       38.142733
      ],
      [
       -81.157437,
       38.142934
      ],
      [
       -81.157333,
       38.143147
      ],
      [
       -81.157171,
       38.143376
      ],
      [
       -81.156997,
       38.143556
      ],
      [
       -81.156893,
       38.143671
      ],
      [
       -81.1568,
       38.143792
      ],
      [
       -81.156513,
       38.144267
      ],
      [
       -81.156427,
       38.144332
      ],
      [
       -81.156329,
       38.144374
      ],
      [
       -81.156207,
       38.144377
      ],
      [
       -81.15606,
       38.144337
      ],
      [
       -81.155913,
       38.144259
      ],
      [
       -81.155714,
       38.14412
      ],
      [
       -81.155531,
       38.14396
      ],
      [
       -81.154767,
       38.14288
      ],
      [
       -81.154663,
       38.142763
      ],
      [
       -81.154554,
       38.142671
      ],
      [
       -81.154434,
       38.142588
      ],
      [
       -81.154294,
       38.142539
      ],
      [
       -81.154137,
       38.14254
      ],
      [
       -81.153961,
       38.142568
      ],
      [
       -81.153722,
       38.142591
      ],
      [
       -81.153511,
       38.142551
      ],
      [
       -81.153383,
       38.142498
      ],
      [
       -81.153237,
       38.142413
      ],
      [
       -81.153034,
       38.142223
      ],
      [
       -81.152873,
       38.14213
      ],
      [
       -81.152727,
       38.142088
      ],
      [
       -81.152563,
       38.142085
      ],
      [
       -81.152426,
       38.142123
      ],
      [
       -81.15232,
       38.142176
      ],
      [
       -81.15224,
       38.142281
      ],
      [
       -81.152197,
       38.142374
      ],
      [
       -81.152155,
       38.142581
      ],
      [
       -81.15211,
       38.142668
      ],
      [
       -81.15205,
       38.142727
      ],
      [
       -81.151953,
       38.142775
      ],
      [
       -81.151836,
       38.142793
      ],
      [
       -81.151686,
       38.142785
      ],
      [
       -81.151492,
       38.142743
      ],
      [
       -81.151342,
       38.142687
      ],
      [
       -81.151164,
       38.142604
      ],
      [
       -81.151005,
       38.14249
      ],
      [
       -81.150856,
       38.142321
      ],
      [
       -81.150293,
       38.14152
      ],
      [
       -81.15007,
       38.141292
      ],
      [
       -81.149439,
       38.140793
      ],
      [
       -81.149008,
       38.140468
      ],
      [
       -81.148846,
       38.140388
      ],
      [
       -81.148639,
       38.140346
      ],
      [
       -81.148356,
       38.14034
      ],
      [
       -81.148104,
       38.140366
      ],
      [
       -81.147866,
       38.140432
      ],
      [
       -81.147724,
       38.140512
      ],
      [
       -81.147593,
       38.140616
      ],
      [
       -81.147369,
       38.140796
      ],
      [
       -81.147056,
       38.141051
      ],
      [
       -81.146864,
       38.141255
      ],
      [
       -81.146725,
       38.141435
      ],
      [
       -81.146654,
       38.14148
      ],
      [
       -81.146549,
       38.141492
      ],
      [
       -81.146479,
       38.141468
      ],
      [
       -81.146425,
       38.141419
      ],
      [
       -81.146413,
       38.141341
      ],
      [
       -81.146454,
       38.141195
      ],
      [
       -81.146662,
       38.140762
      ],
      [
       -81.146883,
       38.140147
      ],
      [
       -81.147067,
       38.139521
      ],
      [
       -81.147116,
       38.139274
      ],
      [
       -81.147129,
       38.139103
      ],
      [
       -81.147175,
       38.138933
      ],
      [
       -81.147208,
       38.138754
      ],
      [
       -81.147214,
       38.138585
      ],
      [
       -81.147211,
       38.138466
      ],
      [
       -81.147205,
       38.138398
      ],
      [
       -81.14711,
       38.13784
      ],
      [
       -81.14718,
       38.137468
      ],
      [
       -81.147356,
       38.137191
      ],
      [
       -81.147532,
       38.136828
      ],
      [
       -81.147575,
       38.136466
      ],
      [
       -81.147731,
       38.136005
      ],
      [
       -81.148055,
       38.135591
      ],
      [
       -81.148544,
       38.135119
      ],
      [
       -81.148757,
       38.134893
      ],
      [
       -81.148818,
       38.1348
      ],
      [
       -81.14887,
       38.134691
      ],
      [
       -81.148915,
       38.134557
      ],
      [
       -81.148929,
       38.134473
      ],
      [
       -81.148934,
       38.134372
      ],
      [
       -81.148909,
       38.133666
      ],
      [
       -81.148874,
       38.133494
      ],
      [
       -81.14879,
       38.133284
      ],
      [
       -81.148706,
       38.133042
      ],
      [
       -81.148566,
       38.132736
      ],
      [
       -81.148309,
       38.132123
      ],
      [
       -81.148241,
       38.131966
      ],
      [
       -81.148152,
       38.131794
      ],
      [
       -81.148042,
       38.131623
      ],
      [
       -81.147886,
       38.131404
      ],
      [
       -81.147816,
       38.131288
      ],
      [
       -81.147777,
       38.131152
      ],
      [
       -81.147755,
       38.131055
      ],
      [
       -81.14773,
       38.130912
      ],
      [
       -81.147688,
       38.130784
      ],
      [
       -81.147642,
       38.130688
      ],
      [
       -81.147578,
       38.130594
      ],
      [
       -81.147502,
       38.130473
      ],
      [
       -81.147442,
       38.130361
      ],
      [
       -81.147377,
       38.130199
      ],
      [
       -81.147324,
       38.13004
      ],
      [
       -81.147279,
       38.129919
      ],
      [
       -81.147221,
       38.129816
      ],
      [
       -81.147126,
       38.129693
      ],
      [
       -81.147019,
       38.129593
      ],
      [
       -81.146863,
       38.129439
      ],
      [
       -81.146776,
       38.129318
      ],
      [
       -81.146712,
       38.129201
      ],
      [
       -81.146647,
       38.12903
      ],
      [
       -81.146591,
       38.128874
      ],
      [
       -81.146536,
       38.128761
      ],
      [
       -81.146487,
       38.128663
      ],
      [
       -81.146314,
       38.128446
      ],
      [
       -81.146241,
       38.128356
      ],
      [
       -81.146136,
       38.128252
      ],
      [
       -81.146083,
       38.128163
      ],
      [
       -81.146029,
       38.128052
      ],
      [
       -81.146004,
       38.127948
      ],
      [
       -81.145981,
       38.127873
      ],
      [
       -81.145906,
       38.127606
      ],
      [
       -81.145739,
       38.127342
      ],
      [
       -81.145616,
       38.127141
      ],
      [
       -81.145501,
       38.126935
      ],
      [
       -81.145479,
       38.126839
      ],
      [
       -81.145461,
       38.126735
      ],
      [
       -81.145438,
       38.126519
      ],
      [
       -81.145442,
       38.126202
      ],
      [
       -81.145411,
       38.126046
      ],
      [
       -81.145391,
       38.125971
      ],
      [
       -81.145352,
       38.125882
      ],
      [
       -81.145237,
       38.125692
      ],
      [
       -81.145085,
       38.125516
      ],
      [
       -81.144874,
       38.125349
      ],
      [
       -81.144637,
       38.125197
      ],
      [
       -81.144475,
       38.125073
      ],
      [
       -81.144328,
       38.124924
      ],
      [
       -81.144219,
       38.12471
      ],
      [
       -81.144132,
       38.124486
      ],
      [
       -81.144055,
       38.124246
      ],
      [
       -81.143981,
       38.123961
      ],
      [
       -81.143942,
       38.123547
      ],
      [
       -81.143916,
       38.123125
      ],
      [
       -81.143865,
       38.12162
      ],
      [
       -81.143818,
       38.120406
      ],
      [
       -81.143737,
       38.118482
      ],
      [
       -81.143685,
       38.117377
      ],
      [
       -81.14366,
       38.116967
      ],
      [
       -81.143649,
       38.116748
      ],
      [
       -81.143631,
       38.1165
      ],
      [
       -81.143586,
       38.116298
      ],
      [
       -81.143523,
       38.11616
      ],
      [
       -81.143462,
       38.116037
      ],
      [
       -81.143364,
       38.115858
      ],
      [
       -81.143141,
       38.115461
      ],
      [
       -81.142981,
       38.115201
      ],
      [
       -81.142914,
       38.115075
      ],
      [
       -81.142879,
       38.114996
      ],
      [
       -81.14286,
       38.114934
      ],
      [
       -81.142847,
       38.11488
      ],
      [
       -81.142844,
       38.114851
      ],
      [
       -81.142844,
       38.114827
      ],
      [
       -81.14285,
       38.114772
      ],
      [
       -81.142858,
       38.114719
      ],
      [
       -81.142884,
       38.11464
      ],
      [
       -81.142904,
       38.114592
      ],
      [
       -81.142934,
       38.114528
      ],
      [
       -81.14297,
       38.114475
      ],
      [
       -81.143021,
       38.114413
      ],
      [
       -81.143081,
       38.114355
      ],
      [
       -81.143151,
       38.114298
      ],
      [
       -81.144283,
       38.11359
      ],
      [
       -81.144922,
       38.113176
      ],
      [
       -81.145291,
       38.11295
      ],
      [
       -81.145537,
       38.112785
      ],
      [
       -81.145737,
       38.112636
      ],
      [
       -81.145888,
       38.112487
      ],
      [
       -81.146019,
       38.112308
      ],
      [
       -81.146148,
       38.112088
      ],
      [
       -81.146276,
       38.111906
      ],
      [
       -81.146387,
       38.111723
      ],
      [
       -81.146482,
       38.111502
      ],
      [
       -81.146502,
       38.111392
      ],
      [
       -81.146501,
       38.111282
      ],
      [
       -81.146472,
       38.111081
      ],
      [
       -81.146454,
       38.110879
      ],
      [
       -81.146451,
       38.110706
      ],
      [
       -81.146453,
       38.110484
      ],
      [
       -81.146476,
       38.109954
      ],
      [
       -81.146493,
       38.109723
      ],
      [
       -81.146536,
       38.109493
      ],
      [
       -81.146677,
       38.109006
      ],
      [
       -81.146725,
       38.108872
      ],
      [
       -81.146802,
       38.10874
      ],
      [
       -81.146912,
       38.108593
      ],
      [
       -81.14705,
       38.108453
      ],
      [
       -81.147176,
       38.108351
      ],
      [
       -81.147329,
       38.108277
      ],
      [
       -81.147467,
       38.108224
      ],
      [
       -81.147609,
       38.108183
      ],
      [
       -81.147868,
       38.108127
      ],
      [
       -81.148021,
       38.108082
      ],
      [
       -81.148154,
       38.108034
      ],
      [
       -81.148313,
       38.107946
      ],
      [
       -81.148458,
       38.107848
      ],
      [
       -81.148642,
       38.107753
      ],
      [
       -81.148833,
       38.107696
      ],
      [
       -81.149097,
       38.107588
      ],
      [
       -81.149223,
       38.1075
      ],
      [
       -81.149327,
       38.107409
      ],
      [
       -81.149396,
       38.107281
      ],
      [
       -81.149399,
       38.107143
      ],
      [
       -81.149393,
       38.107007
      ],
      [
       -81.149327,
       38.106892
      ],
      [
       -81.149087,
       38.10669
      ],
      [
       -81.148705,
       38.106436
      ],
      [
       -81.148473,
       38.106286
      ],
      [
       -81.148367,
       38.106166
      ],
      [
       -81.148292,
       38.106053
      ],
      [
       -81.14825,
       38.105928
      ],
      [
       -81.148222,
       38.105795
      ],
      [
       -81.148228,
       38.10555
      ],
      [
       -81.148245,
       38.105406
      ],
      [
       -81.148272,
       38.105219
      ],
      [
       -81.148305,
       38.104936
      ],
      [
       -81.14834,
       38.104663
      ],
      [
       -81.148337,
       38.104438
      ],
      [
       -81.148304,
       38.104248
      ],
      [
       -81.148237,
       38.104036
      ],
      [
       -81.148185,
       38.103855
      ],
      [
       -81.14812,
       38.103641
      ],
      [
       -81.148078,
       38.103392
      ],
      [
       -81.148095,
       38.103148
      ],
      [
       -81.148143,
       38.102906
      ],
      [
       -81.148299,
       38.102356
      ],
      [
       -81.14835,
       38.102007
      ],
      [
       -81.148365,
       38.10162
      ],
      [
       -81.148383,
       38.101288
      ],
      [
       -81.148407,
       38.101118
      ],
      [
       -81.148488,
       38.100929
      ],
      [
       -81.148567,
       38.100825
      ],
      [
       -81.148661,
       38.100725
      ],
      [
       -81.148904,
       38.100527
      ],
      [
       -81.149102,
       38.100366
      ],
      [
       -81.149312,
       38.100226
      ],
      [
       -81.149468,
       38.100141
      ],
      [
       -81.149645,
       38.10008
      ],
      [
       -81.149834,
       38.100062
      ],
      [
       -81.150044,
       38.100047
      ],
      [
       -81.150576,
       38.100106
      ],
      [
       -81.151662,
       38.100278
      ],
      [
       -81.151936,
       38.100304
      ],
      [
       -81.152241,
       38.100298
      ],
      [
       -81.152469,
       38.100246
      ],
      [
       -81.152596,
       38.100208
      ],
      [
       -81.152762,
       38.100073
      ],
      [
       -81.153001,
       38.099825
      ],
      [
       -81.153148,
       38.099598
      ],
      [
       -81.153369,
       38.09929
      ],
      [
       -81.153541,
       38.099028
      ],
      [
       -81.153661,
       38.098746
      ],
      [
       -81.153718,
       38.098431
      ],
      [
       -81.153722,
       38.098254
      ],
      [
       -81.153698,
       38.098116
      ],
      [
       -81.153667,
       38.09797
      ],
      [
       -81.153598,
       38.097748
      ],
      [
       -81.153541,
       38.097651
      ],
      [
       -81.153441,
       38.097504
      ],
      [
       -81.153265,
       38.097315
      ],
      [
       -81.153143,
       38.097205
      ],
      [
       -81.152938,
       38.097059
      ],
      [
       -81.152669,
       38.096915
      ],
      [
       -81.152231,
       38.096756
      ],
      [
       -81.151815,
       38.096606
      ],
      [
       -81.151594,
       38.096507
      ],
      [
       -81.15138,
       38.096386
      ],
      [
       -81.151222,
       38.096275
      ],
      [
       -81.151072,
       38.096132
      ],
      [
       -81.150425,
       38.095482
      ],
      [
       -81.150125,
       38.095222
      ],
      [
       -81.149787,
       38.09498
      ],
      [
       -81.149486,
       38.094773
      ],
      [
       -81.149007,
       38.094447
      ],
      [
       -81.148926,
       38.094393
      ],
      [
       -81.147977,
       38.093742
      ],
      [
       -81.147491,
       38.093388
      ],
      [
       -81.147138,
       38.093151
      ],
      [
       -81.146748,
       38.092951
      ],
      [
       -81.14625,
       38.092729
      ],
      [
       -81.145696,
       38.092534
      ],
      [
       -81.145106,
       38.092339
      ],
      [
       -81.144889,
       38.092267
      ],
      [
       -81.14402,
       38.092113
      ],
      [
       -81.143369,
       38.092039
      ],
      [
       -81.142806,
       38.091988
      ],
      [
       -81.142369,
       38.091949
      ],
      [
       -81.141529,
       38.091896
      ],
      [
       -81.141004,
       38.091879
      ],
      [
       -81.140538,
       38.091869
      ],
      [
       -81.139995,
       38.091873
      ],
      [
       -81.139459,
       38.0919
      ],
      [
       -81.13935,
       38.091911
      ],
      [
       -81.139064,
       38.091938
      ],
      [
       -81.137449,
       38.092093
      ],
      [
       -81.13532,
       38.092293
      ],
      [
       -81.134832,
       38.092339
      ],
      [
       -81.134541,
       38.092368
      ],
      [
       -81.134286,
       38.092417
      ],
      [
       -81.134069,
       38.092481
      ],
      [
       -81.133839,
       38.092578
      ],
      [
       -81.133573,
       38.092715
      ],
      [
       -81.133238,
       38.0929
      ],
      [
       -81.130963,
       38.094099
      ],
      [
       -81.13064,
       38.094265
      ],
      [
       -81.13033,
       38.094411
      ],
      [
       -81.129908,
       38.094597
      ],
      [
       -81.129492,
       38.094753
      ],
      [
       -81.127222,
       38.095425
      ],
      [
       -81.127081,
       38.095467
      ],
      [
       -81.125966,
       38.095795
      ],
      [
       -81.125883,
       38.09582
      ],
      [
       -81.125434,
       38.095954
      ],
      [
       -81.124682,
       38.096195
      ],
      [
       -81.12463,
       38.096213
      ],
      [
       -81.124141,
       38.096358
      ],
      [
       -81.123233,
       38.096611
      ],
      [
       -81.122992,
       38.09665
      ],
      [
       -81.122813,
       38.096668
      ],
      [
       -81.122655,
       38.096683
      ],
      [
       -81.122428,
       38.096687
      ],
      [
       -81.122198,
       38.096673
      ],
      [
       -81.121968,
       38.096651
      ],
      [
       -81.121678,
       38.096634
      ],
      [
       -81.120972,
       38.096565
      ],
      [
       -81.120355,
       38.0965
      ],
      [
       -81.119373,
       38.096403
      ],
      [
       -81.117367,
       38.096193
      ],
      [
       -81.117254,
       38.09618
      ],
      [
       -81.116866,
       38.096134
      ],
      [
       -81.116548,
       38.096101
      ],
      [
       -81.116262,
       38.096067
      ],
      [
       -81.116053,
       38.096035
      ],
      [
       -81.115883,
       38.096009
      ],
      [
       -81.115677,
       38.09593
      ],
      [
       -81.11553,
       38.095864
      ],
      [
       -81.115404,
       38.095781
      ],
      [
       -81.115276,
       38.09567
      ],
      [
       -81.115173,
       38.095563
      ],
      [
       -81.115072,
       38.095422
      ],
      [
       -81.114976,
       38.095265
      ],
      [
       -81.114843,
       38.094923
      ],
      [
       -81.114673,
       38.094593
      ],
      [
       -81.114502,
       38.094315
      ],
      [
       -81.114349,
       38.094135
      ],
      [
       -81.114239,
       38.094005
      ],
      [
       -81.114096,
       38.093868
      ],
      [
       -81.113576,
       38.093481
      ],
      [
       -81.112995,
       38.093069
      ],
      [
       -81.112705,
       38.092855
      ],
      [
       -81.112335,
       38.092569
      ],
      [
       -81.111996,
       38.092312
      ],
      [
       -81.111726,
       38.09207
      ],
      [
       -81.111607,
       38.091932
      ],
      [
       -81.111493,
       38.09178
      ],
      [
       -81.111379,
       38.091565
      ],
      [
       -81.111286,
       38.091307
      ],
      [
       -81.111232,
       38.091062
      ],
      [
       -81.111226,
       38.090815
      ],
      [
       -81.111218,
       38.090283
      ],
      [
       -81.111215,
       38.090043
      ],
      [
       -81.111206,
       38.089255
      ],
      [
       -81.111201,
       38.088393
      ],
      [
       -81.111196,
       38.087953
      ],
      [
       -81.111152,
       38.084437
      ],
      [
       -81.111084,
       38.079625
      ],
      [
       -81.11108,
       38.079242
      ],
      [
       -81.111047,
       38.078899
      ],
      [
       -81.110989,
       38.078635
      ],
      [
       -81.110882,
       38.078201
      ],
      [
       -81.110767,
       38.077855
      ],
      [
       -81.110579,
       38.077283
      ],
      [
       -81.110241,
       38.076356
      ],
      [
       -81.109808,
       38.075092
      ],
      [
       -81.1098,
       38.075047
      ],
      [
       -81.109726,
       38.074853
      ],
      [
       -81.10934,
       38.073825
      ],
      [
       -81.109248,
       38.073574
      ],
      [
       -81.108957,
       38.072762
      ],
      [
       -81.10853,
       38.071567
      ],
      [
       -81.10826,
       38.070853
      ],
      [
       -81.108114,
       38.07044
      ],
      [
       -81.107925,
       38.069861
      ],
      [
       -81.107688,
       38.06924
      ],
      [
       -81.107612,
       38.068992
      ],
      [
       -81.107438,
       38.068535
      ],
      [
       -81.107253,
       38.067983
      ],
      [
       -81.106964,
       38.067208
      ],
      [
       -81.106925,
       38.0671
      ],
      [
       -81.106652,
       38.066343
      ],
      [
       -81.106535,
       38.066022
      ],
      [
       -81.106455,
       38.065781
      ],
      [
       -81.106396,
       38.065616
      ],
      [
       -81.106315,
       38.065382
      ],
      [
       -81.106275,
       38.065259
      ],
      [
       -81.106018,
       38.064556
      ],
      [
       -81.105867,
       38.064108
      ],
      [
       -81.105861,
       38.063849
      ],
      [
       -81.105865,
       38.06365
      ],
      [
       -81.105902,
       38.063379
      ],
      [
       -81.105905,
       38.063312
      ],
      [
       -81.106003,
       38.062742
      ],
      [
       -81.106032,
       38.062562
      ],
      [
       -81.106062,
       38.062337
      ],
      [
       -81.106286,
       38.061053
      ],
      [
       -81.106339,
       38.060662
      ],
      [
       -81.106326,
       38.060321
      ],
      [
       -81.106302,
       38.060047
      ],
      [
       -81.10628,
       38.059892
      ],
      [
       -81.106235,
       38.059682
      ],
      [
       -81.106189,
       38.059515
      ],
      [
       -81.106111,
       38.059337
      ],
      [
       -81.106042,
       38.059177
      ],
      [
       -81.105932,
       38.058979
      ],
      [
       -81.105795,
       38.058673
      ],
      [
       -81.105359,
       38.057834
      ],
      [
       -81.105238,
       38.057608
      ],
      [
       -81.105159,
       38.057438
      ],
      [
       -81.105028,
       38.057504
      ],
      [
       -81.10247,
       38.058763
      ],
      [
       -81.099821,
       38.060064
      ],
      [
       -81.09922,
       38.060361
      ],
      [
       -81.09856,
       38.060695
      ],
      [
       -81.098334,
       38.060805
      ],
      [
       -81.098233,
       38.060853
      ],
      [
       -81.096691,
       38.061616
      ],
      [
       -81.095526,
       38.062186
      ],
      [
       -81.093782,
       38.063053
      ],
      [
       -81.092161,
       38.063888
      ],
      [
       -81.090766,
       38.064643
      ],
      [
       -81.089996,
       38.065055
      ],
      [
       -81.089024,
       38.065555
      ],
      [
       -81.087363,
       38.066399
      ],
      [
       -81.078445,
       38.070987
      ],
      [
       -81.077499,
       38.071494
      ],
      [
       -81.076841,
       38.071825
      ],
      [
       -81.076216,
       38.072165
      ],
      [
       -81.075716,
       38.072455
      ],
      [
       -81.075317,
       38.072698
      ],
      [
       -81.075118,
       38.072836
      ],
      [
       -81.074905,
       38.072972
      ],
      [
       -81.074691,
       38.073117
      ],
      [
       -81.074531,
       38.07323
      ],
      [
       -81.074446,
       38.073158
      ],
      [
       -81.074398,
       38.073108
      ],
      [
       -81.074358,
       38.073051
      ],
      [
       -81.074322,
       38.072993
      ],
      [
       -81.074301,
       38.072931
      ],
      [
       -81.074288,
       38.072864
      ],
      [
       -81.074286,
       38.072799
      ],
      [
       -81.074291,
       38.072738
      ],
      [
       -81.074303,
       38.072684
      ],
      [
       -81.07432,
       38.072641
      ],
      [
       -81.074341,
       38.072596
      ],
      [
       -81.074374,
       38.072539
      ],
      [
       -81.074409,
       38.072486
      ],
      [
       -81.074547,
       38.072313
      ],
      [
       -81.074716,
       38.072102
      ],
      [
       -81.074852,
       38.071925
      ],
      [
       -81.074903,
       38.071855
      ],
      [
       -81.07493,
       38.071808
      ],
      [
       -81.074956,
       38.071757
      ],
      [
       -81.074982,
       38.071703
      ],
      [
       -81.075019,
       38.071579
      ],
      [
       -81.075043,
       38.071485
      ],
      [
       -81.075058,
       38.071389
      ],
      [
       -81.075073,
       38.071256
      ],
      [
       -81.075081,
       38.071101
      ],
      [
       -81.075097,
       38.070926
      ],
      [
       -81.07511,
       38.070724
      ],
      [
       -81.075106,
       38.070689
      ],
      [
       -81.07508,
       38.070631
      ],
      [
       -81.075061,
       38.070607
      ],
      [
       -81.075031,
       38.070584
      ],
      [
       -81.074986,
       38.070562
      ],
      [
       -81.074894,
       38.070533
      ],
      [
       -81.074787,
       38.070505
      ],
      [
       -81.074415,
       38.070435
      ],
      [
       -81.073856,
       38.07037
      ],
      [
       -81.072807,
       38.07024
      ],
      [
       -81.073054,
       38.070121
      ],
      [
       -81.073405,
       38.069991
      ],
      [
       -81.073752,
       38.069768
      ],
      [
       -81.074004,
       38.06962
      ],
      [
       -81.0741,
       38.069536
      ],
      [
       -81.074153,
       38.06946
      ],
      [
       -81.074179,
       38.069381
      ],
      [
       -81.074194,
       38.069238
      ],
      [
       -81.07419,
       38.069103
      ],
      [
       -81.074172,
       38.069042
      ],
      [
       -81.074152,
       38.069007
      ],
      [
       -81.074118,
       38.068976
      ],
      [
       -81.074052,
       38.068953
      ],
      [
       -81.073986,
       38.068948
      ],
      [
       -81.073701,
       38.068961
      ],
      [
       -81.073518,
       38.068928
      ],
      [
       -81.073415,
       38.068879
      ],
      [
       -81.073355,
       38.068836
      ],
      [
       -81.073308,
       38.068786
      ],
      [
       -81.073312,
       38.06872
      ],
      [
       -81.073376,
       38.068597
      ],
      [
       -81.073477,
       38.06851
      ],
      [
       -81.07348,
       38.068615
      ],
      [
       -81.073498,
       38.068675
      ],
      [
       -81.073544,
       38.068736
      ],
      [
       -81.073621,
       38.068786
      ],
      [
       -81.073703,
       38.06881
      ],
      [
       -81.073872,
       38.068816
      ],
      [
       -81.074213,
       38.068775
      ],
      [
       -81.074315,
       38.068797
      ],
      [
       -81.074356,
       38.068851
      ],
      [
       -81.074376,
       38.068911
      ],
      [
       -81.074418,
       38.069176
      ],
      [
       -81.074429,
       38.069426
      ],
      [
       -81.074454,
       38.069484
      ],
      [
       -81.074526,
       38.06954
      ],
      [
       -81.074632,
       38.069583
      ],
      [
       -81.074746,
       38.069582
      ],
      [
       -81.074888,
       38.069566
      ],
      [
       -81.075075,
       38.06954
      ],
      [
       -81.075404,
       38.06946
      ],
      [
       -81.075666,
       38.069372
      ],
      [
       -81.075892,
       38.069269
      ],
      [
       -81.076048,
       38.069216
      ],
      [
       -81.076136,
       38.0692
      ],
      [
       -81.076205,
       38.069222
      ],
      [
       -81.076319,
       38.069335
      ],
      [
       -81.076485,
       38.069455
      ],
      [
       -81.076674,
       38.069485
      ],
      [
       -81.076819,
       38.069462
      ],
      [
       -81.076954,
       38.069427
      ],
      [
       -81.077219,
       38.069373
      ],
      [
       -81.077366,
       38.069407
      ],
      [
       -81.07754,
       38.069541
      ],
      [
       -81.077708,
       38.069732
      ],
      [
       -81.077982,
       38.069854
      ],
      [
       -81.078288,
       38.069865
      ],
      [
       -81.078624,
       38.069962
      ],
      [
       -81.078843,
       38.070078
      ],
      [
       -81.078924,
       38.070151
      ],
      [
       -81.078989,
       38.070264
      ],
      [
       -81.079163,
       38.070529
      ],
      [
       -81.079201,
       38.070568
      ],
      [
       -81.079314,
       38.070601
      ],
      [
       -81.07943,
       38.070664
      ],
      [
       -81.079528,
       38.070751
      ],
      [
       -81.0797,
       38.070849
      ],
      [
       -81.079826,
       38.070998
      ],
      [
       -81.080054,
       38.07137
      ],
      [
       -81.080237,
       38.071628
      ],
      [
       -81.080251,
       38.071647
      ],
      [
       -81.080384,
       38.071827
      ],
      [
       -81.080394,
       38.071968
      ],
      [
       -81.080364,
       38.072066
      ],
      [
       -81.080209,
       38.072222
      ],
      [
       -81.079928,
       38.072356
      ],
      [
       -81.079756,
       38.072514
      ],
      [
       -81.079727,
       38.072671
      ],
      [
       -81.079813,
       38.072852
      ],
      [
       -81.080042,
       38.073676
      ],
      [
       -81.08021,
       38.073905
      ],
      [
       -81.080378,
       38.074065
      ],
      [
       -81.080424,
       38.074172
      ],
      [
       -81.080424,
       38.07434
      ],
      [
       -81.080378,
       38.074607
      ],
      [
       -81.080395,
       38.07499
      ],
      [
       -81.080375,
       38.075135
      ],
      [
       -81.080076,
       38.075567
      ],
      [
       -81.079981,
       38.075797
      ],
      [
       -81.079981,
       38.076064
      ],
      [
       -81.08021,
       38.076408
      ],
      [
       -81.080469,
       38.076621
      ],
      [
       -81.080637,
       38.076843
      ],
      [
       -81.080698,
       38.077026
      ],
      [
       -81.080698,
       38.077331
      ],
      [
       -81.080637,
       38.07759
      ],
      [
       -81.080599,
       38.077703
      ],
      [
       -81.080529,
       38.077856
      ],
      [
       -81.080513,
       38.07793
      ],
      [
       -81.080557,
       38.078002
      ],
      [
       -81.080617,
       38.077974
      ],
      [
       -81.080658,
       38.077926
      ],
      [
       -81.08068,
       38.077886
      ],
      [
       -81.080735,
       38.077737
      ],
      [
       -81.080954,
       38.077157
      ],
      [
       -81.08097,
       38.07697
      ],
      [
       -81.080912,
       38.076766
      ],
      [
       -81.080744,
       38.076362
      ],
      [
       -81.080744,
       38.076057
      ],
      [
       -81.08082,
       38.075797
      ],
      [
       -81.080959,
       38.07553
      ],
      [
       -81.081132,
       38.075267
      ],
      [
       -81.081238,
       38.075144
      ],
      [
       -81.081331,
       38.074994
      ],
      [
       -81.081345,
       38.074614
      ],
      [
       -81.081583,
       38.074249
      ],
      [
       -81.081743,
       38.073812
      ],
      [
       -81.081782,
       38.073441
      ],
      [
       -81.081771,
       38.073309
      ],
      [
       -81.081711,
       38.07318
      ],
      [
       -81.081608,
       38.073051
      ],
      [
       -81.081612,
       38.072952
      ],
      [
       -81.081782,
       38.072739
      ],
      [
       -81.081964,
       38.072569
      ],
      [
       -81.082055,
       38.072364
      ],
      [
       -81.082055,
       38.07224
      ],
      [
       -81.081973,
       38.071899
      ],
      [
       -81.081883,
       38.071682
      ],
      [
       -81.081833,
       38.071356
      ],
      [
       -81.081829,
       38.071043
      ],
      [
       -81.081605,
       38.070505
      ],
      [
       -81.081263,
       38.070152
      ],
      [
       -81.081034,
       38.069816
      ],
      [
       -81.080842,
       38.069626
      ],
      [
       -81.08063,
       38.069363
      ],
      [
       -81.080372,
       38.069132
      ],
      [
       -81.080148,
       38.068965
      ],
      [
       -81.079813,
       38.06858
      ],
      [
       -81.079523,
       38.068366
      ],
      [
       -81.079185,
       38.068195
      ],
      [
       -81.079109,
       38.068096
      ],
      [
       -81.079134,
       38.068049
      ],
      [
       -81.079182,
       38.06804
      ],
      [
       -81.079238,
       38.068063
      ],
      [
       -81.079334,
       38.068129
      ],
      [
       -81.079445,
       38.068184
      ],
      [
       -81.07983,
       38.068335
      ],
      [
       -81.080067,
       38.068425
      ],
      [
       -81.080285,
       38.068545
      ],
      [
       -81.080415,
       38.068623
      ],
      [
       -81.080517,
       38.068698
      ],
      [
       -81.080607,
       38.068734
      ],
      [
       -81.080654,
       38.068744
      ],
      [
       -81.080682,
       38.06872
      ],
      [
       -81.08068,
       38.068694
      ],
      [
       -81.080675,
       38.068644
      ],
      [
       -81.080631,
       38.068601
      ],
      [
       -81.080569,
       38.068544
      ],
      [
       -81.080335,
       38.068407
      ],
      [
       -81.08016,
       38.068267
      ],
      [
       -81.079936,
       38.06812
      ],
      [
       -81.079595,
       38.067883
      ],
      [
       -81.07943,
       38.067785
      ],
      [
       -81.079238,
       38.067591
      ],
      [
       -81.078994,
       38.067494
      ],
      [
       -81.078751,
       38.067448
      ],
      [
       -81.078548,
       38.067321
      ],
      [
       -81.0781,
       38.066816
      ],
      [
       -81.077648,
       38.066423
      ],
      [
       -81.077136,
       38.066054
      ],
      [
       -81.076769,
       38.065789
      ],
      [
       -81.076507,
       38.06558
      ],
      [
       -81.076467,
       38.065534
      ],
      [
       -81.076453,
       38.065498
      ],
      [
       -81.07646,
       38.065449
      ],
      [
       -81.076478,
       38.065408
      ],
      [
       -81.076529,
       38.065329
      ],
      [
       -81.076578,
       38.065272
      ],
      [
       -81.077517,
       38.064384
      ],
      [
       -81.077517,
       38.064384
      ],
      [
       -81.077582,
       38.064336
      ],
      [
       -81.077648,
       38.064329
      ],
      [
       -81.07772,
       38.064358
      ],
      [
       -81.077869,
       38.064473
      ],
      [
       -81.078104,
       38.064636
      ],
      [
       -81.078699,
       38.064979
      ],
      [
       -81.07931,
       38.065292
      ],
      [
       -81.079833,
       38.065492
      ],
      [
       -81.079967,
       38.065523
      ],
      [
       -81.080088,
       38.065551
      ],
      [
       -81.080189,
       38.065562
      ],
      [
       -81.080236,
       38.065529
      ],
      [
       -81.080307,
       38.065438
      ],
      [
       -81.080413,
       38.065277
      ],
      [
       -81.080653,
       38.064941
      ],
      [
       -81.080866,
       38.064666
      ],
      [
       -81.081059,
       38.064464
      ],
      [
       -81.081183,
       38.064314
      ],
      [
       -81.081363,
       38.064214
      ],
      [
       -81.081535,
       38.06425
      ],
      [
       -81.081682,
       38.064356
      ],
      [
       -81.081791,
       38.064455
      ],
      [
       -81.081834,
       38.064562
      ],
      [
       -81.081797,
       38.064796
      ],
      [
       -81.081722,
       38.065023
      ],
      [
       -81.081643,
       38.065316
      ],
      [
       -81.081629,
       38.065727
      ],
      [
       -81.08168,
       38.065899
      ],
      [
       -81.081964,
       38.066066
      ],
      [
       -81.0823,
       38.066245
      ],
      [
       -81.082682,
       38.066604
      ],
      [
       -81.082972,
       38.066871
      ],
      [
       -81.083247,
       38.067115
      ],
      [
       -81.083407,
       38.067225
      ],
      [
       -81.083452,
       38.067254
      ],
      [
       -81.083499,
       38.06725
      ],
      [
       -81.083543,
       38.067226
      ],
      [
       -81.083551,
       38.067181
      ],
      [
       -81.083486,
       38.067102
      ],
      [
       -81.083407,
       38.067058
      ],
      [
       -81.083193,
       38.066917
      ],
      [
       -81.08279,
       38.066478
      ],
      [
       -81.082682,
       38.066344
      ],
      [
       -81.082362,
       38.065986
      ],
      [
       -81.082239,
       38.065727
      ],
      [
       -81.082239,
       38.065505
      ],
      [
       -81.082362,
       38.065025
      ],
      [
       -81.082468,
       38.064582
      ],
      [
       -81.082514,
       38.064109
      ],
      [
       -81.082505,
       38.063837
      ],
      [
       -81.082529,
       38.063722
      ],
      [
       -81.082565,
       38.063563
      ],
      [
       -81.082606,
       38.063315
      ],
      [
       -81.082514,
       38.063087
      ],
      [
       -81.082362,
       38.062789
      ],
      [
       -81.082273,
       38.0624
      ],
      [
       -81.082191,
       38.062196
      ],
      [
       -81.082133,
       38.061951
      ],
      [
       -81.082021,
       38.06167
      ],
      [
       -81.081793,
       38.061365
      ],
      [
       -81.081644,
       38.061111
      ],
      [
       -81.081381,
       38.060612
      ],
      [
       -81.081231,
       38.060394
      ],
      [
       -81.080992,
       38.06017
      ],
      [
       -81.080754,
       38.059985
      ],
      [
       -81.080548,
       38.0598
      ],
      [
       -81.080472,
       38.059699
      ],
      [
       -81.080448,
       38.059642
      ],
      [
       -81.080452,
       38.059584
      ],
      [
       -81.080483,
       38.059554
      ],
      [
       -81.080538,
       38.059537
      ],
      [
       -81.080602,
       38.059555
      ],
      [
       -81.080676,
       38.059642
      ],
      [
       -81.080879,
       38.059793
      ],
      [
       -81.081091,
       38.059937
      ],
      [
       -81.081245,
       38.060047
      ],
      [
       -81.08149,
       38.060293
      ],
      [
       -81.081729,
       38.060577
      ],
      [
       -81.081976,
       38.060865
      ],
      [
       -81.082196,
       38.06111
      ],
      [
       -81.0825,
       38.061441
      ],
      [
       -81.082761,
       38.06182
      ],
      [
       -81.082883,
       38.062034
      ],
      [
       -81.083,
       38.06239
      ],
      [
       -81.083155,
       38.06253
      ],
      [
       -81.083414,
       38.062782
      ],
      [
       -81.083521,
       38.063003
      ],
      [
       -81.083545,
       38.063216
      ],
      [
       -81.083527,
       38.0634
      ],
      [
       -81.08346,
       38.063583
      ],
      [
       -81.083406,
       38.063732
      ],
      [
       -81.08339,
       38.06388
      ],
      [
       -81.083433,
       38.064063
      ],
      [
       -81.083517,
       38.064289
      ],
      [
       -81.083455,
       38.064499
      ],
      [
       -81.083413,
       38.064801
      ],
      [
       -81.08343,
       38.064979
      ],
      [
       -81.083464,
       38.065156
      ],
      [
       -81.083523,
       38.065271
      ],
      [
       -81.083619,
       38.065373
      ],
      [
       -81.083855,
       38.065568
      ],
      [
       -81.084217,
       38.065817
      ],
      [
       -81.084508,
       38.065986
      ],
      [
       -81.084597,
       38.065995
      ],
      [
       -81.08472,
       38.066066
      ],
      [
       -81.085098,
       38.066289
      ],
      [
       -81.085158,
       38.066376
      ],
      [
       -81.085308,
       38.066654
      ],
      [
       -81.08541,
       38.066899
      ],
      [
       -81.085892,
       38.067537
      ],
      [
       -81.086054,
       38.06785
      ],
      [
       -81.086258,
       38.067984
      ],
      [
       -81.086446,
       38.068064
      ],
      [
       -81.086621,
       38.06822
      ],
      [
       -81.086698,
       38.06837
      ],
      [
       -81.086675,
       38.068535
      ],
      [
       -81.086642,
       38.068734
      ],
      [
       -81.086655,
       38.068966
      ],
      [
       -81.086741,
       38.069132
      ],
      [
       -81.087008,
       38.069253
      ],
      [
       -81.087495,
       38.069543
      ],
      [
       -81.087617,
       38.069734
      ],
      [
       -81.087654,
       38.069969
      ],
      [
       -81.087575,
       38.070296
      ],
      [
       -81.087703,
       38.070505
      ],
      [
       -81.087924,
       38.070708
      ],
      [
       -81.087944,
       38.070863
      ],
      [
       -81.087876,
       38.071105
      ],
      [
       -81.088029,
       38.071323
      ],
      [
       -81.088205,
       38.071403
      ],
      [
       -81.088345,
       38.071532
      ],
      [
       -81.088373,
       38.071712
      ],
      [
       -81.088372,
       38.071842
      ],
      [
       -81.088288,
       38.072102
      ],
      [
       -81.088163,
       38.072296
      ],
      [
       -81.088138,
       38.07244
      ],
      [
       -81.088369,
       38.072804
      ],
      [
       -81.088656,
       38.073165
      ],
      [
       -81.088655,
       38.073319
      ],
      [
       -81.088659,
       38.073555
      ],
      [
       -81.088644,
       38.073924
      ],
      [
       -81.088565,
       38.074926
      ],
      [
       -81.088483,
       38.075467
      ],
      [
       -81.088361,
       38.075898
      ],
      [
       -81.088449,
       38.076072
      ],
      [
       -81.088584,
       38.076177
      ],
      [
       -81.088866,
       38.076202
      ],
      [
       -81.089724,
       38.076215
      ],
      [
       -81.090999,
       38.076212
      ],
      [
       -81.091132,
       38.076145
      ],
      [
       -81.091361,
       38.075883
      ],
      [
       -81.09162,
       38.075623
      ],
      [
       -81.092017,
       38.075173
      ],
      [
       -81.092292,
       38.07483
      ],
      [
       -81.092506,
       38.074652
      ],
      [
       -81.092822,
       38.074482
      ],
      [
       -81.093343,
       38.074341
      ],
      [
       -81.093618,
       38.074341
      ],
      [
       -81.094071,
       38.07435
      ],
      [
       -81.094119,
       38.074353
      ],
      [
       -81.094154,
       38.07434
      ],
      [
       -81.094604,
       38.074293
      ],
      [
       -81.09495,
       38.074211
      ],
      [
       -81.095076,
       38.074097
      ],
      [
       -81.095274,
       38.073908
      ],
      [
       -81.095517,
       38.073641
      ],
      [
       -81.095705,
       38.073515
      ],
      [
       -81.095853,
       38.073443
      ],
      [
       -81.096044,
       38.073197
      ],
      [
       -81.096052,
       38.072977
      ],
      [
       -81.095923,
       38.072721
      ],
      [
       -81.095791,
       38.072419
      ],
      [
       -81.095776,
       38.072158
      ],
      [
       -81.095855,
       38.071942
      ],
      [
       -81.095984,
       38.071777
      ],
      [
       -81.09627,
       38.071349
      ],
      [
       -81.096333,
       38.071084
      ],
      [
       -81.096391,
       38.070848
      ],
      [
       -81.096401,
       38.070534
      ],
      [
       -81.096485,
       38.070291
      ],
      [
       -81.096593,
       38.070148
      ],
      [
       -81.096666,
       38.070066
      ],
      [
       -81.097104,
       38.069848
      ],
      [
       -81.097493,
       38.069706
      ],
      [
       -81.098028,
       38.069366
      ],
      [
       -81.098661,
       38.068976
      ],
      [
       -81.099188,
       38.068357
      ],
      [
       -81.099213,
       38.068279
      ],
      [
       -81.099316,
       38.068009
      ],
      [
       -81.099464,
       38.067594
      ],
      [
       -81.099599,
       38.067368
      ],
      [
       -81.099741,
       38.067276
      ],
      [
       -81.100172,
       38.066978
      ],
      [
       -81.100714,
       38.06649
      ],
      [
       -81.100862,
       38.066312
      ],
      [
       -81.100944,
       38.06615
      ],
      [
       -81.100962,
       38.066039
      ],
      [
       -81.100965,
       38.065799
      ],
      [
       -81.100753,
       38.065312
      ],
      [
       -81.100647,
       38.065078
      ],
      [
       -81.100562,
       38.064966
      ],
      [
       -81.100073,
       38.064576
      ],
      [
       -81.099797,
       38.064392
      ],
      [
       -81.099578,
       38.064164
      ],
      [
       -81.099433,
       38.063974
      ],
      [
       -81.099351,
       38.063818
      ],
      [
       -81.099316,
       38.063646
      ],
      [
       -81.099316,
       38.063072
      ],
      [
       -81.099344,
       38.062782
      ],
      [
       -81.099344,
       38.062138
      ],
      [
       -81.099266,
       38.061848
      ],
      [
       -81.099174,
       38.061639
      ],
      [
       -81.098982,
       38.061392
      ],
      [
       -81.098629,
       38.061059
      ],
      [
       -81.09849,
       38.06093
      ],
      [
       -81.099205,
       38.060575
      ],
      [
       -81.099937,
       38.060224
      ],
      [
       -81.102588,
       38.058919
      ],
      [
       -81.103937,
       38.058249
      ],
      [
       -81.10477,
       38.057835
      ],
      [
       -81.105152,
       38.057649
      ],
      [
       -81.105238,
       38.057608
      ],
      [
       -81.105159,
       38.057438
      ],
      [
       -81.105099,
       38.057304
      ],
      [
       -81.105028,
       38.057167
      ],
      [
       -81.104916,
       38.056957
      ],
      [
       -81.104856,
       38.05683
      ],
      [
       -81.104827,
       38.05675
      ],
      [
       -81.104803,
       38.056629
      ],
      [
       -81.10479,
       38.056509
      ],
      [
       -81.104793,
       38.056242
      ],
      [
       -81.105055,
       38.055488
      ],
      [
       -81.105102,
       38.055239
      ],
      [
       -81.105091,
       38.05495
      ],
      [
       -81.104683,
       38.053869
      ],
      [
       -81.10458,
       38.05352
      ],
      [
       -81.104503,
       38.053349
      ],
      [
       -81.104461,
       38.053301
      ],
      [
       -81.104412,
       38.05326
      ],
      [
       -81.10378,
       38.052792
      ],
      [
       -81.103063,
       38.052291
      ],
      [
       -81.102474,
       38.051894
      ],
      [
       -81.102076,
       38.051659
      ],
      [
       -81.101581,
       38.05138
      ],
      [
       -81.101003,
       38.051034
      ],
      [
       -81.100822,
       38.050853
      ],
      [
       -81.100665,
       38.050662
      ],
      [
       -81.100594,
       38.050523
      ],
      [
       -81.100538,
       38.050384
      ],
      [
       -81.100484,
       38.050184
      ],
      [
       -81.10046,
       38.049989
      ],
      [
       -81.100463,
       38.049781
      ],
      [
       -81.100477,
       38.049595
      ],
      [
       -81.10051,
       38.049488
      ],
      [
       -81.100565,
       38.04936
      ],
      [
       -81.100678,
       38.049184
      ],
      [
       -81.100798,
       38.049005
      ],
      [
       -81.100868,
       38.048908
      ],
      [
       -81.101012,
       38.048722
      ],
      [
       -81.101607,
       38.047903
      ],
      [
       -81.102034,
       38.047351
      ],
      [
       -81.106355,
       38.041316
      ],
      [
       -81.106832,
       38.040641
      ],
      [
       -81.107482,
       38.0398
      ],
      [
       -81.108041,
       38.039011
      ],
      [
       -81.108143,
       38.038878
      ],
      [
       -81.108887,
       38.03781
      ],
      [
       -81.108948,
       38.037715
      ],
      [
       -81.109212,
       38.03734
      ],
      [
       -81.109367,
       38.037132
      ],
      [
       -81.109505,
       38.036945
      ],
      [
       -81.109683,
       38.036702
      ],
      [
       -81.110551,
       38.035482
      ],
      [
       -81.111024,
       38.034843
      ],
      [
       -81.111339,
       38.034404
      ],
      [
       -81.111574,
       38.034087
      ],
      [
       -81.111888,
       38.033647
      ],
      [
       -81.11229,
       38.033067
      ],
      [
       -81.112491,
       38.032693
      ],
      [
       -81.112588,
       38.032478
      ],
      [
       -81.112801,
       38.031989
      ],
      [
       -81.113136,
       38.031029
      ],
      [
       -81.113432,
       38.030057
      ],
      [
       -81.113243,
       38.030122
      ],
      [
       -81.113067,
       38.030151
      ],
      [
       -81.112898,
       38.030164
      ],
      [
       -81.112859,
       38.030162
      ],
      [
       -81.112763,
       38.030158
      ],
      [
       -81.112566,
       38.030123
      ],
      [
       -81.111805,
       38.029918
      ],
      [
       -81.111672,
       38.029898
      ],
      [
       -81.111433,
       38.029892
      ],
      [
       -81.111433,
       38.029892
      ],
      [
       -81.111433,
       38.029892
      ],
      [
       -81.111672,
       38.029898
      ],
      [
       -81.111805,
       38.029918
      ],
      [
       -81.112566,
       38.030123
      ],
      [
       -81.112763,
       38.030158
      ],
      [
       -81.112859,
       38.030162
      ],
      [
       -81.112898,
       38.030164
      ],
      [
       -81.113067,
       38.030151
      ],
      [
       -81.113243,
       38.030122
      ],
      [
       -81.113432,
       38.030057
      ],
      [
       -81.114256,
       38.02756
      ],
      [
       -81.114651,
       38.026381
      ],
      [
       -81.114784,
       38.025965
      ],
      [
       -81.115086,
       38.025209
      ],
      [
       -81.11536,
       38.024406
      ],
      [
       -81.115531,
       38.023874
      ],
      [
       -81.11643,
       38.02103
      ],
      [
       -81.11654,
       38.020768
      ],
      [
       -81.116662,
       38.020489
      ],
      [
       -81.116797,
       38.020171
      ],
      [
       -81.116969,
       38.019851
      ],
      [
       -81.117117,
       38.019616
      ],
      [
       -81.11739,
       38.019182
      ],
      [
       -81.117606,
       38.018857
      ],
      [
       -81.117728,
       38.018681
      ],
      [
       -81.117791,
       38.018605
      ],
      [
       -81.117991,
       38.018374
      ],
      [
       -81.118228,
       38.018124
      ],
      [
       -81.118699,
       38.01768
      ],
      [
       -81.11898,
       38.017429
      ],
      [
       -81.119594,
       38.01689
      ],
      [
       -81.119682,
       38.016815
      ],
      [
       -81.120449,
       38.01613
      ],
      [
       -81.12081,
       38.015812
      ],
      [
       -81.121916,
       38.014805
      ],
      [
       -81.12224,
       38.014515
      ],
      [
       -81.12257,
       38.014211
      ],
      [
       -81.122743,
       38.014051
      ],
      [
       -81.122942,
       38.013872
      ],
      [
       -81.123092,
       38.013709
      ],
      [
       -81.123518,
       38.01322
      ],
      [
       -81.12381,
       38.012887
      ],
      [
       -81.124101,
       38.012552
      ],
      [
       -81.124383,
       38.012232
      ],
      [
       -81.124703,
       38.011888
      ],
      [
       -81.124917,
       38.011689
      ],
      [
       -81.125147,
       38.011489
      ],
      [
       -81.125471,
       38.011239
      ],
      [
       -81.125831,
       38.010978
      ],
      [
       -81.126333,
       38.010631
      ],
      [
       -81.126701,
       38.010369
      ],
      [
       -81.127154,
       38.010051
      ],
      [
       -81.127963,
       38.00942
      ],
      [
       -81.128352,
       38.009072
      ],
      [
       -81.128674,
       38.008778
      ],
      [
       -81.128937,
       38.008479
      ],
      [
       -81.129339,
       38.00802
      ],
      [
       -81.129689,
       38.007533
      ],
      [
       -81.13,
       38.007046
      ],
      [
       -81.130048,
       38.006937
      ],
      [
       -81.130242,
       38.006583
      ],
      [
       -81.130427,
       38.006179
      ],
      [
       -81.130575,
       38.006015
      ],
      [
       -81.130904,
       38.00583
      ],
      [
       -81.131005,
       38.005763
      ],
      [
       -81.130973,
       38.005653
      ],
      [
       -81.130925,
       38.005477
      ],
      [
       -81.130867,
       38.005168
      ],
      [
       -81.130858,
       38.004922
      ],
      [
       -81.130856,
       38.004616
      ],
      [
       -81.130872,
       38.004331
      ],
      [
       -81.130915,
       38.003992
      ],
      [
       -81.130941,
       38.00382
      ],
      [
       -81.130966,
       38.003592
      ],
      [
       -81.131177,
       38.001932
      ],
      [
       -81.131254,
       38.00138
      ],
      [
       -81.131332,
       38.000729
      ],
      [
       -81.131413,
       38.000059
      ],
      [
       -81.131622,
       37.998535
      ],
      [
       -81.131753,
       37.997475
      ],
      [
       -81.131879,
       37.996466
      ],
      [
       -81.131974,
       37.995679
      ],
      [
       -81.131992,
       37.995545
      ],
      [
       -81.132008,
       37.995425
      ],
      [
       -81.132016,
       37.995366
      ],
      [
       -81.132129,
       37.994447
      ],
      [
       -81.132183,
       37.994054
      ],
      [
       -81.132227,
       37.993698
      ],
      [
       -81.132283,
       37.993441
      ],
      [
       -81.13237,
       37.993112
      ],
      [
       -81.132594,
       37.992402
      ],
      [
       -81.132635,
       37.992312
      ],
      [
       -81.132635,
       37.992312
      ],
      [
       -81.132801,
       37.99195
      ],
      [
       -81.133006,
       37.991557
      ],
      [
       -81.133049,
       37.991472
      ],
      [
       -81.133104,
       37.991365
      ],
      [
       -81.133129,
       37.991317
      ],
      [
       -81.133208,
       37.991181
      ],
      [
       -81.13325,
       37.991116
      ],
      [
       -81.133317,
       37.990997
      ],
      [
       -81.133377,
       37.990906
      ],
      [
       -81.13342,
       37.99081
      ],
      [
       -81.133982,
       37.989844
      ],
      [
       -81.134814,
       37.988456
      ],
      [
       -81.13489,
       37.988314
      ],
      [
       -81.135533,
       37.987221
      ],
      [
       -81.135903,
       37.986574
      ],
      [
       -81.136115,
       37.986202
      ],
      [
       -81.136576,
       37.985409
      ],
      [
       -81.136748,
       37.985088
      ],
      [
       -81.136957,
       37.984712
      ],
      [
       -81.137139,
       37.98441
      ],
      [
       -81.137201,
       37.984274
      ],
      [
       -81.13736,
       37.98399
      ],
      [
       -81.137542,
       37.983674
      ],
      [
       -81.137607,
       37.983542
      ],
      [
       -81.137709,
       37.983297
      ],
      [
       -81.137818,
       37.983011
      ],
      [
       -81.137866,
       37.982901
      ],
      [
       -81.137971,
       37.982586
      ],
      [
       -81.137995,
       37.982468
      ],
      [
       -81.138046,
       37.982303
      ],
      [
       -81.138089,
       37.982144
      ],
      [
       -81.138132,
       37.981974
      ],
      [
       -81.13824,
       37.981559
      ],
      [
       -81.138289,
       37.981372
      ],
      [
       -81.138325,
       37.981242
      ],
      [
       -81.138432,
       37.980855
      ],
      [
       -81.13856,
       37.980375
      ],
      [
       -81.13867,
       37.979964
      ],
      [
       -81.138741,
       37.979609
      ],
      [
       -81.13882,
       37.979292
      ],
      [
       -81.139046,
       37.978474
      ],
      [
       -81.13929,
       37.977712
      ],
      [
       -81.139422,
       37.977403
      ],
      [
       -81.139507,
       37.977284
      ],
      [
       -81.1396,
       37.977157
      ],
      [
       -81.139766,
       37.976981
      ],
      [
       -81.139918,
       37.976865
      ],
      [
       -81.140027,
       37.976786
      ],
      [
       -81.14014,
       37.976706
      ],
      [
       -81.140257,
       37.976628
      ],
      [
       -81.140307,
       37.976595
      ],
      [
       -81.140954,
       37.976175
      ],
      [
       -81.141219,
       37.976012
      ],
      [
       -81.141256,
       37.975887
      ],
      [
       -81.1413,
       37.975762
      ],
      [
       -81.1414,
       37.97554
      ],
      [
       -81.141493,
       37.975362
      ],
      [
       -81.141631,
       37.975066
      ],
      [
       -81.141695,
       37.974944
      ],
      [
       -81.141741,
       37.974865
      ],
      [
       -81.14179,
       37.974791
      ],
      [
       -81.141839,
       37.974715
      ],
      [
       -81.141912,
       37.974622
      ],
      [
       -81.14201,
       37.974514
      ],
      [
       -81.142107,
       37.974427
      ],
      [
       -81.142251,
       37.974306
      ],
      [
       -81.142356,
       37.974228
      ],
      [
       -81.142527,
       37.974119
      ],
      [
       -81.143101,
       37.973783
      ],
      [
       -81.143716,
       37.973429
      ],
      [
       -81.143964,
       37.973284
      ],
      [
       -81.144114,
       37.973203
      ],
      [
       -81.144322,
       37.973104
      ],
      [
       -81.145168,
       37.972696
      ],
      [
       -81.145503,
       37.972556
      ],
      [
       -81.145722,
       37.972459
      ],
      [
       -81.145899,
       37.972381
      ],
      [
       -81.14603,
       37.972314
      ],
      [
       -81.146172,
       37.972235
      ],
      [
       -81.146276,
       37.972177
      ],
      [
       -81.14638,
       37.972117
      ],
      [
       -81.146478,
       37.972052
      ],
      [
       -81.146564,
       37.971998
      ],
      [
       -81.146655,
       37.971933
      ],
      [
       -81.146773,
       37.97184
      ],
      [
       -81.146895,
       37.971736
      ],
      [
       -81.146975,
       37.971659
      ],
      [
       -81.147045,
       37.971589
      ],
      [
       -81.147116,
       37.971517
      ],
      [
       -81.147192,
       37.971438
      ],
      [
       -81.147276,
       37.971342
      ],
      [
       -81.147385,
       37.971198
      ],
      [
       -81.147444,
       37.971112
      ],
      [
       -81.147505,
       37.971014
      ],
      [
       -81.147555,
       37.970932
      ],
      [
       -81.14761,
       37.970828
      ],
      [
       -81.147664,
       37.970721
      ],
      [
       -81.147711,
       37.970619
      ],
      [
       -81.14775,
       37.97052
      ],
      [
       -81.147788,
       37.970406
      ],
      [
       -81.147827,
       37.970285
      ],
      [
       -81.147855,
       37.970173
      ],
      [
       -81.147881,
       37.97005
      ],
      [
       -81.147897,
       37.969928
      ],
      [
       -81.147913,
       37.96978
      ],
      [
       -81.147928,
       37.969645
      ],
      [
       -81.147928,
       37.969523
      ],
      [
       -81.147917,
       37.969377
      ],
      [
       -81.147899,
       37.969217
      ],
      [
       -81.147879,
       37.969082
      ],
      [
       -81.147855,
       37.968953
      ],
      [
       -81.147808,
       37.968755
      ],
      [
       -81.147616,
       37.968025
      ],
      [
       -81.147554,
       37.967805
      ],
      [
       -81.147514,
       37.96761
      ],
      [
       -81.147465,
       37.967409
      ],
      [
       -81.147421,
       37.967189
      ],
      [
       -81.147396,
       37.967032
      ],
      [
       -81.147372,
       37.966837
      ],
      [
       -81.147352,
       37.966639
      ],
      [
       -81.147336,
       37.966443
      ],
      [
       -81.147328,
       37.966287
      ],
      [
       -81.147321,
       37.966053
      ],
      [
       -81.147324,
       37.96574
      ],
      [
       -81.147321,
       37.964605
      ],
      [
       -81.147317,
       37.96375
      ],
      [
       -81.14732,
       37.963562
      ],
      [
       -81.147331,
       37.963372
      ],
      [
       -81.147351,
       37.96316
      ],
      [
       -81.147374,
       37.962957
      ],
      [
       -81.147386,
       37.962869
      ],
      [
       -81.147429,
       37.962618
      ],
      [
       -81.147484,
       37.96235
      ],
      [
       -81.147536,
       37.962127
      ],
      [
       -81.147585,
       37.961934
      ],
      [
       -81.147647,
       37.961717
      ],
      [
       -81.147708,
       37.961514
      ],
      [
       -81.147779,
       37.961329
      ],
      [
       -81.147868,
       37.961121
      ],
      [
       -81.14795,
       37.960941
      ],
      [
       -81.148028,
       37.960798
      ],
      [
       -81.148136,
       37.960629
      ],
      [
       -81.148227,
       37.960501
      ],
      [
       -81.148375,
       37.960335
      ],
      [
       -81.148501,
       37.960205
      ],
      [
       -81.148609,
       37.960106
      ],
      [
       -81.148683,
       37.960037
      ],
      [
       -81.148785,
       37.959949
      ],
      [
       -81.148648,
       37.95984
      ],
      [
       -81.148648,
       37.95984
      ],
      [
       -81.148585,
       37.959795
      ],
      [
       -81.148481,
       37.959724
      ],
      [
       -81.148418,
       37.959654
      ],
      [
       -81.148354,
       37.959553
      ],
      [
       -81.148356,
       37.959485
      ],
      [
       -81.148355,
       37.959404
      ],
      [
       -81.148366,
       37.959313
      ],
      [
       -81.148476,
       37.958989
      ],
      [
       -81.148528,
       37.958814
      ],
      [
       -81.148538,
       37.958781
      ],
      [
       -81.148599,
       37.958577
      ],
      [
       -81.148747,
       37.958097
      ],
      [
       -81.148864,
       37.957687
      ],
      [
       -81.149066,
       37.956986
      ],
      [
       -81.149153,
       37.956666
      ],
      [
       -81.149222,
       37.95636
      ],
      [
       -81.149227,
       37.956154
      ],
      [
       -81.149257,
       37.955886
      ],
      [
       -81.149312,
       37.954954
      ],
      [
       -81.149371,
       37.954017
      ],
      [
       -81.149377,
       37.953801
      ],
      [
       -81.149393,
       37.953426
      ],
      [
       -81.149412,
       37.953127
      ],
      [
       -81.149414,
       37.952747
      ],
      [
       -81.14944,
       37.952379
      ],
      [
       -81.149477,
       37.951624
      ],
      [
       -81.149501,
       37.951135
      ],
      [
       -81.149542,
       37.950317
      ],
      [
       -81.149614,
       37.949776
      ],
      [
       -81.149682,
       37.949464
      ],
      [
       -81.149847,
       37.948954
      ],
      [
       -81.150096,
       37.948274
      ],
      [
       -81.150198,
       37.947989
      ],
      [
       -81.15031,
       37.9477
      ],
      [
       -81.150586,
       37.946903
      ],
      [
       -81.150787,
       37.946389
      ],
      [
       -81.151282,
       37.944995
      ],
      [
       -81.151424,
       37.94464
      ],
      [
       -81.151452,
       37.944555
      ],
      [
       -81.151476,
       37.944485
      ],
      [
       -81.152129,
       37.942656
      ],
      [
       -81.152318,
       37.942142
      ],
      [
       -81.152374,
       37.942007
      ],
      [
       -81.15247,
       37.941696
      ],
      [
       -81.152614,
       37.941365
      ],
      [
       -81.15265,
       37.941251
      ],
      [
       -81.152746,
       37.941002
      ],
      [
       -81.152873,
       37.940596
      ],
      [
       -81.153021,
       37.940141
      ],
      [
       -81.15309,
       37.939778
      ],
      [
       -81.153177,
       37.938981
      ],
      [
       -81.153187,
       37.93884
      ],
      [
       -81.153187,
       37.938186
      ],
      [
       -81.15319,
       37.937253
      ],
      [
       -81.153201,
       37.936733
      ],
      [
       -81.15321,
       37.93597
      ],
      [
       -81.153213,
       37.935731
      ],
      [
       -81.153227,
       37.934764
      ],
      [
       -81.153235,
       37.934488
      ],
      [
       -81.153248,
       37.934152
      ],
      [
       -81.153248,
       37.934108
      ],
      [
       -81.15325,
       37.933986
      ],
      [
       -81.153286,
       37.933693
      ],
      [
       -81.153326,
       37.933468
      ],
      [
       -81.153413,
       37.933169
      ],
      [
       -81.153514,
       37.932901
      ],
      [
       -81.153575,
       37.932771
      ],
      [
       -81.153594,
       37.932733
      ],
      [
       -81.153744,
       37.932405
      ],
      [
       -81.153872,
       37.932174
      ],
      [
       -81.154208,
       37.931655
      ],
      [
       -81.15439,
       37.931426
      ],
      [
       -81.154735,
       37.930986
      ],
      [
       -81.154905,
       37.930753
      ],
      [
       -81.155241,
       37.930359
      ],
      [
       -81.15556,
       37.929931
      ],
      [
       -81.155621,
       37.929854
      ],
      [
       -81.156145,
       37.929182
      ],
      [
       -81.156269,
       37.929039
      ],
      [
       -81.156168,
       37.928912
      ],
      [
       -81.156168,
       37.928912
      ],
      [
       -81.156269,
       37.929039
      ],
      [
       -81.1565,
       37.928724
      ],
      [
       -81.15661,
       37.928568
      ],
      [
       -81.156737,
       37.928337
      ],
      [
       -81.156813,
       37.928082
      ],
      [
       -81.156838,
       37.927949
      ],
      [
       -81.156862,
       37.927817
      ],
      [
       -81.156895,
       37.927503
      ],
      [
       -81.156935,
       37.927176
      ],
      [
       -81.156951,
       37.926933
      ],
      [
       -81.157004,
       37.926721
      ],
      [
       -81.157109,
       37.926459
      ],
      [
       -81.157302,
       37.926043
      ],
      [
       -81.157436,
       37.92579
      ],
      [
       -81.157524,
       37.925588
      ],
      [
       -81.157587,
       37.925464
      ],
      [
       -81.157652,
       37.925327
      ],
      [
       -81.157716,
       37.925189
      ],
      [
       -81.157764,
       37.925071
      ],
      [
       -81.157867,
       37.924865
      ],
      [
       -81.157955,
       37.924708
      ],
      [
       -81.158095,
       37.92445
      ],
      [
       -81.158399,
       37.923982
      ],
      [
       -81.158537,
       37.923744
      ],
      [
       -81.158893,
       37.923191
      ],
      [
       -81.158948,
       37.923106
      ],
      [
       -81.159031,
       37.922977
      ],
      [
       -81.159106,
       37.92286
      ],
      [
       -81.159123,
       37.922835
      ],
      [
       -81.159217,
       37.922688
      ],
      [
       -81.159393,
       37.922416
      ],
      [
       -81.159527,
       37.92221
      ],
      [
       -81.159634,
       37.922063
      ],
      [
       -81.159794,
       37.921872
      ],
      [
       -81.159938,
       37.92171
      ],
      [
       -81.160152,
       37.921538
      ],
      [
       -81.160421,
       37.921361
      ],
      [
       -81.160751,
       37.921163
      ],
      [
       -81.161018,
       37.92099
      ],
      [
       -81.161205,
       37.920869
      ],
      [
       -81.161521,
       37.920675
      ],
      [
       -81.161765,
       37.920501
      ],
      [
       -81.162015,
       37.920379
      ],
      [
       -81.162301,
       37.920234
      ],
      [
       -81.162655,
       37.920095
      ],
      [
       -81.163017,
       37.919993
      ],
      [
       -81.163335,
       37.919907
      ],
      [
       -81.163682,
       37.919819
      ],
      [
       -81.164075,
       37.919683
      ],
      [
       -81.16447,
       37.919473
      ],
      [
       -81.164738,
       37.919263
      ],
      [
       -81.165003,
       37.918981
      ],
      [
       -81.165194,
       37.918687
      ],
      [
       -81.165308,
       37.918449
      ],
      [
       -81.165386,
       37.918158
      ],
      [
       -81.165407,
       37.917958
      ],
      [
       -81.165399,
       37.917643
      ],
      [
       -81.165337,
       37.91732
      ],
      [
       -81.165302,
       37.917224
      ],
      [
       -81.165136,
       37.916707
      ],
      [
       -81.165014,
       37.91631
      ],
      [
       -81.164865,
       37.915815
      ],
      [
       -81.164743,
       37.915409
      ],
      [
       -81.164511,
       37.914723
      ],
      [
       -81.164376,
       37.914439
      ],
      [
       -81.16423,
       37.914194
      ],
      [
       -81.164058,
       37.913935
      ],
      [
       -81.163799,
       37.913659
      ],
      [
       -81.163727,
       37.913589
      ],
      [
       -81.163356,
       37.913232
      ],
      [
       -81.163069,
       37.913001
      ],
      [
       -81.162919,
       37.912898
      ],
      [
       -81.162442,
       37.912597
      ],
      [
       -81.162066,
       37.912308
      ],
      [
       -81.161673,
       37.911862
      ],
      [
       -81.161493,
       37.911502
      ],
      [
       -81.161399,
       37.911174
      ],
      [
       -81.161369,
       37.910894
      ],
      [
       -81.161372,
       37.910425
      ],
      [
       -81.161326,
       37.910051
      ],
      [
       -81.16125,
       37.909588
      ],
      [
       -81.161099,
       37.909335
      ],
      [
       -81.160881,
       37.90911
      ],
      [
       -81.160606,
       37.908923
      ],
      [
       -81.160219,
       37.908668
      ],
      [
       -81.16002,
       37.908547
      ],
      [
       -81.159701,
       37.908369
      ],
      [
       -81.159368,
       37.908199
      ],
      [
       -81.159181,
       37.908087
      ],
      [
       -81.158858,
       37.907925
      ],
      [
       -81.158785,
       37.907895
      ],
      [
       -81.158445,
       37.907793
      ],
      [
       -81.158036,
       37.907695
      ],
      [
       -81.157659,
       37.907627
      ],
      [
       -81.157486,
       37.907594
      ],
      [
       -81.157367,
       37.907557
      ],
      [
       -81.15721,
       37.907471
      ],
      [
       -81.157086,
       37.907383
      ],
      [
       -81.157024,
       37.907313
      ],
      [
       -81.156936,
       37.907201
      ],
      [
       -81.156351,
       37.906106
      ],
      [
       -81.156009,
       37.905509
      ],
      [
       -81.155621,
       37.904819
      ],
      [
       -81.154428,
       37.902638
      ],
      [
       -81.154226,
       37.902255
      ],
      [
       -81.154013,
       37.901887
      ],
      [
       -81.153841,
       37.901544
      ],
      [
       -81.15377,
       37.901314
      ],
      [
       -81.153731,
       37.901145
      ],
      [
       -81.15369,
       37.900905
      ],
      [
       -81.153706,
       37.90069
      ],
      [
       -81.153768,
       37.900386
      ],
      [
       -81.153829,
       37.900227
      ],
      [
       -81.153912,
       37.90001
      ],
      [
       -81.154114,
       37.89973
      ],
      [
       -81.15428,
       37.899543
      ],
      [
       -81.154431,
       37.899388
      ],
      [
       -81.155138,
       37.898677
      ],
      [
       -81.15536,
       37.898477
      ],
      [
       -81.155573,
       37.898256
      ],
      [
       -81.155675,
       37.898157
      ],
      [
       -81.155876,
       37.897963
      ],
      [
       -81.156212,
       37.897669
      ],
      [
       -81.156552,
       37.897408
      ],
      [
       -81.156684,
       37.897307
      ],
      [
       -81.159081,
       37.89583
      ],
      [
       -81.159148,
       37.895781
      ],
      [
       -81.15951,
       37.89544
      ],
      [
       -81.159998,
       37.894998
      ],
      [
       -81.160044,
       37.894922
      ],
      [
       -81.16062,
       37.894153
      ],
      [
       -81.161033,
       37.893582
      ],
      [
       -81.161341,
       37.893146
      ],
      [
       -81.16166,
       37.892662
      ],
      [
       -81.162014,
       37.892171
      ],
      [
       -81.162206,
       37.891906
      ],
      [
       -81.162337,
       37.891725
      ],
      [
       -81.162121,
       37.891606
      ],
      [
       -81.16202,
       37.891528
      ],
      [
       -81.161781,
       37.891297
      ],
      [
       -81.161676,
       37.891095
      ],
      [
       -81.161539,
       37.890832
      ],
      [
       -81.161157,
       37.890106
      ],
      [
       -81.161108,
       37.889993
      ],
      [
       -81.161026,
       37.889657
      ],
      [
       -81.160995,
       37.889413
      ],
      [
       -81.160984,
       37.889152
      ],
      [
       -81.160994,
       37.88893
      ],
      [
       -81.161018,
       37.888569
      ],
      [
       -81.161027,
       37.888223
      ],
      [
       -81.161018,
       37.888152
      ],
      [
       -81.160974,
       37.887923
      ],
      [
       -81.160913,
       37.887706
      ],
      [
       -81.160815,
       37.887462
      ],
      [
       -81.160664,
       37.887244
      ],
      [
       -81.160449,
       37.886983
      ],
      [
       -81.160246,
       37.88677
      ],
      [
       -81.159999,
       37.886582
      ],
      [
       -81.159776,
       37.88645
      ],
      [
       -81.159598,
       37.886356
      ],
      [
       -81.159427,
       37.886269
      ],
      [
       -81.15922,
       37.886179
      ],
      [
       -81.159045,
       37.886103
      ],
      [
       -81.158492,
       37.885879
      ],
      [
       -81.158081,
       37.885718
      ],
      [
       -81.157856,
       37.885624
      ],
      [
       -81.157715,
       37.885569
      ],
      [
       -81.15733,
       37.8854
      ],
      [
       -81.157018,
       37.885263
      ],
      [
       -81.156702,
       37.885119
      ],
      [
       -81.156503,
       37.884997
      ],
      [
       -81.156313,
       37.884864
      ],
      [
       -81.156084,
       37.884643
      ],
      [
       -81.155773,
       37.884289
      ],
      [
       -81.155458,
       37.883881
      ],
      [
       -81.155073,
       37.883385
      ],
      [
       -81.154696,
       37.882966
      ],
      [
       -81.154352,
       37.882616
      ],
      [
       -81.154272,
       37.882536
      ],
      [
       -81.153887,
       37.882164
      ],
      [
       -81.153532,
       37.881841
      ],
      [
       -81.153395,
       37.881711
      ],
      [
       -81.152254,
       37.880805
      ],
      [
       -81.151905,
       37.880542
      ],
      [
       -81.151277,
       37.880105
      ],
      [
       -81.151102,
       37.879984
      ],
      [
       -81.150384,
       37.879542
      ],
      [
       -81.150183,
       37.879416
      ],
      [
       -81.149897,
       37.879279
      ],
      [
       -81.149448,
       37.879102
      ],
      [
       -81.148691,
       37.878882
      ],
      [
       -81.148481,
       37.878839
      ],
      [
       -81.148282,
       37.878804
      ],
      [
       -81.147971,
       37.87876
      ],
      [
       -81.147898,
       37.878752
      ],
      [
       -81.147462,
       37.878725
      ],
      [
       -81.147199,
       37.878715
      ],
      [
       -81.146926,
       37.878726
      ],
      [
       -81.146704,
       37.878739
      ],
      [
       -81.146482,
       37.878767
      ],
      [
       -81.145914,
       37.878852
      ],
      [
       -81.145592,
       37.878877
      ],
      [
       -81.145366,
       37.878872
      ],
      [
       -81.145179,
       37.87886
      ],
      [
       -81.145028,
       37.87884
      ],
      [
       -81.14472,
       37.878785
      ],
      [
       -81.144395,
       37.878686
      ],
      [
       -81.14415,
       37.87859
      ],
      [
       -81.143893,
       37.878465
      ],
      [
       -81.143715,
       37.878351
      ],
      [
       -81.143594,
       37.87826
      ],
      [
       -81.143319,
       37.878001
      ],
      [
       -81.142962,
       37.877542
      ],
      [
       -81.142631,
       37.877068
      ],
      [
       -81.142345,
       37.876668
      ],
      [
       -81.142062,
       37.876278
      ],
      [
       -81.141764,
       37.875866
      ],
      [
       -81.141499,
       37.875504
      ],
      [
       -81.141347,
       37.875294
      ],
      [
       -81.141066,
       37.87493
      ],
      [
       -81.140738,
       37.874439
      ],
      [
       -81.140627,
       37.874259
      ],
      [
       -81.14057,
       37.874165
      ],
      [
       -81.140473,
       37.873982
      ],
      [
       -81.140412,
       37.873843
      ],
      [
       -81.140324,
       37.873586
      ],
      [
       -81.140273,
       37.873388
      ],
      [
       -81.140254,
       37.8733
      ],
      [
       -81.140204,
       37.873019
      ],
      [
       -81.140178,
       37.872727
      ],
      [
       -81.140108,
       37.872237
      ],
      [
       -81.140084,
       37.871874
      ],
      [
       -81.140077,
       37.871706
      ],
      [
       -81.140054,
       37.871476
      ],
      [
       -81.14001,
       37.871176
      ],
      [
       -81.139975,
       37.870873
      ],
      [
       -81.139927,
       37.87054
      ],
      [
       -81.13984,
       37.870165
      ],
      [
       -81.139787,
       37.870025
      ],
      [
       -81.139667,
       37.869788
      ],
      [
       -81.139422,
       37.869387
      ],
      [
       -81.139262,
       37.869162
      ],
      [
       -81.139076,
       37.868938
      ],
      [
       -81.138979,
       37.868832
      ],
      [
       -81.138761,
       37.868639
      ],
      [
       -81.138534,
       37.86849
      ],
      [
       -81.138267,
       37.86834
      ],
      [
       -81.13796,
       37.868191
      ],
      [
       -81.137665,
       37.86807
      ],
      [
       -81.137128,
       37.867855
      ],
      [
       -81.136577,
       37.867619
      ],
      [
       -81.136135,
       37.867381
      ],
      [
       -81.135805,
       37.867171
      ],
      [
       -81.135613,
       37.867028
      ],
      [
       -81.135374,
       37.866841
      ],
      [
       -81.135046,
       37.866548
      ],
      [
       -81.134733,
       37.866243
      ],
      [
       -81.134382,
       37.865965
      ],
      [
       -81.133996,
       37.865735
      ],
      [
       -81.13381,
       37.865633
      ],
      [
       -81.133373,
       37.865468
      ],
      [
       -81.133079,
       37.865364
      ],
      [
       -81.132781,
       37.865262
      ],
      [
       -81.132392,
       37.865133
      ],
      [
       -81.132051,
       37.865036
      ],
      [
       -81.131573,
       37.864964
      ],
      [
       -81.131133,
       37.864958
      ],
      [
       -81.130747,
       37.864977
      ],
      [
       -81.130266,
       37.86505
      ],
      [
       -81.129369,
       37.86526
      ],
      [
       -81.128134,
       37.865532
      ],
      [
       -81.127874,
       37.865574
      ],
      [
       -81.127782,
       37.865582
      ],
      [
       -81.127621,
       37.865584
      ],
      [
       -81.127406,
       37.865562
      ],
      [
       -81.127295,
       37.865542
      ],
      [
       -81.127169,
       37.865501
      ],
      [
       -81.126979,
       37.865412
      ],
      [
       -81.126898,
       37.865366
      ],
      [
       -81.126793,
       37.865289
      ],
      [
       -81.126688,
       37.865188
      ],
      [
       -81.126578,
       37.865054
      ],
      [
       -81.126539,
       37.86498
      ],
      [
       -81.126501,
       37.864898
      ],
      [
       -81.126466,
       37.864814
      ],
      [
       -81.126437,
       37.864701
      ],
      [
       -81.126412,
       37.8645
      ],
      [
       -81.126411,
       37.864189
      ],
      [
       -81.126384,
       37.863851
      ],
      [
       -81.126346,
       37.863446
      ],
      [
       -81.126274,
       37.863152
      ],
      [
       -81.126141,
       37.862759
      ],
      [
       -81.125988,
       37.862323
      ],
      [
       -81.125841,
       37.861963
      ],
      [
       -81.125711,
       37.861666
      ],
      [
       -81.125619,
       37.861379
      ],
      [
       -81.125576,
       37.861124
      ],
      [
       -81.125565,
       37.860904
      ],
      [
       -81.125566,
       37.860801
      ],
      [
       -81.125596,
       37.860607
      ],
      [
       -81.125662,
       37.860333
      ],
      [
       -81.125725,
       37.860113
      ],
      [
       -81.125811,
       37.859852
      ],
      [
       -81.125912,
       37.859534
      ],
      [
       -81.126021,
       37.85925
      ],
      [
       -81.126147,
       37.858875
      ],
      [
       -81.126269,
       37.858468
      ],
      [
       -81.126407,
       37.858067
      ],
      [
       -81.126536,
       37.857669
      ],
      [
       -81.126623,
       37.857264
      ],
      [
       -81.126647,
       37.856967
      ],
      [
       -81.126656,
       37.856502
      ],
      [
       -81.126656,
       37.856105
      ],
      [
       -81.126666,
       37.855701
      ],
      [
       -81.126707,
       37.855255
      ],
      [
       -81.126732,
       37.855137
      ],
      [
       -81.126774,
       37.85497
      ],
      [
       -81.126865,
       37.854762
      ],
      [
       -81.126983,
       37.854559
      ],
      [
       -81.127154,
       37.854342
      ],
      [
       -81.127286,
       37.854202
      ],
      [
       -81.127417,
       37.854084
      ],
      [
       -81.127614,
       37.853934
      ],
      [
       -81.128867,
       37.852962
      ],
      [
       -81.129558,
       37.85241
      ],
      [
       -81.130054,
       37.852022
      ],
      [
       -81.13049,
       37.851678
      ],
      [
       -81.131322,
       37.851029
      ],
      [
       -81.132147,
       37.850371
      ],
      [
       -81.132396,
       37.850184
      ],
      [
       -81.132533,
       37.850079
      ],
      [
       -81.132726,
       37.849919
      ],
      [
       -81.132929,
       37.849769
      ],
      [
       -81.133121,
       37.849614
      ],
      [
       -81.133443,
       37.849359
      ],
      [
       -81.133635,
       37.849211
      ],
      [
       -81.133789,
       37.84907
      ],
      [
       -81.13386,
       37.848993
      ],
      [
       -81.133955,
       37.84882
      ],
      [
       -81.133994,
       37.848685
      ],
      [
       -81.13401,
       37.848552
      ],
      [
       -81.133972,
       37.848312
      ],
      [
       -81.133923,
       37.848182
      ],
      [
       -81.13387,
       37.848099
      ],
      [
       -81.133781,
       37.84798
      ],
      [
       -81.133597,
       37.847819
      ],
      [
       -81.133449,
       37.847738
      ],
      [
       -81.133273,
       37.847677
      ],
      [
       -81.132988,
       37.847629
      ],
      [
       -81.132738,
       37.847651
      ],
      [
       -81.13237,
       37.847626
      ],
      [
       -81.131968,
       37.847606
      ],
      [
       -81.131335,
       37.847572
      ],
      [
       -81.130792,
       37.847541
      ],
      [
       -81.130427,
       37.847529
      ],
      [
       -81.130312,
       37.847539
      ],
      [
       -81.130197,
       37.847567
      ],
      [
       -81.130099,
       37.847602
      ],
      [
       -81.130027,
       37.847646
      ],
      [
       -81.129833,
       37.847879
      ],
      [
       -81.129763,
       37.847981
      ],
      [
       -81.12971,
       37.848039
      ],
      [
       -81.129639,
       37.848088
      ],
      [
       -81.129565,
       37.848121
      ],
      [
       -81.129482,
       37.848127
      ],
      [
       -81.129402,
       37.848128
      ],
      [
       -81.12932,
       37.848111
      ],
      [
       -81.129238,
       37.848081
      ],
      [
       -81.128739,
       37.847803
      ],
      [
       -81.128611,
       37.847725
      ],
      [
       -81.128296,
       37.847598
      ],
      [
       -81.127999,
       37.847535
      ],
      [
       -81.126755,
       37.8474
      ],
      [
       -81.126582,
       37.847403
      ],
      [
       -81.126317,
       37.847422
      ],
      [
       -81.126184,
       37.847416
      ],
      [
       -81.126077,
       37.847394
      ],
      [
       -81.125959,
       37.847358
      ],
      [
       -81.125504,
       37.847151
      ],
      [
       -81.125012,
       37.846964
      ],
      [
       -81.124771,
       37.846879
      ],
      [
       -81.124314,
       37.846706
      ],
      [
       -81.124076,
       37.846601
      ],
      [
       -81.123746,
       37.846425
      ],
      [
       -81.12356,
       37.846373
      ],
      [
       -81.123451,
       37.846363
      ],
      [
       -81.123323,
       37.84638
      ],
      [
       -81.12314,
       37.846425
      ],
      [
       -81.123,
       37.846471
      ],
      [
       -81.122799,
       37.846559
      ],
      [
       -81.122704,
       37.84658
      ],
      [
       -81.122601,
       37.84659
      ],
      [
       -81.122527,
       37.846582
      ],
      [
       -81.122446,
       37.846557
      ],
      [
       -81.122359,
       37.846507
      ],
      [
       -81.122289,
       37.846447
      ],
      [
       -81.122225,
       37.846363
      ],
      [
       -81.122105,
       37.846092
      ],
      [
       -81.122044,
       37.845927
      ],
      [
       -81.121964,
       37.845764
      ],
      [
       -81.121712,
       37.845507
      ],
      [
       -81.121348,
       37.845204
      ],
      [
       -81.120912,
       37.844781
      ],
      [
       -81.120424,
       37.844359
      ],
      [
       -81.119866,
       37.843929
      ],
      [
       -81.119685,
       37.843792
      ],
      [
       -81.119557,
       37.843722
      ],
      [
       -81.119192,
       37.84359
      ],
      [
       -81.118957,
       37.843535
      ],
      [
       -81.118789,
       37.843507
      ],
      [
       -81.118678,
       37.843504
      ],
      [
       -81.11854,
       37.843514
      ],
      [
       -81.118464,
       37.843538
      ],
      [
       -81.11837,
       37.843592
      ],
      [
       -81.118184,
       37.843749
      ],
      [
       -81.118074,
       37.843857
      ],
      [
       -81.117983,
       37.843925
      ],
      [
       -81.11792,
       37.843955
      ],
      [
       -81.117837,
       37.843983
      ],
      [
       -81.117738,
       37.843988
      ],
      [
       -81.117651,
       37.843978
      ],
      [
       -81.117558,
       37.843949
      ],
      [
       -81.117489,
       37.843907
      ],
      [
       -81.117219,
       37.843675
      ],
      [
       -81.117105,
       37.843593
      ],
      [
       -81.116958,
       37.843531
      ],
      [
       -81.116219,
       37.843365
      ],
      [
       -81.115799,
       37.843284
      ],
      [
       -81.115499,
       37.843217
      ],
      [
       -81.115323,
       37.843187
      ],
      [
       -81.115197,
       37.843188
      ],
      [
       -81.115056,
       37.843206
      ],
      [
       -81.114965,
       37.843231
      ],
      [
       -81.114848,
       37.843313
      ],
      [
       -81.114701,
       37.843439
      ],
      [
       -81.11458,
       37.843597
      ],
      [
       -81.114194,
       37.843963
      ],
      [
       -81.114044,
       37.844081
      ],
      [
       -81.113946,
       37.844153
      ],
      [
       -81.113864,
       37.844199
      ],
      [
       -81.113752,
       37.844225
      ],
      [
       -81.113665,
       37.844222
      ],
      [
       -81.113598,
       37.844178
      ],
      [
       -81.113574,
       37.844116
      ],
      [
       -81.113554,
       37.843824
      ],
      [
       -81.113491,
       37.843644
      ],
      [
       -81.113412,
       37.843514
      ],
      [
       -81.113333,
       37.843434
      ],
      [
       -81.11326,
       37.843365
      ],
      [
       -81.113173,
       37.843307
      ],
      [
       -81.113084,
       37.843268
      ],
      [
       -81.112979,
       37.843232
      ],
      [
       -81.112881,
       37.843214
      ],
      [
       -81.112711,
       37.843191
      ],
      [
       -81.11251,
       37.843187
      ],
      [
       -81.112387,
       37.843197
      ],
      [
       -81.112227,
       37.843229
      ],
      [
       -81.112084,
       37.843278
      ],
      [
       -81.111972,
       37.843306
      ],
      [
       -81.111852,
       37.843318
      ],
      [
       -81.111523,
       37.843323
      ],
      [
       -81.111064,
       37.843306
      ],
      [
       -81.110815,
       37.843294
      ],
      [
       -81.11063,
       37.843275
      ],
      [
       -81.110411,
       37.843238
      ],
      [
       -81.110023,
       37.843155
      ],
      [
       -81.109748,
       37.843107
      ],
      [
       -81.109456,
       37.843073
      ],
      [
       -81.109162,
       37.843066
      ],
      [
       -81.108811,
       37.843077
      ],
      [
       -81.108499,
       37.843116
      ],
      [
       -81.108144,
       37.843195
      ],
      [
       -81.107707,
       37.843287
      ],
      [
       -81.107355,
       37.843318
      ],
      [
       -81.106883,
       37.843311
      ],
      [
       -81.106563,
       37.843316
      ],
      [
       -81.10622,
       37.843338
      ],
      [
       -81.105689,
       37.843419
      ],
      [
       -81.105404,
       37.843457
      ],
      [
       -81.105061,
       37.843475
      ],
      [
       -81.104681,
       37.843471
      ],
      [
       -81.104374,
       37.843468
      ],
      [
       -81.103907,
       37.843459
      ],
      [
       -81.103034,
       37.84344
      ],
      [
       -81.102599,
       37.843428
      ],
      [
       -81.102016,
       37.84342
      ],
      [
       -81.101861,
       37.843406
      ],
      [
       -81.101686,
       37.843374
      ],
      [
       -81.10143,
       37.84329
      ],
      [
       -81.100783,
       37.84303
      ],
      [
       -81.100295,
       37.842798
      ],
      [
       -81.099943,
       37.842676
      ],
      [
       -81.099789,
       37.842638
      ],
      [
       -81.099618,
       37.842615
      ],
      [
       -81.099471,
       37.84261
      ],
      [
       -81.099333,
       37.842621
      ],
      [
       -81.099163,
       37.842655
      ],
      [
       -81.09895,
       37.842699
      ],
      [
       -81.098811,
       37.842745
      ],
      [
       -81.098657,
       37.842822
      ],
      [
       -81.09839,
       37.842987
      ],
      [
       -81.098261,
       37.843048
      ],
      [
       -81.097644,
       37.843307
      ],
      [
       -81.097358,
       37.843465
      ],
      [
       -81.096449,
       37.844177
      ],
      [
       -81.096008,
       37.844519
      ],
      [
       -81.095847,
       37.844668
      ],
      [
       -81.095734,
       37.844823
      ],
      [
       -81.095538,
       37.845343
      ],
      [
       -81.09501,
       37.846103
      ],
      [
       -81.094689,
       37.846716
      ],
      [
       -81.094518,
       37.847283
      ],
      [
       -81.094401,
       37.8477
      ],
      [
       -81.094202,
       37.84833
      ],
      [
       -81.094166,
       37.848386
      ],
      [
       -81.094118,
       37.848438
      ],
      [
       -81.094053,
       37.848493
      ],
      [
       -81.093967,
       37.848547
      ],
      [
       -81.093861,
       37.848591
      ],
      [
       -81.09375,
       37.848616
      ],
      [
       -81.093643,
       37.848634
      ],
      [
       -81.093523,
       37.848648
      ],
      [
       -81.09288,
       37.848693
      ],
      [
       -81.0927,
       37.848707
      ],
      [
       -81.092558,
       37.848718
      ],
      [
       -81.092312,
       37.848738
      ],
      [
       -81.092161,
       37.848746
      ],
      [
       -81.092081,
       37.848749
      ],
      [
       -81.091977,
       37.848749
      ],
      [
       -81.091715,
       37.848747
      ],
      [
       -81.091347,
       37.848724
      ],
      [
       -81.09108,
       37.848714
      ],
      [
       -81.090818,
       37.848735
      ],
      [
       -81.090721,
       37.848761
      ],
      [
       -81.090647,
       37.848781
      ],
      [
       -81.0904,
       37.848798
      ],
      [
       -81.089834,
       37.848821
      ],
      [
       -81.089161,
       37.848853
      ],
      [
       -81.088542,
       37.848913
      ],
      [
       -81.088022,
       37.848985
      ],
      [
       -81.087379,
       37.849071
      ],
      [
       -81.086829,
       37.849162
      ],
      [
       -81.086438,
       37.849241
      ],
      [
       -81.085944,
       37.84933
      ],
      [
       -81.085334,
       37.849468
      ],
      [
       -81.085101,
       37.849508
      ],
      [
       -81.0848,
       37.849597
      ],
      [
       -81.084449,
       37.849681
      ],
      [
       -81.084174,
       37.849765
      ],
      [
       -81.083851,
       37.849853
      ],
      [
       -81.083504,
       37.849952
      ],
      [
       -81.082786,
       37.850116
      ],
      [
       -81.082185,
       37.850303
      ],
      [
       -81.080977,
       37.850675
      ],
      [
       -81.079474,
       37.851177
      ],
      [
       -81.078004,
       37.85164
      ],
      [
       -81.077044,
       37.851974
      ],
      [
       -81.076517,
       37.852154
      ],
      [
       -81.07559,
       37.852442
      ],
      [
       -81.074926,
       37.852611
      ],
      [
       -81.074144,
       37.852776
      ],
      [
       -81.073519,
       37.852865
      ],
      [
       -81.073005,
       37.852907
      ],
      [
       -81.072149,
       37.852961
      ],
      [
       -81.071922,
       37.852997
      ],
      [
       -81.071836,
       37.85304
      ],
      [
       -81.071767,
       37.853079
      ],
      [
       -81.071679,
       37.85316
      ],
      [
       -81.071277,
       37.854081
      ],
      [
       -81.071018,
       37.854833
      ],
      [
       -81.07093,
       37.85492
      ],
      [
       -81.070831,
       37.854968
      ],
      [
       -81.070461,
       37.855111
      ],
      [
       -81.070336,
       37.855166
      ],
      [
       -81.069851,
       37.855372
      ],
      [
       -81.069221,
       37.85562
      ],
      [
       -81.068766,
       37.855765
      ],
      [
       -81.068346,
       37.855822
      ],
      [
       -81.067907,
       37.855831
      ],
      [
       -81.06747,
       37.855871
      ],
      [
       -81.067222,
       37.855929
      ],
      [
       -81.066742,
       37.856141
      ],
      [
       -81.066674,
       37.85617
      ],
      [
       -81.066581,
       37.856182
      ],
      [
       -81.066482,
       37.856185
      ],
      [
       -81.066359,
       37.856163
      ],
      [
       -81.066198,
       37.856097
      ],
      [
       -81.065971,
       37.856035
      ],
      [
       -81.065471,
       37.85594
      ],
      [
       -81.064975,
       37.855881
      ],
      [
       -81.064391,
       37.855878
      ],
      [
       -81.063802,
       37.855922
      ],
      [
       -81.063326,
       37.855974
      ],
      [
       -81.062875,
       37.856042
      ],
      [
       -81.062513,
       37.856143
      ],
      [
       -81.062089,
       37.856344
      ],
      [
       -81.061751,
       37.856445
      ],
      [
       -81.060876,
       37.856599
      ],
      [
       -81.060261,
       37.856719
      ],
      [
       -81.059814,
       37.8568
      ],
      [
       -81.059606,
       37.856831
      ],
      [
       -81.059054,
       37.856942
      ],
      [
       -81.058745,
       37.857007
      ],
      [
       -81.058401,
       37.857087
      ],
      [
       -81.05719,
       37.857458
      ],
      [
       -81.057156,
       37.857469
      ],
      [
       -81.056808,
       37.857586
      ],
      [
       -81.056531,
       37.857701
      ],
      [
       -81.056269,
       37.857835
      ],
      [
       -81.055948,
       37.857999
      ],
      [
       -81.055588,
       37.85821
      ],
      [
       -81.055164,
       37.858457
      ],
      [
       -81.054915,
       37.858598
      ],
      [
       -81.054706,
       37.858718
      ],
      [
       -81.054389,
       37.858888
      ],
      [
       -81.05416,
       37.858991
      ],
      [
       -81.053807,
       37.859129
      ],
      [
       -81.053404,
       37.859243
      ],
      [
       -81.053093,
       37.859309
      ],
      [
       -81.052777,
       37.859351
      ],
      [
       -81.052514,
       37.859377
      ],
      [
       -81.052359,
       37.859393
      ],
      [
       -81.051872,
       37.859402
      ],
      [
       -81.051604,
       37.859411
      ],
      [
       -81.051469,
       37.859416
      ],
      [
       -81.051079,
       37.859441
      ],
      [
       -81.050646,
       37.859458
      ],
      [
       -81.050259,
       37.859475
      ],
      [
       -81.050015,
       37.859477
      ],
      [
       -81.049675,
       37.859439
      ],
      [
       -81.04938,
       37.859377
      ],
      [
       -81.0492,
       37.859332
      ],
      [
       -81.048893,
       37.859164
      ],
      [
       -81.04868,
       37.858963
      ],
      [
       -81.048418,
       37.858697
      ],
      [
       -81.048216,
       37.858491
      ],
      [
       -81.048094,
       37.85836
      ],
      [
       -81.04796,
       37.858223
      ],
      [
       -81.047782,
       37.858049
      ],
      [
       -81.047643,
       37.857907
      ],
      [
       -81.047457,
       37.857704
      ],
      [
       -81.047346,
       37.857567
      ],
      [
       -81.047215,
       37.857382
      ],
      [
       -81.047014,
       37.85706
      ],
      [
       -81.04687,
       37.856721
      ],
      [
       -81.046731,
       37.85642
      ],
      [
       -81.046584,
       37.856102
      ],
      [
       -81.046427,
       37.855832
      ],
      [
       -81.0463,
       37.855617
      ],
      [
       -81.04616,
       37.855421
      ],
      [
       -81.04598,
       37.855227
      ],
      [
       -81.045777,
       37.85508
      ],
      [
       -81.045605,
       37.854962
      ],
      [
       -81.045293,
       37.854767
      ],
      [
       -81.045152,
       37.854685
      ],
      [
       -81.044558,
       37.854373
      ],
      [
       -81.044415,
       37.854288
      ],
      [
       -81.044136,
       37.854133
      ],
      [
       -81.043826,
       37.853943
      ],
      [
       -81.043637,
       37.853834
      ],
      [
       -81.043448,
       37.853741
      ],
      [
       -81.043218,
       37.853642
      ],
      [
       -81.043111,
       37.853614
      ],
      [
       -81.042961,
       37.853593
      ],
      [
       -81.042705,
       37.853616
      ],
      [
       -81.042234,
       37.853745
      ],
      [
       -81.041904,
       37.853828
      ],
      [
       -81.041655,
       37.853865
      ],
      [
       -81.041395,
       37.853878
      ],
      [
       -81.041036,
       37.853832
      ],
      [
       -81.040843,
       37.853782
      ],
      [
       -81.040675,
       37.853711
      ],
      [
       -81.040514,
       37.853633
      ],
      [
       -81.04035,
       37.853519
      ],
      [
       -81.040146,
       37.853358
      ],
      [
       -81.040016,
       37.853227
      ],
      [
       -81.039648,
       37.852822
      ],
      [
       -81.039267,
       37.852413
      ],
      [
       -81.039082,
       37.852203
      ],
      [
       -81.038872,
       37.852004
      ],
      [
       -81.038661,
       37.851835
      ],
      [
       -81.038481,
       37.851734
      ],
      [
       -81.038294,
       37.85166
      ],
      [
       -81.037926,
       37.851542
      ],
      [
       -81.037637,
       37.851502
      ],
      [
       -81.037236,
       37.851498
      ],
      [
       -81.036981,
       37.851481
      ],
      [
       -81.036756,
       37.851451
      ],
      [
       -81.036617,
       37.85142
      ],
      [
       -81.036473,
       37.851364
      ],
      [
       -81.036289,
       37.851246
      ],
      [
       -81.036014,
       37.851015
      ],
      [
       -81.035574,
       37.850702
      ],
      [
       -81.03522,
       37.850488
      ],
      [
       -81.034802,
       37.850227
      ],
      [
       -81.034561,
       37.850083
      ],
      [
       -81.034312,
       37.849989
      ],
      [
       -81.034031,
       37.849918
      ],
      [
       -81.033668,
       37.84991
      ],
      [
       -81.033321,
       37.849927
      ],
      [
       -81.032694,
       37.849964
      ],
      [
       -81.032262,
       37.849942
      ],
      [
       -81.031891,
       37.849926
      ],
      [
       -81.031377,
       37.849858
      ],
      [
       -81.030774,
       37.849803
      ],
      [
       -81.030217,
       37.849759
      ],
      [
       -81.029786,
       37.849737
      ],
      [
       -81.02946,
       37.849767
      ],
      [
       -81.029164,
       37.84985
      ],
      [
       -81.028615,
       37.849995
      ],
      [
       -81.028409,
       37.850067
      ],
      [
       -81.028074,
       37.850138
      ],
      [
       -81.027699,
       37.85019
      ],
      [
       -81.027441,
       37.850195
      ],
      [
       -81.027043,
       37.850149
      ],
      [
       -81.026575,
       37.850054
      ],
      [
       -81.026233,
       37.85
      ],
      [
       -81.02594,
       37.85
      ],
      [
       -81.025638,
       37.850023
      ],
      [
       -81.025289,
       37.850163
      ],
      [
       -81.024903,
       37.85037
      ],
      [
       -81.024507,
       37.850623
      ],
      [
       -81.024285,
       37.850815
      ],
      [
       -81.024159,
       37.850963
      ],
      [
       -81.023845,
       37.851307
      ],
      [
       -81.023581,
       37.851648
      ],
      [
       -81.023276,
       37.852038
      ],
      [
       -81.022985,
       37.852421
      ],
      [
       -81.022799,
       37.8527
      ],
      [
       -81.022668,
       37.852949
      ],
      [
       -81.022587,
       37.85319
      ],
      [
       -81.022489,
       37.853517
      ],
      [
       -81.022396,
       37.853789
      ],
      [
       -81.022119,
       37.85422
      ],
      [
       -81.021882,
       37.854534
      ],
      [
       -81.021596,
       37.854883
      ],
      [
       -81.021322,
       37.855185
      ],
      [
       -81.020858,
       37.855705
      ],
      [
       -81.020612,
       37.85601
      ],
      [
       -81.020434,
       37.856266
      ],
      [
       -81.020223,
       37.856596
      ],
      [
       -81.020023,
       37.856846
      ],
      [
       -81.01991,
       37.856948
      ],
      [
       -81.01981,
       37.857006
      ],
      [
       -81.019611,
       37.857116
      ],
      [
       -81.019472,
       37.857165
      ],
      [
       -81.019199,
       37.857228
      ],
      [
       -81.018815,
       37.857244
      ],
      [
       -81.01846,
       37.85723
      ],
      [
       -81.018085,
       37.857168
      ],
      [
       -81.017506,
       37.857019
      ],
      [
       -81.016995,
       37.856898
      ],
      [
       -81.016483,
       37.856811
      ],
      [
       -81.016233,
       37.856792
      ],
      [
       -81.015936,
       37.856796
      ],
      [
       -81.015194,
       37.856892
      ],
      [
       -81.014811,
       37.856933
      ],
      [
       -81.01441,
       37.856962
      ],
      [
       -81.013934,
       37.856967
      ],
      [
       -81.013414,
       37.85696
      ],
      [
       -81.012956,
       37.856957
      ],
      [
       -81.012752,
       37.856955
      ],
      [
       -81.012551,
       37.856981
      ],
      [
       -81.012201,
       37.857049
      ],
      [
       -81.011879,
       37.857157
      ],
      [
       -81.011517,
       37.857311
      ],
      [
       -81.011097,
       37.857466
      ],
      [
       -81.010782,
       37.85756
      ],
      [
       -81.01057,
       37.857599
      ],
      [
       -81.010283,
       37.857606
      ],
      [
       -81.010015,
       37.857595
      ],
      [
       -81.009682,
       37.857539
      ],
      [
       -81.009121,
       37.8575
      ],
      [
       -81.008872,
       37.857488
      ],
      [
       -81.008535,
       37.857503
      ],
      [
       -81.008244,
       37.857533
      ],
      [
       -81.00778,
       37.857665
      ],
      [
       -81.007347,
       37.857847
      ],
      [
       -81.006942,
       37.858029
      ],
      [
       -81.006306,
       37.858288
      ],
      [
       -81.005863,
       37.858448
      ],
      [
       -81.005322,
       37.858601
      ],
      [
       -81.004911,
       37.858684
      ],
      [
       -81.004665,
       37.858727
      ],
      [
       -81.004395,
       37.858795
      ],
      [
       -81.004116,
       37.858839
      ],
      [
       -81.003959,
       37.858848
      ],
      [
       -81.003754,
       37.858839
      ],
      [
       -81.003445,
       37.858801
      ],
      [
       -81.002984,
       37.858718
      ],
      [
       -81.002461,
       37.858616
      ],
      [
       -81.002146,
       37.858537
      ],
      [
       -81.001854,
       37.858436
      ],
      [
       -81.001301,
       37.858221
      ],
      [
       -81.000681,
       37.857992
      ],
      [
       -81.000248,
       37.857812
      ],
      [
       -80.999936,
       37.857675
      ],
      [
       -80.999583,
       37.857504
      ],
      [
       -80.999237,
       37.857335
      ],
      [
       -80.998989,
       37.857227
      ],
      [
       -80.998743,
       37.857133
      ],
      [
       -80.998365,
       37.856997
      ],
      [
       -80.997594,
       37.856751
      ],
      [
       -80.997315,
       37.856651
      ],
      [
       -80.997026,
       37.856584
      ],
      [
       -80.99683,
       37.856549
      ],
      [
       -80.996442,
       37.856521
      ],
      [
       -80.995994,
       37.856549
      ],
      [
       -80.995691,
       37.856597
      ],
      [
       -80.994942,
       37.856808
      ],
      [
       -80.994224,
       37.857053
      ],
      [
       -80.993628,
       37.857255
      ],
      [
       -80.993112,
       37.857428
      ],
      [
       -80.992763,
       37.857555
      ],
      [
       -80.992391,
       37.857715
      ],
      [
       -80.991448,
       37.858178
      ],
      [
       -80.991142,
       37.858294
      ],
      [
       -80.990787,
       37.858375
      ],
      [
       -80.990449,
       37.858432
      ],
      [
       -80.989703,
       37.858484
      ],
      [
       -80.989261,
       37.858529
      ],
      [
       -80.988923,
       37.858594
      ],
      [
       -80.988597,
       37.858659
      ],
      [
       -80.988198,
       37.858791
      ],
      [
       -80.987957,
       37.858895
      ],
      [
       -80.987726,
       37.859011
      ],
      [
       -80.987499,
       37.859168
      ],
      [
       -80.986909,
       37.859855
      ],
      [
       -80.986761,
       37.860016
      ],
      [
       -80.986745,
       37.860029
      ],
      [
       -80.986492,
       37.860241
      ],
      [
       -80.986291,
       37.860383
      ],
      [
       -80.985784,
       37.860659
      ],
      [
       -80.985421,
       37.860821
      ],
      [
       -80.985181,
       37.860908
      ],
      [
       -80.98453,
       37.86106
      ],
      [
       -80.984197,
       37.86117
      ],
      [
       -80.983918,
       37.86131
      ],
      [
       -80.983675,
       37.86146
      ],
      [
       -80.983433,
       37.861644
      ],
      [
       -80.983254,
       37.861837
      ],
      [
       -80.983089,
       37.862098
      ],
      [
       -80.982406,
       37.863505
      ],
      [
       -80.982057,
       37.864213
      ],
      [
       -80.981876,
       37.864453
      ],
      [
       -80.981746,
       37.864588
      ],
      [
       -80.981523,
       37.864774
      ],
      [
       -80.980729,
       37.865412
      ],
      [
       -80.980355,
       37.865818
      ],
      [
       -80.980189,
       37.866062
      ],
      [
       -80.980087,
       37.866316
      ],
      [
       -80.98003,
       37.866533
      ],
      [
       -80.979983,
       37.866758
      ],
      [
       -80.979874,
       37.868233
      ],
      [
       -80.979822,
       37.868477
      ],
      [
       -80.979697,
       37.868737
      ],
      [
       -80.979556,
       37.868919
      ],
      [
       -80.979439,
       37.869038
      ],
      [
       -80.978873,
       37.869359
      ],
      [
       -80.978653,
       37.869531
      ],
      [
       -80.978463,
       37.869709
      ],
      [
       -80.97835,
       37.869833
      ],
      [
       -80.97805,
       37.870317
      ],
      [
       -80.977803,
       37.870642
      ],
      [
       -80.977527,
       37.871099
      ],
      [
       -80.977192,
       37.871521
      ],
      [
       -80.977002,
       37.871698
      ],
      [
       -80.977002,
       37.871698
      ],
      [
       -80.977002,
       37.871698
      ],
      [
       -80.97677,
       37.871872
      ],
      [
       -80.976467,
       37.872029
      ],
      [
       -80.976184,
       37.872144
      ],
      [
       -80.975856,
       37.872262
      ],
      [
       -80.975692,
       37.872353
      ],
      [
       -80.975564,
       37.872441
      ],
      [
       -80.975214,
       37.872677
      ],
      [
       -80.97493,
       37.872897
      ],
      [
       -80.974723,
       37.87316
      ],
      [
       -80.974567,
       37.873384
      ],
      [
       -80.974469,
       37.873614
      ],
      [
       -80.974394,
       37.873802
      ],
      [
       -80.974379,
       37.873972
      ],
      [
       -80.974336,
       37.874595
      ],
      [
       -80.974283,
       37.875113
      ],
      [
       -80.974277,
       37.875417
      ],
      [
       -80.97431,
       37.875754
      ],
      [
       -80.974279,
       37.875953
      ],
      [
       -80.974229,
       37.87618
      ],
      [
       -80.974129,
       37.876421
      ],
      [
       -80.973776,
       37.877062
      ],
      [
       -80.973397,
       37.877715
      ],
      [
       -80.973188,
       37.87814
      ],
      [
       -80.97311,
       37.878392
      ],
      [
       -80.97308,
       37.878654
      ],
      [
       -80.973099,
       37.878843
      ],
      [
       -80.973125,
       37.878992
      ],
      [
       -80.973239,
       37.879391
      ],
      [
       -80.973347,
       37.879671
      ],
      [
       -80.973408,
       37.879903
      ],
      [
       -80.973408,
       37.880099
      ],
      [
       -80.973395,
       37.880357
      ],
      [
       -80.973365,
       37.880533
      ],
      [
       -80.973308,
       37.880676
      ],
      [
       -80.973195,
       37.880886
      ],
      [
       -80.972969,
       37.881189
      ],
      [
       -80.972498,
       37.881762
      ],
      [
       -80.972409,
       37.88187
      ],
      [
       -80.972305,
       37.882007
      ],
      [
       -80.972244,
       37.882112
      ],
      [
       -80.972216,
       37.882235
      ],
      [
       -80.972216,
       37.882346
      ],
      [
       -80.972242,
       37.882471
      ],
      [
       -80.972363,
       37.882689
      ],
      [
       -80.97272,
       37.883156
      ],
      [
       -80.97294,
       37.883492
      ],
      [
       -80.973043,
       37.883706
      ],
      [
       -80.973088,
       37.883883
      ],
      [
       -80.973121,
       37.884206
      ],
      [
       -80.97309,
       37.884422
      ],
      [
       -80.973004,
       37.884674
      ],
      [
       -80.972912,
       37.884849
      ],
      [
       -80.972821,
       37.884958
      ],
      [
       -80.972653,
       37.885258
      ],
      [
       -80.972292,
       37.885774
      ],
      [
       -80.972061,
       37.88613
      ],
      [
       -80.971962,
       37.886279
      ],
      [
       -80.971945,
       37.886305
      ],
      [
       -80.971251,
       37.887382
      ],
      [
       -80.970918,
       37.887886
      ],
      [
       -80.970809,
       37.888035
      ],
      [
       -80.970757,
       37.888203
      ],
      [
       -80.970715,
       37.888372
      ],
      [
       -80.97072,
       37.888521
      ],
      [
       -80.970753,
       37.88867
      ],
      [
       -80.970794,
       37.888752
      ],
      [
       -80.971151,
       37.889152
      ],
      [
       -80.971342,
       37.889324
      ],
      [
       -80.97155,
       37.889557
      ],
      [
       -80.971687,
       37.889772
      ],
      [
       -80.971778,
       37.88996
      ],
      [
       -80.971819,
       37.890109
      ],
      [
       -80.97187,
       37.89034
      ],
      [
       -80.971885,
       37.890496
      ],
      [
       -80.971893,
       37.890671
      ],
      [
       -80.971869,
       37.890866
      ],
      [
       -80.971837,
       37.891054
      ],
      [
       -80.971773,
       37.891233
      ],
      [
       -80.97165,
       37.891521
      ],
      [
       -80.971525,
       37.891875
      ],
      [
       -80.971208,
       37.892519
      ],
      [
       -80.971038,
       37.892788
      ],
      [
       -80.970639,
       37.893446
      ],
      [
       -80.970125,
       37.894277
      ],
      [
       -80.969779,
       37.89472
      ],
      [
       -80.969392,
       37.895128
      ],
      [
       -80.96806,
       37.896494
      ],
      [
       -80.967263,
       37.897359
      ],
      [
       -80.966836,
       37.897867
      ],
      [
       -80.966725,
       37.898091
      ],
      [
       -80.966667,
       37.898254
      ],
      [
       -80.96661,
       37.898476
      ],
      [
       -80.966566,
       37.898664
      ],
      [
       -80.966429,
       37.899311
      ],
      [
       -80.96637,
       37.899528
      ],
      [
       -80.96615,
       37.90056
      ],
      [
       -80.965942,
       37.901401
      ],
      [
       -80.965839,
       37.901904
      ],
      [
       -80.965541,
       37.903041
      ],
      [
       -80.965419,
       37.903349
      ],
      [
       -80.96523,
       37.903685
      ],
      [
       -80.965084,
       37.903883
      ],
      [
       -80.96486,
       37.904146
      ],
      [
       -80.964653,
       37.904282
      ],
      [
       -80.964514,
       37.90434
      ],
      [
       -80.9643,
       37.904423
      ],
      [
       -80.963571,
       37.904711
      ],
      [
       -80.963314,
       37.904907
      ],
      [
       -80.963138,
       37.905083
      ],
      [
       -80.96307,
       37.905196
      ],
      [
       -80.962631,
       37.905908
      ],
      [
       -80.962508,
       37.906026
      ],
      [
       -80.962328,
       37.906166
      ],
      [
       -80.962014,
       37.906321
      ],
      [
       -80.960608,
       37.906845
      ],
      [
       -80.960144,
       37.907048
      ],
      [
       -80.959835,
       37.90721
      ],
      [
       -80.959629,
       37.907332
      ],
      [
       -80.957598,
       37.908681
      ],
      [
       -80.956909,
       37.909117
      ],
      [
       -80.956296,
       37.909518
      ],
      [
       -80.955937,
       37.909755
      ],
      [
       -80.955532,
       37.910066
      ],
      [
       -80.955175,
       37.910393
      ],
      [
       -80.953631,
       37.912001
      ],
      [
       -80.952969,
       37.912657
      ],
      [
       -80.952719,
       37.912836
      ],
      [
       -80.952144,
       37.913247
      ],
      [
       -80.950932,
       37.914063
      ],
      [
       -80.95067,
       37.914282
      ],
      [
       -80.950505,
       37.91447
      ],
      [
       -80.950398,
       37.91463
      ],
      [
       -80.949961,
       37.915409
      ],
      [
       -80.94985,
       37.915586
      ],
      [
       -80.949721,
       37.915719
      ],
      [
       -80.949615,
       37.915828
      ],
      [
       -80.949515,
       37.915895
      ],
      [
       -80.949121,
       37.916125
      ],
      [
       -80.948677,
       37.916323
      ],
      [
       -80.948448,
       37.916466
      ],
      [
       -80.948278,
       37.916602
      ],
      [
       -80.947949,
       37.916946
      ],
      [
       -80.947632,
       37.917302
      ],
      [
       -80.946661,
       37.918388
      ],
      [
       -80.946025,
       37.91909
      ],
      [
       -80.945579,
       37.919581
      ],
      [
       -80.944705,
       37.92053
      ],
      [
       -80.944444,
       37.920792
      ],
      [
       -80.944161,
       37.921022
      ],
      [
       -80.942259,
       37.92243
      ],
      [
       -80.942037,
       37.922584
      ],
      [
       -80.940617,
       37.923629
      ],
      [
       -80.940372,
       37.923814
      ],
      [
       -80.940075,
       37.923976
      ],
      [
       -80.939338,
       37.924398
      ],
      [
       -80.938356,
       37.924917
      ],
      [
       -80.937788,
       37.925142
      ],
      [
       -80.936969,
       37.925351
      ],
      [
       -80.936148,
       37.925559
      ],
      [
       -80.934792,
       37.925902
      ],
      [
       -80.933566,
       37.926222
      ],
      [
       -80.931818,
       37.926686
      ],
      [
       -80.931474,
       37.926779
      ],
      [
       -80.931039,
       37.926867
      ],
      [
       -80.930745,
       37.926899
      ],
      [
       -80.930355,
       37.926918
      ],
      [
       -80.929258,
       37.926903
      ],
      [
       -80.928041,
       37.926905
      ],
      [
       -80.927691,
       37.926905
      ],
      [
       -80.927674,
       37.926905
      ],
      [
       -80.926713,
       37.926909
      ],
      [
       -80.926224,
       37.926877
      ],
      [
       -80.925989,
       37.92683
      ],
      [
       -80.925719,
       37.92676
      ],
      [
       -80.925458,
       37.926664
      ],
      [
       -80.925301,
       37.926566
      ],
      [
       -80.925087,
       37.92643
      ],
      [
       -80.924772,
       37.926195
      ],
      [
       -80.923207,
       37.925024
      ],
      [
       -80.922673,
       37.924636
      ],
      [
       -80.922251,
       37.924432
      ],
      [
       -80.921929,
       37.924322
      ],
      [
       -80.92157,
       37.924275
      ],
      [
       -80.920104,
       37.924201
      ],
      [
       -80.919882,
       37.924197
      ],
      [
       -80.919551,
       37.924201
      ],
      [
       -80.919268,
       37.924248
      ],
      [
       -80.919062,
       37.924325
      ],
      [
       -80.918589,
       37.924529
      ],
      [
       -80.918169,
       37.924782
      ],
      [
       -80.917695,
       37.925081
      ],
      [
       -80.917409,
       37.925222
      ],
      [
       -80.917085,
       37.925314
      ],
      [
       -80.916808,
       37.925362
      ],
      [
       -80.916787,
       37.925365
      ],
      [
       -80.915609,
       37.925453
      ],
      [
       -80.915112,
       37.925486
      ],
      [
       -80.913877,
       37.925565
      ],
      [
       -80.912566,
       37.925634
      ],
      [
       -80.911943,
       37.925679
      ],
      [
       -80.911769,
       37.925707
      ],
      [
       -80.911512,
       37.925748
      ],
      [
       -80.911068,
       37.925858
      ],
      [
       -80.910184,
       37.926058
      ],
      [
       -80.909627,
       37.926216
      ],
      [
       -80.909115,
       37.926417
      ],
      [
       -80.908774,
       37.926595
      ],
      [
       -80.908321,
       37.926884
      ],
      [
       -80.907823,
       37.927232
      ],
      [
       -80.907446,
       37.927483
      ],
      [
       -80.905247,
       37.92895
      ],
      [
       -80.904433,
       37.929518
      ],
      [
       -80.903636,
       37.930036
      ],
      [
       -80.90317,
       37.930419
      ],
      [
       -80.902906,
       37.930677
      ],
      [
       -80.902665,
       37.931017
      ],
      [
       -80.902472,
       37.931389
      ],
      [
       -80.902341,
       37.931836
      ],
      [
       -80.902297,
       37.932103
      ],
      [
       -80.902302,
       37.932396
      ],
      [
       -80.902365,
       37.93328
      ],
      [
       -80.902426,
       37.933934
      ],
      [
       -80.902512,
       37.934658
      ],
      [
       -80.902522,
       37.934757
      ],
      [
       -80.902613,
       37.935782
      ],
      [
       -80.902685,
       37.936465
      ],
      [
       -80.902791,
       37.937687
      ],
      [
       -80.902866,
       37.938334
      ],
      [
       -80.90294,
       37.938611
      ],
      [
       -80.903026,
       37.938799
      ],
      [
       -80.903138,
       37.938939
      ],
      [
       -80.90344,
       37.939257
      ],
      [
       -80.903752,
       37.939558
      ],
      [
       -80.905077,
       37.940829
      ],
      [
       -80.905129,
       37.940876
      ],
      [
       -80.905457,
       37.941171
      ],
      [
       -80.906071,
       37.94179
      ],
      [
       -80.906252,
       37.941974
      ],
      [
       -80.906694,
       37.942367
      ],
      [
       -80.906872,
       37.942486
      ],
      [
       -80.907119,
       37.942637
      ],
      [
       -80.908334,
       37.943197
      ],
      [
       -80.910065,
       37.943979
      ],
      [
       -80.91114,
       37.944453
      ],
      [
       -80.912109,
       37.944889
      ],
      [
       -80.912292,
       37.944934
      ],
      [
       -80.912422,
       37.944966
      ],
      [
       -80.912594,
       37.944981
      ],
      [
       -80.913064,
       37.944993
      ],
      [
       -80.913454,
       37.944985
      ],
      [
       -80.913922,
       37.945031
      ],
      [
       -80.914612,
       37.945185
      ],
      [
       -80.915156,
       37.945319
      ],
      [
       -80.915896,
       37.945518
      ],
      [
       -80.9165,
       37.945673
      ],
      [
       -80.91688,
       37.945776
      ],
      [
       -80.917091,
       37.945866
      ],
      [
       -80.91724,
       37.945958
      ],
      [
       -80.917399,
       37.946091
      ],
      [
       -80.917497,
       37.946195
      ],
      [
       -80.91757,
       37.946287
      ],
      [
       -80.917658,
       37.946415
      ],
      [
       -80.917738,
       37.946587
      ],
      [
       -80.917799,
       37.946783
      ],
      [
       -80.918092,
       37.947589
      ],
      [
       -80.918378,
       37.948401
      ],
      [
       -80.918544,
       37.948722
      ],
      [
       -80.918681,
       37.948916
      ],
      [
       -80.91884,
       37.949118
      ],
      [
       -80.918968,
       37.949245
      ],
      [
       -80.919465,
       37.949824
      ],
      [
       -80.919946,
       37.950362
      ],
      [
       -80.920135,
       37.950576
      ],
      [
       -80.920274,
       37.950734
      ],
      [
       -80.920509,
       37.951011
      ],
      [
       -80.920825,
       37.951335
      ],
      [
       -80.921071,
       37.951635
      ],
      [
       -80.921219,
       37.951871
      ],
      [
       -80.921356,
       37.952264
      ],
      [
       -80.921404,
       37.952515
      ],
      [
       -80.92133,
       37.95297
      ],
      [
       -80.921293,
       37.953148
      ],
      [
       -80.921112,
       37.954029
      ],
      [
       -80.920953,
       37.954832
      ],
      [
       -80.920905,
       37.955087
      ],
      [
       -80.920779,
       37.955423
      ],
      [
       -80.920619,
       37.955724
      ],
      [
       -80.920357,
       37.95598
      ],
      [
       -80.919695,
       37.956613
      ],
      [
       -80.919033,
       37.957225
      ],
      [
       -80.918319,
       37.957874
      ],
      [
       -80.917938,
       37.958219
      ],
      [
       -80.91776,
       37.958429
      ],
      [
       -80.917575,
       37.958675
      ],
      [
       -80.91724,
       37.959355
      ],
      [
       -80.917163,
       37.959502
      ],
      [
       -80.917118,
       37.959673
      ],
      [
       -80.917113,
       37.95983
      ],
      [
       -80.91714,
       37.959973
      ],
      [
       -80.917196,
       37.960083
      ],
      [
       -80.917251,
       37.96018
      ],
      [
       -80.917335,
       37.960276
      ],
      [
       -80.917472,
       37.960418
      ],
      [
       -80.917634,
       37.960548
      ],
      [
       -80.917856,
       37.960663
      ],
      [
       -80.918112,
       37.960774
      ],
      [
       -80.918493,
       37.960892
      ],
      [
       -80.918827,
       37.960978
      ],
      [
       -80.919196,
       37.961115
      ],
      [
       -80.919358,
       37.96121
      ],
      [
       -80.919521,
       37.961366
      ],
      [
       -80.919634,
       37.96156
      ],
      [
       -80.919663,
       37.961722
      ],
      [
       -80.919691,
       37.961892
      ],
      [
       -80.919787,
       37.962105
      ],
      [
       -80.919861,
       37.962228
      ],
      [
       -80.919967,
       37.962334
      ],
      [
       -80.920276,
       37.962483
      ],
      [
       -80.920599,
       37.96254
      ],
      [
       -80.921014,
       37.962668
      ],
      [
       -80.921321,
       37.962853
      ],
      [
       -80.921483,
       37.962998
      ],
      [
       -80.921624,
       37.963148
      ],
      [
       -80.9217,
       37.963289
      ],
      [
       -80.921761,
       37.9634
      ],
      [
       -80.921803,
       37.963524
      ],
      [
       -80.921853,
       37.963698
      ],
      [
       -80.921863,
       37.963881
      ],
      [
       -80.921844,
       37.965099
      ],
      [
       -80.921833,
       37.966031
      ],
      [
       -80.921816,
       37.966817
      ],
      [
       -80.921824,
       37.966955
      ],
      [
       -80.92187,
       37.967103
      ],
      [
       -80.921942,
       37.967219
      ],
      [
       -80.922049,
       37.967336
      ],
      [
       -80.922177,
       37.967432
      ],
      [
       -80.922388,
       37.967531
      ],
      [
       -80.922606,
       37.967582
      ],
      [
       -80.922817,
       37.96759
      ],
      [
       -80.923109,
       37.967546
      ],
      [
       -80.923331,
       37.96748
      ],
      [
       -80.923555,
       37.967409
      ],
      [
       -80.923749,
       37.967367
      ],
      [
       -80.923782,
       37.967364
      ],
      [
       -80.923962,
       37.967348
      ],
      [
       -80.924141,
       37.967345
      ],
      [
       -80.924254,
       37.967367
      ],
      [
       -80.924445,
       37.967394
      ],
      [
       -80.924678,
       37.967476
      ],
      [
       -80.925103,
       37.967644
      ],
      [
       -80.925475,
       37.967814
      ],
      [
       -80.926097,
       37.968062
      ],
      [
       -80.926574,
       37.968272
      ],
      [
       -80.926851,
       37.968412
      ],
      [
       -80.927036,
       37.968539
      ],
      [
       -80.92721,
       37.96866
      ],
      [
       -80.927345,
       37.968804
      ],
      [
       -80.92746,
       37.968966
      ],
      [
       -80.927558,
       37.969143
      ],
      [
       -80.927623,
       37.969388
      ],
      [
       -80.927634,
       37.969555
      ],
      [
       -80.927619,
       37.969687
      ],
      [
       -80.927552,
       37.970045
      ],
      [
       -80.927476,
       37.970296
      ],
      [
       -80.927454,
       37.970502
      ],
      [
       -80.927467,
       37.970646
      ],
      [
       -80.927495,
       37.970821
      ],
      [
       -80.92758,
       37.971063
      ],
      [
       -80.927691,
       37.971257
      ],
      [
       -80.927771,
       37.971436
      ],
      [
       -80.927978,
       37.971804
      ],
      [
       -80.928031,
       37.97192
      ],
      [
       -80.928116,
       37.972023
      ],
      [
       -80.928229,
       37.972138
      ],
      [
       -80.928364,
       37.972236
      ],
      [
       -80.92847,
       37.972311
      ],
      [
       -80.928647,
       37.972383
      ],
      [
       -80.928832,
       37.972422
      ],
      [
       -80.928984,
       37.972441
      ],
      [
       -80.929285,
       37.972438
      ],
      [
       -80.929809,
       37.972365
      ],
      [
       -80.930922,
       37.972195
      ],
      [
       -80.931287,
       37.972167
      ],
      [
       -80.931553,
       37.972181
      ],
      [
       -80.932058,
       37.972205
      ],
      [
       -80.933556,
       37.972268
      ],
      [
       -80.934681,
       37.972314
      ],
      [
       -80.935169,
       37.972377
      ],
      [
       -80.935458,
       37.972458
      ],
      [
       -80.935743,
       37.972536
      ],
      [
       -80.93652,
       37.972744
      ],
      [
       -80.93672,
       37.972793
      ],
      [
       -80.937182,
       37.972906
      ],
      [
       -80.937369,
       37.972978
      ],
      [
       -80.937502,
       37.973055
      ],
      [
       -80.937627,
       37.973172
      ],
      [
       -80.937726,
       37.973313
      ],
      [
       -80.937792,
       37.97346
      ],
      [
       -80.937849,
       37.973552
      ],
      [
       -80.937962,
       37.97392
      ],
      [
       -80.938436,
       37.975229
      ],
      [
       -80.938563,
       37.975471
      ],
      [
       -80.938719,
       37.975696
      ],
      [
       -80.938911,
       37.975895
      ],
      [
       -80.939252,
       37.976222
      ],
      [
       -80.939477,
       37.976535
      ],
      [
       -80.939597,
       37.97676
      ],
      [
       -80.939699,
       37.976975
      ],
      [
       -80.94006,
       37.977814
      ],
      [
       -80.940176,
       37.978108
      ],
      [
       -80.940382,
       37.978571
      ],
      [
       -80.940452,
       37.978784
      ],
      [
       -80.940502,
       37.978973
      ],
      [
       -80.940511,
       37.979148
      ],
      [
       -80.94048,
       37.979421
      ],
      [
       -80.940409,
       37.979593
      ],
      [
       -80.940282,
       37.979778
      ],
      [
       -80.940113,
       37.979998
      ],
      [
       -80.939719,
       37.980399
      ],
      [
       -80.939281,
       37.980864
      ],
      [
       -80.939081,
       37.981138
      ],
      [
       -80.938966,
       37.981334
      ],
      [
       -80.938902,
       37.981423
      ],
      [
       -80.938743,
       37.981707
      ],
      [
       -80.938588,
       37.98198
      ],
      [
       -80.938525,
       37.982114
      ],
      [
       -80.938452,
       37.982278
      ],
      [
       -80.938382,
       37.982482
      ],
      [
       -80.938354,
       37.982671
      ],
      [
       -80.938371,
       37.982841
      ],
      [
       -80.938425,
       37.983039
      ],
      [
       -80.938491,
       37.983281
      ],
      [
       -80.93858,
       37.983448
      ],
      [
       -80.938896,
       37.984238
      ],
      [
       -80.939216,
       37.984875
      ],
      [
       -80.939331,
       37.985013
      ],
      [
       -80.939518,
       37.985197
      ],
      [
       -80.940325,
       37.985844
      ],
      [
       -80.940548,
       37.986044
      ],
      [
       -80.940729,
       37.986275
      ],
      [
       -80.940865,
       37.986508
      ],
      [
       -80.940929,
       37.9867
      ],
      [
       -80.940975,
       37.986891
      ],
      [
       -80.940999,
       37.987072
      ],
      [
       -80.941001,
       37.987233
      ],
      [
       -80.940997,
       37.987416
      ],
      [
       -80.940933,
       37.98789
      ],
      [
       -80.940855,
       37.988393
      ],
      [
       -80.940824,
       37.98857
      ],
      [
       -80.940784,
       37.98872
      ],
      [
       -80.940737,
       37.988838
      ],
      [
       -80.94068,
       37.988947
      ],
      [
       -80.940615,
       37.989034
      ],
      [
       -80.940522,
       37.989124
      ],
      [
       -80.940415,
       37.989203
      ],
      [
       -80.940253,
       37.989305
      ],
      [
       -80.939718,
       37.989594
      ],
      [
       -80.938289,
       37.990303
      ],
      [
       -80.938012,
       37.990442
      ],
      [
       -80.937822,
       37.990555
      ],
      [
       -80.937692,
       37.990655
      ],
      [
       -80.937602,
       37.990731
      ],
      [
       -80.937446,
       37.990895
      ],
      [
       -80.937317,
       37.991064
      ],
      [
       -80.937086,
       37.991443
      ],
      [
       -80.936999,
       37.991581
      ],
      [
       -80.936951,
       37.991732
      ],
      [
       -80.936952,
       37.99186
      ],
      [
       -80.936963,
       37.992006
      ],
      [
       -80.937066,
       37.992416
      ],
      [
       -80.937202,
       37.992712
      ],
      [
       -80.937298,
       37.992895
      ],
      [
       -80.937988,
       37.993649
      ],
      [
       -80.938995,
       37.994749
      ],
      [
       -80.939675,
       37.995251
      ],
      [
       -80.940255,
       37.995618
      ],
      [
       -80.94085,
       37.996027
      ],
      [
       -80.941653,
       37.99686
      ],
      [
       -80.941957,
       37.997239
      ],
      [
       -80.942061,
       37.997427
      ],
      [
       -80.942128,
       37.997591
      ],
      [
       -80.942202,
       37.997836
      ],
      [
       -80.942335,
       37.998319
      ],
      [
       -80.942408,
       37.998647
      ],
      [
       -80.942513,
       37.999154
      ],
      [
       -80.942658,
       37.999823
      ],
      [
       -80.942662,
       37.999959
      ],
      [
       -80.943008,
       38.000867
      ],
      [
       -80.943414,
       38.001787
      ],
      [
       -80.943827,
       38.002512
      ],
      [
       -80.944062,
       38.002921
      ],
      [
       -80.944117,
       38.003016
      ],
      [
       -80.944109,
       38.004115
      ],
      [
       -80.943939,
       38.004153
      ],
      [
       -80.943939,
       38.004153
      ],
      [
       -80.943702,
       38.004205
      ],
      [
       -80.94345,
       38.004329
      ],
      [
       -80.943041,
       38.004581
      ],
      [
       -80.942592,
       38.004858
      ],
      [
       -80.941962,
       38.005372
      ],
      [
       -80.941603,
       38.005553
      ],
      [
       -80.941212,
       38.005709
      ],
      [
       -80.940638,
       38.005837
      ],
      [
       -80.940076,
       38.005903
      ],
      [
       -80.939473,
       38.005903
      ],
      [
       -80.938799,
       38.005831
      ],
      [
       -80.936107,
       38.005416
      ],
      [
       -80.933673,
       38.004914
      ],
      [
       -80.933463,
       38.004725
      ],
      [
       -80.932781,
       38.004908
      ],
      [
       -80.93218,
       38.005126
      ],
      [
       -80.931387,
       38.005472
      ],
      [
       -80.93038,
       38.006117
      ],
      [
       -80.928268,
       38.007758
      ],
      [
       -80.925366,
       38.010057
      ],
      [
       -80.923446,
       38.011552
      ],
      [
       -80.923157,
       38.011763
      ],
      [
       -80.922752,
       38.011989
      ],
      [
       -80.922247,
       38.012218
      ],
      [
       -80.921967,
       38.012307
      ],
      [
       -80.921685,
       38.012401
      ],
      [
       -80.921485,
       38.012467
      ],
      [
       -80.921167,
       38.01257
      ],
      [
       -80.920842,
       38.012699
      ],
      [
       -80.920549,
       38.012831
      ],
      [
       -80.920294,
       38.012979
      ],
      [
       -80.919798,
       38.013299
      ],
      [
       -80.919571,
       38.013473
      ],
      [
       -80.919338,
       38.013691
      ],
      [
       -80.917211,
       38.015392
      ],
      [
       -80.914422,
       38.017695
      ],
      [
       -80.913708,
       38.018396
      ],
      [
       -80.91324,
       38.018981
      ],
      [
       -80.91304,
       38.019273
      ],
      [
       -80.912561,
       38.01989
      ],
      [
       -80.912463,
       38.02003
      ],
      [
       -80.912448,
       38.020126
      ],
      [
       -80.912474,
       38.020254
      ],
      [
       -80.912501,
       38.020338
      ],
      [
       -80.912642,
       38.020629
      ],
      [
       -80.913284,
       38.020974
      ],
      [
       -80.914827,
       38.021759
      ],
      [
       -80.914985,
       38.021839
      ],
      [
       -80.915649,
       38.022185
      ],
      [
       -80.916354,
       38.022658
      ],
      [
       -80.916535,
       38.022902
      ],
      [
       -80.916615,
       38.023121
      ],
      [
       -80.916637,
       38.02343
      ],
      [
       -80.916598,
       38.023656
      ],
      [
       -80.916571,
       38.023734
      ],
      [
       -80.916442,
       38.023963
      ],
      [
       -80.915773,
       38.024616
      ],
      [
       -80.91484,
       38.025547
      ],
      [
       -80.914535,
       38.025895
      ],
      [
       -80.914437,
       38.026161
      ],
      [
       -80.914395,
       38.026248
      ],
      [
       -80.914343,
       38.026498
      ],
      [
       -80.914371,
       38.026898
      ],
      [
       -80.9145,
       38.027227
      ],
      [
       -80.915062,
       38.028294
      ],
      [
       -80.915586,
       38.029424
      ],
      [
       -80.916195,
       38.030933
      ],
      [
       -80.916925,
       38.032804
      ],
      [
       -80.917357,
       38.03394
      ],
      [
       -80.917743,
       38.034902
      ],
      [
       -80.918019,
       38.035358
      ],
      [
       -80.91879,
       38.036307
      ],
      [
       -80.921401,
       38.038656
      ],
      [
       -80.922183,
       38.039613
      ],
      [
       -80.922436,
       38.040111
      ],
      [
       -80.923134,
       38.04214
      ],
      [
       -80.923193,
       38.042416
      ],
      [
       -80.923372,
       38.042864
      ],
      [
       -80.923794,
       38.043619
      ],
      [
       -80.924437,
       38.044658
      ],
      [
       -80.925433,
       38.046297
      ],
      [
       -80.92681,
       38.048481
      ],
      [
       -80.927847,
       38.050403
      ],
      [
       -80.928258,
       38.050979
      ],
      [
       -80.928567,
       38.051169
      ],
      [
       -80.928806,
       38.051297
      ],
      [
       -80.929297,
       38.051473
      ],
      [
       -80.929485,
       38.051504
      ],
      [
       -80.929456,
       38.051622
      ],
      [
       -80.929379,
       38.05175
      ],
      [
       -80.929313,
       38.051882
      ],
      [
       -80.929025,
       38.052048
      ],
      [
       -80.928099,
       38.052443
      ],
      [
       -80.927367,
       38.052747
      ],
      [
       -80.927113,
       38.052874
      ],
      [
       -80.92654,
       38.053132
      ],
      [
       -80.925943,
       38.053555
      ],
      [
       -80.920818,
       38.058268
      ],
      [
       -80.920571,
       38.058542
      ],
      [
       -80.918509,
       38.061052
      ],
      [
       -80.917707,
       38.062238
      ],
      [
       -80.916604,
       38.063469
      ],
      [
       -80.915643,
       38.06445
      ],
      [
       -80.915113,
       38.064954
      ],
      [
       -80.914176,
       38.0658
      ],
      [
       -80.9128,
       38.066854
      ],
      [
       -80.911417,
       38.067812
      ],
      [
       -80.910192,
       38.068521
      ],
      [
       -80.908956,
       38.069184
      ],
      [
       -80.907189,
       38.069946
      ],
      [
       -80.905779,
       38.070478
      ],
      [
       -80.905619,
       38.070533
      ],
      [
       -80.905335,
       38.070648
      ],
      [
       -80.903553,
       38.071369
      ],
      [
       -80.901613,
       38.072605
      ],
      [
       -80.900773,
       38.073131
      ],
      [
       -80.900396,
       38.073268
      ],
      [
       -80.896517,
       38.073886
      ],
      [
       -80.895235,
       38.073827
      ],
      [
       -80.895058,
       38.073793
      ],
      [
       -80.894031,
       38.073663
      ],
      [
       -80.893259,
       38.073591
      ],
      [
       -80.89284,
       38.07365
      ],
      [
       -80.892433,
       38.073752
      ],
      [
       -80.89218,
       38.073967
      ],
      [
       -80.89196,
       38.074225
      ],
      [
       -80.891853,
       38.074529
      ],
      [
       -80.891799,
       38.074776
      ],
      [
       -80.891846,
       38.075162
      ],
      [
       -80.89219,
       38.076265
      ],
      [
       -80.892462,
       38.077229
      ],
      [
       -80.892573,
       38.077434
      ],
      [
       -80.892684,
       38.077587
      ],
      [
       -80.892829,
       38.077714
      ],
      [
       -80.89363,
       38.078253
      ],
      [
       -80.894096,
       38.078701
      ],
      [
       -80.894504,
       38.079447
      ],
      [
       -80.894619,
       38.079935
      ],
      [
       -80.894645,
       38.080669
      ],
      [
       -80.894647,
       38.081313
      ],
      [
       -80.894593,
       38.08165
      ],
      [
       -80.89448,
       38.081871
      ],
      [
       -80.894314,
       38.082123
      ],
      [
       -80.894116,
       38.082275
      ],
      [
       -80.893827,
       38.082441
      ],
      [
       -80.893638,
       38.082524
      ],
      [
       -80.893399,
       38.082602
      ],
      [
       -80.893159,
       38.082668
      ],
      [
       -80.892908,
       38.082678
      ],
      [
       -80.892663,
       38.082676
      ],
      [
       -80.891817,
       38.08263
      ],
      [
       -80.889926,
       38.082519
      ],
      [
       -80.888233,
       38.082417
      ],
      [
       -80.887537,
       38.082392
      ],
      [
       -80.887272,
       38.082397
      ],
      [
       -80.887054,
       38.082425
      ],
      [
       -80.886799,
       38.082477
      ],
      [
       -80.886553,
       38.082538
      ],
      [
       -80.886308,
       38.082625
      ],
      [
       -80.886105,
       38.082726
      ],
      [
       -80.885918,
       38.082846
      ],
      [
       -80.885747,
       38.082965
      ],
      [
       -80.885574,
       38.083105
      ],
      [
       -80.885233,
       38.083506
      ],
      [
       -80.884904,
       38.083966
      ],
      [
       -80.883946,
       38.0859
      ],
      [
       -80.883339,
       38.086932
      ],
      [
       -80.882971,
       38.087822
      ],
      [
       -80.882911,
       38.088025
      ],
      [
       -80.882899,
       38.088232
      ],
      [
       -80.882906,
       38.088426
      ],
      [
       -80.882989,
       38.088664
      ],
      [
       -80.883084,
       38.08889
      ],
      [
       -80.883198,
       38.089087
      ],
      [
       -80.883347,
       38.089256
      ],
      [
       -80.883556,
       38.089473
      ],
      [
       -80.884338,
       38.090116
      ],
      [
       -80.884798,
       38.090473
      ],
      [
       -80.885168,
       38.090821
      ],
      [
       -80.885472,
       38.091187
      ],
      [
       -80.885657,
       38.091488
      ],
      [
       -80.885749,
       38.09173
      ],
      [
       -80.885818,
       38.091947
      ],
      [
       -80.885836,
       38.092169
      ],
      [
       -80.885805,
       38.092463
      ],
      [
       -80.885765,
       38.0927
      ],
      [
       -80.885711,
       38.092902
      ],
      [
       -80.885562,
       38.093167
      ],
      [
       -80.884016,
       38.095603
      ],
      [
       -80.883801,
       38.096054
      ],
      [
       -80.883562,
       38.096642
      ],
      [
       -80.882916,
       38.09816
      ],
      [
       -80.88278,
       38.098445
      ],
      [
       -80.882673,
       38.098732
      ],
      [
       -80.882613,
       38.098986
      ],
      [
       -80.882606,
       38.099315
      ],
      [
       -80.882598,
       38.099578
      ],
      [
       -80.882613,
       38.099878
      ],
      [
       -80.882899,
       38.101987
      ],
      [
       -80.882923,
       38.102321
      ],
      [
       -80.882923,
       38.102533
      ],
      [
       -80.882905,
       38.102758
      ],
      [
       -80.882869,
       38.103011
      ],
      [
       -80.882792,
       38.10326
      ],
      [
       -80.88269,
       38.103486
      ],
      [
       -80.882565,
       38.103692
      ],
      [
       -80.882321,
       38.104009
      ],
      [
       -80.88194,
       38.104497
      ],
      [
       -80.881252,
       38.105396
      ],
      [
       -80.880962,
       38.105792
      ],
      [
       -80.880596,
       38.106241
      ],
      [
       -80.880462,
       38.106407
      ],
      [
       -80.880326,
       38.106554
      ],
      [
       -80.880129,
       38.106711
      ],
      [
       -80.879788,
       38.106867
      ],
      [
       -80.879628,
       38.106927
      ],
      [
       -80.879282,
       38.107017
      ],
      [
       -80.878939,
       38.107094
      ],
      [
       -80.878864,
       38.107102
      ],
      [
       -80.877752,
       38.107287
      ],
      [
       -80.877569,
       38.107323
      ],
      [
       -80.877316,
       38.107389
      ],
      [
       -80.877084,
       38.10749
      ],
      [
       -80.876909,
       38.107577
      ],
      [
       -80.876751,
       38.107689
      ],
      [
       -80.876584,
       38.107849
      ],
      [
       -80.876474,
       38.108012
      ],
      [
       -80.876387,
       38.108176
      ],
      [
       -80.876323,
       38.108344
      ],
      [
       -80.875975,
       38.109521
      ],
      [
       -80.875933,
       38.109793
      ],
      [
       -80.875944,
       38.110231
      ],
      [
       -80.875957,
       38.11054
      ],
      [
       -80.876008,
       38.11084
      ],
      [
       -80.876109,
       38.111161
      ],
      [
       -80.876242,
       38.111482
      ],
      [
       -80.876549,
       38.112027
      ],
      [
       -80.877375,
       38.113133
      ],
      [
       -80.8781,
       38.114162
      ],
      [
       -80.878347,
       38.114476
      ],
      [
       -80.878725,
       38.114765
      ],
      [
       -80.878816,
       38.114824
      ],
      [
       -80.879095,
       38.115006
      ],
      [
       -80.879604,
       38.11528
      ],
      [
       -80.880088,
       38.115453
      ],
      [
       -80.880593,
       38.115581
      ],
      [
       -80.882457,
       38.115917
      ],
      [
       -80.882995,
       38.116035
      ],
      [
       -80.883493,
       38.116214
      ],
      [
       -80.883944,
       38.116435
      ],
      [
       -80.884369,
       38.116725
      ],
      [
       -80.884678,
       38.117022
      ],
      [
       -80.884994,
       38.117388
      ],
      [
       -80.885233,
       38.117798
      ],
      [
       -80.885789,
       38.118861
      ],
      [
       -80.886036,
       38.119344
      ],
      [
       -80.886254,
       38.119896
      ],
      [
       -80.886355,
       38.12024
      ],
      [
       -80.886409,
       38.120558
      ],
      [
       -80.886439,
       38.121014
      ],
      [
       -80.886439,
       38.121511
      ],
      [
       -80.886379,
       38.122042
      ],
      [
       -80.886239,
       38.122675
      ],
      [
       -80.885851,
       38.124623
      ],
      [
       -80.885745,
       38.124983
      ],
      [
       -80.885595,
       38.125378
      ],
      [
       -80.885407,
       38.125755
      ],
      [
       -80.885203,
       38.126071
      ],
      [
       -80.884955,
       38.126425
      ],
      [
       -80.884454,
       38.127072
      ],
      [
       -80.883909,
       38.127754
      ],
      [
       -80.883781,
       38.127912
      ],
      [
       -80.883781,
       38.127912
      ],
      [
       -80.882947,
       38.128945
      ],
      [
       -80.882273,
       38.129818
      ],
      [
       -80.882026,
       38.130181
      ],
      [
       -80.88189,
       38.130445
      ],
      [
       -80.881699,
       38.130842
      ],
      [
       -80.881629,
       38.131075
      ],
      [
       -80.88156,
       38.131396
      ],
      [
       -80.881511,
       38.131658
      ],
      [
       -80.881461,
       38.131988
      ],
      [
       -80.881473,
       38.132349
      ],
      [
       -80.881525,
       38.132641
      ],
      [
       -80.881578,
       38.132947
      ],
      [
       -80.8817,
       38.133314
      ],
      [
       -80.88186,
       38.133693
      ],
      [
       -80.882024,
       38.134011
      ],
      [
       -80.882236,
       38.134352
      ],
      [
       -80.882528,
       38.134719
      ],
      [
       -80.882828,
       38.13503
      ],
      [
       -80.883181,
       38.135343
      ],
      [
       -80.885015,
       38.136889
      ],
      [
       -80.88518,
       38.137086
      ],
      [
       -80.885347,
       38.137331
      ],
      [
       -80.885418,
       38.137528
      ],
      [
       -80.885499,
       38.137798
      ],
      [
       -80.885526,
       38.138026
      ],
      [
       -80.885528,
       38.138176
      ],
      [
       -80.885502,
       38.138342
      ],
      [
       -80.885457,
       38.138499
      ],
      [
       -80.885335,
       38.138767
      ],
      [
       -80.885126,
       38.139062
      ],
      [
       -80.884995,
       38.139205
      ],
      [
       -80.884613,
       38.139572
      ],
      [
       -80.884211,
       38.139966
      ],
      [
       -80.883757,
       38.140399
      ],
      [
       -80.883448,
       38.140685
      ],
      [
       -80.883095,
       38.140966
      ],
      [
       -80.882688,
       38.141227
      ],
      [
       -80.88227,
       38.141445
      ],
      [
       -80.881802,
       38.141661
      ],
      [
       -80.881214,
       38.141912
      ],
      [
       -80.88026,
       38.142248
      ],
      [
       -80.879335,
       38.142565
      ],
      [
       -80.878959,
       38.1427
      ],
      [
       -80.87864,
       38.142822
      ],
      [
       -80.878342,
       38.142991
      ],
      [
       -80.878043,
       38.143188
      ],
      [
       -80.877806,
       38.14339
      ],
      [
       -80.877557,
       38.143645
      ],
      [
       -80.877385,
       38.143869
      ],
      [
       -80.877216,
       38.144162
      ],
      [
       -80.877127,
       38.144379
      ],
      [
       -80.877039,
       38.144666
      ],
      [
       -80.876991,
       38.144953
      ],
      [
       -80.876977,
       38.145227
      ],
      [
       -80.877017,
       38.145532
      ],
      [
       -80.87714,
       38.146046
      ],
      [
       -80.877258,
       38.14652
      ],
      [
       -80.877351,
       38.146897
      ],
      [
       -80.877405,
       38.147127
      ],
      [
       -80.87745,
       38.147345
      ],
      [
       -80.877469,
       38.147531
      ],
      [
       -80.877469,
       38.147759
      ],
      [
       -80.877459,
       38.147958
      ],
      [
       -80.877437,
       38.148141
      ],
      [
       -80.877403,
       38.148348
      ],
      [
       -80.877317,
       38.148746
      ],
      [
       -80.877078,
       38.14969
      ],
      [
       -80.876663,
       38.151327
      ],
      [
       -80.876584,
       38.15165
      ],
      [
       -80.876466,
       38.152034
      ],
      [
       -80.87638,
       38.15228
      ],
      [
       -80.87627,
       38.152494
      ],
      [
       -80.876152,
       38.152662
      ],
      [
       -80.876041,
       38.152809
      ],
      [
       -80.875923,
       38.152941
      ],
      [
       -80.875795,
       38.153059
      ],
      [
       -80.875623,
       38.153205
      ],
      [
       -80.874945,
       38.153689
      ],
      [
       -80.87288,
       38.155121
      ],
      [
       -80.870963,
       38.15648
      ],
      [
       -80.870265,
       38.156967
      ],
      [
       -80.870159,
       38.157065
      ],
      [
       -80.8701,
       38.15715
      ],
      [
       -80.870073,
       38.157243
      ],
      [
       -80.870061,
       38.157349
      ],
      [
       -80.870071,
       38.157448
      ],
      [
       -80.87011,
       38.157562
      ],
      [
       -80.870174,
       38.157645
      ],
      [
       -80.870263,
       38.157731
      ],
      [
       -80.87036,
       38.157807
      ],
      [
       -80.870463,
       38.157859
      ],
      [
       -80.870569,
       38.157896
      ],
      [
       -80.870675,
       38.157911
      ],
      [
       -80.870797,
       38.157917
      ],
      [
       -80.870967,
       38.157904
      ],
      [
       -80.871315,
       38.157856
      ],
      [
       -80.871579,
       38.157826
      ],
      [
       -80.871873,
       38.157815
      ],
      [
       -80.872149,
       38.157826
      ],
      [
       -80.872365,
       38.157844
      ],
      [
       -80.872751,
       38.157937
      ],
      [
       -80.873027,
       38.158022
      ],
      [
       -80.87346,
       38.158191
      ],
      [
       -80.873611,
       38.158261
      ],
      [
       -80.873707,
       38.15832
      ],
      [
       -80.87379,
       38.158407
      ],
      [
       -80.873872,
       38.158509
      ],
      [
       -80.873943,
       38.158646
      ],
      [
       -80.873992,
       38.158785
      ],
      [
       -80.87403,
       38.158974
      ],
      [
       -80.874057,
       38.159132
      ],
      [
       -80.874206,
       38.160005
      ],
      [
       -80.874348,
       38.160865
      ],
      [
       -80.874413,
       38.161256
      ],
      [
       -80.874447,
       38.16146
      ],
      [
       -80.874477,
       38.161645
      ],
      [
       -80.874508,
       38.161834
      ],
      [
       -80.874501,
       38.161993
      ],
      [
       -80.874475,
       38.162152
      ],
      [
       -80.874443,
       38.162256
      ],
      [
       -80.874421,
       38.162328
      ],
      [
       -80.874322,
       38.162534
      ],
      [
       -80.874195,
       38.162732
      ],
      [
       -80.874105,
       38.162891
      ],
      [
       -80.87403,
       38.163049
      ],
      [
       -80.873962,
       38.163248
      ],
      [
       -80.873912,
       38.163402
      ],
      [
       -80.873884,
       38.163556
      ],
      [
       -80.873863,
       38.163704
      ],
      [
       -80.873853,
       38.163885
      ],
      [
       -80.873849,
       38.165177
      ],
      [
       -80.873849,
       38.165474
      ],
      [
       -80.873865,
       38.165642
      ],
      [
       -80.873903,
       38.165801
      ],
      [
       -80.873952,
       38.165959
      ],
      [
       -80.874044,
       38.166129
      ],
      [
       -80.87415,
       38.166295
      ],
      [
       -80.874184,
       38.166343
      ],
      [
       -80.874677,
       38.167016
      ],
      [
       -80.875118,
       38.167597
      ],
      [
       -80.875198,
       38.167713
      ],
      [
       -80.875278,
       38.167861
      ],
      [
       -80.875337,
       38.168004
      ],
      [
       -80.87537,
       38.168152
      ],
      [
       -80.875378,
       38.168311
      ],
      [
       -80.875368,
       38.168511
      ],
      [
       -80.875333,
       38.168747
      ],
      [
       -80.875119,
       38.169387
      ],
      [
       -80.874342,
       38.171554
      ],
      [
       -80.874245,
       38.171896
      ],
      [
       -80.874232,
       38.172
      ],
      [
       -80.874241,
       38.172112
      ],
      [
       -80.874292,
       38.172253
      ],
      [
       -80.874391,
       38.172415
      ],
      [
       -80.874981,
       38.173236
      ],
      [
       -80.875181,
       38.173579
      ],
      [
       -80.875246,
       38.173749
      ],
      [
       -80.875242,
       38.173876
      ],
      [
       -80.875217,
       38.173993
      ],
      [
       -80.875152,
       38.174105
      ],
      [
       -80.875024,
       38.174207
      ],
      [
       -80.87487,
       38.174289
      ],
      [
       -80.874621,
       38.174352
      ],
      [
       -80.874112,
       38.174395
      ],
      [
       -80.872881,
       38.174469
      ],
      [
       -80.872404,
       38.174522
      ],
      [
       -80.871949,
       38.174607
      ],
      [
       -80.871182,
       38.174786
      ],
      [
       -80.870773,
       38.174894
      ],
      [
       -80.870646,
       38.174937
      ],
      [
       -80.870497,
       38.174988
      ],
      [
       -80.870345,
       38.175061
      ],
      [
       -80.870202,
       38.175148
      ],
      [
       -80.87009,
       38.175224
      ],
      [
       -80.869983,
       38.175307
      ],
      [
       -80.869875,
       38.175412
      ],
      [
       -80.869499,
       38.175814
      ],
      [
       -80.8692,
       38.176146
      ],
      [
       -80.868844,
       38.17652
      ],
      [
       -80.867127,
       38.178372
      ],
      [
       -80.867216,
       38.178779
      ],
      [
       -80.867226,
       38.17894
      ],
      [
       -80.86746,
       38.179072
      ],
      [
       -80.867516,
       38.179761
      ],
      [
       -80.867478,
       38.180152
      ],
      [
       -80.868291,
       38.180655
      ],
      [
       -80.869451,
       38.181204
      ],
      [
       -80.869886,
       38.181616
      ],
      [
       -80.870409,
       38.182394
      ],
      [
       -80.870641,
       38.1826
      ],
      [
       -80.871395,
       38.182783
      ],
      [
       -80.872556,
       38.182942
      ],
      [
       -80.872933,
       38.183148
      ],
      [
       -80.872992,
       38.18443
      ],
      [
       -80.872934,
       38.184545
      ],
      [
       -80.871948,
       38.185278
      ],
      [
       -80.871717,
       38.185575
      ],
      [
       -80.871717,
       38.186033
      ],
      [
       -80.873381,
       38.18773
      ],
      [
       -80.87372,
       38.188075
      ],
      [
       -80.873811,
       38.188187
      ],
      [
       -80.87386,
       38.188272
      ],
      [
       -80.873892,
       38.188346
      ],
      [
       -80.874022,
       38.188737
      ],
      [
       -80.874139,
       38.189135
      ],
      [
       -80.874231,
       38.189337
      ],
      [
       -80.87428,
       38.189409
      ],
      [
       -80.874158,
       38.189476
      ],
      [
       -80.871317,
       38.191049
      ],
      [
       -80.867359,
       38.193264
      ],
      [
       -80.865748,
       38.194155
      ],
      [
       -80.864847,
       38.194664
      ],
      [
       -80.863434,
       38.195464
      ],
      [
       -80.86309,
       38.195677
      ],
      [
       -80.862772,
       38.195884
      ],
      [
       -80.862579,
       38.196009
      ],
      [
       -80.861891,
       38.1965
      ],
      [
       -80.861762,
       38.196592
      ],
      [
       -80.861942,
       38.196703
      ],
      [
       -80.862043,
       38.196756
      ],
      [
       -80.8625,
       38.19704
      ],
      [
       -80.86322,
       38.197473
      ],
      [
       -80.863282,
       38.197507
      ],
      [
       -80.863932,
       38.197875
      ],
      [
       -80.865329,
       38.198724
      ],
      [
       -80.866133,
       38.199195
      ],
      [
       -80.867091,
       38.199756
      ],
      [
       -80.867798,
       38.200189
      ],
      [
       -80.868999,
       38.201018
      ],
      [
       -80.870481,
       38.202076
      ],
      [
       -80.871,
       38.202479
      ],
      [
       -80.871702,
       38.203109
      ],
      [
       -80.872353,
       38.203839
      ],
      [
       -80.872503,
       38.204022
      ],
      [
       -80.872695,
       38.204289
      ],
      [
       -80.872773,
       38.2044
      ],
      [
       -80.872883,
       38.204637
      ],
      [
       -80.872945,
       38.204809
      ],
      [
       -80.872974,
       38.20512
      ],
      [
       -80.872947,
       38.205346
      ],
      [
       -80.872904,
       38.205624
      ],
      [
       -80.872719,
       38.206081
      ],
      [
       -80.872427,
       38.206737
      ],
      [
       -80.872378,
       38.206901
      ],
      [
       -80.87235,
       38.207077
      ],
      [
       -80.872339,
       38.207279
      ],
      [
       -80.872385,
       38.207493
      ],
      [
       -80.87246,
       38.207688
      ],
      [
       -80.872575,
       38.207889
      ],
      [
       -80.872762,
       38.208081
      ],
      [
       -80.873708,
       38.208855
      ],
      [
       -80.873918,
       38.209049
      ],
      [
       -80.874101,
       38.209295
      ],
      [
       -80.87428,
       38.20957
      ],
      [
       -80.874315,
       38.209657
      ],
      [
       -80.874368,
       38.209786
      ],
      [
       -80.87464,
       38.210578
      ],
      [
       -80.875154,
       38.212149
      ],
      [
       -80.875381,
       38.213241
      ],
      [
       -80.875512,
       38.213875
      ],
      [
       -80.875599,
       38.21417
      ],
      [
       -80.875708,
       38.214402
      ],
      [
       -80.875769,
       38.214503
      ],
      [
       -80.875855,
       38.214646
      ],
      [
       -80.875991,
       38.214819
      ],
      [
       -80.876001,
       38.214832
      ],
      [
       -80.876118,
       38.214962
      ],
      [
       -80.87637,
       38.215186
      ],
      [
       -80.876651,
       38.215403
      ],
      [
       -80.877119,
       38.215671
      ],
      [
       -80.878205,
       38.216298
      ],
      [
       -80.878849,
       38.216787
      ],
      [
       -80.879235,
       38.217276
      ],
      [
       -80.879557,
       38.217832
      ],
      [
       -80.879793,
       38.21854
      ],
      [
       -80.879928,
       38.219044
      ],
      [
       -80.880182,
       38.219993
      ],
      [
       -80.880428,
       38.220823
      ],
      [
       -80.880495,
       38.221013
      ],
      [
       -80.880594,
       38.22124
      ],
      [
       -80.880708,
       38.221386
      ],
      [
       -80.880742,
       38.22143
      ],
      [
       -80.881063,
       38.221775
      ],
      [
       -80.881265,
       38.221895
      ],
      [
       -80.881589,
       38.222085
      ],
      [
       -80.882292,
       38.222376
      ],
      [
       -80.883462,
       38.222822
      ],
      [
       -80.883738,
       38.2229
      ],
      [
       -80.88403,
       38.222951
      ],
      [
       -80.886917,
       38.222988
      ],
      [
       -80.886966,
       38.222988
      ],
      [
       -80.887344,
       38.222974
      ],
      [
       -80.887541,
       38.222966
      ],
      [
       -80.887554,
       38.222965
      ]
     ]
    ]
   },
   "properties": {
    "kind": "track",
    "slug": "the-summersville-loop",
    "name": "The Summersville Loop",
    "miles": 120,
    "trackMiles": 127.0,
    "difficulty": "Intermediate",
    "surface": "Paved",
    "region": "New River-Greenbrier Valley",
    "gpx": "https://drive.google.com/uc?export=download&id=1IetcJx_3YZYROria4bvTt03zLBfhWpXO"
   }
  },
  {
   "type": "Feature",
   "geometry": {
    "type": "Point",
    "coordinates": [
     -80.890895,
     38.220313
    ]
   },
   "properties": {
    "kind": "stop",
    "order": 1,
    "slug": "summersville-lake-dam-overlook",
    "name": "Summersville Lake Dam Overlook",
    "category": "Attraction \\ Sight to See",
    "type": "overlook",
    "short": "Roadside overlook above Summersville Lake — West Virginia's largest lake, known for some of the clearest, deepest-blue water in the eastern United States.",
    "region": "Mountain Lakes",
    "county": "Nicholas",
    "certified": false,
    "url": "/directory/summersville-lake-dam-overlook",
    "website": null,
    "tel": null,
    "maps": "https://www.google.com/maps/dir/?api=1&destination=38.220313,-80.890895"
   }
  },
  {
   "type": "Feature",
   "geometry": {
    "type": "Point",
    "coordinates": [
     -81.117317,
     38.121145
    ]
   },
   "properties": {
    "kind": "stop",
    "order": 2,
    "slug": "hawks-nest-state-park",
    "name": "Hawks Nest State Park",
    "category": "Attraction \\ Sight to See",
    "type": "overlook",
    "short": "State park in Ansted with a canyon-rim overlook high above the New River Gorge.",
    "region": "New River-Greenbrier Valley",
    "county": "Fayette",
    "certified": false,
    "url": "/directory/hawks-nest-state-park",
    "website": null,
    "tel": null,
    "maps": "https://www.google.com/maps/dir/?api=1&destination=38.121145,-81.117317"
   }
  },
  {
   "type": "Feature",
   "geometry": {
    "type": "Point",
    "coordinates": [
     -81.206461,
     38.143029
    ]
   },
   "properties": {
    "kind": "stop",
    "order": 3,
    "slug": "kanawha-falls",
    "name": "Kanawha Falls",
    "category": "Attraction \\ Sight to See",
    "type": "waterfall",
    "short": "A wide, roadside waterfall on the Kanawha River at Glen Ferris — no hiking required.",
    "region": "New River-Greenbrier Valley",
    "county": "Fayette",
    "certified": false,
    "url": "/directory/kanawha-falls",
    "website": null,
    "tel": null,
    "maps": "https://www.google.com/maps/dir/?api=1&destination=38.143029,-81.206461"
   }
  },
  {
   "type": "Feature",
   "geometry": {
    "type": "Point",
    "coordinates": [
     -81.077134,
     38.064899
    ]
   },
   "properties": {
    "kind": "stop",
    "order": 4,
    "slug": "fayette-station-road-tunney-hunsaker-bridge",
    "name": "Fayette Station Road & Tunney Hunsaker Bridge",
    "category": "Attraction \\ Sight to See",
    "type": "scenic-road",
    "short": "A steep, switchbacked road descending into the New River Gorge to a river-level bridge beneath the New River Gorge Bridge.",
    "region": "New River-Greenbrier Valley",
    "county": "Fayette",
    "certified": false,
    "url": "/directory/fayette-station-road-tunney-hunsaker-bridge",
    "website": null,
    "tel": null,
    "maps": "https://www.google.com/maps/dir/?api=1&destination=38.064899,-81.077134"
   }
  },
  {
   "type": "Feature",
   "geometry": {
    "type": "Point",
    "coordinates": [
     -81.14864,
     37.95986
    ]
   },
   "properties": {
    "kind": "stop",
    "order": 5,
    "slug": "coal-heritage-trail",
    "name": "Coal Heritage Trail",
    "category": "Attraction \\ Sight to See",
    "type": "scenic-road",
    "short": "A National Scenic Byway through the historic coal-mining communities of southern West Virginia.",
    "region": "New River-Greenbrier Valley",
    "county": "Fayette",
    "certified": false,
    "url": "/directory/coal-heritage-trail",
    "website": null,
    "tel": null,
    "maps": "https://www.google.com/maps/dir/?api=1&destination=37.95986,-81.14864"
   }
  },
  {
   "type": "Feature",
   "geometry": {
    "type": "Point",
    "coordinates": [
     -80.948414,
     38.007329
    ]
   },
   "properties": {
    "kind": "stop",
    "order": 6,
    "slug": "babcock-state-park",
    "name": "Babcock State Park",
    "category": "Attraction \\ Sight to See",
    "type": "park",
    "short": "State park home to the Glade Creek Grist Mill, purported to be the most photographed spot in West Virginia.",
    "region": "New River-Greenbrier Valley",
    "county": "Fayette",
    "certified": false,
    "url": "/directory/babcock-state-park",
    "website": null,
    "tel": null,
    "maps": "https://www.google.com/maps/dir/?api=1&destination=38.007329,-80.948414"
   }
  },
  {
   "type": "Feature",
   "geometry": {
    "type": "Point",
    "coordinates": [
     -80.8825683,
     38.2222182
    ]
   },
   "properties": {
    "kind": "nearby",
    "slug": "fat-eddies",
    "name": "Fat Eddie's",
    "category": "Restaurant",
    "type": "food",
    "lane": "food",
    "laneLabel": "Food & Drink",
    "short": "Hot dogs, burgers, and blended ice-cream 'storms' a half-mile from Summersville Lake and the Gauley - a warm-weather rider refuel.",
    "region": "Mountain Lakes",
    "county": "Nicholas",
    "certified": false,
    "featured": false,
    "reserved": false,
    "offRouteMiles": 0.02,
    "routeMile": 0.28,
    "url": "/directory/fat-eddies",
    "website": "https://lakesideoutfitterswv.com",
    "tel": "tel:+13048720788",
    "maps": "https://www.google.com/maps/dir/?api=1&destination=38.2222182,-80.8825683"
   }
  },
  {
   "type": "Feature",
   "geometry": {
    "type": "Point",
    "coordinates": [
     -80.85603,
     38.24576
    ]
   },
   "properties": {
    "kind": "nearby",
    "slug": "almost-heaven-swing-summersville-lake-state-park",
    "name": "Almost Heaven Swing - Summersville Lake State Park",
    "category": "Attraction \\ Sight to See",
    "type": "swing",
    "lane": "attraction",
    "laneLabel": "See & Do",
    "short": "Overlooks Summersville Lake, the 'Little Bahamas of the East,' at the state's newest park; short uphill walk.",
    "region": "Mountain Lakes",
    "county": "Nicholas",
    "certified": false,
    "featured": false,
    "reserved": false,
    "offRouteMiles": 2.14,
    "routeMile": 0.37,
    "url": "/directory/almost-heaven-swing-summersville-lake-state-park",
    "website": null,
    "tel": null,
    "maps": "https://www.google.com/maps/dir/?api=1&destination=38.24576,-80.85603"
   }
  },
  {
   "type": "Feature",
   "geometry": {
    "type": "Point",
    "coordinates": [
     -80.864641,
     38.200427
    ]
   },
   "properties": {
    "kind": "nearby",
    "slug": "summersville-lake-retreat-lighthouse",
    "name": "Summersville Lake Retreat & Lighthouse",
    "category": "Campground",
    "type": "camping",
    "lane": "camping",
    "laneLabel": "Camping",
    "short": "Cabins, RV and tent sites, vintage campers, pontoon and watercraft rentals, and lighthouse tours — voted Best Campground in West Virginia five years running.",
    "region": "Mountain Lakes",
    "county": "Nicholas",
    "certified": false,
    "featured": false,
    "reserved": false,
    "offRouteMiles": 0.12,
    "routeMile": 2.24,
    "url": "/directory/summersville-lake-retreat-lighthouse",
    "website": "https://summersvillelakeretreat.com",
    "tel": "tel:+13048725975",
    "maps": "https://www.google.com/maps/dir/?api=1&destination=38.200427,-80.864641"
   }
  },
  {
   "type": "Feature",
   "geometry": {
    "type": "Point",
    "coordinates": [
     -81.12003399999999,
     38.050171
    ]
   },
   "properties": {
    "kind": "nearby",
    "slug": "bear-mountain-cabins-campground",
    "name": "Bear Mountain Cabins & Campground",
    "category": "Campground",
    "type": "camping",
    "lane": "camping",
    "laneLabel": "Camping",
    "short": "Cabins, RV, and tent sites a mile from the New River Gorge Bridge - Amish-built cabins and a general store with hand-dipped ice cream.",
    "region": "New River-Greenbrier Valley",
    "county": "Fayette",
    "certified": false,
    "featured": false,
    "reserved": false,
    "offRouteMiles": 0.87,
    "routeMile": 64.77,
    "url": "/directory/bear-mountain-cabins-campground",
    "website": "https://bearmountaincamping.com",
    "tel": "tel:+13045732267",
    "maps": "https://www.google.com/maps/dir/?api=1&destination=38.050171,-81.12003399999999"
   }
  },
  {
   "type": "Feature",
   "geometry": {
    "type": "Point",
    "coordinates": [
     -81.1032132,
     38.05228109999999
    ]
   },
   "properties": {
    "kind": "nearby",
    "slug": "cathedral-cafe",
    "name": "Cathedral Cafe",
    "category": "Restaurant",
    "type": "food",
    "lane": "food",
    "laneLabel": "Food & Drink",
    "short": "Coffee, breakfast, and lunch inside a converted 120-year-old church in downtown Fayetteville - a New River Gorge staple.",
    "region": "New River-Greenbrier Valley",
    "county": "Fayette",
    "certified": false,
    "featured": false,
    "reserved": false,
    "offRouteMiles": 0.01,
    "routeMile": 64.88,
    "url": "/directory/cathedral-cafe",
    "website": "https://www.thecathedralcafe.com",
    "tel": "tel:+13045740202",
    "maps": "https://www.google.com/maps/dir/?api=1&destination=38.05228109999999,-81.1032132"
   }
  },
  {
   "type": "Feature",
   "geometry": {
    "type": "Point",
    "coordinates": [
     -81.1258067,
     38.0477943
    ]
   },
   "properties": {
    "kind": "nearby",
    "slug": "rifrafters-campground",
    "name": "Rifrafters Campground",
    "category": "Campground",
    "type": "camping",
    "lane": "camping",
    "laneLabel": "Camping",
    "short": "Quiet family campground two miles from the New River Gorge Bridge, off Rt 19 - RV, tent, and rustic cabin sites.",
    "region": "New River-Greenbrier Valley",
    "county": "Fayette",
    "certified": false,
    "featured": false,
    "reserved": false,
    "offRouteMiles": 1.13,
    "routeMile": 65.91,
    "url": "/directory/rifrafters-campground",
    "website": "https://www.rifrafters.com",
    "tel": "tel:+13045741065",
    "maps": "https://www.google.com/maps/dir/?api=1&destination=38.0477943,-81.1258067"
   }
  },
  {
   "type": "Feature",
   "geometry": {
    "type": "Point",
    "coordinates": [
     -80.9768304,
     37.9944401
    ]
   },
   "properties": {
    "kind": "nearby",
    "slug": "almost-heaven-swing-babcock-state-park",
    "name": "Almost Heaven Swing - Babcock State Park",
    "category": "Attraction \\ Sight to See",
    "type": "swing",
    "lane": "attraction",
    "laneLabel": "See & Do",
    "short": "Swing framed on the Glade Creek Grist Mill, one of the most photographed spots in West Virginia; short walk from the main lot.",
    "region": "New River-Greenbrier Valley",
    "county": "Fayette",
    "certified": false,
    "featured": false,
    "reserved": false,
    "offRouteMiles": 1.86,
    "routeMile": 105.9,
    "url": "/directory/almost-heaven-swing-babcock-state-park",
    "website": null,
    "tel": null,
    "maps": "https://www.google.com/maps/dir/?api=1&destination=37.9944401,-80.9768304"
   }
  },
  {
   "type": "Feature",
   "geometry": {
    "type": "Point",
    "coordinates": [
     -80.8514876,
     38.2026449
    ]
   },
   "properties": {
    "kind": "nearby",
    "slug": "the-tractor-bar",
    "name": "The Tractor Bar",
    "category": "Bar",
    "type": "food",
    "lane": "food",
    "laneLabel": "Food & Drink",
    "short": "Live-music bar off Route 19 at Mount Nebo, a short run from Summersville Lake.",
    "region": "Mountain Lakes",
    "county": "Nicholas",
    "certified": false,
    "featured": false,
    "reserved": false,
    "offRouteMiles": 0.69,
    "routeMile": 124.46,
    "url": "/directory/the-tractor-bar",
    "website": "https://tractorbarwv.com",
    "tel": null,
    "maps": "https://www.google.com/maps/dir/?api=1&destination=38.2026449,-80.8514876"
   }
  }
 ]
}
