<?xml version="1.0" encoding="utf-8" ?>
<gpx xmlns="http://www.topografix.com/GPX/1/1" creator="http://furkot.com/" version="1.1" xmlns:xsi="http://www.w3.org/2001/XMLSchema-instance" xsi:schemaLocation="http://www.topografix.com/GPX/1/1 http://www.topografix.com/GPX/1/1/gpx.xsd">
  <metadata>
    <name>The Cheat River Loop</name>
    <author>
      <name>Furkot - road trip planner</name>
      <email id="trips" domain="furkot.com"></email>
      <link href="https://trips.furkot.com">
        <text>Furkot</text>
      </link>
    </author>
  </metadata>
  <wpt lat="39.471756" lon="-79.683388">
    <time>2026-07-25T13:00:00.000Z</time>
    <name>Kingwood</name>
    <cmt>West Virginia, USA</cmt>
    <desc>West Virginia, USA</desc>
    <sym>Flag, Blue</sym>
  </wpt>
  <wpt lat="39.348431" lon="-79.670893">
    <time>2026-07-25T14:16:23.000Z</time>
    <name>Rowlesburg</name>
    <cmt>West Virginia, USA</cmt>
    <desc>West Virginia, USA</desc>
  </wpt>
  <wpt lat="39.340925" lon="-80.018966">
    <time>2026-07-25T15:49:37.000Z</time>
    <name>Grafton</name>
    <cmt>West Virginia, USA</cmt>
    <desc>West Virginia, USA</desc>
  </wpt>
  <wpt lat="39.530917" lon="-80.343418">
    <time>2026-07-25T17:32:31.000Z</time>
    <name>Mannington</name>
    <cmt>West Virginia, USA</cmt>
    <desc>West Virginia, USA</desc>
  </wpt>
  <wpt lat="39.703814" lon="-80.298137">
    <time>2026-07-25T18:56:31.000Z</time>
    <name>Blacksville Number Two Fresh Water Dam</name>
    <cmt>West Virginia, USA</cmt>
    <desc>West Virginia, USA</desc>
    <link href="https://www.openstreetmap.org/way/942151117"></link>
  </wpt>
  <wpt lat="36.982646" lon="-90.606223">
    <name>The Cheat River Loop</name>
    <cmt>River Loop, Williams, MO</cmt>
    <desc>River Loop, Williams, MO</desc>
  </wpt>
  <trk>
    <name>Day 1 - Sat, Jul 25, 2026</name>
    <trkseg>
      <trkpt lat="39.471758" lon="-79.683648"></trkpt>
      <trkpt lat="39.471980" lon="-79.683644"></trkpt>
      <trkpt lat="39.471950" lon="-79.681478"></trkpt>
      <trkpt lat="39.471947" lon="-79.680776"></trkpt>
      <trkpt lat="39.471946" lon="-79.680614"></trkpt>
      <trkpt lat="39.471942" lon="-79.679064"></trkpt>
      <trkpt lat="39.471946" lon="-79.678208"></trkpt>
      <trkpt lat="39.471917" lon="-79.678010"></trkpt>
      <trkpt lat="39.471874" lon="-79.677867"></trkpt>
      <trkpt lat="39.471797" lon="-79.677701"></trkpt>
      <trkpt lat="39.471542" lon="-79.677208"></trkpt>
      <trkpt lat="39.471362" lon="-79.676881"></trkpt>
      <trkpt lat="39.471135" lon="-79.676546"></trkpt>
      <trkpt lat="39.470884" lon="-79.676176"></trkpt>
      <trkpt lat="39.470459" lon="-79.675550"></trkpt>
      <trkpt lat="39.470039" lon="-79.674540"></trkpt>
      <trkpt lat="39.469945" lon="-79.674656"></trkpt>
      <trkpt lat="39.469672" lon="-79.674995"></trkpt>
      <trkpt lat="39.468393" lon="-79.676347"></trkpt>
      <trkpt lat="39.467542" lon="-79.677246"></trkpt>
      <trkpt lat="39.467274" lon="-79.677574"></trkpt>
      <trkpt lat="39.466725" lon="-79.678243"></trkpt>
      <trkpt lat="39.466222" lon="-79.679120"></trkpt>
      <trkpt lat="39.464259" lon="-79.682746"></trkpt>
      <trkpt lat="39.463966" lon="-79.683329"></trkpt>
      <trkpt lat="39.463618" lon="-79.683908"></trkpt>
      <trkpt lat="39.463042" lon="-79.684707"></trkpt>
      <trkpt lat="39.462500" lon="-79.685244"></trkpt>
      <trkpt lat="39.461224" lon="-79.686244"></trkpt>
      <trkpt lat="39.460738" lon="-79.686666"></trkpt>
      <trkpt lat="39.460512" lon="-79.686845"></trkpt>
      <trkpt lat="39.460432" lon="-79.686575"></trkpt>
      <trkpt lat="39.460351" lon="-79.686395"></trkpt>
      <trkpt lat="39.460319" lon="-79.686341"></trkpt>
      <trkpt lat="39.460230" lon="-79.686250"></trkpt>
      <trkpt lat="39.460096" lon="-79.686193"></trkpt>
      <trkpt lat="39.459064" lon="-79.685939"></trkpt>
      <trkpt lat="39.458860" lon="-79.685928"></trkpt>
      <trkpt lat="39.458733" lon="-79.685958"></trkpt>
      <trkpt lat="39.458567" lon="-79.686034"></trkpt>
      <trkpt lat="39.458387" lon="-79.686074"></trkpt>
      <trkpt lat="39.458282" lon="-79.686129"></trkpt>
      <trkpt lat="39.458083" lon="-79.686284"></trkpt>
      <trkpt lat="39.457720" lon="-79.686614"></trkpt>
      <trkpt lat="39.457586" lon="-79.686701"></trkpt>
      <trkpt lat="39.457296" lon="-79.686843"></trkpt>
      <trkpt lat="39.456996" lon="-79.687062"></trkpt>
      <trkpt lat="39.456743" lon="-79.687331"></trkpt>
      <trkpt lat="39.456507" lon="-79.687440"></trkpt>
      <trkpt lat="39.456240" lon="-79.687435"></trkpt>
      <trkpt lat="39.456180" lon="-79.687408"></trkpt>
      <trkpt lat="39.455865" lon="-79.687157"></trkpt>
      <trkpt lat="39.455524" lon="-79.686928"></trkpt>
      <trkpt lat="39.455173" lon="-79.686771"></trkpt>
      <trkpt lat="39.455025" lon="-79.686743"></trkpt>
      <trkpt lat="39.454903" lon="-79.686742"></trkpt>
      <trkpt lat="39.454772" lon="-79.686765"></trkpt>
      <trkpt lat="39.454483" lon="-79.686913"></trkpt>
      <trkpt lat="39.454337" lon="-79.686957"></trkpt>
      <trkpt lat="39.454243" lon="-79.686937"></trkpt>
      <trkpt lat="39.454185" lon="-79.686892"></trkpt>
      <trkpt lat="39.454083" lon="-79.686766"></trkpt>
      <trkpt lat="39.453929" lon="-79.686649"></trkpt>
      <trkpt lat="39.453663" lon="-79.686493"></trkpt>
      <trkpt lat="39.453550" lon="-79.686463"></trkpt>
      <trkpt lat="39.453373" lon="-79.686447"></trkpt>
      <trkpt lat="39.452965" lon="-79.686491"></trkpt>
      <trkpt lat="39.452793" lon="-79.686438"></trkpt>
      <trkpt lat="39.452675" lon="-79.686356"></trkpt>
      <trkpt lat="39.452583" lon="-79.686250"></trkpt>
      <trkpt lat="39.452529" lon="-79.686145"></trkpt>
      <trkpt lat="39.452464" lon="-79.685946"></trkpt>
      <trkpt lat="39.452370" lon="-79.685532"></trkpt>
      <trkpt lat="39.452202" lon="-79.685205"></trkpt>
      <trkpt lat="39.452110" lon="-79.685102"></trkpt>
      <trkpt lat="39.451807" lon="-79.684859"></trkpt>
      <trkpt lat="39.451753" lon="-79.684770"></trkpt>
      <trkpt lat="39.451636" lon="-79.684425"></trkpt>
      <trkpt lat="39.451401" lon="-79.683992"></trkpt>
      <trkpt lat="39.451089" lon="-79.683525"></trkpt>
      <trkpt lat="39.450876" lon="-79.683086"></trkpt>
      <trkpt lat="39.450711" lon="-79.682787"></trkpt>
      <trkpt lat="39.450438" lon="-79.682423"></trkpt>
      <trkpt lat="39.450300" lon="-79.681987"></trkpt>
      <trkpt lat="39.450263" lon="-79.681637"></trkpt>
      <trkpt lat="39.450245" lon="-79.681518"></trkpt>
      <trkpt lat="39.450225" lon="-79.681429"></trkpt>
      <trkpt lat="39.450197" lon="-79.681369"></trkpt>
      <trkpt lat="39.450164" lon="-79.681329"></trkpt>
      <trkpt lat="39.450119" lon="-79.681301"></trkpt>
      <trkpt lat="39.450074" lon="-79.681284"></trkpt>
      <trkpt lat="39.450037" lon="-79.681276"></trkpt>
      <trkpt lat="39.449946" lon="-79.681281"></trkpt>
      <trkpt lat="39.449872" lon="-79.681286"></trkpt>
      <trkpt lat="39.449784" lon="-79.681274"></trkpt>
      <trkpt lat="39.449649" lon="-79.681231"></trkpt>
      <trkpt lat="39.449508" lon="-79.681176"></trkpt>
      <trkpt lat="39.449111" lon="-79.680979"></trkpt>
      <trkpt lat="39.448793" lon="-79.680839"></trkpt>
      <trkpt lat="39.448290" lon="-79.680616"></trkpt>
      <trkpt lat="39.448085" lon="-79.680501"></trkpt>
      <trkpt lat="39.447872" lon="-79.680391"></trkpt>
      <trkpt lat="39.447458" lon="-79.680200"></trkpt>
      <trkpt lat="39.447078" lon="-79.680028"></trkpt>
      <trkpt lat="39.446852" lon="-79.679918"></trkpt>
      <trkpt lat="39.446685" lon="-79.679836"></trkpt>
      <trkpt lat="39.446516" lon="-79.679765"></trkpt>
      <trkpt lat="39.446385" lon="-79.679703"></trkpt>
      <trkpt lat="39.446288" lon="-79.679648"></trkpt>
      <trkpt lat="39.446189" lon="-79.679604"></trkpt>
      <trkpt lat="39.446109" lon="-79.679558"></trkpt>
      <trkpt lat="39.446022" lon="-79.679489"></trkpt>
      <trkpt lat="39.445922" lon="-79.679436"></trkpt>
      <trkpt lat="39.445585" lon="-79.679790"></trkpt>
      <trkpt lat="39.443882" lon="-79.681569"></trkpt>
      <trkpt lat="39.443141" lon="-79.682379"></trkpt>
      <trkpt lat="39.442712" lon="-79.682816"></trkpt>
      <trkpt lat="39.442509" lon="-79.683025"></trkpt>
      <trkpt lat="39.442264" lon="-79.683208"></trkpt>
      <trkpt lat="39.441865" lon="-79.683446"></trkpt>
      <trkpt lat="39.441496" lon="-79.683656"></trkpt>
      <trkpt lat="39.441166" lon="-79.683799"></trkpt>
      <trkpt lat="39.440498" lon="-79.683959"></trkpt>
      <trkpt lat="39.440131" lon="-79.684031"></trkpt>
      <trkpt lat="39.439737" lon="-79.684101"></trkpt>
      <trkpt lat="39.439580" lon="-79.684114"></trkpt>
      <trkpt lat="39.439329" lon="-79.684125"></trkpt>
      <trkpt lat="39.439161" lon="-79.684125"></trkpt>
      <trkpt lat="39.438782" lon="-79.684122"></trkpt>
      <trkpt lat="39.438538" lon="-79.684087"></trkpt>
      <trkpt lat="39.437759" lon="-79.684020"></trkpt>
      <trkpt lat="39.437461" lon="-79.684007"></trkpt>
      <trkpt lat="39.437195" lon="-79.684040"></trkpt>
      <trkpt lat="39.437117" lon="-79.684061"></trkpt>
      <trkpt lat="39.436970" lon="-79.684098"></trkpt>
      <trkpt lat="39.436808" lon="-79.684179"></trkpt>
      <trkpt lat="39.436680" lon="-79.684264"></trkpt>
      <trkpt lat="39.436518" lon="-79.684415"></trkpt>
      <trkpt lat="39.436317" lon="-79.684624"></trkpt>
      <trkpt lat="39.436251" lon="-79.684715"></trkpt>
      <trkpt lat="39.435947" lon="-79.685061"></trkpt>
      <trkpt lat="39.435700" lon="-79.685265"></trkpt>
      <trkpt lat="39.435455" lon="-79.685412"></trkpt>
      <trkpt lat="39.435275" lon="-79.685466"></trkpt>
      <trkpt lat="39.435126" lon="-79.685516"></trkpt>
      <trkpt lat="39.435000" lon="-79.685533"></trkpt>
      <trkpt lat="39.434844" lon="-79.685568"></trkpt>
      <trkpt lat="39.434726" lon="-79.685584"></trkpt>
      <trkpt lat="39.434322" lon="-79.685659"></trkpt>
      <trkpt lat="39.433852" lon="-79.685740"></trkpt>
      <trkpt lat="39.433017" lon="-79.685941"></trkpt>
      <trkpt lat="39.432601" lon="-79.686040"></trkpt>
      <trkpt lat="39.432439" lon="-79.686080"></trkpt>
      <trkpt lat="39.432307" lon="-79.686112"></trkpt>
      <trkpt lat="39.432017" lon="-79.686185"></trkpt>
      <trkpt lat="39.431764" lon="-79.686255"></trkpt>
      <trkpt lat="39.431613" lon="-79.686295"></trkpt>
      <trkpt lat="39.431246" lon="-79.686381"></trkpt>
      <trkpt lat="39.430985" lon="-79.686467"></trkpt>
      <trkpt lat="39.430740" lon="-79.686588"></trkpt>
      <trkpt lat="39.430662" lon="-79.686641"></trkpt>
      <trkpt lat="39.430399" lon="-79.686839"></trkpt>
      <trkpt lat="39.429586" lon="-79.687447"></trkpt>
      <trkpt lat="39.429257" lon="-79.687665"></trkpt>
      <trkpt lat="39.429112" lon="-79.687735"></trkpt>
      <trkpt lat="39.428733" lon="-79.687885"></trkpt>
      <trkpt lat="39.428610" lon="-79.687915"></trkpt>
      <trkpt lat="39.428343" lon="-79.687923"></trkpt>
      <trkpt lat="39.427897" lon="-79.687904"></trkpt>
      <trkpt lat="39.427231" lon="-79.687837"></trkpt>
      <trkpt lat="39.426912" lon="-79.687805"></trkpt>
      <trkpt lat="39.426599" lon="-79.687775"></trkpt>
      <trkpt lat="39.426205" lon="-79.687727"></trkpt>
      <trkpt lat="39.425752" lon="-79.687663"></trkpt>
      <trkpt lat="39.425321" lon="-79.687617"></trkpt>
      <trkpt lat="39.424525" lon="-79.687464"></trkpt>
      <trkpt lat="39.424241" lon="-79.687416"></trkpt>
      <trkpt lat="39.423982" lon="-79.687387"></trkpt>
      <trkpt lat="39.423787" lon="-79.687354"></trkpt>
      <trkpt lat="39.423555" lon="-79.687346"></trkpt>
      <trkpt lat="39.423267" lon="-79.687336"></trkpt>
      <trkpt lat="39.423025" lon="-79.687330"></trkpt>
      <trkpt lat="39.422845" lon="-79.687341"></trkpt>
      <trkpt lat="39.422749" lon="-79.687349"></trkpt>
      <trkpt lat="39.422640" lon="-79.687357"></trkpt>
      <trkpt lat="39.422445" lon="-79.687397"></trkpt>
      <trkpt lat="39.422157" lon="-79.687456"></trkpt>
      <trkpt lat="39.421660" lon="-79.687515"></trkpt>
      <trkpt lat="39.421485" lon="-79.687515"></trkpt>
      <trkpt lat="39.421289" lon="-79.687513"></trkpt>
      <trkpt lat="39.420783" lon="-79.687478"></trkpt>
      <trkpt lat="39.420353" lon="-79.687407"></trkpt>
      <trkpt lat="39.420087" lon="-79.687334"></trkpt>
      <trkpt lat="39.419527" lon="-79.687226"></trkpt>
      <trkpt lat="39.419291" lon="-79.687205"></trkpt>
      <trkpt lat="39.419115" lon="-79.687207"></trkpt>
      <trkpt lat="39.418912" lon="-79.687231"></trkpt>
      <trkpt lat="39.418576" lon="-79.687357"></trkpt>
      <trkpt lat="39.418122" lon="-79.687547"></trkpt>
      <trkpt lat="39.417816" lon="-79.687695"></trkpt>
      <trkpt lat="39.417265" lon="-79.687942"></trkpt>
      <trkpt lat="39.416935" lon="-79.688073"></trkpt>
      <trkpt lat="39.416639" lon="-79.688116"></trkpt>
      <trkpt lat="39.416374" lon="-79.688111"></trkpt>
      <trkpt lat="39.415988" lon="-79.688028"></trkpt>
      <trkpt lat="39.415581" lon="-79.687933"></trkpt>
      <trkpt lat="39.415380" lon="-79.687904"></trkpt>
      <trkpt lat="39.415178" lon="-79.687869"></trkpt>
      <trkpt lat="39.414940" lon="-79.687861"></trkpt>
      <trkpt lat="39.414546" lon="-79.687877"></trkpt>
      <trkpt lat="39.414319" lon="-79.687933"></trkpt>
      <trkpt lat="39.413999" lon="-79.688025"></trkpt>
      <trkpt lat="39.413748" lon="-79.688096"></trkpt>
      <trkpt lat="39.413054" lon="-79.688317"></trkpt>
      <trkpt lat="39.412289" lon="-79.688553"></trkpt>
      <trkpt lat="39.412126" lon="-79.688585"></trkpt>
      <trkpt lat="39.411992" lon="-79.688596"></trkpt>
      <trkpt lat="39.411707" lon="-79.688569"></trkpt>
      <trkpt lat="39.411487" lon="-79.688529"></trkpt>
      <trkpt lat="39.411322" lon="-79.688462"></trkpt>
      <trkpt lat="39.411077" lon="-79.688341"></trkpt>
      <trkpt lat="39.410669" lon="-79.688044"></trkpt>
      <trkpt lat="39.410503" lon="-79.687861"></trkpt>
      <trkpt lat="39.410196" lon="-79.687577"></trkpt>
      <trkpt lat="39.409977" lon="-79.687362"></trkpt>
      <trkpt lat="39.409139" lon="-79.686469"></trkpt>
      <trkpt lat="39.408830" lon="-79.686086"></trkpt>
      <trkpt lat="39.407580" lon="-79.684572"></trkpt>
      <trkpt lat="39.407225" lon="-79.684055"></trkpt>
      <trkpt lat="39.406675" lon="-79.683175"></trkpt>
      <trkpt lat="39.406534" lon="-79.682964"></trkpt>
      <trkpt lat="39.406354" lon="-79.682765"></trkpt>
      <trkpt lat="39.406207" lon="-79.682623"></trkpt>
      <trkpt lat="39.405776" lon="-79.682245"></trkpt>
      <trkpt lat="39.405565" lon="-79.682107"></trkpt>
      <trkpt lat="39.405252" lon="-79.681966"></trkpt>
      <trkpt lat="39.404367" lon="-79.681695"></trkpt>
      <trkpt lat="39.403424" lon="-79.681319"></trkpt>
      <trkpt lat="39.402611" lon="-79.680920"></trkpt>
      <trkpt lat="39.402423" lon="-79.680829"></trkpt>
      <trkpt lat="39.402234" lon="-79.680767"></trkpt>
      <trkpt lat="39.402052" lon="-79.680740"></trkpt>
      <trkpt lat="39.401795" lon="-79.680745"></trkpt>
      <trkpt lat="39.401575" lon="-79.680812"></trkpt>
      <trkpt lat="39.401237" lon="-79.680968"></trkpt>
      <trkpt lat="39.400918" lon="-79.681158"></trkpt>
      <trkpt lat="39.400657" lon="-79.681357"></trkpt>
      <trkpt lat="39.400541" lon="-79.681451"></trkpt>
      <trkpt lat="39.400288" lon="-79.681722"></trkpt>
      <trkpt lat="39.400041" lon="-79.681958"></trkpt>
      <trkpt lat="39.399291" lon="-79.682591"></trkpt>
      <trkpt lat="39.398912" lon="-79.682918"></trkpt>
      <trkpt lat="39.398304" lon="-79.683521"></trkpt>
      <trkpt lat="39.398138" lon="-79.683720"></trkpt>
      <trkpt lat="39.397910" lon="-79.684053"></trkpt>
      <trkpt lat="39.397778" lon="-79.684329"></trkpt>
      <trkpt lat="39.397680" lon="-79.684645"></trkpt>
      <trkpt lat="39.397643" lon="-79.684868"></trkpt>
      <trkpt lat="39.397629" lon="-79.685088"></trkpt>
      <trkpt lat="39.397608" lon="-79.685447"></trkpt>
      <trkpt lat="39.397589" lon="-79.686045"></trkpt>
      <trkpt lat="39.397627" lon="-79.686652"></trkpt>
      <trkpt lat="39.397631" lon="-79.687164"></trkpt>
      <trkpt lat="39.397597" lon="-79.687901"></trkpt>
      <trkpt lat="39.397571" lon="-79.688325"></trkpt>
      <trkpt lat="39.397552" lon="-79.688585"></trkpt>
      <trkpt lat="39.397539" lon="-79.688880"></trkpt>
      <trkpt lat="39.397502" lon="-79.689444"></trkpt>
      <trkpt lat="39.397486" lon="-79.689811"></trkpt>
      <trkpt lat="39.397492" lon="-79.690211"></trkpt>
      <trkpt lat="39.397550" lon="-79.690782"></trkpt>
      <trkpt lat="39.397618" lon="-79.691268"></trkpt>
      <trkpt lat="39.397732" lon="-79.691734"></trkpt>
      <trkpt lat="39.398250" lon="-79.693649"></trkpt>
      <trkpt lat="39.398389" lon="-79.694320"></trkpt>
      <trkpt lat="39.398509" lon="-79.694969"></trkpt>
      <trkpt lat="39.398582" lon="-79.695396"></trkpt>
      <trkpt lat="39.398611" lon="-79.695701"></trkpt>
      <trkpt lat="39.398615" lon="-79.696012"></trkpt>
      <trkpt lat="39.398580" lon="-79.696291"></trkpt>
      <trkpt lat="39.398499" lon="-79.696643"></trkpt>
      <trkpt lat="39.398335" lon="-79.697034"></trkpt>
      <trkpt lat="39.398099" lon="-79.697515"></trkpt>
      <trkpt lat="39.397923" lon="-79.697882"></trkpt>
      <trkpt lat="39.397527" lon="-79.698692"></trkpt>
      <trkpt lat="39.397222" lon="-79.699298"></trkpt>
      <trkpt lat="39.397019" lon="-79.699650"></trkpt>
      <trkpt lat="39.396741" lon="-79.700001"></trkpt>
      <trkpt lat="39.396329" lon="-79.700376"></trkpt>
      <trkpt lat="39.395973" lon="-79.700634"></trkpt>
      <trkpt lat="39.395697" lon="-79.700800"></trkpt>
      <trkpt lat="39.395193" lon="-79.701039"></trkpt>
      <trkpt lat="39.394708" lon="-79.701205"></trkpt>
      <trkpt lat="39.394016" lon="-79.701353"></trkpt>
      <trkpt lat="39.393514" lon="-79.701455"></trkpt>
      <trkpt lat="39.393296" lon="-79.701507"></trkpt>
      <trkpt lat="39.392965" lon="-79.701578"></trkpt>
      <trkpt lat="39.392714" lon="-79.701594"></trkpt>
      <trkpt lat="39.392507" lon="-79.701616"></trkpt>
      <trkpt lat="39.392094" lon="-79.701581"></trkpt>
      <trkpt lat="39.391273" lon="-79.701457"></trkpt>
      <trkpt lat="39.390887" lon="-79.701443"></trkpt>
      <trkpt lat="39.390647" lon="-79.701428"></trkpt>
      <trkpt lat="39.390432" lon="-79.701412"></trkpt>
      <trkpt lat="39.389680" lon="-79.701376"></trkpt>
      <trkpt lat="39.389156" lon="-79.701385"></trkpt>
      <trkpt lat="39.388891" lon="-79.701363"></trkpt>
      <trkpt lat="39.388566" lon="-79.701302"></trkpt>
      <trkpt lat="39.388278" lon="-79.701213"></trkpt>
      <trkpt lat="39.387928" lon="-79.701079"></trkpt>
      <trkpt lat="39.387704" lon="-79.701004"></trkpt>
      <trkpt lat="39.387457" lon="-79.700958"></trkpt>
      <trkpt lat="39.387162" lon="-79.700932"></trkpt>
      <trkpt lat="39.386813" lon="-79.700963"></trkpt>
      <trkpt lat="39.386491" lon="-79.701007"></trkpt>
      <trkpt lat="39.386192" lon="-79.701082"></trkpt>
      <trkpt lat="39.386011" lon="-79.701141"></trkpt>
      <trkpt lat="39.385724" lon="-79.701285"></trkpt>
      <trkpt lat="39.385528" lon="-79.701384"></trkpt>
      <trkpt lat="39.385317" lon="-79.701515"></trkpt>
      <trkpt lat="39.385105" lon="-79.701695"></trkpt>
      <trkpt lat="39.384896" lon="-79.701903"></trkpt>
      <trkpt lat="39.384733" lon="-79.702110"></trkpt>
      <trkpt lat="39.384597" lon="-79.702343"></trkpt>
      <trkpt lat="39.384474" lon="-79.702623"></trkpt>
      <trkpt lat="39.384385" lon="-79.702847"></trkpt>
      <trkpt lat="39.384040" lon="-79.703896"></trkpt>
      <trkpt lat="39.383922" lon="-79.704263"></trkpt>
      <trkpt lat="39.383828" lon="-79.704503"></trkpt>
      <trkpt lat="39.383747" lon="-79.704652"></trkpt>
      <trkpt lat="39.383692" lon="-79.704746"></trkpt>
      <trkpt lat="39.383620" lon="-79.704838"></trkpt>
      <trkpt lat="39.383445" lon="-79.705018"></trkpt>
      <trkpt lat="39.383302" lon="-79.705136"></trkpt>
      <trkpt lat="39.383216" lon="-79.705194"></trkpt>
      <trkpt lat="39.383003" lon="-79.705296"></trkpt>
      <trkpt lat="39.382748" lon="-79.705432"></trkpt>
      <trkpt lat="39.382396" lon="-79.705608"></trkpt>
      <trkpt lat="39.382228" lon="-79.705685"></trkpt>
      <trkpt lat="39.382063" lon="-79.705752"></trkpt>
      <trkpt lat="39.381879" lon="-79.705792"></trkpt>
      <trkpt lat="39.381650" lon="-79.705835"></trkpt>
      <trkpt lat="39.381404" lon="-79.705862"></trkpt>
      <trkpt lat="39.381241" lon="-79.705886"></trkpt>
      <trkpt lat="39.380990" lon="-79.705942"></trkpt>
      <trkpt lat="39.380795" lon="-79.706013"></trkpt>
      <trkpt lat="39.380574" lon="-79.706091"></trkpt>
      <trkpt lat="39.380335" lon="-79.706162"></trkpt>
      <trkpt lat="39.380111" lon="-79.706213"></trkpt>
      <trkpt lat="39.379890" lon="-79.706242"></trkpt>
      <trkpt lat="39.379590" lon="-79.706256"></trkpt>
      <trkpt lat="39.379384" lon="-79.706255"></trkpt>
      <trkpt lat="39.378934" lon="-79.706264"></trkpt>
      <trkpt lat="39.378351" lon="-79.706284"></trkpt>
      <trkpt lat="39.378080" lon="-79.706292"></trkpt>
      <trkpt lat="39.377835" lon="-79.706305"></trkpt>
      <trkpt lat="39.377494" lon="-79.706301"></trkpt>
      <trkpt lat="39.377264" lon="-79.706295"></trkpt>
      <trkpt lat="39.376994" lon="-79.706268"></trkpt>
      <trkpt lat="39.376686" lon="-79.706197"></trkpt>
      <trkpt lat="39.376370" lon="-79.706112"></trkpt>
      <trkpt lat="39.376196" lon="-79.706053"></trkpt>
      <trkpt lat="39.376007" lon="-79.705990"></trkpt>
      <trkpt lat="39.375705" lon="-79.705837"></trkpt>
      <trkpt lat="39.375328" lon="-79.705577"></trkpt>
      <trkpt lat="39.374767" lon="-79.705179"></trkpt>
      <trkpt lat="39.374583" lon="-79.705027"></trkpt>
      <trkpt lat="39.374434" lon="-79.704893"></trkpt>
      <trkpt lat="39.374353" lon="-79.704794"></trkpt>
      <trkpt lat="39.374277" lon="-79.704663"></trkpt>
      <trkpt lat="39.374128" lon="-79.704347"></trkpt>
      <trkpt lat="39.373997" lon="-79.703949"></trkpt>
      <trkpt lat="39.373901" lon="-79.703662"></trkpt>
      <trkpt lat="39.373568" lon="-79.702809"></trkpt>
      <trkpt lat="39.373490" lon="-79.702635"></trkpt>
      <trkpt lat="39.373434" lon="-79.702505"></trkpt>
      <trkpt lat="39.373361" lon="-79.702360"></trkpt>
      <trkpt lat="39.373277" lon="-79.702133"></trkpt>
      <trkpt lat="39.373206" lon="-79.701976"></trkpt>
      <trkpt lat="39.373160" lon="-79.701861"></trkpt>
      <trkpt lat="39.373104" lon="-79.701748"></trkpt>
      <trkpt lat="39.373052" lon="-79.701632"></trkpt>
      <trkpt lat="39.372974" lon="-79.701471"></trkpt>
      <trkpt lat="39.372870" lon="-79.701276"></trkpt>
      <trkpt lat="39.372695" lon="-79.701059"></trkpt>
      <trkpt lat="39.372540" lon="-79.700897"></trkpt>
      <trkpt lat="39.371835" lon="-79.700302"></trkpt>
      <trkpt lat="39.371664" lon="-79.700137"></trkpt>
      <trkpt lat="39.371511" lon="-79.700020"></trkpt>
      <trkpt lat="39.371261" lon="-79.699897"></trkpt>
      <trkpt lat="39.371072" lon="-79.699848"></trkpt>
      <trkpt lat="39.370576" lon="-79.699757"></trkpt>
      <trkpt lat="39.370312" lon="-79.699672"></trkpt>
      <trkpt lat="39.369285" lon="-79.699128"></trkpt>
      <trkpt lat="39.368925" lon="-79.698958"></trkpt>
      <trkpt lat="39.368762" lon="-79.698906"></trkpt>
      <trkpt lat="39.368481" lon="-79.698767"></trkpt>
      <trkpt lat="39.367993" lon="-79.698630"></trkpt>
      <trkpt lat="39.367422" lon="-79.698435"></trkpt>
      <trkpt lat="39.366373" lon="-79.697848"></trkpt>
      <trkpt lat="39.365958" lon="-79.697660"></trkpt>
      <trkpt lat="39.365671" lon="-79.697508"></trkpt>
      <trkpt lat="39.365372" lon="-79.697335"></trkpt>
      <trkpt lat="39.364645" lon="-79.696857"></trkpt>
      <trkpt lat="39.363564" lon="-79.696000"></trkpt>
      <trkpt lat="39.363054" lon="-79.695639"></trkpt>
      <trkpt lat="39.361740" lon="-79.694792"></trkpt>
      <trkpt lat="39.361124" lon="-79.694496"></trkpt>
      <trkpt lat="39.360674" lon="-79.694342"></trkpt>
      <trkpt lat="39.359235" lon="-79.693766"></trkpt>
      <trkpt lat="39.358333" lon="-79.693485"></trkpt>
      <trkpt lat="39.357859" lon="-79.693253"></trkpt>
      <trkpt lat="39.357639" lon="-79.693101"></trkpt>
      <trkpt lat="39.357413" lon="-79.692908"></trkpt>
      <trkpt lat="39.357227" lon="-79.692744"></trkpt>
      <trkpt lat="39.357009" lon="-79.692547"></trkpt>
      <trkpt lat="39.356733" lon="-79.692370"></trkpt>
      <trkpt lat="39.356381" lon="-79.692188"></trkpt>
      <trkpt lat="39.355829" lon="-79.691831"></trkpt>
      <trkpt lat="39.355408" lon="-79.691491"></trkpt>
      <trkpt lat="39.354815" lon="-79.691053"></trkpt>
      <trkpt lat="39.354586" lon="-79.690892"></trkpt>
      <trkpt lat="39.354247" lon="-79.690619"></trkpt>
      <trkpt lat="39.353784" lon="-79.690130"></trkpt>
      <trkpt lat="39.352835" lon="-79.688989"></trkpt>
      <trkpt lat="39.352228" lon="-79.688326"></trkpt>
      <trkpt lat="39.351840" lon="-79.687798"></trkpt>
      <trkpt lat="39.351046" lon="-79.686569"></trkpt>
      <trkpt lat="39.350167" lon="-79.685187"></trkpt>
      <trkpt lat="39.349641" lon="-79.684594"></trkpt>
      <trkpt lat="39.349018" lon="-79.683899"></trkpt>
      <trkpt lat="39.348886" lon="-79.683712"></trkpt>
      <trkpt lat="39.348712" lon="-79.683454"></trkpt>
      <trkpt lat="39.348621" lon="-79.683304"></trkpt>
      <trkpt lat="39.348476" lon="-79.683020"></trkpt>
      <trkpt lat="39.348428" lon="-79.682880"></trkpt>
      <trkpt lat="39.348351" lon="-79.682596"></trkpt>
      <trkpt lat="39.348316" lon="-79.682172"></trkpt>
      <trkpt lat="39.348304" lon="-79.681738"></trkpt>
      <trkpt lat="39.348289" lon="-79.681445"></trkpt>
      <trkpt lat="39.348254" lon="-79.681279"></trkpt>
      <trkpt lat="39.348208" lon="-79.681089"></trkpt>
      <trkpt lat="39.348131" lon="-79.680826"></trkpt>
      <trkpt lat="39.348080" lon="-79.680678"></trkpt>
      <trkpt lat="39.347881" lon="-79.680228"></trkpt>
      <trkpt lat="39.347756" lon="-79.679890"></trkpt>
      <trkpt lat="39.347733" lon="-79.679635"></trkpt>
      <trkpt lat="39.347746" lon="-79.679321"></trkpt>
      <trkpt lat="39.347837" lon="-79.678798"></trkpt>
      <trkpt lat="39.347932" lon="-79.678087"></trkpt>
      <trkpt lat="39.347978" lon="-79.677393"></trkpt>
      <trkpt lat="39.347995" lon="-79.676655"></trkpt>
      <trkpt lat="39.348059" lon="-79.674056"></trkpt>
      <trkpt lat="39.348073" lon="-79.673680"></trkpt>
      <trkpt lat="39.348136" lon="-79.673184"></trkpt>
      <trkpt lat="39.348557" lon="-79.670835"></trkpt>
      <trkpt lat="39.348447" lon="-79.670802"></trkpt>
      <trkpt lat="39.348447" lon="-79.670802"></trkpt>
      <trkpt lat="39.347560" lon="-79.670539"></trkpt>
      <trkpt lat="39.346986" lon="-79.670366"></trkpt>
      <trkpt lat="39.346970" lon="-79.670362"></trkpt>
      <trkpt lat="39.346754" lon="-79.670296"></trkpt>
      <trkpt lat="39.346648" lon="-79.670253"></trkpt>
      <trkpt lat="39.346533" lon="-79.670138"></trkpt>
      <trkpt lat="39.346229" lon="-79.669813"></trkpt>
      <trkpt lat="39.346129" lon="-79.669764"></trkpt>
      <trkpt lat="39.345492" lon="-79.669519"></trkpt>
      <trkpt lat="39.345258" lon="-79.669423"></trkpt>
      <trkpt lat="39.345023" lon="-79.669339"></trkpt>
      <trkpt lat="39.344898" lon="-79.669316"></trkpt>
      <trkpt lat="39.344715" lon="-79.669314"></trkpt>
      <trkpt lat="39.344423" lon="-79.669367"></trkpt>
      <trkpt lat="39.344097" lon="-79.669426"></trkpt>
      <trkpt lat="39.343780" lon="-79.669555"></trkpt>
      <trkpt lat="39.343564" lon="-79.669684"></trkpt>
      <trkpt lat="39.343325" lon="-79.669910"></trkpt>
      <trkpt lat="39.343292" lon="-79.669946"></trkpt>
      <trkpt lat="39.342622" lon="-79.670838"></trkpt>
      <trkpt lat="39.342478" lon="-79.671012"></trkpt>
      <trkpt lat="39.342402" lon="-79.671079"></trkpt>
      <trkpt lat="39.342292" lon="-79.671171"></trkpt>
      <trkpt lat="39.341774" lon="-79.671358"></trkpt>
      <trkpt lat="39.341606" lon="-79.671433"></trkpt>
      <trkpt lat="39.341501" lon="-79.671516"></trkpt>
      <trkpt lat="39.341366" lon="-79.671663"></trkpt>
      <trkpt lat="39.341264" lon="-79.671800"></trkpt>
      <trkpt lat="39.341131" lon="-79.672102"></trkpt>
      <trkpt lat="39.340830" lon="-79.672691"></trkpt>
      <trkpt lat="39.340625" lon="-79.673066"></trkpt>
      <trkpt lat="39.340326" lon="-79.673544"></trkpt>
      <trkpt lat="39.340152" lon="-79.673809"></trkpt>
      <trkpt lat="39.340019" lon="-79.674142"></trkpt>
      <trkpt lat="39.339909" lon="-79.674684"></trkpt>
      <trkpt lat="39.339849" lon="-79.675244"></trkpt>
      <trkpt lat="39.339830" lon="-79.675671"></trkpt>
      <trkpt lat="39.339751" lon="-79.676389"></trkpt>
      <trkpt lat="39.339716" lon="-79.676719"></trkpt>
      <trkpt lat="39.339677" lon="-79.677634"></trkpt>
      <trkpt lat="39.339683" lon="-79.677886"></trkpt>
      <trkpt lat="39.339774" lon="-79.678396"></trkpt>
      <trkpt lat="39.339807" lon="-79.678637"></trkpt>
      <trkpt lat="39.339828" lon="-79.679056"></trkpt>
      <trkpt lat="39.339841" lon="-79.679316"></trkpt>
      <trkpt lat="39.339888" lon="-79.679541"></trkpt>
      <trkpt lat="39.339878" lon="-79.679748"></trkpt>
      <trkpt lat="39.339843" lon="-79.679863"></trkpt>
      <trkpt lat="39.339735" lon="-79.680091"></trkpt>
      <trkpt lat="39.339675" lon="-79.680303"></trkpt>
      <trkpt lat="39.339658" lon="-79.680456"></trkpt>
      <trkpt lat="39.339662" lon="-79.680614"></trkpt>
      <trkpt lat="39.339750" lon="-79.680860"></trkpt>
      <trkpt lat="39.339801" lon="-79.681081"></trkpt>
      <trkpt lat="39.339836" lon="-79.681327"></trkpt>
      <trkpt lat="39.339805" lon="-79.681609"></trkpt>
      <trkpt lat="39.339731" lon="-79.682092"></trkpt>
      <trkpt lat="39.339643" lon="-79.682398"></trkpt>
      <trkpt lat="39.339444" lon="-79.682856"></trkpt>
      <trkpt lat="39.339025" lon="-79.683744"></trkpt>
      <trkpt lat="39.338940" lon="-79.683937"></trkpt>
      <trkpt lat="39.338863" lon="-79.684098"></trkpt>
      <trkpt lat="39.338791" lon="-79.684254"></trkpt>
      <trkpt lat="39.338349" lon="-79.685085"></trkpt>
      <trkpt lat="39.335752" lon="-79.688850"></trkpt>
      <trkpt lat="39.334388" lon="-79.690629"></trkpt>
      <trkpt lat="39.333003" lon="-79.692352"></trkpt>
      <trkpt lat="39.332859" lon="-79.692540"></trkpt>
      <trkpt lat="39.332736" lon="-79.692688"></trkpt>
      <trkpt lat="39.332616" lon="-79.692806"></trkpt>
      <trkpt lat="39.332490" lon="-79.692913"></trkpt>
      <trkpt lat="39.332307" lon="-79.693038"></trkpt>
      <trkpt lat="39.332076" lon="-79.693163"></trkpt>
      <trkpt lat="39.331466" lon="-79.693467"></trkpt>
      <trkpt lat="39.330626" lon="-79.693915"></trkpt>
      <trkpt lat="39.330137" lon="-79.694158"></trkpt>
      <trkpt lat="39.329882" lon="-79.694277"></trkpt>
      <trkpt lat="39.329678" lon="-79.694367"></trkpt>
      <trkpt lat="39.329478" lon="-79.694427"></trkpt>
      <trkpt lat="39.329226" lon="-79.694481"></trkpt>
      <trkpt lat="39.328221" lon="-79.694627"></trkpt>
      <trkpt lat="39.327956" lon="-79.694673"></trkpt>
      <trkpt lat="39.327577" lon="-79.694717"></trkpt>
      <trkpt lat="39.327292" lon="-79.694726"></trkpt>
      <trkpt lat="39.327041" lon="-79.694706"></trkpt>
      <trkpt lat="39.326836" lon="-79.694678"></trkpt>
      <trkpt lat="39.326592" lon="-79.694617"></trkpt>
      <trkpt lat="39.326295" lon="-79.694518"></trkpt>
      <trkpt lat="39.325896" lon="-79.694360"></trkpt>
      <trkpt lat="39.325484" lon="-79.694186"></trkpt>
      <trkpt lat="39.325269" lon="-79.694084"></trkpt>
      <trkpt lat="39.325073" lon="-79.693975"></trkpt>
      <trkpt lat="39.324901" lon="-79.693868"></trkpt>
      <trkpt lat="39.324768" lon="-79.693773"></trkpt>
      <trkpt lat="39.323973" lon="-79.693133"></trkpt>
      <trkpt lat="39.323783" lon="-79.692997"></trkpt>
      <trkpt lat="39.323570" lon="-79.692857"></trkpt>
      <trkpt lat="39.322671" lon="-79.692370"></trkpt>
      <trkpt lat="39.322529" lon="-79.692280"></trkpt>
      <trkpt lat="39.322370" lon="-79.692159"></trkpt>
      <trkpt lat="39.322248" lon="-79.692053"></trkpt>
      <trkpt lat="39.322133" lon="-79.691932"></trkpt>
      <trkpt lat="39.321971" lon="-79.691719"></trkpt>
      <trkpt lat="39.320811" lon="-79.690003"></trkpt>
      <trkpt lat="39.320691" lon="-79.689836"></trkpt>
      <trkpt lat="39.320545" lon="-79.689704"></trkpt>
      <trkpt lat="39.319871" lon="-79.689296"></trkpt>
      <trkpt lat="39.319067" lon="-79.688802"></trkpt>
      <trkpt lat="39.318912" lon="-79.689268"></trkpt>
      <trkpt lat="39.318447" lon="-79.690667"></trkpt>
      <trkpt lat="39.318221" lon="-79.691362"></trkpt>
      <trkpt lat="39.318067" lon="-79.691868"></trkpt>
      <trkpt lat="39.317949" lon="-79.692261"></trkpt>
      <trkpt lat="39.317933" lon="-79.692398"></trkpt>
      <trkpt lat="39.317862" lon="-79.693001"></trkpt>
      <trkpt lat="39.317839" lon="-79.693367"></trkpt>
      <trkpt lat="39.317833" lon="-79.693852"></trkpt>
      <trkpt lat="39.317842" lon="-79.694255"></trkpt>
      <trkpt lat="39.317857" lon="-79.694557"></trkpt>
      <trkpt lat="39.317862" lon="-79.694666"></trkpt>
      <trkpt lat="39.317891" lon="-79.694957"></trkpt>
      <trkpt lat="39.317925" lon="-79.695222"></trkpt>
      <trkpt lat="39.318063" lon="-79.696072"></trkpt>
      <trkpt lat="39.318351" lon="-79.698045"></trkpt>
      <trkpt lat="39.318479" lon="-79.698976"></trkpt>
      <trkpt lat="39.318609" lon="-79.700051"></trkpt>
      <trkpt lat="39.318835" lon="-79.702163"></trkpt>
      <trkpt lat="39.319054" lon="-79.704152"></trkpt>
      <trkpt lat="39.319256" lon="-79.706078"></trkpt>
      <trkpt lat="39.319424" lon="-79.707694"></trkpt>
      <trkpt lat="39.319440" lon="-79.708204"></trkpt>
      <trkpt lat="39.319463" lon="-79.708734"></trkpt>
      <trkpt lat="39.319477" lon="-79.709010"></trkpt>
      <trkpt lat="39.319517" lon="-79.709327"></trkpt>
      <trkpt lat="39.319707" lon="-79.709938"></trkpt>
      <trkpt lat="39.320282" lon="-79.711464"></trkpt>
      <trkpt lat="39.320779" lon="-79.712783"></trkpt>
      <trkpt lat="39.320841" lon="-79.713020"></trkpt>
      <trkpt lat="39.320878" lon="-79.713263"></trkpt>
      <trkpt lat="39.320890" lon="-79.713504"></trkpt>
      <trkpt lat="39.320882" lon="-79.713970"></trkpt>
      <trkpt lat="39.320881" lon="-79.714048"></trkpt>
      <trkpt lat="39.320877" lon="-79.714270"></trkpt>
      <trkpt lat="39.320872" lon="-79.714605"></trkpt>
      <trkpt lat="39.320889" lon="-79.714838"></trkpt>
      <trkpt lat="39.320939" lon="-79.715104"></trkpt>
      <trkpt lat="39.320997" lon="-79.715310"></trkpt>
      <trkpt lat="39.321050" lon="-79.715416"></trkpt>
      <trkpt lat="39.321104" lon="-79.715525"></trkpt>
      <trkpt lat="39.321169" lon="-79.715653"></trkpt>
      <trkpt lat="39.321231" lon="-79.715746"></trkpt>
      <trkpt lat="39.321377" lon="-79.715964"></trkpt>
      <trkpt lat="39.321699" lon="-79.716514"></trkpt>
      <trkpt lat="39.321817" lon="-79.716829"></trkpt>
      <trkpt lat="39.321921" lon="-79.717237"></trkpt>
      <trkpt lat="39.322101" lon="-79.718072"></trkpt>
      <trkpt lat="39.322169" lon="-79.718328"></trkpt>
      <trkpt lat="39.322323" lon="-79.718807"></trkpt>
      <trkpt lat="39.322800" lon="-79.720125"></trkpt>
      <trkpt lat="39.322964" lon="-79.720577"></trkpt>
      <trkpt lat="39.323105" lon="-79.720858"></trkpt>
      <trkpt lat="39.323249" lon="-79.721120"></trkpt>
      <trkpt lat="39.323342" lon="-79.721248"></trkpt>
      <trkpt lat="39.323854" lon="-79.721953"></trkpt>
      <trkpt lat="39.323973" lon="-79.722107"></trkpt>
      <trkpt lat="39.324078" lon="-79.722191"></trkpt>
      <trkpt lat="39.324189" lon="-79.722247"></trkpt>
      <trkpt lat="39.324409" lon="-79.722309"></trkpt>
      <trkpt lat="39.324643" lon="-79.722348"></trkpt>
      <trkpt lat="39.325199" lon="-79.722430"></trkpt>
      <trkpt lat="39.325402" lon="-79.722443"></trkpt>
      <trkpt lat="39.325679" lon="-79.722428"></trkpt>
      <trkpt lat="39.326055" lon="-79.722405"></trkpt>
      <trkpt lat="39.326262" lon="-79.722419"></trkpt>
      <trkpt lat="39.326498" lon="-79.722452"></trkpt>
      <trkpt lat="39.326728" lon="-79.722496"></trkpt>
      <trkpt lat="39.326937" lon="-79.722565"></trkpt>
      <trkpt lat="39.327028" lon="-79.722612"></trkpt>
      <trkpt lat="39.327096" lon="-79.722692"></trkpt>
      <trkpt lat="39.327196" lon="-79.722853"></trkpt>
      <trkpt lat="39.327459" lon="-79.723380"></trkpt>
      <trkpt lat="39.327581" lon="-79.723618"></trkpt>
      <trkpt lat="39.327727" lon="-79.723826"></trkpt>
      <trkpt lat="39.327950" lon="-79.724036"></trkpt>
      <trkpt lat="39.328080" lon="-79.724193"></trkpt>
      <trkpt lat="39.328212" lon="-79.724440"></trkpt>
      <trkpt lat="39.328348" lon="-79.724771"></trkpt>
      <trkpt lat="39.328451" lon="-79.724991"></trkpt>
      <trkpt lat="39.328598" lon="-79.725206"></trkpt>
      <trkpt lat="39.328955" lon="-79.725647"></trkpt>
      <trkpt lat="39.329351" lon="-79.726140"></trkpt>
      <trkpt lat="39.329492" lon="-79.726352"></trkpt>
      <trkpt lat="39.329607" lon="-79.726637"></trkpt>
      <trkpt lat="39.329645" lon="-79.726749"></trkpt>
      <trkpt lat="39.329714" lon="-79.726955"></trkpt>
      <trkpt lat="39.329773" lon="-79.727073"></trkpt>
      <trkpt lat="39.329813" lon="-79.727117"></trkpt>
      <trkpt lat="39.329854" lon="-79.727137"></trkpt>
      <trkpt lat="39.329893" lon="-79.727151"></trkpt>
      <trkpt lat="39.329947" lon="-79.727132"></trkpt>
      <trkpt lat="39.329976" lon="-79.727105"></trkpt>
      <trkpt lat="39.330004" lon="-79.727043"></trkpt>
      <trkpt lat="39.330033" lon="-79.726923"></trkpt>
      <trkpt lat="39.330029" lon="-79.726663"></trkpt>
      <trkpt lat="39.330008" lon="-79.726448"></trkpt>
      <trkpt lat="39.329963" lon="-79.726212"></trkpt>
      <trkpt lat="39.329871" lon="-79.725860"></trkpt>
      <trkpt lat="39.329831" lon="-79.725707"></trkpt>
      <trkpt lat="39.329815" lon="-79.725580"></trkpt>
      <trkpt lat="39.329812" lon="-79.725451"></trkpt>
      <trkpt lat="39.329825" lon="-79.725268"></trkpt>
      <trkpt lat="39.329826" lon="-79.725166"></trkpt>
      <trkpt lat="39.329823" lon="-79.725082"></trkpt>
      <trkpt lat="39.329801" lon="-79.724996"></trkpt>
      <trkpt lat="39.329753" lon="-79.724911"></trkpt>
      <trkpt lat="39.329691" lon="-79.724853"></trkpt>
      <trkpt lat="39.329580" lon="-79.724722"></trkpt>
      <trkpt lat="39.329529" lon="-79.724669"></trkpt>
      <trkpt lat="39.329465" lon="-79.724554"></trkpt>
      <trkpt lat="39.329429" lon="-79.724452"></trkpt>
      <trkpt lat="39.329375" lon="-79.724256"></trkpt>
      <trkpt lat="39.329320" lon="-79.724001"></trkpt>
      <trkpt lat="39.329204" lon="-79.723559"></trkpt>
      <trkpt lat="39.329191" lon="-79.723427"></trkpt>
      <trkpt lat="39.329202" lon="-79.723354"></trkpt>
      <trkpt lat="39.329257" lon="-79.723291"></trkpt>
      <trkpt lat="39.329309" lon="-79.723264"></trkpt>
      <trkpt lat="39.329374" lon="-79.723292"></trkpt>
      <trkpt lat="39.329429" lon="-79.723331"></trkpt>
      <trkpt lat="39.329464" lon="-79.723405"></trkpt>
      <trkpt lat="39.329482" lon="-79.723524"></trkpt>
      <trkpt lat="39.329519" lon="-79.723788"></trkpt>
      <trkpt lat="39.329565" lon="-79.723999"></trkpt>
      <trkpt lat="39.329646" lon="-79.724145"></trkpt>
      <trkpt lat="39.329723" lon="-79.724239"></trkpt>
      <trkpt lat="39.330295" lon="-79.724626"></trkpt>
      <trkpt lat="39.330344" lon="-79.724673"></trkpt>
      <trkpt lat="39.330384" lon="-79.724744"></trkpt>
      <trkpt lat="39.330416" lon="-79.724823"></trkpt>
      <trkpt lat="39.330429" lon="-79.724928"></trkpt>
      <trkpt lat="39.330428" lon="-79.725076"></trkpt>
      <trkpt lat="39.330411" lon="-79.725165"></trkpt>
      <trkpt lat="39.330385" lon="-79.725313"></trkpt>
      <trkpt lat="39.330392" lon="-79.725469"></trkpt>
      <trkpt lat="39.330430" lon="-79.725589"></trkpt>
      <trkpt lat="39.330583" lon="-79.725838"></trkpt>
      <trkpt lat="39.330651" lon="-79.725991"></trkpt>
      <trkpt lat="39.330735" lon="-79.726265"></trkpt>
      <trkpt lat="39.330751" lon="-79.726334"></trkpt>
      <trkpt lat="39.330768" lon="-79.726470"></trkpt>
      <trkpt lat="39.330762" lon="-79.726585"></trkpt>
      <trkpt lat="39.330760" lon="-79.726892"></trkpt>
      <trkpt lat="39.330797" lon="-79.727120"></trkpt>
      <trkpt lat="39.330851" lon="-79.727301"></trkpt>
      <trkpt lat="39.330926" lon="-79.727495"></trkpt>
      <trkpt lat="39.330994" lon="-79.727652"></trkpt>
      <trkpt lat="39.331013" lon="-79.727696"></trkpt>
      <trkpt lat="39.331127" lon="-79.727984"></trkpt>
      <trkpt lat="39.331333" lon="-79.728446"></trkpt>
      <trkpt lat="39.331559" lon="-79.728832"></trkpt>
      <trkpt lat="39.331746" lon="-79.729173"></trkpt>
      <trkpt lat="39.331862" lon="-79.729519"></trkpt>
      <trkpt lat="39.331980" lon="-79.729865"></trkpt>
      <trkpt lat="39.332144" lon="-79.730203"></trkpt>
      <trkpt lat="39.332300" lon="-79.730527"></trkpt>
      <trkpt lat="39.332401" lon="-79.730828"></trkpt>
      <trkpt lat="39.332558" lon="-79.731307"></trkpt>
      <trkpt lat="39.332629" lon="-79.731448"></trkpt>
      <trkpt lat="39.332688" lon="-79.731520"></trkpt>
      <trkpt lat="39.332752" lon="-79.731558"></trkpt>
      <trkpt lat="39.332899" lon="-79.731602"></trkpt>
      <trkpt lat="39.333290" lon="-79.731618"></trkpt>
      <trkpt lat="39.333432" lon="-79.731679"></trkpt>
      <trkpt lat="39.333554" lon="-79.731781"></trkpt>
      <trkpt lat="39.333631" lon="-79.731903"></trkpt>
      <trkpt lat="39.333680" lon="-79.732021"></trkpt>
      <trkpt lat="39.333716" lon="-79.732231"></trkpt>
      <trkpt lat="39.333922" lon="-79.733609"></trkpt>
      <trkpt lat="39.333996" lon="-79.733877"></trkpt>
      <trkpt lat="39.334136" lon="-79.734121"></trkpt>
      <trkpt lat="39.334653" lon="-79.734845"></trkpt>
      <trkpt lat="39.334887" lon="-79.735217"></trkpt>
      <trkpt lat="39.334918" lon="-79.735284"></trkpt>
      <trkpt lat="39.334934" lon="-79.735383"></trkpt>
      <trkpt lat="39.334935" lon="-79.735470"></trkpt>
      <trkpt lat="39.334904" lon="-79.735577"></trkpt>
      <trkpt lat="39.334871" lon="-79.735643"></trkpt>
      <trkpt lat="39.334834" lon="-79.735683"></trkpt>
      <trkpt lat="39.334697" lon="-79.735749"></trkpt>
      <trkpt lat="39.334443" lon="-79.735799"></trkpt>
      <trkpt lat="39.333721" lon="-79.735867"></trkpt>
      <trkpt lat="39.333517" lon="-79.735892"></trkpt>
      <trkpt lat="39.333362" lon="-79.735948"></trkpt>
      <trkpt lat="39.333250" lon="-79.736023"></trkpt>
      <trkpt lat="39.333175" lon="-79.736090"></trkpt>
      <trkpt lat="39.333073" lon="-79.736221"></trkpt>
      <trkpt lat="39.332948" lon="-79.736593"></trkpt>
      <trkpt lat="39.332876" lon="-79.736798"></trkpt>
      <trkpt lat="39.332791" lon="-79.736938"></trkpt>
      <trkpt lat="39.332704" lon="-79.737058"></trkpt>
      <trkpt lat="39.332575" lon="-79.737158"></trkpt>
      <trkpt lat="39.332372" lon="-79.737241"></trkpt>
      <trkpt lat="39.331995" lon="-79.737348"></trkpt>
      <trkpt lat="39.331565" lon="-79.737479"></trkpt>
      <trkpt lat="39.330978" lon="-79.737697"></trkpt>
      <trkpt lat="39.330671" lon="-79.737887"></trkpt>
      <trkpt lat="39.330430" lon="-79.738104"></trkpt>
      <trkpt lat="39.329725" lon="-79.738941"></trkpt>
      <trkpt lat="39.329495" lon="-79.739242"></trkpt>
      <trkpt lat="39.329376" lon="-79.739464"></trkpt>
      <trkpt lat="39.329314" lon="-79.739715"></trkpt>
      <trkpt lat="39.329312" lon="-79.739840"></trkpt>
      <trkpt lat="39.329321" lon="-79.740076"></trkpt>
      <trkpt lat="39.329402" lon="-79.741588"></trkpt>
      <trkpt lat="39.329468" lon="-79.741973"></trkpt>
      <trkpt lat="39.329513" lon="-79.742085"></trkpt>
      <trkpt lat="39.329609" lon="-79.742205"></trkpt>
      <trkpt lat="39.329769" lon="-79.742310"></trkpt>
      <trkpt lat="39.329997" lon="-79.742415"></trkpt>
      <trkpt lat="39.330637" lon="-79.742686"></trkpt>
      <trkpt lat="39.330838" lon="-79.742836"></trkpt>
      <trkpt lat="39.330927" lon="-79.742989"></trkpt>
      <trkpt lat="39.330979" lon="-79.743150"></trkpt>
      <trkpt lat="39.331015" lon="-79.743338"></trkpt>
      <trkpt lat="39.331047" lon="-79.744093"></trkpt>
      <trkpt lat="39.331106" lon="-79.745089"></trkpt>
      <trkpt lat="39.331080" lon="-79.745398"></trkpt>
      <trkpt lat="39.331029" lon="-79.745570"></trkpt>
      <trkpt lat="39.330890" lon="-79.745868"></trkpt>
      <trkpt lat="39.330682" lon="-79.746245"></trkpt>
      <trkpt lat="39.330513" lon="-79.746462"></trkpt>
      <trkpt lat="39.330333" lon="-79.746654"></trkpt>
      <trkpt lat="39.329854" lon="-79.747111"></trkpt>
      <trkpt lat="39.329198" lon="-79.747720"></trkpt>
      <trkpt lat="39.329015" lon="-79.747838"></trkpt>
      <trkpt lat="39.328909" lon="-79.747892"></trkpt>
      <trkpt lat="39.328615" lon="-79.747983"></trkpt>
      <trkpt lat="39.328447" lon="-79.748053"></trkpt>
      <trkpt lat="39.328259" lon="-79.748177"></trkpt>
      <trkpt lat="39.328163" lon="-79.748270"></trkpt>
      <trkpt lat="39.328054" lon="-79.748406"></trkpt>
      <trkpt lat="39.327847" lon="-79.748643"></trkpt>
      <trkpt lat="39.327646" lon="-79.748753"></trkpt>
      <trkpt lat="39.327482" lon="-79.748820"></trkpt>
      <trkpt lat="39.327299" lon="-79.748826"></trkpt>
      <trkpt lat="39.327094" lon="-79.748806"></trkpt>
      <trkpt lat="39.326926" lon="-79.748831"></trkpt>
      <trkpt lat="39.326748" lon="-79.748924"></trkpt>
      <trkpt lat="39.326221" lon="-79.749413"></trkpt>
      <trkpt lat="39.326150" lon="-79.749498"></trkpt>
      <trkpt lat="39.326087" lon="-79.749615"></trkpt>
      <trkpt lat="39.326048" lon="-79.749779"></trkpt>
      <trkpt lat="39.326032" lon="-79.749906"></trkpt>
      <trkpt lat="39.326037" lon="-79.750098"></trkpt>
      <trkpt lat="39.326051" lon="-79.750197"></trkpt>
      <trkpt lat="39.326280" lon="-79.750666"></trkpt>
      <trkpt lat="39.326337" lon="-79.750892"></trkpt>
      <trkpt lat="39.326463" lon="-79.751505"></trkpt>
      <trkpt lat="39.326484" lon="-79.751639"></trkpt>
      <trkpt lat="39.326517" lon="-79.751751"></trkpt>
      <trkpt lat="39.326646" lon="-79.751990"></trkpt>
      <trkpt lat="39.326917" lon="-79.752411"></trkpt>
      <trkpt lat="39.327053" lon="-79.752647"></trkpt>
      <trkpt lat="39.327090" lon="-79.752787"></trkpt>
      <trkpt lat="39.327152" lon="-79.753143"></trkpt>
      <trkpt lat="39.327264" lon="-79.753930"></trkpt>
      <trkpt lat="39.327677" lon="-79.756984"></trkpt>
      <trkpt lat="39.327690" lon="-79.757309"></trkpt>
      <trkpt lat="39.327654" lon="-79.757642"></trkpt>
      <trkpt lat="39.327505" lon="-79.758209"></trkpt>
      <trkpt lat="39.327444" lon="-79.758447"></trkpt>
      <trkpt lat="39.327424" lon="-79.758521"></trkpt>
      <trkpt lat="39.327413" lon="-79.758654"></trkpt>
      <trkpt lat="39.327427" lon="-79.758792"></trkpt>
      <trkpt lat="39.327444" lon="-79.758869"></trkpt>
      <trkpt lat="39.327478" lon="-79.758948"></trkpt>
      <trkpt lat="39.327524" lon="-79.759033"></trkpt>
      <trkpt lat="39.327590" lon="-79.759112"></trkpt>
      <trkpt lat="39.327657" lon="-79.759168"></trkpt>
      <trkpt lat="39.327735" lon="-79.759199"></trkpt>
      <trkpt lat="39.327907" lon="-79.759248"></trkpt>
      <trkpt lat="39.328364" lon="-79.759272"></trkpt>
      <trkpt lat="39.328544" lon="-79.759294"></trkpt>
      <trkpt lat="39.328775" lon="-79.759356"></trkpt>
      <trkpt lat="39.329026" lon="-79.759500"></trkpt>
      <trkpt lat="39.329308" lon="-79.759693"></trkpt>
      <trkpt lat="39.329495" lon="-79.759812"></trkpt>
      <trkpt lat="39.329658" lon="-79.759857"></trkpt>
      <trkpt lat="39.329825" lon="-79.759903"></trkpt>
      <trkpt lat="39.330472" lon="-79.759919"></trkpt>
      <trkpt lat="39.330618" lon="-79.759935"></trkpt>
      <trkpt lat="39.330772" lon="-79.759980"></trkpt>
      <trkpt lat="39.330920" lon="-79.760048"></trkpt>
      <trkpt lat="39.331727" lon="-79.760514"></trkpt>
      <trkpt lat="39.331860" lon="-79.760610"></trkpt>
      <trkpt lat="39.331990" lon="-79.760713"></trkpt>
      <trkpt lat="39.332118" lon="-79.760874"></trkpt>
      <trkpt lat="39.332266" lon="-79.761131"></trkpt>
      <trkpt lat="39.332344" lon="-79.761330"></trkpt>
      <trkpt lat="39.332497" lon="-79.762011"></trkpt>
      <trkpt lat="39.332586" lon="-79.762289"></trkpt>
      <trkpt lat="39.332698" lon="-79.762467"></trkpt>
      <trkpt lat="39.333192" lon="-79.762990"></trkpt>
      <trkpt lat="39.333335" lon="-79.763204"></trkpt>
      <trkpt lat="39.333439" lon="-79.763432"></trkpt>
      <trkpt lat="39.333479" lon="-79.763639"></trkpt>
      <trkpt lat="39.333473" lon="-79.763899"></trkpt>
      <trkpt lat="39.333457" lon="-79.764028"></trkpt>
      <trkpt lat="39.333422" lon="-79.764197"></trkpt>
      <trkpt lat="39.333354" lon="-79.764399"></trkpt>
      <trkpt lat="39.333168" lon="-79.764776"></trkpt>
      <trkpt lat="39.333076" lon="-79.764924"></trkpt>
      <trkpt lat="39.333013" lon="-79.765181"></trkpt>
      <trkpt lat="39.332985" lon="-79.765479"></trkpt>
      <trkpt lat="39.332999" lon="-79.765621"></trkpt>
      <trkpt lat="39.333056" lon="-79.765774"></trkpt>
      <trkpt lat="39.333217" lon="-79.766042"></trkpt>
      <trkpt lat="39.333378" lon="-79.766163"></trkpt>
      <trkpt lat="39.333740" lon="-79.766386"></trkpt>
      <trkpt lat="39.334134" lon="-79.766608"></trkpt>
      <trkpt lat="39.334512" lon="-79.766868"></trkpt>
      <trkpt lat="39.334985" lon="-79.767276"></trkpt>
      <trkpt lat="39.335093" lon="-79.767437"></trkpt>
      <trkpt lat="39.335151" lon="-79.767619"></trkpt>
      <trkpt lat="39.335176" lon="-79.767791"></trkpt>
      <trkpt lat="39.335159" lon="-79.768027"></trkpt>
      <trkpt lat="39.335092" lon="-79.768185"></trkpt>
      <trkpt lat="39.334972" lon="-79.768397"></trkpt>
      <trkpt lat="39.334694" lon="-79.768730"></trkpt>
      <trkpt lat="39.334520" lon="-79.768954"></trkpt>
      <trkpt lat="39.334424" lon="-79.769122"></trkpt>
      <trkpt lat="39.334383" lon="-79.769207"></trkpt>
      <trkpt lat="39.334310" lon="-79.769416"></trkpt>
      <trkpt lat="39.334280" lon="-79.769631"></trkpt>
      <trkpt lat="39.334101" lon="-79.770924"></trkpt>
      <trkpt lat="39.333968" lon="-79.771782"></trkpt>
      <trkpt lat="39.333897" lon="-79.772394"></trkpt>
      <trkpt lat="39.333860" lon="-79.772909"></trkpt>
      <trkpt lat="39.333883" lon="-79.773847"></trkpt>
      <trkpt lat="39.333885" lon="-79.773923"></trkpt>
      <trkpt lat="39.333923" lon="-79.774602"></trkpt>
      <trkpt lat="39.333926" lon="-79.775071"></trkpt>
      <trkpt lat="39.333893" lon="-79.775629"></trkpt>
      <trkpt lat="39.333787" lon="-79.776213"></trkpt>
      <trkpt lat="39.333767" lon="-79.776286"></trkpt>
      <trkpt lat="39.333578" lon="-79.776975"></trkpt>
      <trkpt lat="39.333064" lon="-79.778289"></trkpt>
      <trkpt lat="39.332836" lon="-79.778869"></trkpt>
      <trkpt lat="39.332516" lon="-79.779689"></trkpt>
      <trkpt lat="39.332246" lon="-79.780371"></trkpt>
      <trkpt lat="39.332039" lon="-79.781138"></trkpt>
      <trkpt lat="39.331827" lon="-79.781926"></trkpt>
      <trkpt lat="39.331724" lon="-79.782602"></trkpt>
      <trkpt lat="39.331744" lon="-79.783160"></trkpt>
      <trkpt lat="39.331815" lon="-79.783638"></trkpt>
      <trkpt lat="39.332180" lon="-79.784807"></trkpt>
      <trkpt lat="39.332225" lon="-79.785314"></trkpt>
      <trkpt lat="39.332228" lon="-79.785825"></trkpt>
      <trkpt lat="39.332253" lon="-79.786184"></trkpt>
      <trkpt lat="39.332270" lon="-79.786798"></trkpt>
      <trkpt lat="39.332298" lon="-79.787074"></trkpt>
      <trkpt lat="39.332351" lon="-79.787367"></trkpt>
      <trkpt lat="39.332470" lon="-79.787766"></trkpt>
      <trkpt lat="39.333137" lon="-79.789325"></trkpt>
      <trkpt lat="39.333200" lon="-79.789501"></trkpt>
      <trkpt lat="39.333268" lon="-79.789833"></trkpt>
      <trkpt lat="39.333268" lon="-79.790019"></trkpt>
      <trkpt lat="39.333247" lon="-79.790212"></trkpt>
      <trkpt lat="39.333161" lon="-79.790491"></trkpt>
      <trkpt lat="39.332698" lon="-79.791544"></trkpt>
      <trkpt lat="39.332529" lon="-79.791936"></trkpt>
      <trkpt lat="39.332371" lon="-79.792217"></trkpt>
      <trkpt lat="39.332096" lon="-79.792566"></trkpt>
      <trkpt lat="39.331266" lon="-79.793397"></trkpt>
      <trkpt lat="39.330955" lon="-79.793671"></trkpt>
      <trkpt lat="39.330684" lon="-79.793852"></trkpt>
      <trkpt lat="39.330551" lon="-79.793921"></trkpt>
      <trkpt lat="39.329587" lon="-79.794324"></trkpt>
      <trkpt lat="39.328483" lon="-79.794936"></trkpt>
      <trkpt lat="39.328107" lon="-79.795205"></trkpt>
      <trkpt lat="39.327545" lon="-79.795661"></trkpt>
      <trkpt lat="39.326872" lon="-79.796255"></trkpt>
      <trkpt lat="39.326655" lon="-79.796502"></trkpt>
      <trkpt lat="39.326496" lon="-79.796684"></trkpt>
      <trkpt lat="39.326366" lon="-79.796861"></trkpt>
      <trkpt lat="39.325521" lon="-79.798195"></trkpt>
      <trkpt lat="39.325429" lon="-79.798340"></trkpt>
      <trkpt lat="39.325165" lon="-79.798793"></trkpt>
      <trkpt lat="39.325111" lon="-79.798906"></trkpt>
      <trkpt lat="39.324950" lon="-79.799247"></trkpt>
      <trkpt lat="39.324824" lon="-79.799581"></trkpt>
      <trkpt lat="39.324743" lon="-79.799850"></trkpt>
      <trkpt lat="39.324662" lon="-79.800218"></trkpt>
      <trkpt lat="39.324588" lon="-79.800801"></trkpt>
      <trkpt lat="39.324581" lon="-79.801637"></trkpt>
      <trkpt lat="39.324625" lon="-79.802365"></trkpt>
      <trkpt lat="39.324706" lon="-79.802876"></trkpt>
      <trkpt lat="39.324750" lon="-79.803065"></trkpt>
      <trkpt lat="39.324920" lon="-79.803626"></trkpt>
      <trkpt lat="39.325870" lon="-79.806186"></trkpt>
      <trkpt lat="39.326049" lon="-79.806766"></trkpt>
      <trkpt lat="39.326124" lon="-79.807113"></trkpt>
      <trkpt lat="39.326175" lon="-79.807525"></trkpt>
      <trkpt lat="39.326176" lon="-79.808860"></trkpt>
      <trkpt lat="39.326221" lon="-79.809201"></trkpt>
      <trkpt lat="39.326229" lon="-79.809259"></trkpt>
      <trkpt lat="39.326381" lon="-79.809779"></trkpt>
      <trkpt lat="39.326826" lon="-79.810702"></trkpt>
      <trkpt lat="39.326939" lon="-79.810992"></trkpt>
      <trkpt lat="39.327038" lon="-79.811370"></trkpt>
      <trkpt lat="39.327079" lon="-79.811730"></trkpt>
      <trkpt lat="39.327087" lon="-79.811978"></trkpt>
      <trkpt lat="39.327074" lon="-79.812954"></trkpt>
      <trkpt lat="39.327063" lon="-79.813705"></trkpt>
      <trkpt lat="39.327039" lon="-79.815172"></trkpt>
      <trkpt lat="39.327032" lon="-79.815840"></trkpt>
      <trkpt lat="39.327019" lon="-79.816656"></trkpt>
      <trkpt lat="39.327007" lon="-79.817256"></trkpt>
      <trkpt lat="39.327005" lon="-79.817613"></trkpt>
      <trkpt lat="39.327030" lon="-79.817978"></trkpt>
      <trkpt lat="39.327075" lon="-79.818142"></trkpt>
      <trkpt lat="39.327173" lon="-79.818393"></trkpt>
      <trkpt lat="39.327344" lon="-79.818579"></trkpt>
      <trkpt lat="39.327466" lon="-79.818679"></trkpt>
      <trkpt lat="39.328666" lon="-79.819319"></trkpt>
      <trkpt lat="39.329063" lon="-79.819550"></trkpt>
      <trkpt lat="39.329219" lon="-79.819666"></trkpt>
      <trkpt lat="39.329556" lon="-79.819982"></trkpt>
      <trkpt lat="39.329682" lon="-79.820130"></trkpt>
      <trkpt lat="39.329784" lon="-79.820277"></trkpt>
      <trkpt lat="39.330011" lon="-79.820679"></trkpt>
      <trkpt lat="39.330049" lon="-79.820747"></trkpt>
      <trkpt lat="39.330169" lon="-79.821011"></trkpt>
      <trkpt lat="39.330246" lon="-79.821298"></trkpt>
      <trkpt lat="39.330283" lon="-79.821516"></trkpt>
      <trkpt lat="39.330289" lon="-79.821712"></trkpt>
      <trkpt lat="39.330279" lon="-79.822041"></trkpt>
      <trkpt lat="39.330187" lon="-79.822905"></trkpt>
      <trkpt lat="39.330131" lon="-79.823523"></trkpt>
      <trkpt lat="39.330133" lon="-79.823762"></trkpt>
      <trkpt lat="39.330172" lon="-79.824098"></trkpt>
      <trkpt lat="39.330200" lon="-79.824321"></trkpt>
      <trkpt lat="39.330218" lon="-79.824516"></trkpt>
      <trkpt lat="39.330204" lon="-79.824674"></trkpt>
      <trkpt lat="39.330178" lon="-79.824822"></trkpt>
      <trkpt lat="39.330075" lon="-79.825142"></trkpt>
      <trkpt lat="39.329873" lon="-79.825656"></trkpt>
      <trkpt lat="39.329852" lon="-79.825707"></trkpt>
      <trkpt lat="39.329685" lon="-79.826227"></trkpt>
      <trkpt lat="39.329508" lon="-79.826871"></trkpt>
      <trkpt lat="39.329487" lon="-79.826940"></trkpt>
      <trkpt lat="39.329382" lon="-79.827283"></trkpt>
      <trkpt lat="39.329316" lon="-79.827581"></trkpt>
      <trkpt lat="39.329312" lon="-79.827599"></trkpt>
      <trkpt lat="39.329283" lon="-79.827729"></trkpt>
      <trkpt lat="39.329265" lon="-79.828091"></trkpt>
      <trkpt lat="39.329272" lon="-79.828333"></trkpt>
      <trkpt lat="39.329278" lon="-79.828548"></trkpt>
      <trkpt lat="39.329281" lon="-79.828656"></trkpt>
      <trkpt lat="39.329283" lon="-79.828767"></trkpt>
      <trkpt lat="39.329266" lon="-79.829279"></trkpt>
      <trkpt lat="39.329215" lon="-79.829638"></trkpt>
      <trkpt lat="39.329114" lon="-79.829971"></trkpt>
      <trkpt lat="39.329017" lon="-79.830209"></trkpt>
      <trkpt lat="39.328762" lon="-79.830700"></trkpt>
      <trkpt lat="39.328501" lon="-79.831204"></trkpt>
      <trkpt lat="39.328397" lon="-79.831472"></trkpt>
      <trkpt lat="39.328343" lon="-79.831667"></trkpt>
      <trkpt lat="39.328316" lon="-79.831848"></trkpt>
      <trkpt lat="39.328304" lon="-79.832113"></trkpt>
      <trkpt lat="39.328337" lon="-79.832387"></trkpt>
      <trkpt lat="39.328447" lon="-79.832800"></trkpt>
      <trkpt lat="39.328502" lon="-79.833062"></trkpt>
      <trkpt lat="39.328538" lon="-79.833342"></trkpt>
      <trkpt lat="39.328563" lon="-79.834583"></trkpt>
      <trkpt lat="39.328588" lon="-79.835009"></trkpt>
      <trkpt lat="39.328728" lon="-79.836537"></trkpt>
      <trkpt lat="39.328822" lon="-79.837569"></trkpt>
      <trkpt lat="39.328828" lon="-79.837635"></trkpt>
      <trkpt lat="39.328887" lon="-79.838237"></trkpt>
      <trkpt lat="39.328918" lon="-79.838677"></trkpt>
      <trkpt lat="39.328914" lon="-79.839009"></trkpt>
      <trkpt lat="39.328806" lon="-79.840136"></trkpt>
      <trkpt lat="39.328706" lon="-79.841190"></trkpt>
      <trkpt lat="39.328663" lon="-79.841871"></trkpt>
      <trkpt lat="39.328704" lon="-79.842529"></trkpt>
      <trkpt lat="39.328811" lon="-79.843424"></trkpt>
      <trkpt lat="39.328959" lon="-79.843913"></trkpt>
      <trkpt lat="39.329319" lon="-79.844516"></trkpt>
      <trkpt lat="39.329519" lon="-79.844903"></trkpt>
      <trkpt lat="39.330835" lon="-79.847092"></trkpt>
      <trkpt lat="39.331018" lon="-79.847318"></trkpt>
      <trkpt lat="39.331233" lon="-79.847504"></trkpt>
      <trkpt lat="39.331679" lon="-79.847853"></trkpt>
      <trkpt lat="39.332403" lon="-79.848407"></trkpt>
      <trkpt lat="39.332772" lon="-79.848670"></trkpt>
      <trkpt lat="39.334198" lon="-79.849755"></trkpt>
      <trkpt lat="39.335510" lon="-79.850965"></trkpt>
      <trkpt lat="39.336474" lon="-79.851945"></trkpt>
      <trkpt lat="39.336746" lon="-79.852389"></trkpt>
      <trkpt lat="39.336821" lon="-79.852578"></trkpt>
      <trkpt lat="39.336997" lon="-79.853019"></trkpt>
      <trkpt lat="39.337267" lon="-79.853995"></trkpt>
      <trkpt lat="39.337366" lon="-79.854247"></trkpt>
      <trkpt lat="39.337500" lon="-79.854476"></trkpt>
      <trkpt lat="39.337847" lon="-79.854873"></trkpt>
      <trkpt lat="39.338134" lon="-79.855184"></trkpt>
      <trkpt lat="39.338426" lon="-79.855703"></trkpt>
      <trkpt lat="39.338523" lon="-79.856133"></trkpt>
      <trkpt lat="39.338556" lon="-79.856474"></trkpt>
      <trkpt lat="39.338557" lon="-79.856707"></trkpt>
      <trkpt lat="39.338522" lon="-79.857058"></trkpt>
      <trkpt lat="39.338422" lon="-79.857569"></trkpt>
      <trkpt lat="39.338324" lon="-79.857913"></trkpt>
      <trkpt lat="39.338221" lon="-79.858180"></trkpt>
      <trkpt lat="39.337873" lon="-79.858935"></trkpt>
      <trkpt lat="39.337763" lon="-79.859213"></trkpt>
      <trkpt lat="39.337428" lon="-79.860254"></trkpt>
      <trkpt lat="39.337048" lon="-79.861503"></trkpt>
      <trkpt lat="39.336872" lon="-79.862084"></trkpt>
      <trkpt lat="39.336580" lon="-79.862906"></trkpt>
      <trkpt lat="39.336326" lon="-79.863472"></trkpt>
      <trkpt lat="39.336179" lon="-79.863767"></trkpt>
      <trkpt lat="39.335925" lon="-79.864276"></trkpt>
      <trkpt lat="39.335403" lon="-79.865283"></trkpt>
      <trkpt lat="39.335059" lon="-79.865887"></trkpt>
      <trkpt lat="39.334923" lon="-79.866088"></trkpt>
      <trkpt lat="39.334812" lon="-79.866250"></trkpt>
      <trkpt lat="39.334511" lon="-79.866642"></trkpt>
      <trkpt lat="39.333627" lon="-79.867648"></trkpt>
      <trkpt lat="39.333542" lon="-79.867782"></trkpt>
      <trkpt lat="39.333454" lon="-79.867982"></trkpt>
      <trkpt lat="39.333405" lon="-79.868167"></trkpt>
      <trkpt lat="39.333387" lon="-79.868372"></trkpt>
      <trkpt lat="39.333390" lon="-79.868558"></trkpt>
      <trkpt lat="39.333448" lon="-79.868878"></trkpt>
      <trkpt lat="39.333462" lon="-79.868948"></trkpt>
      <trkpt lat="39.333711" lon="-79.869764"></trkpt>
      <trkpt lat="39.334331" lon="-79.871797"></trkpt>
      <trkpt lat="39.334461" lon="-79.872213"></trkpt>
      <trkpt lat="39.334548" lon="-79.872442"></trkpt>
      <trkpt lat="39.334966" lon="-79.873868"></trkpt>
      <trkpt lat="39.334980" lon="-79.873956"></trkpt>
      <trkpt lat="39.335047" lon="-79.874371"></trkpt>
      <trkpt lat="39.335056" lon="-79.874741"></trkpt>
      <trkpt lat="39.335031" lon="-79.875085"></trkpt>
      <trkpt lat="39.334984" lon="-79.875363"></trkpt>
      <trkpt lat="39.334675" lon="-79.876680"></trkpt>
      <trkpt lat="39.334511" lon="-79.877382"></trkpt>
      <trkpt lat="39.334391" lon="-79.877851"></trkpt>
      <trkpt lat="39.333943" lon="-79.879130"></trkpt>
      <trkpt lat="39.333808" lon="-79.879710"></trkpt>
      <trkpt lat="39.333771" lon="-79.880003"></trkpt>
      <trkpt lat="39.333657" lon="-79.881668"></trkpt>
      <trkpt lat="39.333656" lon="-79.882256"></trkpt>
      <trkpt lat="39.333738" lon="-79.883539"></trkpt>
      <trkpt lat="39.333826" lon="-79.884601"></trkpt>
      <trkpt lat="39.333846" lon="-79.885079"></trkpt>
      <trkpt lat="39.333866" lon="-79.885546"></trkpt>
      <trkpt lat="39.333859" lon="-79.885845"></trkpt>
      <trkpt lat="39.333837" lon="-79.886039"></trkpt>
      <trkpt lat="39.333730" lon="-79.886467"></trkpt>
      <trkpt lat="39.333708" lon="-79.886520"></trkpt>
      <trkpt lat="39.333570" lon="-79.886855"></trkpt>
      <trkpt lat="39.333266" lon="-79.887336"></trkpt>
      <trkpt lat="39.332781" lon="-79.888010"></trkpt>
      <trkpt lat="39.332709" lon="-79.888141"></trkpt>
      <trkpt lat="39.332575" lon="-79.888452"></trkpt>
      <trkpt lat="39.332516" lon="-79.888655"></trkpt>
      <trkpt lat="39.332491" lon="-79.888729"></trkpt>
      <trkpt lat="39.332277" lon="-79.889504"></trkpt>
      <trkpt lat="39.332244" lon="-79.889681"></trkpt>
      <trkpt lat="39.332235" lon="-79.889836"></trkpt>
      <trkpt lat="39.332248" lon="-79.889973"></trkpt>
      <trkpt lat="39.332274" lon="-79.890081"></trkpt>
      <trkpt lat="39.332319" lon="-79.890204"></trkpt>
      <trkpt lat="39.332378" lon="-79.890322"></trkpt>
      <trkpt lat="39.332447" lon="-79.890416"></trkpt>
      <trkpt lat="39.332518" lon="-79.890487"></trkpt>
      <trkpt lat="39.332605" lon="-79.890549"></trkpt>
      <trkpt lat="39.333969" lon="-79.891439"></trkpt>
      <trkpt lat="39.334145" lon="-79.891545"></trkpt>
      <trkpt lat="39.334225" lon="-79.891608"></trkpt>
      <trkpt lat="39.334287" lon="-79.891672"></trkpt>
      <trkpt lat="39.334382" lon="-79.891782"></trkpt>
      <trkpt lat="39.334501" lon="-79.891954"></trkpt>
      <trkpt lat="39.334581" lon="-79.892080"></trkpt>
      <trkpt lat="39.334636" lon="-79.892186"></trkpt>
      <trkpt lat="39.334698" lon="-79.892317"></trkpt>
      <trkpt lat="39.334755" lon="-79.892483"></trkpt>
      <trkpt lat="39.334800" lon="-79.892652"></trkpt>
      <trkpt lat="39.334835" lon="-79.892834"></trkpt>
      <trkpt lat="39.334853" lon="-79.893026"></trkpt>
      <trkpt lat="39.334857" lon="-79.893238"></trkpt>
      <trkpt lat="39.334846" lon="-79.893455"></trkpt>
      <trkpt lat="39.334831" lon="-79.893629"></trkpt>
      <trkpt lat="39.334789" lon="-79.893838"></trkpt>
      <trkpt lat="39.334744" lon="-79.894029"></trkpt>
      <trkpt lat="39.334676" lon="-79.894224"></trkpt>
      <trkpt lat="39.334327" lon="-79.895132"></trkpt>
      <trkpt lat="39.334107" lon="-79.895749"></trkpt>
      <trkpt lat="39.333986" lon="-79.896041"></trkpt>
      <trkpt lat="39.333727" lon="-79.896725"></trkpt>
      <trkpt lat="39.333497" lon="-79.897361"></trkpt>
      <trkpt lat="39.333420" lon="-79.897758"></trkpt>
      <trkpt lat="39.333408" lon="-79.898079"></trkpt>
      <trkpt lat="39.333461" lon="-79.898319"></trkpt>
      <trkpt lat="39.333553" lon="-79.898496"></trkpt>
      <trkpt lat="39.333673" lon="-79.898645"></trkpt>
      <trkpt lat="39.333862" lon="-79.898808"></trkpt>
      <trkpt lat="39.334067" lon="-79.898879"></trkpt>
      <trkpt lat="39.335067" lon="-79.898965"></trkpt>
      <trkpt lat="39.335336" lon="-79.899030"></trkpt>
      <trkpt lat="39.335495" lon="-79.899089"></trkpt>
      <trkpt lat="39.335647" lon="-79.899192"></trkpt>
      <trkpt lat="39.335787" lon="-79.899329"></trkpt>
      <trkpt lat="39.335876" lon="-79.899441"></trkpt>
      <trkpt lat="39.336026" lon="-79.899683"></trkpt>
      <trkpt lat="39.336305" lon="-79.900273"></trkpt>
      <trkpt lat="39.336397" lon="-79.900436"></trkpt>
      <trkpt lat="39.336638" lon="-79.900803"></trkpt>
      <trkpt lat="39.336719" lon="-79.900962"></trkpt>
      <trkpt lat="39.336731" lon="-79.901005"></trkpt>
      <trkpt lat="39.336770" lon="-79.901141"></trkpt>
      <trkpt lat="39.336795" lon="-79.901250"></trkpt>
      <trkpt lat="39.336807" lon="-79.901435"></trkpt>
      <trkpt lat="39.336774" lon="-79.901693"></trkpt>
      <trkpt lat="39.336623" lon="-79.902064"></trkpt>
      <trkpt lat="39.336370" lon="-79.902585"></trkpt>
      <trkpt lat="39.336191" lon="-79.902846"></trkpt>
      <trkpt lat="39.335380" lon="-79.903707"></trkpt>
      <trkpt lat="39.335118" lon="-79.903939"></trkpt>
      <trkpt lat="39.334862" lon="-79.904066"></trkpt>
      <trkpt lat="39.334618" lon="-79.904104"></trkpt>
      <trkpt lat="39.332661" lon="-79.904270"></trkpt>
      <trkpt lat="39.332374" lon="-79.904266"></trkpt>
      <trkpt lat="39.332152" lon="-79.904239"></trkpt>
      <trkpt lat="39.331895" lon="-79.904169"></trkpt>
      <trkpt lat="39.331631" lon="-79.904058"></trkpt>
      <trkpt lat="39.331474" lon="-79.903956"></trkpt>
      <trkpt lat="39.331137" lon="-79.903713"></trkpt>
      <trkpt lat="39.330972" lon="-79.903593"></trkpt>
      <trkpt lat="39.330773" lon="-79.903455"></trkpt>
      <trkpt lat="39.330578" lon="-79.903358"></trkpt>
      <trkpt lat="39.330431" lon="-79.903346"></trkpt>
      <trkpt lat="39.330278" lon="-79.903390"></trkpt>
      <trkpt lat="39.330146" lon="-79.903470"></trkpt>
      <trkpt lat="39.330030" lon="-79.903596"></trkpt>
      <trkpt lat="39.329974" lon="-79.903723"></trkpt>
      <trkpt lat="39.329934" lon="-79.903846"></trkpt>
      <trkpt lat="39.329916" lon="-79.903971"></trkpt>
      <trkpt lat="39.329914" lon="-79.904094"></trkpt>
      <trkpt lat="39.329942" lon="-79.904442"></trkpt>
      <trkpt lat="39.330028" lon="-79.905193"></trkpt>
      <trkpt lat="39.330144" lon="-79.906113"></trkpt>
      <trkpt lat="39.330173" lon="-79.906414"></trkpt>
      <trkpt lat="39.330177" lon="-79.906562"></trkpt>
      <trkpt lat="39.330160" lon="-79.906827"></trkpt>
      <trkpt lat="39.330120" lon="-79.907102"></trkpt>
      <trkpt lat="39.330046" lon="-79.907447"></trkpt>
      <trkpt lat="39.329602" lon="-79.909286"></trkpt>
      <trkpt lat="39.329256" lon="-79.910743"></trkpt>
      <trkpt lat="39.329224" lon="-79.911148"></trkpt>
      <trkpt lat="39.329232" lon="-79.911634"></trkpt>
      <trkpt lat="39.329251" lon="-79.912054"></trkpt>
      <trkpt lat="39.329266" lon="-79.912311"></trkpt>
      <trkpt lat="39.329351" lon="-79.912735"></trkpt>
      <trkpt lat="39.329666" lon="-79.913707"></trkpt>
      <trkpt lat="39.329733" lon="-79.913903"></trkpt>
      <trkpt lat="39.329790" lon="-79.914153"></trkpt>
      <trkpt lat="39.329834" lon="-79.914456"></trkpt>
      <trkpt lat="39.329895" lon="-79.915191"></trkpt>
      <trkpt lat="39.329979" lon="-79.916195"></trkpt>
      <trkpt lat="39.330020" lon="-79.916734"></trkpt>
      <trkpt lat="39.330062" lon="-79.916950"></trkpt>
      <trkpt lat="39.330114" lon="-79.917105"></trkpt>
      <trkpt lat="39.330171" lon="-79.917193"></trkpt>
      <trkpt lat="39.330238" lon="-79.917284"></trkpt>
      <trkpt lat="39.330529" lon="-79.917536"></trkpt>
      <trkpt lat="39.330611" lon="-79.917643"></trkpt>
      <trkpt lat="39.330695" lon="-79.917772"></trkpt>
      <trkpt lat="39.330742" lon="-79.917925"></trkpt>
      <trkpt lat="39.330780" lon="-79.918118"></trkpt>
      <trkpt lat="39.330803" lon="-79.918368"></trkpt>
      <trkpt lat="39.330814" lon="-79.918602"></trkpt>
      <trkpt lat="39.330805" lon="-79.918726"></trkpt>
      <trkpt lat="39.330765" lon="-79.918912"></trkpt>
      <trkpt lat="39.330633" lon="-79.919281"></trkpt>
      <trkpt lat="39.330451" lon="-79.919749"></trkpt>
      <trkpt lat="39.330272" lon="-79.920217"></trkpt>
      <trkpt lat="39.330225" lon="-79.920360"></trkpt>
      <trkpt lat="39.330203" lon="-79.920485"></trkpt>
      <trkpt lat="39.330195" lon="-79.920631"></trkpt>
      <trkpt lat="39.330214" lon="-79.920784"></trkpt>
      <trkpt lat="39.330249" lon="-79.920921"></trkpt>
      <trkpt lat="39.330380" lon="-79.921204"></trkpt>
      <trkpt lat="39.330999" lon="-79.922333"></trkpt>
      <trkpt lat="39.331116" lon="-79.922565"></trkpt>
      <trkpt lat="39.331270" lon="-79.922939"></trkpt>
      <trkpt lat="39.331338" lon="-79.923162"></trkpt>
      <trkpt lat="39.331387" lon="-79.923354"></trkpt>
      <trkpt lat="39.331417" lon="-79.923580"></trkpt>
      <trkpt lat="39.331418" lon="-79.923685"></trkpt>
      <trkpt lat="39.331416" lon="-79.923771"></trkpt>
      <trkpt lat="39.331404" lon="-79.923865"></trkpt>
      <trkpt lat="39.331386" lon="-79.923979"></trkpt>
      <trkpt lat="39.331328" lon="-79.924089"></trkpt>
      <trkpt lat="39.331258" lon="-79.924199"></trkpt>
      <trkpt lat="39.331064" lon="-79.924396"></trkpt>
      <trkpt lat="39.330856" lon="-79.924537"></trkpt>
      <trkpt lat="39.330704" lon="-79.924627"></trkpt>
      <trkpt lat="39.330455" lon="-79.924719"></trkpt>
      <trkpt lat="39.330148" lon="-79.924745"></trkpt>
      <trkpt lat="39.329825" lon="-79.924727"></trkpt>
      <trkpt lat="39.329690" lon="-79.924718"></trkpt>
      <trkpt lat="39.329598" lon="-79.924738"></trkpt>
      <trkpt lat="39.329523" lon="-79.924773"></trkpt>
      <trkpt lat="39.329450" lon="-79.924838"></trkpt>
      <trkpt lat="39.329395" lon="-79.924948"></trkpt>
      <trkpt lat="39.329384" lon="-79.925045"></trkpt>
      <trkpt lat="39.329388" lon="-79.925163"></trkpt>
      <trkpt lat="39.329460" lon="-79.925305"></trkpt>
      <trkpt lat="39.329947" lon="-79.926044"></trkpt>
      <trkpt lat="39.330837" lon="-79.927220"></trkpt>
      <trkpt lat="39.330937" lon="-79.927367"></trkpt>
      <trkpt lat="39.331183" lon="-79.927823"></trkpt>
      <trkpt lat="39.331554" lon="-79.928556"></trkpt>
      <trkpt lat="39.331733" lon="-79.928961"></trkpt>
      <trkpt lat="39.331852" lon="-79.929361"></trkpt>
      <trkpt lat="39.331908" lon="-79.929739"></trkpt>
      <trkpt lat="39.331932" lon="-79.930430"></trkpt>
      <trkpt lat="39.331952" lon="-79.930611"></trkpt>
      <trkpt lat="39.331999" lon="-79.930818"></trkpt>
      <trkpt lat="39.332038" lon="-79.930928"></trkpt>
      <trkpt lat="39.332162" lon="-79.931135"></trkpt>
      <trkpt lat="39.332356" lon="-79.931378"></trkpt>
      <trkpt lat="39.332798" lon="-79.931917"></trkpt>
      <trkpt lat="39.332927" lon="-79.932054"></trkpt>
      <trkpt lat="39.333039" lon="-79.932133"></trkpt>
      <trkpt lat="39.333178" lon="-79.932178"></trkpt>
      <trkpt lat="39.333376" lon="-79.932189"></trkpt>
      <trkpt lat="39.333646" lon="-79.932209"></trkpt>
      <trkpt lat="39.333792" lon="-79.932231"></trkpt>
      <trkpt lat="39.333978" lon="-79.932294"></trkpt>
      <trkpt lat="39.334203" lon="-79.932388"></trkpt>
      <trkpt lat="39.334472" lon="-79.932526"></trkpt>
      <trkpt lat="39.334883" lon="-79.932633"></trkpt>
      <trkpt lat="39.335073" lon="-79.932711"></trkpt>
      <trkpt lat="39.335342" lon="-79.932838"></trkpt>
      <trkpt lat="39.335556" lon="-79.932919"></trkpt>
      <trkpt lat="39.335722" lon="-79.932949"></trkpt>
      <trkpt lat="39.335966" lon="-79.932963"></trkpt>
      <trkpt lat="39.336150" lon="-79.932963"></trkpt>
      <trkpt lat="39.336358" lon="-79.932990"></trkpt>
      <trkpt lat="39.337163" lon="-79.933195"></trkpt>
      <trkpt lat="39.337777" lon="-79.933317"></trkpt>
      <trkpt lat="39.338523" lon="-79.933462"></trkpt>
      <trkpt lat="39.339088" lon="-79.933570"></trkpt>
      <trkpt lat="39.339416" lon="-79.933619"></trkpt>
      <trkpt lat="39.340078" lon="-79.933636"></trkpt>
      <trkpt lat="39.340337" lon="-79.933654"></trkpt>
      <trkpt lat="39.340590" lon="-79.933691"></trkpt>
      <trkpt lat="39.340784" lon="-79.933759"></trkpt>
      <trkpt lat="39.340978" lon="-79.933864"></trkpt>
      <trkpt lat="39.341203" lon="-79.934048"></trkpt>
      <trkpt lat="39.341436" lon="-79.934269"></trkpt>
      <trkpt lat="39.341609" lon="-79.934450"></trkpt>
      <trkpt lat="39.341787" lon="-79.934675"></trkpt>
      <trkpt lat="39.342006" lon="-79.935011"></trkpt>
      <trkpt lat="39.342160" lon="-79.935286"></trkpt>
      <trkpt lat="39.342390" lon="-79.935740"></trkpt>
      <trkpt lat="39.342525" lon="-79.936104"></trkpt>
      <trkpt lat="39.342586" lon="-79.936294"></trkpt>
      <trkpt lat="39.342724" lon="-79.936908"></trkpt>
      <trkpt lat="39.342787" lon="-79.937089"></trkpt>
      <trkpt lat="39.342873" lon="-79.937289"></trkpt>
      <trkpt lat="39.343005" lon="-79.937453"></trkpt>
      <trkpt lat="39.343134" lon="-79.937595"></trkpt>
      <trkpt lat="39.343393" lon="-79.937814"></trkpt>
      <trkpt lat="39.344320" lon="-79.938575"></trkpt>
      <trkpt lat="39.344551" lon="-79.938783"></trkpt>
      <trkpt lat="39.344639" lon="-79.938908"></trkpt>
      <trkpt lat="39.344738" lon="-79.939054"></trkpt>
      <trkpt lat="39.344814" lon="-79.939191"></trkpt>
      <trkpt lat="39.344867" lon="-79.939304"></trkpt>
      <trkpt lat="39.344995" lon="-79.939935"></trkpt>
      <trkpt lat="39.345058" lon="-79.940609"></trkpt>
      <trkpt lat="39.345089" lon="-79.941381"></trkpt>
      <trkpt lat="39.345087" lon="-79.941894"></trkpt>
      <trkpt lat="39.345057" lon="-79.942401"></trkpt>
      <trkpt lat="39.344991" lon="-79.942984"></trkpt>
      <trkpt lat="39.344932" lon="-79.943418"></trkpt>
      <trkpt lat="39.344767" lon="-79.944071"></trkpt>
      <trkpt lat="39.344226" lon="-79.946037"></trkpt>
      <trkpt lat="39.343954" lon="-79.946963"></trkpt>
      <trkpt lat="39.343808" lon="-79.947601"></trkpt>
      <trkpt lat="39.343782" lon="-79.947877"></trkpt>
      <trkpt lat="39.343780" lon="-79.948231"></trkpt>
      <trkpt lat="39.343827" lon="-79.948639"></trkpt>
      <trkpt lat="39.343956" lon="-79.949178"></trkpt>
      <trkpt lat="39.344155" lon="-79.949884"></trkpt>
      <trkpt lat="39.344687" lon="-79.951935"></trkpt>
      <trkpt lat="39.344767" lon="-79.952249"></trkpt>
      <trkpt lat="39.344804" lon="-79.952595"></trkpt>
      <trkpt lat="39.344807" lon="-79.952888"></trkpt>
      <trkpt lat="39.344717" lon="-79.953936"></trkpt>
      <trkpt lat="39.344653" lon="-79.954470"></trkpt>
      <trkpt lat="39.344575" lon="-79.954923"></trkpt>
      <trkpt lat="39.344460" lon="-79.955296"></trkpt>
      <trkpt lat="39.344300" lon="-79.955642"></trkpt>
      <trkpt lat="39.344065" lon="-79.956082"></trkpt>
      <trkpt lat="39.343558" lon="-79.956959"></trkpt>
      <trkpt lat="39.343352" lon="-79.957262"></trkpt>
      <trkpt lat="39.343160" lon="-79.957484"></trkpt>
      <trkpt lat="39.342133" lon="-79.958620"></trkpt>
      <trkpt lat="39.341880" lon="-79.959054"></trkpt>
      <trkpt lat="39.341726" lon="-79.959456"></trkpt>
      <trkpt lat="39.341647" lon="-79.959832"></trkpt>
      <trkpt lat="39.341618" lon="-79.960199"></trkpt>
      <trkpt lat="39.341649" lon="-79.960669"></trkpt>
      <trkpt lat="39.341724" lon="-79.961025"></trkpt>
      <trkpt lat="39.341803" lon="-79.961267"></trkpt>
      <trkpt lat="39.341986" lon="-79.961671"></trkpt>
      <trkpt lat="39.342774" lon="-79.963098"></trkpt>
      <trkpt lat="39.342962" lon="-79.963426"></trkpt>
      <trkpt lat="39.343928" lon="-79.965201"></trkpt>
      <trkpt lat="39.344039" lon="-79.965491"></trkpt>
      <trkpt lat="39.344143" lon="-79.965845"></trkpt>
      <trkpt lat="39.344201" lon="-79.966237"></trkpt>
      <trkpt lat="39.344222" lon="-79.966610"></trkpt>
      <trkpt lat="39.344172" lon="-79.967028"></trkpt>
      <trkpt lat="39.344099" lon="-79.967366"></trkpt>
      <trkpt lat="39.344004" lon="-79.967675"></trkpt>
      <trkpt lat="39.343816" lon="-79.968076"></trkpt>
      <trkpt lat="39.343566" lon="-79.968385"></trkpt>
      <trkpt lat="39.343317" lon="-79.968651"></trkpt>
      <trkpt lat="39.343020" lon="-79.968855"></trkpt>
      <trkpt lat="39.342579" lon="-79.969198"></trkpt>
      <trkpt lat="39.342375" lon="-79.969381"></trkpt>
      <trkpt lat="39.342079" lon="-79.969775"></trkpt>
      <trkpt lat="39.341900" lon="-79.970129"></trkpt>
      <trkpt lat="39.341803" lon="-79.970440"></trkpt>
      <trkpt lat="39.341701" lon="-79.970893"></trkpt>
      <trkpt lat="39.341639" lon="-79.971473"></trkpt>
      <trkpt lat="39.341593" lon="-79.972146"></trkpt>
      <trkpt lat="39.341608" lon="-79.972669"></trkpt>
      <trkpt lat="39.341779" lon="-79.974884"></trkpt>
      <trkpt lat="39.341859" lon="-79.975810"></trkpt>
      <trkpt lat="39.342075" lon="-79.978575"></trkpt>
      <trkpt lat="39.342145" lon="-79.979348"></trkpt>
      <trkpt lat="39.342274" lon="-79.980944"></trkpt>
      <trkpt lat="39.342521" lon="-79.984046"></trkpt>
      <trkpt lat="39.342529" lon="-79.984272"></trkpt>
      <trkpt lat="39.342521" lon="-79.984543"></trkpt>
      <trkpt lat="39.342479" lon="-79.984993"></trkpt>
      <trkpt lat="39.342330" lon="-79.986165"></trkpt>
      <trkpt lat="39.342239" lon="-79.986590"></trkpt>
      <trkpt lat="39.342102" lon="-79.986991"></trkpt>
      <trkpt lat="39.341954" lon="-79.987325"></trkpt>
      <trkpt lat="39.341612" lon="-79.988030"></trkpt>
      <trkpt lat="39.341411" lon="-79.988521"></trkpt>
      <trkpt lat="39.341322" lon="-79.988902"></trkpt>
      <trkpt lat="39.341253" lon="-79.989307"></trkpt>
      <trkpt lat="39.341230" lon="-79.989730"></trkpt>
      <trkpt lat="39.341255" lon="-79.990154"></trkpt>
      <trkpt lat="39.341278" lon="-79.990393"></trkpt>
      <trkpt lat="39.341394" lon="-79.991046"></trkpt>
      <trkpt lat="39.341433" lon="-79.991232"></trkpt>
      <trkpt lat="39.341948" lon="-79.993655"></trkpt>
      <trkpt lat="39.342551" lon="-79.996566"></trkpt>
      <trkpt lat="39.342593" lon="-79.996731"></trkpt>
      <trkpt lat="39.342703" lon="-79.997090"></trkpt>
      <trkpt lat="39.342908" lon="-79.997581"></trkpt>
      <trkpt lat="39.343095" lon="-79.997892"></trkpt>
      <trkpt lat="39.343319" lon="-79.998185"></trkpt>
      <trkpt lat="39.343639" lon="-79.998501"></trkpt>
      <trkpt lat="39.344269" lon="-79.998992"></trkpt>
      <trkpt lat="39.344616" lon="-79.999303"></trkpt>
      <trkpt lat="39.344993" lon="-79.999838"></trkpt>
      <trkpt lat="39.345196" lon="-80.000264"></trkpt>
      <trkpt lat="39.345392" lon="-80.000788"></trkpt>
      <trkpt lat="39.345961" lon="-80.002531"></trkpt>
      <trkpt lat="39.346151" lon="-80.003078"></trkpt>
      <trkpt lat="39.346460" lon="-80.003769"></trkpt>
      <trkpt lat="39.346287" lon="-80.003870"></trkpt>
      <trkpt lat="39.345780" lon="-80.004150"></trkpt>
      <trkpt lat="39.345335" lon="-80.004379"></trkpt>
      <trkpt lat="39.345271" lon="-80.004408"></trkpt>
      <trkpt lat="39.344908" lon="-80.004592"></trkpt>
      <trkpt lat="39.344688" lon="-80.004700"></trkpt>
      <trkpt lat="39.344606" lon="-80.004738"></trkpt>
      <trkpt lat="39.344495" lon="-80.004780"></trkpt>
      <trkpt lat="39.344386" lon="-80.004815"></trkpt>
      <trkpt lat="39.344289" lon="-80.004843"></trkpt>
      <trkpt lat="39.344197" lon="-80.004868"></trkpt>
      <trkpt lat="39.344095" lon="-80.004891"></trkpt>
      <trkpt lat="39.343989" lon="-80.004913"></trkpt>
      <trkpt lat="39.343861" lon="-80.004929"></trkpt>
      <trkpt lat="39.343735" lon="-80.004942"></trkpt>
      <trkpt lat="39.343648" lon="-80.004951"></trkpt>
      <trkpt lat="39.343569" lon="-80.004960"></trkpt>
      <trkpt lat="39.343503" lon="-80.004969"></trkpt>
      <trkpt lat="39.343435" lon="-80.004985"></trkpt>
      <trkpt lat="39.343376" lon="-80.005006"></trkpt>
      <trkpt lat="39.343312" lon="-80.005036"></trkpt>
      <trkpt lat="39.343245" lon="-80.005078"></trkpt>
      <trkpt lat="39.343178" lon="-80.005128"></trkpt>
      <trkpt lat="39.343115" lon="-80.005183"></trkpt>
      <trkpt lat="39.343056" lon="-80.005249"></trkpt>
      <trkpt lat="39.342996" lon="-80.005322"></trkpt>
      <trkpt lat="39.342942" lon="-80.005399"></trkpt>
      <trkpt lat="39.342902" lon="-80.005463"></trkpt>
      <trkpt lat="39.342863" lon="-80.005527"></trkpt>
      <trkpt lat="39.342662" lon="-80.005936"></trkpt>
      <trkpt lat="39.342559" lon="-80.006134"></trkpt>
      <trkpt lat="39.342503" lon="-80.006225"></trkpt>
      <trkpt lat="39.342432" lon="-80.006319"></trkpt>
      <trkpt lat="39.342355" lon="-80.006408"></trkpt>
      <trkpt lat="39.342276" lon="-80.006487"></trkpt>
      <trkpt lat="39.342004" lon="-80.006733"></trkpt>
      <trkpt lat="39.341620" lon="-80.007092"></trkpt>
      <trkpt lat="39.341439" lon="-80.007250"></trkpt>
      <trkpt lat="39.341364" lon="-80.007307"></trkpt>
      <trkpt lat="39.341267" lon="-80.007376"></trkpt>
      <trkpt lat="39.341060" lon="-80.007508"></trkpt>
      <trkpt lat="39.340974" lon="-80.007570"></trkpt>
      <trkpt lat="39.340915" lon="-80.007619"></trkpt>
      <trkpt lat="39.340856" lon="-80.007670"></trkpt>
      <trkpt lat="39.340659" lon="-80.007860"></trkpt>
      <trkpt lat="39.340434" lon="-80.008106"></trkpt>
      <trkpt lat="39.340312" lon="-80.008234"></trkpt>
      <trkpt lat="39.339679" lon="-80.008827"></trkpt>
      <trkpt lat="39.339498" lon="-80.009001"></trkpt>
      <trkpt lat="39.339286" lon="-80.009214"></trkpt>
      <trkpt lat="39.339053" lon="-80.009462"></trkpt>
      <trkpt lat="39.338982" lon="-80.009550"></trkpt>
      <trkpt lat="39.338927" lon="-80.009626"></trkpt>
      <trkpt lat="39.338883" lon="-80.009713"></trkpt>
      <trkpt lat="39.338845" lon="-80.009811"></trkpt>
      <trkpt lat="39.338812" lon="-80.009908"></trkpt>
      <trkpt lat="39.338754" lon="-80.010091"></trkpt>
      <trkpt lat="39.338614" lon="-80.010534"></trkpt>
      <trkpt lat="39.338596" lon="-80.010622"></trkpt>
      <trkpt lat="39.338584" lon="-80.010710"></trkpt>
      <trkpt lat="39.338588" lon="-80.010798"></trkpt>
      <trkpt lat="39.338605" lon="-80.010887"></trkpt>
      <trkpt lat="39.338635" lon="-80.010964"></trkpt>
      <trkpt lat="39.338687" lon="-80.011070"></trkpt>
      <trkpt lat="39.338785" lon="-80.011260"></trkpt>
      <trkpt lat="39.338898" lon="-80.011472"></trkpt>
      <trkpt lat="39.339009" lon="-80.011677"></trkpt>
      <trkpt lat="39.339087" lon="-80.011809"></trkpt>
      <trkpt lat="39.339189" lon="-80.011965"></trkpt>
      <trkpt lat="39.339291" lon="-80.012113"></trkpt>
      <trkpt lat="39.339392" lon="-80.012274"></trkpt>
      <trkpt lat="39.339467" lon="-80.012438"></trkpt>
      <trkpt lat="39.339522" lon="-80.012600"></trkpt>
      <trkpt lat="39.339581" lon="-80.012790"></trkpt>
      <trkpt lat="39.339635" lon="-80.012978"></trkpt>
      <trkpt lat="39.339686" lon="-80.013174"></trkpt>
      <trkpt lat="39.339785" lon="-80.013567"></trkpt>
      <trkpt lat="39.339925" lon="-80.014142"></trkpt>
      <trkpt lat="39.340025" lon="-80.014555"></trkpt>
      <trkpt lat="39.340053" lon="-80.014691"></trkpt>
      <trkpt lat="39.340071" lon="-80.014813"></trkpt>
      <trkpt lat="39.340078" lon="-80.014937"></trkpt>
      <trkpt lat="39.340072" lon="-80.015096"></trkpt>
      <trkpt lat="39.340066" lon="-80.015326"></trkpt>
      <trkpt lat="39.340070" lon="-80.015469"></trkpt>
      <trkpt lat="39.340085" lon="-80.015616"></trkpt>
      <trkpt lat="39.340117" lon="-80.015800"></trkpt>
      <trkpt lat="39.340320" lon="-80.016707"></trkpt>
      <trkpt lat="39.340364" lon="-80.016906"></trkpt>
      <trkpt lat="39.340531" lon="-80.017681"></trkpt>
      <trkpt lat="39.340825" lon="-80.018979"></trkpt>
      <trkpt lat="39.340920" lon="-80.018945"></trkpt>
      <trkpt lat="39.340920" lon="-80.018945"></trkpt>
      <trkpt lat="39.341270" lon="-80.018818"></trkpt>
      <trkpt lat="39.341620" lon="-80.018691"></trkpt>
      <trkpt lat="39.341689" lon="-80.018666"></trkpt>
      <trkpt lat="39.341987" lon="-80.018558"></trkpt>
      <trkpt lat="39.342077" lon="-80.018525"></trkpt>
      <trkpt lat="39.342383" lon="-80.018414"></trkpt>
      <trkpt lat="39.342563" lon="-80.019188"></trkpt>
      <trkpt lat="39.342733" lon="-80.019940"></trkpt>
      <trkpt lat="39.342846" lon="-80.020443"></trkpt>
      <trkpt lat="39.342952" lon="-80.020583"></trkpt>
      <trkpt lat="39.343088" lon="-80.020810"></trkpt>
      <trkpt lat="39.343147" lon="-80.020957"></trkpt>
      <trkpt lat="39.343374" lon="-80.021512"></trkpt>
      <trkpt lat="39.343542" lon="-80.022135"></trkpt>
      <trkpt lat="39.343673" lon="-80.022531"></trkpt>
      <trkpt lat="39.343787" lon="-80.022978"></trkpt>
      <trkpt lat="39.343886" lon="-80.023247"></trkpt>
      <trkpt lat="39.344015" lon="-80.023517"></trkpt>
      <trkpt lat="39.344209" lon="-80.023803"></trkpt>
      <trkpt lat="39.344284" lon="-80.023767"></trkpt>
      <trkpt lat="39.344314" lon="-80.024885"></trkpt>
      <trkpt lat="39.344347" lon="-80.025887"></trkpt>
      <trkpt lat="39.344366" lon="-80.026535"></trkpt>
      <trkpt lat="39.344400" lon="-80.027515"></trkpt>
      <trkpt lat="39.344392" lon="-80.027976"></trkpt>
      <trkpt lat="39.344385" lon="-80.028408"></trkpt>
      <trkpt lat="39.344317" lon="-80.029599"></trkpt>
      <trkpt lat="39.344336" lon="-80.030377"></trkpt>
      <trkpt lat="39.344404" lon="-80.030833"></trkpt>
      <trkpt lat="39.344516" lon="-80.031171"></trkpt>
      <trkpt lat="39.345031" lon="-80.032222"></trkpt>
      <trkpt lat="39.345399" lon="-80.033073"></trkpt>
      <trkpt lat="39.346283" lon="-80.035154"></trkpt>
      <trkpt lat="39.346697" lon="-80.036376"></trkpt>
      <trkpt lat="39.346973" lon="-80.037330"></trkpt>
      <trkpt lat="39.347229" lon="-80.037768"></trkpt>
      <trkpt lat="39.347323" lon="-80.037871"></trkpt>
      <trkpt lat="39.347448" lon="-80.037983"></trkpt>
      <trkpt lat="39.347610" lon="-80.038110"></trkpt>
      <trkpt lat="39.347634" lon="-80.038129"></trkpt>
      <trkpt lat="39.347769" lon="-80.038235"></trkpt>
      <trkpt lat="39.347926" lon="-80.038350"></trkpt>
      <trkpt lat="39.348046" lon="-80.038408"></trkpt>
      <trkpt lat="39.348163" lon="-80.038452"></trkpt>
      <trkpt lat="39.348277" lon="-80.038466"></trkpt>
      <trkpt lat="39.348393" lon="-80.038467"></trkpt>
      <trkpt lat="39.348522" lon="-80.038451"></trkpt>
      <trkpt lat="39.348690" lon="-80.038419"></trkpt>
      <trkpt lat="39.348888" lon="-80.038383"></trkpt>
      <trkpt lat="39.349114" lon="-80.038333"></trkpt>
      <trkpt lat="39.349429" lon="-80.038263"></trkpt>
      <trkpt lat="39.349711" lon="-80.038203"></trkpt>
      <trkpt lat="39.349900" lon="-80.038168"></trkpt>
      <trkpt lat="39.350056" lon="-80.038134"></trkpt>
      <trkpt lat="39.350862" lon="-80.037950"></trkpt>
      <trkpt lat="39.351368" lon="-80.037851"></trkpt>
      <trkpt lat="39.351704" lon="-80.037901"></trkpt>
      <trkpt lat="39.352024" lon="-80.037977"></trkpt>
      <trkpt lat="39.352112" lon="-80.037777"></trkpt>
      <trkpt lat="39.352235" lon="-80.037668"></trkpt>
      <trkpt lat="39.353293" lon="-80.037439"></trkpt>
      <trkpt lat="39.354511" lon="-80.037208"></trkpt>
      <trkpt lat="39.354666" lon="-80.037193"></trkpt>
      <trkpt lat="39.354797" lon="-80.037206"></trkpt>
      <trkpt lat="39.354939" lon="-80.037271"></trkpt>
      <trkpt lat="39.355089" lon="-80.037393"></trkpt>
      <trkpt lat="39.355210" lon="-80.037535"></trkpt>
      <trkpt lat="39.355335" lon="-80.037776"></trkpt>
      <trkpt lat="39.355379" lon="-80.037922"></trkpt>
      <trkpt lat="39.355405" lon="-80.038061"></trkpt>
      <trkpt lat="39.355413" lon="-80.038357"></trkpt>
      <trkpt lat="39.355394" lon="-80.038733"></trkpt>
      <trkpt lat="39.355386" lon="-80.038948"></trkpt>
      <trkpt lat="39.355419" lon="-80.039119"></trkpt>
      <trkpt lat="39.355473" lon="-80.039290"></trkpt>
      <trkpt lat="39.355594" lon="-80.039516"></trkpt>
      <trkpt lat="39.355639" lon="-80.039628"></trkpt>
      <trkpt lat="39.355693" lon="-80.039793"></trkpt>
      <trkpt lat="39.355736" lon="-80.040026"></trkpt>
      <trkpt lat="39.355783" lon="-80.040324"></trkpt>
      <trkpt lat="39.355877" lon="-80.041103"></trkpt>
      <trkpt lat="39.355907" lon="-80.041440"></trkpt>
      <trkpt lat="39.355941" lon="-80.042283"></trkpt>
      <trkpt lat="39.355961" lon="-80.042587"></trkpt>
      <trkpt lat="39.355981" lon="-80.042842"></trkpt>
      <trkpt lat="39.355984" lon="-80.043096"></trkpt>
      <trkpt lat="39.355970" lon="-80.043262"></trkpt>
      <trkpt lat="39.355942" lon="-80.043455"></trkpt>
      <trkpt lat="39.355838" lon="-80.043978"></trkpt>
      <trkpt lat="39.355753" lon="-80.044350"></trkpt>
      <trkpt lat="39.355649" lon="-80.044728"></trkpt>
      <trkpt lat="39.355565" lon="-80.045004"></trkpt>
      <trkpt lat="39.355504" lon="-80.045298"></trkpt>
      <trkpt lat="39.355332" lon="-80.046133"></trkpt>
      <trkpt lat="39.355214" lon="-80.046624"></trkpt>
      <trkpt lat="39.355089" lon="-80.047186"></trkpt>
      <trkpt lat="39.355009" lon="-80.047620"></trkpt>
      <trkpt lat="39.354870" lon="-80.048389"></trkpt>
      <trkpt lat="39.354830" lon="-80.048633"></trkpt>
      <trkpt lat="39.354791" lon="-80.049058"></trkpt>
      <trkpt lat="39.354770" lon="-80.049592"></trkpt>
      <trkpt lat="39.354775" lon="-80.049876"></trkpt>
      <trkpt lat="39.354781" lon="-80.050086"></trkpt>
      <trkpt lat="39.354808" lon="-80.050489"></trkpt>
      <trkpt lat="39.354863" lon="-80.051039"></trkpt>
      <trkpt lat="39.354926" lon="-80.051382"></trkpt>
      <trkpt lat="39.355004" lon="-80.051649"></trkpt>
      <trkpt lat="39.355109" lon="-80.051940"></trkpt>
      <trkpt lat="39.355273" lon="-80.052308"></trkpt>
      <trkpt lat="39.355585" lon="-80.052881"></trkpt>
      <trkpt lat="39.356815" lon="-80.055205"></trkpt>
      <trkpt lat="39.356950" lon="-80.055517"></trkpt>
      <trkpt lat="39.357224" lon="-80.056225"></trkpt>
      <trkpt lat="39.357326" lon="-80.056440"></trkpt>
      <trkpt lat="39.357939" lon="-80.057370"></trkpt>
      <trkpt lat="39.358232" lon="-80.057856"></trkpt>
      <trkpt lat="39.358514" lon="-80.058180"></trkpt>
      <trkpt lat="39.358817" lon="-80.058438"></trkpt>
      <trkpt lat="39.359020" lon="-80.058575"></trkpt>
      <trkpt lat="39.359230" lon="-80.058663"></trkpt>
      <trkpt lat="39.359458" lon="-80.058720"></trkpt>
      <trkpt lat="39.359721" lon="-80.058746"></trkpt>
      <trkpt lat="39.360217" lon="-80.058744"></trkpt>
      <trkpt lat="39.360472" lon="-80.058685"></trkpt>
      <trkpt lat="39.360965" lon="-80.058475"></trkpt>
      <trkpt lat="39.361459" lon="-80.058249"></trkpt>
      <trkpt lat="39.361577" lon="-80.058186"></trkpt>
      <trkpt lat="39.361824" lon="-80.057963"></trkpt>
      <trkpt lat="39.362000" lon="-80.057776"></trkpt>
      <trkpt lat="39.362031" lon="-80.057744"></trkpt>
      <trkpt lat="39.362426" lon="-80.056909"></trkpt>
      <trkpt lat="39.362753" lon="-80.056098"></trkpt>
      <trkpt lat="39.363188" lon="-80.055152"></trkpt>
      <trkpt lat="39.363331" lon="-80.054783"></trkpt>
      <trkpt lat="39.363467" lon="-80.054151"></trkpt>
      <trkpt lat="39.363665" lon="-80.052864"></trkpt>
      <trkpt lat="39.363808" lon="-80.051880"></trkpt>
      <trkpt lat="39.363842" lon="-80.051389"></trkpt>
      <trkpt lat="39.363853" lon="-80.050944"></trkpt>
      <trkpt lat="39.363793" lon="-80.050146"></trkpt>
      <trkpt lat="39.363734" lon="-80.049274"></trkpt>
      <trkpt lat="39.363744" lon="-80.048889"></trkpt>
      <trkpt lat="39.363781" lon="-80.048299"></trkpt>
      <trkpt lat="39.363908" lon="-80.047717"></trkpt>
      <trkpt lat="39.364030" lon="-80.047199"></trkpt>
      <trkpt lat="39.364093" lon="-80.046878"></trkpt>
      <trkpt lat="39.364117" lon="-80.046679"></trkpt>
      <trkpt lat="39.364159" lon="-80.046306"></trkpt>
      <trkpt lat="39.364225" lon="-80.046051"></trkpt>
      <trkpt lat="39.364385" lon="-80.045789"></trkpt>
      <trkpt lat="39.364553" lon="-80.045571"></trkpt>
      <trkpt lat="39.364988" lon="-80.044952"></trkpt>
      <trkpt lat="39.365561" lon="-80.044132"></trkpt>
      <trkpt lat="39.366561" lon="-80.042659"></trkpt>
      <trkpt lat="39.366907" lon="-80.042169"></trkpt>
      <trkpt lat="39.367142" lon="-80.041872"></trkpt>
      <trkpt lat="39.367506" lon="-80.041355"></trkpt>
      <trkpt lat="39.367622" lon="-80.041230"></trkpt>
      <trkpt lat="39.367648" lon="-80.041195"></trkpt>
      <trkpt lat="39.367900" lon="-80.040987"></trkpt>
      <trkpt lat="39.368548" lon="-80.040510"></trkpt>
      <trkpt lat="39.368824" lon="-80.040298"></trkpt>
      <trkpt lat="39.369207" lon="-80.040022"></trkpt>
      <trkpt lat="39.369406" lon="-80.039919"></trkpt>
      <trkpt lat="39.369520" lon="-80.039909"></trkpt>
      <trkpt lat="39.369598" lon="-80.039909"></trkpt>
      <trkpt lat="39.369686" lon="-80.039929"></trkpt>
      <trkpt lat="39.369864" lon="-80.040000"></trkpt>
      <trkpt lat="39.370097" lon="-80.040098"></trkpt>
      <trkpt lat="39.370307" lon="-80.040148"></trkpt>
      <trkpt lat="39.370425" lon="-80.040160"></trkpt>
      <trkpt lat="39.370559" lon="-80.040151"></trkpt>
      <trkpt lat="39.370733" lon="-80.040120"></trkpt>
      <trkpt lat="39.371020" lon="-80.040034"></trkpt>
      <trkpt lat="39.371315" lon="-80.039987"></trkpt>
      <trkpt lat="39.371510" lon="-80.039992"></trkpt>
      <trkpt lat="39.371945" lon="-80.040035"></trkpt>
      <trkpt lat="39.372220" lon="-80.040055"></trkpt>
      <trkpt lat="39.372417" lon="-80.040043"></trkpt>
      <trkpt lat="39.372579" lon="-80.040010"></trkpt>
      <trkpt lat="39.372687" lon="-80.039948"></trkpt>
      <trkpt lat="39.373427" lon="-80.039386"></trkpt>
      <trkpt lat="39.373621" lon="-80.039173"></trkpt>
      <trkpt lat="39.373802" lon="-80.038960"></trkpt>
      <trkpt lat="39.373957" lon="-80.038730"></trkpt>
      <trkpt lat="39.374064" lon="-80.038476"></trkpt>
      <trkpt lat="39.374279" lon="-80.037851"></trkpt>
      <trkpt lat="39.374401" lon="-80.037577"></trkpt>
      <trkpt lat="39.374496" lon="-80.037405"></trkpt>
      <trkpt lat="39.374653" lon="-80.037163"></trkpt>
      <trkpt lat="39.374953" lon="-80.036751"></trkpt>
      <trkpt lat="39.375726" lon="-80.035806"></trkpt>
      <trkpt lat="39.375848" lon="-80.035659"></trkpt>
      <trkpt lat="39.375964" lon="-80.035544"></trkpt>
      <trkpt lat="39.376180" lon="-80.035399"></trkpt>
      <trkpt lat="39.376344" lon="-80.035277"></trkpt>
      <trkpt lat="39.376404" lon="-80.035222"></trkpt>
      <trkpt lat="39.376547" lon="-80.035032"></trkpt>
      <trkpt lat="39.376757" lon="-80.034653"></trkpt>
      <trkpt lat="39.376931" lon="-80.034310"></trkpt>
      <trkpt lat="39.377138" lon="-80.033911"></trkpt>
      <trkpt lat="39.377633" lon="-80.032971"></trkpt>
      <trkpt lat="39.377758" lon="-80.032586"></trkpt>
      <trkpt lat="39.377977" lon="-80.031379"></trkpt>
      <trkpt lat="39.378112" lon="-80.030758"></trkpt>
      <trkpt lat="39.378472" lon="-80.029419"></trkpt>
      <trkpt lat="39.378550" lon="-80.029143"></trkpt>
      <trkpt lat="39.378622" lon="-80.028948"></trkpt>
      <trkpt lat="39.378710" lon="-80.028800"></trkpt>
      <trkpt lat="39.378800" lon="-80.028688"></trkpt>
      <trkpt lat="39.378975" lon="-80.028566"></trkpt>
      <trkpt lat="39.379373" lon="-80.028399"></trkpt>
      <trkpt lat="39.379663" lon="-80.028307"></trkpt>
      <trkpt lat="39.379946" lon="-80.028271"></trkpt>
      <trkpt lat="39.380185" lon="-80.028279"></trkpt>
      <trkpt lat="39.380587" lon="-80.028303"></trkpt>
      <trkpt lat="39.381018" lon="-80.028329"></trkpt>
      <trkpt lat="39.381267" lon="-80.028313"></trkpt>
      <trkpt lat="39.381402" lon="-80.028276"></trkpt>
      <trkpt lat="39.381933" lon="-80.028094"></trkpt>
      <trkpt lat="39.382791" lon="-80.027784"></trkpt>
      <trkpt lat="39.383038" lon="-80.027717"></trkpt>
      <trkpt lat="39.383263" lon="-80.027710"></trkpt>
      <trkpt lat="39.383638" lon="-80.027763"></trkpt>
      <trkpt lat="39.384294" lon="-80.027970"></trkpt>
      <trkpt lat="39.384808" lon="-80.028180"></trkpt>
      <trkpt lat="39.384984" lon="-80.028279"></trkpt>
      <trkpt lat="39.385090" lon="-80.028380"></trkpt>
      <trkpt lat="39.385184" lon="-80.028561"></trkpt>
      <trkpt lat="39.385222" lon="-80.028817"></trkpt>
      <trkpt lat="39.385209" lon="-80.029158"></trkpt>
      <trkpt lat="39.385154" lon="-80.029854"></trkpt>
      <trkpt lat="39.385011" lon="-80.031155"></trkpt>
      <trkpt lat="39.384982" lon="-80.031581"></trkpt>
      <trkpt lat="39.385009" lon="-80.031779"></trkpt>
      <trkpt lat="39.385088" lon="-80.032115"></trkpt>
      <trkpt lat="39.385345" lon="-80.032939"></trkpt>
      <trkpt lat="39.385620" lon="-80.033582"></trkpt>
      <trkpt lat="39.386918" lon="-80.035580"></trkpt>
      <trkpt lat="39.387111" lon="-80.035875"></trkpt>
      <trkpt lat="39.387579" lon="-80.036624"></trkpt>
      <trkpt lat="39.387635" lon="-80.036742"></trkpt>
      <trkpt lat="39.387662" lon="-80.036847"></trkpt>
      <trkpt lat="39.387689" lon="-80.037084"></trkpt>
      <trkpt lat="39.387696" lon="-80.037625"></trkpt>
      <trkpt lat="39.387755" lon="-80.038156"></trkpt>
      <trkpt lat="39.387756" lon="-80.038375"></trkpt>
      <trkpt lat="39.387718" lon="-80.038600"></trkpt>
      <trkpt lat="39.387494" lon="-80.039268"></trkpt>
      <trkpt lat="39.387443" lon="-80.039502"></trkpt>
      <trkpt lat="39.387432" lon="-80.039735"></trkpt>
      <trkpt lat="39.387472" lon="-80.039982"></trkpt>
      <trkpt lat="39.387557" lon="-80.040199"></trkpt>
      <trkpt lat="39.387646" lon="-80.040344"></trkpt>
      <trkpt lat="39.387782" lon="-80.040502"></trkpt>
      <trkpt lat="39.387892" lon="-80.040609"></trkpt>
      <trkpt lat="39.388087" lon="-80.040735"></trkpt>
      <trkpt lat="39.388392" lon="-80.040915"></trkpt>
      <trkpt lat="39.388800" lon="-80.041065"></trkpt>
      <trkpt lat="39.389211" lon="-80.041146"></trkpt>
      <trkpt lat="39.389543" lon="-80.041194"></trkpt>
      <trkpt lat="39.389689" lon="-80.041171"></trkpt>
      <trkpt lat="39.389874" lon="-80.041097"></trkpt>
      <trkpt lat="39.390227" lon="-80.040853"></trkpt>
      <trkpt lat="39.391781" lon="-80.039718"></trkpt>
      <trkpt lat="39.391962" lon="-80.039644"></trkpt>
      <trkpt lat="39.392071" lon="-80.039622"></trkpt>
      <trkpt lat="39.392262" lon="-80.039668"></trkpt>
      <trkpt lat="39.392475" lon="-80.039782"></trkpt>
      <trkpt lat="39.393106" lon="-80.040194"></trkpt>
      <trkpt lat="39.393251" lon="-80.040320"></trkpt>
      <trkpt lat="39.393348" lon="-80.040467"></trkpt>
      <trkpt lat="39.393431" lon="-80.040620"></trkpt>
      <trkpt lat="39.393504" lon="-80.040843"></trkpt>
      <trkpt lat="39.393558" lon="-80.041108"></trkpt>
      <trkpt lat="39.393614" lon="-80.041634"></trkpt>
      <trkpt lat="39.393643" lon="-80.042205"></trkpt>
      <trkpt lat="39.393616" lon="-80.042481"></trkpt>
      <trkpt lat="39.393469" lon="-80.043264"></trkpt>
      <trkpt lat="39.393483" lon="-80.043428"></trkpt>
      <trkpt lat="39.393508" lon="-80.043564"></trkpt>
      <trkpt lat="39.393560" lon="-80.043670"></trkpt>
      <trkpt lat="39.393635" lon="-80.043771"></trkpt>
      <trkpt lat="39.393995" lon="-80.044016"></trkpt>
      <trkpt lat="39.394430" lon="-80.044271"></trkpt>
      <trkpt lat="39.394886" lon="-80.044574"></trkpt>
      <trkpt lat="39.395318" lon="-80.044836"></trkpt>
      <trkpt lat="39.395913" lon="-80.045202"></trkpt>
      <trkpt lat="39.396727" lon="-80.045727"></trkpt>
      <trkpt lat="39.397259" lon="-80.046077"></trkpt>
      <trkpt lat="39.397787" lon="-80.046491"></trkpt>
      <trkpt lat="39.398709" lon="-80.047226"></trkpt>
      <trkpt lat="39.399111" lon="-80.047563"></trkpt>
      <trkpt lat="39.400002" lon="-80.048286"></trkpt>
      <trkpt lat="39.400387" lon="-80.048581"></trkpt>
      <trkpt lat="39.400745" lon="-80.048792"></trkpt>
      <trkpt lat="39.401307" lon="-80.048992"></trkpt>
      <trkpt lat="39.401788" lon="-80.049113"></trkpt>
      <trkpt lat="39.405658" lon="-80.049890"></trkpt>
      <trkpt lat="39.406404" lon="-80.050061"></trkpt>
      <trkpt lat="39.406731" lon="-80.050115"></trkpt>
      <trkpt lat="39.406937" lon="-80.050204"></trkpt>
      <trkpt lat="39.407172" lon="-80.050341"></trkpt>
      <trkpt lat="39.408674" lon="-80.050733"></trkpt>
      <trkpt lat="39.409151" lon="-80.051135"></trkpt>
      <trkpt lat="39.409594" lon="-80.051644"></trkpt>
      <trkpt lat="39.410509" lon="-80.052748"></trkpt>
      <trkpt lat="39.410771" lon="-80.052992"></trkpt>
      <trkpt lat="39.412369" lon="-80.054306"></trkpt>
      <trkpt lat="39.412657" lon="-80.054551"></trkpt>
      <trkpt lat="39.412930" lon="-80.054839"></trkpt>
      <trkpt lat="39.414328" lon="-80.056494"></trkpt>
      <trkpt lat="39.414667" lon="-80.056862"></trkpt>
      <trkpt lat="39.414861" lon="-80.057050"></trkpt>
      <trkpt lat="39.415168" lon="-80.057301"></trkpt>
      <trkpt lat="39.415337" lon="-80.057452"></trkpt>
      <trkpt lat="39.415490" lon="-80.057603"></trkpt>
      <trkpt lat="39.415639" lon="-80.057785"></trkpt>
      <trkpt lat="39.415918" lon="-80.058249"></trkpt>
      <trkpt lat="39.416070" lon="-80.058649"></trkpt>
      <trkpt lat="39.416105" lon="-80.059020"></trkpt>
      <trkpt lat="39.416052" lon="-80.059648"></trkpt>
      <trkpt lat="39.415987" lon="-80.060325"></trkpt>
      <trkpt lat="39.415916" lon="-80.060616"></trkpt>
      <trkpt lat="39.415624" lon="-80.061468"></trkpt>
      <trkpt lat="39.415259" lon="-80.062536"></trkpt>
      <trkpt lat="39.414994" lon="-80.063243"></trkpt>
      <trkpt lat="39.414632" lon="-80.064333"></trkpt>
      <trkpt lat="39.414621" lon="-80.064367"></trkpt>
      <trkpt lat="39.414501" lon="-80.064773"></trkpt>
      <trkpt lat="39.414479" lon="-80.065092"></trkpt>
      <trkpt lat="39.414533" lon="-80.065388"></trkpt>
      <trkpt lat="39.414654" lon="-80.065799"></trkpt>
      <trkpt lat="39.415087" lon="-80.067337"></trkpt>
      <trkpt lat="39.415531" lon="-80.068914"></trkpt>
      <trkpt lat="39.415671" lon="-80.069241"></trkpt>
      <trkpt lat="39.415840" lon="-80.069508"></trkpt>
      <trkpt lat="39.416808" lon="-80.070782"></trkpt>
      <trkpt lat="39.416945" lon="-80.071099"></trkpt>
      <trkpt lat="39.417068" lon="-80.071622"></trkpt>
      <trkpt lat="39.417492" lon="-80.073466"></trkpt>
      <trkpt lat="39.417586" lon="-80.073808"></trkpt>
      <trkpt lat="39.417624" lon="-80.073952"></trkpt>
      <trkpt lat="39.417671" lon="-80.074094"></trkpt>
      <trkpt lat="39.417809" lon="-80.074474"></trkpt>
      <trkpt lat="39.417978" lon="-80.074847"></trkpt>
      <trkpt lat="39.418638" lon="-80.075999"></trkpt>
      <trkpt lat="39.419193" lon="-80.076945"></trkpt>
      <trkpt lat="39.419479" lon="-80.077515"></trkpt>
      <trkpt lat="39.419556" lon="-80.077755"></trkpt>
      <trkpt lat="39.419585" lon="-80.077888"></trkpt>
      <trkpt lat="39.419649" lon="-80.078618"></trkpt>
      <trkpt lat="39.419745" lon="-80.079006"></trkpt>
      <trkpt lat="39.419878" lon="-80.079123"></trkpt>
      <trkpt lat="39.420378" lon="-80.079475"></trkpt>
      <trkpt lat="39.420509" lon="-80.079693"></trkpt>
      <trkpt lat="39.420613" lon="-80.080152"></trkpt>
      <trkpt lat="39.420683" lon="-80.080534"></trkpt>
      <trkpt lat="39.420751" lon="-80.080699"></trkpt>
      <trkpt lat="39.420900" lon="-80.080907"></trkpt>
      <trkpt lat="39.421582" lon="-80.081473"></trkpt>
      <trkpt lat="39.421745" lon="-80.081688"></trkpt>
      <trkpt lat="39.421878" lon="-80.081986"></trkpt>
      <trkpt lat="39.421995" lon="-80.082379"></trkpt>
      <trkpt lat="39.422127" lon="-80.082606"></trkpt>
      <trkpt lat="39.422214" lon="-80.082682"></trkpt>
      <trkpt lat="39.422447" lon="-80.082786"></trkpt>
      <trkpt lat="39.423143" lon="-80.083005"></trkpt>
      <trkpt lat="39.423517" lon="-80.083151"></trkpt>
      <trkpt lat="39.423711" lon="-80.083279"></trkpt>
      <trkpt lat="39.423758" lon="-80.083318"></trkpt>
      <trkpt lat="39.424394" lon="-80.083893"></trkpt>
      <trkpt lat="39.424915" lon="-80.084557"></trkpt>
      <trkpt lat="39.425905" lon="-80.085990"></trkpt>
      <trkpt lat="39.426118" lon="-80.086248"></trkpt>
      <trkpt lat="39.426427" lon="-80.086433"></trkpt>
      <trkpt lat="39.426963" lon="-80.086737"></trkpt>
      <trkpt lat="39.427150" lon="-80.086892"></trkpt>
      <trkpt lat="39.427285" lon="-80.087074"></trkpt>
      <trkpt lat="39.427525" lon="-80.087380"></trkpt>
      <trkpt lat="39.427719" lon="-80.087470"></trkpt>
      <trkpt lat="39.428008" lon="-80.087427"></trkpt>
      <trkpt lat="39.429054" lon="-80.087217"></trkpt>
      <trkpt lat="39.429142" lon="-80.087204"></trkpt>
      <trkpt lat="39.429703" lon="-80.087086"></trkpt>
      <trkpt lat="39.430222" lon="-80.087043"></trkpt>
      <trkpt lat="39.431145" lon="-80.087062"></trkpt>
      <trkpt lat="39.431219" lon="-80.087063"></trkpt>
      <trkpt lat="39.431578" lon="-80.087090"></trkpt>
      <trkpt lat="39.431653" lon="-80.087121"></trkpt>
      <trkpt lat="39.431727" lon="-80.087183"></trkpt>
      <trkpt lat="39.431799" lon="-80.087266"></trkpt>
      <trkpt lat="39.431840" lon="-80.087467"></trkpt>
      <trkpt lat="39.431766" lon="-80.087885"></trkpt>
      <trkpt lat="39.431288" lon="-80.089056"></trkpt>
      <trkpt lat="39.431231" lon="-80.089423"></trkpt>
      <trkpt lat="39.431255" lon="-80.089780"></trkpt>
      <trkpt lat="39.431302" lon="-80.089983"></trkpt>
      <trkpt lat="39.431411" lon="-80.090140"></trkpt>
      <trkpt lat="39.431498" lon="-80.090219"></trkpt>
      <trkpt lat="39.431713" lon="-80.090256"></trkpt>
      <trkpt lat="39.432889" lon="-80.089982"></trkpt>
      <trkpt lat="39.433920" lon="-80.089959"></trkpt>
      <trkpt lat="39.434812" lon="-80.089870"></trkpt>
      <trkpt lat="39.435157" lon="-80.089922"></trkpt>
      <trkpt lat="39.435537" lon="-80.090104"></trkpt>
      <trkpt lat="39.435739" lon="-80.090197"></trkpt>
      <trkpt lat="39.436616" lon="-80.090278"></trkpt>
      <trkpt lat="39.436644" lon="-80.090283"></trkpt>
      <trkpt lat="39.437737" lon="-80.090395"></trkpt>
      <trkpt lat="39.438184" lon="-80.090513"></trkpt>
      <trkpt lat="39.438382" lon="-80.090855"></trkpt>
      <trkpt lat="39.438835" lon="-80.092255"></trkpt>
      <trkpt lat="39.438914" lon="-80.092473"></trkpt>
      <trkpt lat="39.439174" lon="-80.092825"></trkpt>
      <trkpt lat="39.439447" lon="-80.093126"></trkpt>
      <trkpt lat="39.439869" lon="-80.093299"></trkpt>
      <trkpt lat="39.440384" lon="-80.093333"></trkpt>
      <trkpt lat="39.441703" lon="-80.093202"></trkpt>
      <trkpt lat="39.441764" lon="-80.093201"></trkpt>
      <trkpt lat="39.443023" lon="-80.092965"></trkpt>
      <trkpt lat="39.444076" lon="-80.092728"></trkpt>
      <trkpt lat="39.444310" lon="-80.092620"></trkpt>
      <trkpt lat="39.445113" lon="-80.091973"></trkpt>
      <trkpt lat="39.445432" lon="-80.091981"></trkpt>
      <trkpt lat="39.445993" lon="-80.092226"></trkpt>
      <trkpt lat="39.447051" lon="-80.092523"></trkpt>
      <trkpt lat="39.447160" lon="-80.092570"></trkpt>
      <trkpt lat="39.447838" lon="-80.092921"></trkpt>
      <trkpt lat="39.448250" lon="-80.093156"></trkpt>
      <trkpt lat="39.448492" lon="-80.093437"></trkpt>
      <trkpt lat="39.448845" lon="-80.094097"></trkpt>
      <trkpt lat="39.449140" lon="-80.094414"></trkpt>
      <trkpt lat="39.449677" lon="-80.094921"></trkpt>
      <trkpt lat="39.450461" lon="-80.095644"></trkpt>
      <trkpt lat="39.450596" lon="-80.095855"></trkpt>
      <trkpt lat="39.450735" lon="-80.096188"></trkpt>
      <trkpt lat="39.450947" lon="-80.096786"></trkpt>
      <trkpt lat="39.451262" lon="-80.097397"></trkpt>
      <trkpt lat="39.451596" lon="-80.097826"></trkpt>
      <trkpt lat="39.451860" lon="-80.098377"></trkpt>
      <trkpt lat="39.452011" lon="-80.098930"></trkpt>
      <trkpt lat="39.452059" lon="-80.099504"></trkpt>
      <trkpt lat="39.452032" lon="-80.099932"></trkpt>
      <trkpt lat="39.451996" lon="-80.100183"></trkpt>
      <trkpt lat="39.451858" lon="-80.100585"></trkpt>
      <trkpt lat="39.451452" lon="-80.101390"></trkpt>
      <trkpt lat="39.451032" lon="-80.102213"></trkpt>
      <trkpt lat="39.451031" lon="-80.102215"></trkpt>
      <trkpt lat="39.450963" lon="-80.102367"></trkpt>
      <trkpt lat="39.450933" lon="-80.102445"></trkpt>
      <trkpt lat="39.450913" lon="-80.102523"></trkpt>
      <trkpt lat="39.450889" lon="-80.102657"></trkpt>
      <trkpt lat="39.450880" lon="-80.102753"></trkpt>
      <trkpt lat="39.450878" lon="-80.102844"></trkpt>
      <trkpt lat="39.450883" lon="-80.102944"></trkpt>
      <trkpt lat="39.450893" lon="-80.103009"></trkpt>
      <trkpt lat="39.450906" lon="-80.103072"></trkpt>
      <trkpt lat="39.450925" lon="-80.103138"></trkpt>
      <trkpt lat="39.450945" lon="-80.103198"></trkpt>
      <trkpt lat="39.451006" lon="-80.103340"></trkpt>
      <trkpt lat="39.451082" lon="-80.103479"></trkpt>
      <trkpt lat="39.451353" lon="-80.103895"></trkpt>
      <trkpt lat="39.451424" lon="-80.104009"></trkpt>
      <trkpt lat="39.451497" lon="-80.104148"></trkpt>
      <trkpt lat="39.451577" lon="-80.104329"></trkpt>
      <trkpt lat="39.451630" lon="-80.104503"></trkpt>
      <trkpt lat="39.451679" lon="-80.104679"></trkpt>
      <trkpt lat="39.451739" lon="-80.104847"></trkpt>
      <trkpt lat="39.451817" lon="-80.104982"></trkpt>
      <trkpt lat="39.451922" lon="-80.105111"></trkpt>
      <trkpt lat="39.452286" lon="-80.105472"></trkpt>
      <trkpt lat="39.452534" lon="-80.105992"></trkpt>
      <trkpt lat="39.452697" lon="-80.106679"></trkpt>
      <trkpt lat="39.452827" lon="-80.107049"></trkpt>
      <trkpt lat="39.453348" lon="-80.108394"></trkpt>
      <trkpt lat="39.453412" lon="-80.108474"></trkpt>
      <trkpt lat="39.453592" lon="-80.108700"></trkpt>
      <trkpt lat="39.453737" lon="-80.108995"></trkpt>
      <trkpt lat="39.453892" lon="-80.109508"></trkpt>
      <trkpt lat="39.454083" lon="-80.109952"></trkpt>
      <trkpt lat="39.454631" lon="-80.110982"></trkpt>
      <trkpt lat="39.454724" lon="-80.111240"></trkpt>
      <trkpt lat="39.454711" lon="-80.111444"></trkpt>
      <trkpt lat="39.454616" lon="-80.111802"></trkpt>
      <trkpt lat="39.454482" lon="-80.112347"></trkpt>
      <trkpt lat="39.454424" lon="-80.112783"></trkpt>
      <trkpt lat="39.454415" lon="-80.113756"></trkpt>
      <trkpt lat="39.454407" lon="-80.114553"></trkpt>
      <trkpt lat="39.454459" lon="-80.114865"></trkpt>
      <trkpt lat="39.454514" lon="-80.115036"></trkpt>
      <trkpt lat="39.454601" lon="-80.115180"></trkpt>
      <trkpt lat="39.454721" lon="-80.115305"></trkpt>
      <trkpt lat="39.454866" lon="-80.115417"></trkpt>
      <trkpt lat="39.455300" lon="-80.115657"></trkpt>
      <trkpt lat="39.455650" lon="-80.115892"></trkpt>
      <trkpt lat="39.455702" lon="-80.115927"></trkpt>
      <trkpt lat="39.456328" lon="-80.116348"></trkpt>
      <trkpt lat="39.457000" lon="-80.116989"></trkpt>
      <trkpt lat="39.457148" lon="-80.117103"></trkpt>
      <trkpt lat="39.457363" lon="-80.117179"></trkpt>
      <trkpt lat="39.457904" lon="-80.117142"></trkpt>
      <trkpt lat="39.458371" lon="-80.117181"></trkpt>
      <trkpt lat="39.459351" lon="-80.117941"></trkpt>
      <trkpt lat="39.459804" lon="-80.118012"></trkpt>
      <trkpt lat="39.460263" lon="-80.117951"></trkpt>
      <trkpt lat="39.460713" lon="-80.117817"></trkpt>
      <trkpt lat="39.462090" lon="-80.117186"></trkpt>
      <trkpt lat="39.462781" lon="-80.116758"></trkpt>
      <trkpt lat="39.463388" lon="-80.116430"></trkpt>
      <trkpt lat="39.463638" lon="-80.116352"></trkpt>
      <trkpt lat="39.463809" lon="-80.116358"></trkpt>
      <trkpt lat="39.464047" lon="-80.116368"></trkpt>
      <trkpt lat="39.464289" lon="-80.116377"></trkpt>
      <trkpt lat="39.465284" lon="-80.116869"></trkpt>
      <trkpt lat="39.465650" lon="-80.117150"></trkpt>
      <trkpt lat="39.465959" lon="-80.117451"></trkpt>
      <trkpt lat="39.466146" lon="-80.117594"></trkpt>
      <trkpt lat="39.466367" lon="-80.117702"></trkpt>
      <trkpt lat="39.467280" lon="-80.118121"></trkpt>
      <trkpt lat="39.468105" lon="-80.118481"></trkpt>
      <trkpt lat="39.469030" lon="-80.118623"></trkpt>
      <trkpt lat="39.469146" lon="-80.118621"></trkpt>
      <trkpt lat="39.469538" lon="-80.118767"></trkpt>
      <trkpt lat="39.470041" lon="-80.119101"></trkpt>
      <trkpt lat="39.469731" lon="-80.119467"></trkpt>
      <trkpt lat="39.469554" lon="-80.119667"></trkpt>
      <trkpt lat="39.468998" lon="-80.120296"></trkpt>
      <trkpt lat="39.468846" lon="-80.120483"></trkpt>
      <trkpt lat="39.468708" lon="-80.120757"></trkpt>
      <trkpt lat="39.467789" lon="-80.122308"></trkpt>
      <trkpt lat="39.467208" lon="-80.122999"></trkpt>
      <trkpt lat="39.466304" lon="-80.123662"></trkpt>
      <trkpt lat="39.466061" lon="-80.123840"></trkpt>
      <trkpt lat="39.465828" lon="-80.124011"></trkpt>
      <trkpt lat="39.465579" lon="-80.124362"></trkpt>
      <trkpt lat="39.465482" lon="-80.124683"></trkpt>
      <trkpt lat="39.465465" lon="-80.125526"></trkpt>
      <trkpt lat="39.465436" lon="-80.126682"></trkpt>
      <trkpt lat="39.465430" lon="-80.126819"></trkpt>
      <trkpt lat="39.465444" lon="-80.126888"></trkpt>
      <trkpt lat="39.465450" lon="-80.127482"></trkpt>
      <trkpt lat="39.465454" lon="-80.127956"></trkpt>
      <trkpt lat="39.465541" lon="-80.128500"></trkpt>
      <trkpt lat="39.465849" lon="-80.128965"></trkpt>
      <trkpt lat="39.466278" lon="-80.129355"></trkpt>
      <trkpt lat="39.466296" lon="-80.129372"></trkpt>
      <trkpt lat="39.467758" lon="-80.130774"></trkpt>
      <trkpt lat="39.468843" lon="-80.131820"></trkpt>
      <trkpt lat="39.469230" lon="-80.132240"></trkpt>
      <trkpt lat="39.469854" lon="-80.132788"></trkpt>
      <trkpt lat="39.470715" lon="-80.133302"></trkpt>
      <trkpt lat="39.471458" lon="-80.133659"></trkpt>
      <trkpt lat="39.471656" lon="-80.133754"></trkpt>
      <trkpt lat="39.472859" lon="-80.134331"></trkpt>
      <trkpt lat="39.473812" lon="-80.134819"></trkpt>
      <trkpt lat="39.473942" lon="-80.134880"></trkpt>
      <trkpt lat="39.474087" lon="-80.134931"></trkpt>
      <trkpt lat="39.474205" lon="-80.134986"></trkpt>
      <trkpt lat="39.474531" lon="-80.135142"></trkpt>
      <trkpt lat="39.474770" lon="-80.135255"></trkpt>
      <trkpt lat="39.475694" lon="-80.135690"></trkpt>
      <trkpt lat="39.475798" lon="-80.135740"></trkpt>
      <trkpt lat="39.475963" lon="-80.135716"></trkpt>
      <trkpt lat="39.476008" lon="-80.135702"></trkpt>
      <trkpt lat="39.476054" lon="-80.135701"></trkpt>
      <trkpt lat="39.476113" lon="-80.135719"></trkpt>
      <trkpt lat="39.476165" lon="-80.135757"></trkpt>
      <trkpt lat="39.476208" lon="-80.135812"></trkpt>
      <trkpt lat="39.476224" lon="-80.135846"></trkpt>
      <trkpt lat="39.476236" lon="-80.135881"></trkpt>
      <trkpt lat="39.476307" lon="-80.135981"></trkpt>
      <trkpt lat="39.476434" lon="-80.136066"></trkpt>
      <trkpt lat="39.478379" lon="-80.136997"></trkpt>
      <trkpt lat="39.478521" lon="-80.137029"></trkpt>
      <trkpt lat="39.478628" lon="-80.137023"></trkpt>
      <trkpt lat="39.478664" lon="-80.137007"></trkpt>
      <trkpt lat="39.478702" lon="-80.137000"></trkpt>
      <trkpt lat="39.478770" lon="-80.137009"></trkpt>
      <trkpt lat="39.478832" lon="-80.137046"></trkpt>
      <trkpt lat="39.478882" lon="-80.137106"></trkpt>
      <trkpt lat="39.478897" lon="-80.137133"></trkpt>
      <trkpt lat="39.478915" lon="-80.137184"></trkpt>
      <trkpt lat="39.479023" lon="-80.137288"></trkpt>
      <trkpt lat="39.479127" lon="-80.137354"></trkpt>
      <trkpt lat="39.480315" lon="-80.137966"></trkpt>
      <trkpt lat="39.480785" lon="-80.138433"></trkpt>
      <trkpt lat="39.480923" lon="-80.138578"></trkpt>
      <trkpt lat="39.481046" lon="-80.138707"></trkpt>
      <trkpt lat="39.481145" lon="-80.138812"></trkpt>
      <trkpt lat="39.481198" lon="-80.138887"></trkpt>
      <trkpt lat="39.481219" lon="-80.138917"></trkpt>
      <trkpt lat="39.483210" lon="-80.141519"></trkpt>
      <trkpt lat="39.483317" lon="-80.141644"></trkpt>
      <trkpt lat="39.483484" lon="-80.141811"></trkpt>
      <trkpt lat="39.483591" lon="-80.141889"></trkpt>
      <trkpt lat="39.483736" lon="-80.141984"></trkpt>
      <trkpt lat="39.483834" lon="-80.142050"></trkpt>
      <trkpt lat="39.484323" lon="-80.142357"></trkpt>
      <trkpt lat="39.484527" lon="-80.142485"></trkpt>
      <trkpt lat="39.484836" lon="-80.142678"></trkpt>
      <trkpt lat="39.485232" lon="-80.142932"></trkpt>
      <trkpt lat="39.485335" lon="-80.142997"></trkpt>
      <trkpt lat="39.485516" lon="-80.143113"></trkpt>
      <trkpt lat="39.485681" lon="-80.143219"></trkpt>
      <trkpt lat="39.485826" lon="-80.143312"></trkpt>
      <trkpt lat="39.485758" lon="-80.143501"></trkpt>
      <trkpt lat="39.485588" lon="-80.143932"></trkpt>
      <trkpt lat="39.485466" lon="-80.144262"></trkpt>
      <trkpt lat="39.485357" lon="-80.144567"></trkpt>
      <trkpt lat="39.485230" lon="-80.144902"></trkpt>
      <trkpt lat="39.485199" lon="-80.144985"></trkpt>
      <trkpt lat="39.485071" lon="-80.145463"></trkpt>
      <trkpt lat="39.485031" lon="-80.145623"></trkpt>
      <trkpt lat="39.485014" lon="-80.145870"></trkpt>
      <trkpt lat="39.485219" lon="-80.146060"></trkpt>
      <trkpt lat="39.485266" lon="-80.146103"></trkpt>
      <trkpt lat="39.485458" lon="-80.146281"></trkpt>
      <trkpt lat="39.485586" lon="-80.146388"></trkpt>
      <trkpt lat="39.486079" lon="-80.146672"></trkpt>
      <trkpt lat="39.486269" lon="-80.146819"></trkpt>
      <trkpt lat="39.486447" lon="-80.146988"></trkpt>
      <trkpt lat="39.486878" lon="-80.147509"></trkpt>
      <trkpt lat="39.487542" lon="-80.148279"></trkpt>
      <trkpt lat="39.487704" lon="-80.148552"></trkpt>
      <trkpt lat="39.487754" lon="-80.148659"></trkpt>
      <trkpt lat="39.487783" lon="-80.148818"></trkpt>
      <trkpt lat="39.487836" lon="-80.149048"></trkpt>
      <trkpt lat="39.487905" lon="-80.149671"></trkpt>
      <trkpt lat="39.488194" lon="-80.152262"></trkpt>
      <trkpt lat="39.488259" lon="-80.152565"></trkpt>
      <trkpt lat="39.488457" lon="-80.153211"></trkpt>
      <trkpt lat="39.488744" lon="-80.154428"></trkpt>
      <trkpt lat="39.488853" lon="-80.154669"></trkpt>
      <trkpt lat="39.489119" lon="-80.154942"></trkpt>
      <trkpt lat="39.490623" lon="-80.156144"></trkpt>
      <trkpt lat="39.490887" lon="-80.156245"></trkpt>
      <trkpt lat="39.491089" lon="-80.156222"></trkpt>
      <trkpt lat="39.491672" lon="-80.156041"></trkpt>
      <trkpt lat="39.492100" lon="-80.155923"></trkpt>
      <trkpt lat="39.492357" lon="-80.155918"></trkpt>
      <trkpt lat="39.492553" lon="-80.155959"></trkpt>
      <trkpt lat="39.492742" lon="-80.156006"></trkpt>
      <trkpt lat="39.492990" lon="-80.156123"></trkpt>
      <trkpt lat="39.493177" lon="-80.156304"></trkpt>
      <trkpt lat="39.493382" lon="-80.156593"></trkpt>
      <trkpt lat="39.493489" lon="-80.156677"></trkpt>
      <trkpt lat="39.493581" lon="-80.156738"></trkpt>
      <trkpt lat="39.494050" lon="-80.156848"></trkpt>
      <trkpt lat="39.494316" lon="-80.156848"></trkpt>
      <trkpt lat="39.494606" lon="-80.156781"></trkpt>
      <trkpt lat="39.494824" lon="-80.156733"></trkpt>
      <trkpt lat="39.495124" lon="-80.156671"></trkpt>
      <trkpt lat="39.495192" lon="-80.156671"></trkpt>
      <trkpt lat="39.495356" lon="-80.156739"></trkpt>
      <trkpt lat="39.495484" lon="-80.156847"></trkpt>
      <trkpt lat="39.495681" lon="-80.157111"></trkpt>
      <trkpt lat="39.496052" lon="-80.157810"></trkpt>
      <trkpt lat="39.496351" lon="-80.158335"></trkpt>
      <trkpt lat="39.496564" lon="-80.158741"></trkpt>
      <trkpt lat="39.496620" lon="-80.158972"></trkpt>
      <trkpt lat="39.496620" lon="-80.159186"></trkpt>
      <trkpt lat="39.496548" lon="-80.159348"></trkpt>
      <trkpt lat="39.496245" lon="-80.159665"></trkpt>
      <trkpt lat="39.495787" lon="-80.160038"></trkpt>
      <trkpt lat="39.495514" lon="-80.160358"></trkpt>
      <trkpt lat="39.495241" lon="-80.160803"></trkpt>
      <trkpt lat="39.495121" lon="-80.161108"></trkpt>
      <trkpt lat="39.495088" lon="-80.161351"></trkpt>
      <trkpt lat="39.495056" lon="-80.161700"></trkpt>
      <trkpt lat="39.494994" lon="-80.162062"></trkpt>
      <trkpt lat="39.494886" lon="-80.162314"></trkpt>
      <trkpt lat="39.494777" lon="-80.162529"></trkpt>
      <trkpt lat="39.494622" lon="-80.162854"></trkpt>
      <trkpt lat="39.494493" lon="-80.163345"></trkpt>
      <trkpt lat="39.494395" lon="-80.163791"></trkpt>
      <trkpt lat="39.494273" lon="-80.164342"></trkpt>
      <trkpt lat="39.494139" lon="-80.164909"></trkpt>
      <trkpt lat="39.494089" lon="-80.165125"></trkpt>
      <trkpt lat="39.493927" lon="-80.165876"></trkpt>
      <trkpt lat="39.493875" lon="-80.166131"></trkpt>
      <trkpt lat="39.493779" lon="-80.166748"></trkpt>
      <trkpt lat="39.493736" lon="-80.167028"></trkpt>
      <trkpt lat="39.493603" lon="-80.167860"></trkpt>
      <trkpt lat="39.493487" lon="-80.168524"></trkpt>
      <trkpt lat="39.493388" lon="-80.169168"></trkpt>
      <trkpt lat="39.493313" lon="-80.169737"></trkpt>
      <trkpt lat="39.493220" lon="-80.170341"></trkpt>
      <trkpt lat="39.493058" lon="-80.171358"></trkpt>
      <trkpt lat="39.492678" lon="-80.173742"></trkpt>
      <trkpt lat="39.492495" lon="-80.174926"></trkpt>
      <trkpt lat="39.492189" lon="-80.176582"></trkpt>
      <trkpt lat="39.491871" lon="-80.178095"></trkpt>
      <trkpt lat="39.491767" lon="-80.178594"></trkpt>
      <trkpt lat="39.491706" lon="-80.178827"></trkpt>
      <trkpt lat="39.491583" lon="-80.179456"></trkpt>
      <trkpt lat="39.491386" lon="-80.180418"></trkpt>
      <trkpt lat="39.491171" lon="-80.181444"></trkpt>
      <trkpt lat="39.490999" lon="-80.182261"></trkpt>
      <trkpt lat="39.490934" lon="-80.182591"></trkpt>
      <trkpt lat="39.490888" lon="-80.182889"></trkpt>
      <trkpt lat="39.490851" lon="-80.183171"></trkpt>
      <trkpt lat="39.490854" lon="-80.183475"></trkpt>
      <trkpt lat="39.490885" lon="-80.183785"></trkpt>
      <trkpt lat="39.490925" lon="-80.183994"></trkpt>
      <trkpt lat="39.490931" lon="-80.184029"></trkpt>
      <trkpt lat="39.491017" lon="-80.184296"></trkpt>
      <trkpt lat="39.491127" lon="-80.184545"></trkpt>
      <trkpt lat="39.491383" lon="-80.184938"></trkpt>
      <trkpt lat="39.491702" lon="-80.185145"></trkpt>
      <trkpt lat="39.491888" lon="-80.185245"></trkpt>
      <trkpt lat="39.492118" lon="-80.185293"></trkpt>
      <trkpt lat="39.492448" lon="-80.185324"></trkpt>
      <trkpt lat="39.492491" lon="-80.185320"></trkpt>
      <trkpt lat="39.492827" lon="-80.185288"></trkpt>
      <trkpt lat="39.493943" lon="-80.185180"></trkpt>
      <trkpt lat="39.494234" lon="-80.185219"></trkpt>
      <trkpt lat="39.494373" lon="-80.185256"></trkpt>
      <trkpt lat="39.494508" lon="-80.185291"></trkpt>
      <trkpt lat="39.494769" lon="-80.185361"></trkpt>
      <trkpt lat="39.495058" lon="-80.185521"></trkpt>
      <trkpt lat="39.495333" lon="-80.185716"></trkpt>
      <trkpt lat="39.496031" lon="-80.186269"></trkpt>
      <trkpt lat="39.496184" lon="-80.186390"></trkpt>
      <trkpt lat="39.496551" lon="-80.186687"></trkpt>
      <trkpt lat="39.496789" lon="-80.186954"></trkpt>
      <trkpt lat="39.496982" lon="-80.187209"></trkpt>
      <trkpt lat="39.497114" lon="-80.187428"></trkpt>
      <trkpt lat="39.497527" lon="-80.188366"></trkpt>
      <trkpt lat="39.497836" lon="-80.189086"></trkpt>
      <trkpt lat="39.498177" lon="-80.189829"></trkpt>
      <trkpt lat="39.498341" lon="-80.190210"></trkpt>
      <trkpt lat="39.498498" lon="-80.190651"></trkpt>
      <trkpt lat="39.498588" lon="-80.190996"></trkpt>
      <trkpt lat="39.498627" lon="-80.191219"></trkpt>
      <trkpt lat="39.498641" lon="-80.191484"></trkpt>
      <trkpt lat="39.498640" lon="-80.191733"></trkpt>
      <trkpt lat="39.498553" lon="-80.192190"></trkpt>
      <trkpt lat="39.498368" lon="-80.192754"></trkpt>
      <trkpt lat="39.498273" lon="-80.193071"></trkpt>
      <trkpt lat="39.498192" lon="-80.193409"></trkpt>
      <trkpt lat="39.498130" lon="-80.193814"></trkpt>
      <trkpt lat="39.498076" lon="-80.194383"></trkpt>
      <trkpt lat="39.498055" lon="-80.194705"></trkpt>
      <trkpt lat="39.498031" lon="-80.195078"></trkpt>
      <trkpt lat="39.497975" lon="-80.196719"></trkpt>
      <trkpt lat="39.497956" lon="-80.197170"></trkpt>
      <trkpt lat="39.497975" lon="-80.197647"></trkpt>
      <trkpt lat="39.498070" lon="-80.198189"></trkpt>
      <trkpt lat="39.498278" lon="-80.198980"></trkpt>
      <trkpt lat="39.498999" lon="-80.201679"></trkpt>
      <trkpt lat="39.499375" lon="-80.203366"></trkpt>
      <trkpt lat="39.499687" lon="-80.204543"></trkpt>
      <trkpt lat="39.499811" lon="-80.204920"></trkpt>
      <trkpt lat="39.499953" lon="-80.205228"></trkpt>
      <trkpt lat="39.500216" lon="-80.205698"></trkpt>
      <trkpt lat="39.500457" lon="-80.206061"></trkpt>
      <trkpt lat="39.500727" lon="-80.206346"></trkpt>
      <trkpt lat="39.501448" lon="-80.206917"></trkpt>
      <trkpt lat="39.501977" lon="-80.207340"></trkpt>
      <trkpt lat="39.502793" lon="-80.208030"></trkpt>
      <trkpt lat="39.503315" lon="-80.208426"></trkpt>
      <trkpt lat="39.503727" lon="-80.208716"></trkpt>
      <trkpt lat="39.504142" lon="-80.208928"></trkpt>
      <trkpt lat="39.504867" lon="-80.209126"></trkpt>
      <trkpt lat="39.505325" lon="-80.209176"></trkpt>
      <trkpt lat="39.505676" lon="-80.209190"></trkpt>
      <trkpt lat="39.506631" lon="-80.209264"></trkpt>
      <trkpt lat="39.506931" lon="-80.209305"></trkpt>
      <trkpt lat="39.507236" lon="-80.209346"></trkpt>
      <trkpt lat="39.507650" lon="-80.209526"></trkpt>
      <trkpt lat="39.507994" lon="-80.209765"></trkpt>
      <trkpt lat="39.508276" lon="-80.210066"></trkpt>
      <trkpt lat="39.508467" lon="-80.210358"></trkpt>
      <trkpt lat="39.508711" lon="-80.210844"></trkpt>
      <trkpt lat="39.508831" lon="-80.211364"></trkpt>
      <trkpt lat="39.508892" lon="-80.212194"></trkpt>
      <trkpt lat="39.509007" lon="-80.213098"></trkpt>
      <trkpt lat="39.509158" lon="-80.213860"></trkpt>
      <trkpt lat="39.509346" lon="-80.214596"></trkpt>
      <trkpt lat="39.509531" lon="-80.215127"></trkpt>
      <trkpt lat="39.510137" lon="-80.216487"></trkpt>
      <trkpt lat="39.510549" lon="-80.217366"></trkpt>
      <trkpt lat="39.511172" lon="-80.218705"></trkpt>
      <trkpt lat="39.511433" lon="-80.219349"></trkpt>
      <trkpt lat="39.511568" lon="-80.219798"></trkpt>
      <trkpt lat="39.511638" lon="-80.220110"></trkpt>
      <trkpt lat="39.511711" lon="-80.220555"></trkpt>
      <trkpt lat="39.511756" lon="-80.221081"></trkpt>
      <trkpt lat="39.511767" lon="-80.221509"></trkpt>
      <trkpt lat="39.511760" lon="-80.221755"></trkpt>
      <trkpt lat="39.511762" lon="-80.222225"></trkpt>
      <trkpt lat="39.511756" lon="-80.222570"></trkpt>
      <trkpt lat="39.511724" lon="-80.222871"></trkpt>
      <trkpt lat="39.511620" lon="-80.223322"></trkpt>
      <trkpt lat="39.511538" lon="-80.223649"></trkpt>
      <trkpt lat="39.511390" lon="-80.224028"></trkpt>
      <trkpt lat="39.511289" lon="-80.224241"></trkpt>
      <trkpt lat="39.511212" lon="-80.224385"></trkpt>
      <trkpt lat="39.511126" lon="-80.224530"></trkpt>
      <trkpt lat="39.510977" lon="-80.224741"></trkpt>
      <trkpt lat="39.510735" lon="-80.225028"></trkpt>
      <trkpt lat="39.510569" lon="-80.225188"></trkpt>
      <trkpt lat="39.510419" lon="-80.225330"></trkpt>
      <trkpt lat="39.510064" lon="-80.225542"></trkpt>
      <trkpt lat="39.509763" lon="-80.225692"></trkpt>
      <trkpt lat="39.508887" lon="-80.225979"></trkpt>
      <trkpt lat="39.508318" lon="-80.226215"></trkpt>
      <trkpt lat="39.508114" lon="-80.226325"></trkpt>
      <trkpt lat="39.507763" lon="-80.226615"></trkpt>
      <trkpt lat="39.507436" lon="-80.227010"></trkpt>
      <trkpt lat="39.507077" lon="-80.227602"></trkpt>
      <trkpt lat="39.506941" lon="-80.227990"></trkpt>
      <trkpt lat="39.506839" lon="-80.228318"></trkpt>
      <trkpt lat="39.506762" lon="-80.228761"></trkpt>
      <trkpt lat="39.506727" lon="-80.229098"></trkpt>
      <trkpt lat="39.506733" lon="-80.229527"></trkpt>
      <trkpt lat="39.506749" lon="-80.230003"></trkpt>
      <trkpt lat="39.506797" lon="-80.230546"></trkpt>
      <trkpt lat="39.506854" lon="-80.231136"></trkpt>
      <trkpt lat="39.506969" lon="-80.231773"></trkpt>
      <trkpt lat="39.507099" lon="-80.232334"></trkpt>
      <trkpt lat="39.507377" lon="-80.233106"></trkpt>
      <trkpt lat="39.508318" lon="-80.235337"></trkpt>
      <trkpt lat="39.510103" lon="-80.239543"></trkpt>
      <trkpt lat="39.510446" lon="-80.240262"></trkpt>
      <trkpt lat="39.510855" lon="-80.240925"></trkpt>
      <trkpt lat="39.512165" lon="-80.242577"></trkpt>
      <trkpt lat="39.512304" lon="-80.242834"></trkpt>
      <trkpt lat="39.512420" lon="-80.243082"></trkpt>
      <trkpt lat="39.512598" lon="-80.243666"></trkpt>
      <trkpt lat="39.512674" lon="-80.244367"></trkpt>
      <trkpt lat="39.512674" lon="-80.244640"></trkpt>
      <trkpt lat="39.512641" lon="-80.245012"></trkpt>
      <trkpt lat="39.512536" lon="-80.245460"></trkpt>
      <trkpt lat="39.512416" lon="-80.245806"></trkpt>
      <trkpt lat="39.512169" lon="-80.246404"></trkpt>
      <trkpt lat="39.511497" lon="-80.247802"></trkpt>
      <trkpt lat="39.511328" lon="-80.248285"></trkpt>
      <trkpt lat="39.511162" lon="-80.248902"></trkpt>
      <trkpt lat="39.511050" lon="-80.249720"></trkpt>
      <trkpt lat="39.511042" lon="-80.250798"></trkpt>
      <trkpt lat="39.511079" lon="-80.251418"></trkpt>
      <trkpt lat="39.511176" lon="-80.251982"></trkpt>
      <trkpt lat="39.511358" lon="-80.252599"></trkpt>
      <trkpt lat="39.511601" lon="-80.253255"></trkpt>
      <trkpt lat="39.511966" lon="-80.254105"></trkpt>
      <trkpt lat="39.512326" lon="-80.255120"></trkpt>
      <trkpt lat="39.512416" lon="-80.255374"></trkpt>
      <trkpt lat="39.512635" lon="-80.256326"></trkpt>
      <trkpt lat="39.512798" lon="-80.257310"></trkpt>
      <trkpt lat="39.512890" lon="-80.258523"></trkpt>
      <trkpt lat="39.512875" lon="-80.259448"></trkpt>
      <trkpt lat="39.512796" lon="-80.260416"></trkpt>
      <trkpt lat="39.512608" lon="-80.261548"></trkpt>
      <trkpt lat="39.512428" lon="-80.262286"></trkpt>
      <trkpt lat="39.512231" lon="-80.262913"></trkpt>
      <trkpt lat="39.511921" lon="-80.263898"></trkpt>
      <trkpt lat="39.511273" lon="-80.265467"></trkpt>
      <trkpt lat="39.511060" lon="-80.266159"></trkpt>
      <trkpt lat="39.510859" lon="-80.266854"></trkpt>
      <trkpt lat="39.510628" lon="-80.267914"></trkpt>
      <trkpt lat="39.510417" lon="-80.269216"></trkpt>
      <trkpt lat="39.509965" lon="-80.271558"></trkpt>
      <trkpt lat="39.509663" lon="-80.272974"></trkpt>
      <trkpt lat="39.509508" lon="-80.273500"></trkpt>
      <trkpt lat="39.509303" lon="-80.274029"></trkpt>
      <trkpt lat="39.509005" lon="-80.274643"></trkpt>
      <trkpt lat="39.508778" lon="-80.275021"></trkpt>
      <trkpt lat="39.507917" lon="-80.276206"></trkpt>
      <trkpt lat="39.507486" lon="-80.276897"></trkpt>
      <trkpt lat="39.507002" lon="-80.277931"></trkpt>
      <trkpt lat="39.505284" lon="-80.282176"></trkpt>
      <trkpt lat="39.504970" lon="-80.283034"></trkpt>
      <trkpt lat="39.504862" lon="-80.284000"></trkpt>
      <trkpt lat="39.504937" lon="-80.284687"></trkpt>
      <trkpt lat="39.505072" lon="-80.285329"></trkpt>
      <trkpt lat="39.506143" lon="-80.287968"></trkpt>
      <trkpt lat="39.506328" lon="-80.288431"></trkpt>
      <trkpt lat="39.506514" lon="-80.288907"></trkpt>
      <trkpt lat="39.506836" lon="-80.289759"></trkpt>
      <trkpt lat="39.507017" lon="-80.290218"></trkpt>
      <trkpt lat="39.507371" lon="-80.291213"></trkpt>
      <trkpt lat="39.507668" lon="-80.292154"></trkpt>
      <trkpt lat="39.508488" lon="-80.294847"></trkpt>
      <trkpt lat="39.509490" lon="-80.298430"></trkpt>
      <trkpt lat="39.510225" lon="-80.300879"></trkpt>
      <trkpt lat="39.510245" lon="-80.300946"></trkpt>
      <trkpt lat="39.510619" lon="-80.302274"></trkpt>
      <trkpt lat="39.510971" lon="-80.303376"></trkpt>
      <trkpt lat="39.511393" lon="-80.304460"></trkpt>
      <trkpt lat="39.512080" lon="-80.305576"></trkpt>
      <trkpt lat="39.512767" lon="-80.306335"></trkpt>
      <trkpt lat="39.513570" lon="-80.306906"></trkpt>
      <trkpt lat="39.514665" lon="-80.307450"></trkpt>
      <trkpt lat="39.515386" lon="-80.307756"></trkpt>
      <trkpt lat="39.516482" lon="-80.308341"></trkpt>
      <trkpt lat="39.516786" lon="-80.308561"></trkpt>
      <trkpt lat="39.517090" lon="-80.308876"></trkpt>
      <trkpt lat="39.517345" lon="-80.309223"></trkpt>
      <trkpt lat="39.517545" lon="-80.309573"></trkpt>
      <trkpt lat="39.517773" lon="-80.310104"></trkpt>
      <trkpt lat="39.517883" lon="-80.310500"></trkpt>
      <trkpt lat="39.517949" lon="-80.310918"></trkpt>
      <trkpt lat="39.517975" lon="-80.311472"></trkpt>
      <trkpt lat="39.517911" lon="-80.311991"></trkpt>
      <trkpt lat="39.517745" lon="-80.312670"></trkpt>
      <trkpt lat="39.517555" lon="-80.313311"></trkpt>
      <trkpt lat="39.517379" lon="-80.313908"></trkpt>
      <trkpt lat="39.517253" lon="-80.314474"></trkpt>
      <trkpt lat="39.517159" lon="-80.315007"></trkpt>
      <trkpt lat="39.517094" lon="-80.315791"></trkpt>
      <trkpt lat="39.517100" lon="-80.316249"></trkpt>
      <trkpt lat="39.517150" lon="-80.316712"></trkpt>
      <trkpt lat="39.517316" lon="-80.317510"></trkpt>
      <trkpt lat="39.517474" lon="-80.317941"></trkpt>
      <trkpt lat="39.517579" lon="-80.318187"></trkpt>
      <trkpt lat="39.518079" lon="-80.319324"></trkpt>
      <trkpt lat="39.518206" lon="-80.319602"></trkpt>
      <trkpt lat="39.518540" lon="-80.320344"></trkpt>
      <trkpt lat="39.518801" lon="-80.320796"></trkpt>
      <trkpt lat="39.518922" lon="-80.321005"></trkpt>
      <trkpt lat="39.519003" lon="-80.321130"></trkpt>
      <trkpt lat="39.519215" lon="-80.321454"></trkpt>
      <trkpt lat="39.519308" lon="-80.321597"></trkpt>
      <trkpt lat="39.519323" lon="-80.321621"></trkpt>
      <trkpt lat="39.519554" lon="-80.321949"></trkpt>
      <trkpt lat="39.519797" lon="-80.322294"></trkpt>
      <trkpt lat="39.519876" lon="-80.322406"></trkpt>
      <trkpt lat="39.519896" lon="-80.322434"></trkpt>
      <trkpt lat="39.519942" lon="-80.322501"></trkpt>
      <trkpt lat="39.520028" lon="-80.322626"></trkpt>
      <trkpt lat="39.520170" lon="-80.322833"></trkpt>
      <trkpt lat="39.520398" lon="-80.323165"></trkpt>
      <trkpt lat="39.520779" lon="-80.323781"></trkpt>
      <trkpt lat="39.521174" lon="-80.324543"></trkpt>
      <trkpt lat="39.521634" lon="-80.325497"></trkpt>
      <trkpt lat="39.521888" lon="-80.325935"></trkpt>
      <trkpt lat="39.522002" lon="-80.326114"></trkpt>
      <trkpt lat="39.522294" lon="-80.326479"></trkpt>
      <trkpt lat="39.522666" lon="-80.326852"></trkpt>
      <trkpt lat="39.523643" lon="-80.327649"></trkpt>
      <trkpt lat="39.524062" lon="-80.328020"></trkpt>
      <trkpt lat="39.524631" lon="-80.328663"></trkpt>
      <trkpt lat="39.524891" lon="-80.329036"></trkpt>
      <trkpt lat="39.525071" lon="-80.329348"></trkpt>
      <trkpt lat="39.525225" lon="-80.329640"></trkpt>
      <trkpt lat="39.525323" lon="-80.329901"></trkpt>
      <trkpt lat="39.525437" lon="-80.330300"></trkpt>
      <trkpt lat="39.525527" lon="-80.330810"></trkpt>
      <trkpt lat="39.525563" lon="-80.331217"></trkpt>
      <trkpt lat="39.525537" lon="-80.332494"></trkpt>
      <trkpt lat="39.525533" lon="-80.333674"></trkpt>
      <trkpt lat="39.525531" lon="-80.333845"></trkpt>
      <trkpt lat="39.525524" lon="-80.334235"></trkpt>
      <trkpt lat="39.525524" lon="-80.334323"></trkpt>
      <trkpt lat="39.525522" lon="-80.334408"></trkpt>
      <trkpt lat="39.525507" lon="-80.334897"></trkpt>
      <trkpt lat="39.525498" lon="-80.335203"></trkpt>
      <trkpt lat="39.525492" lon="-80.335403"></trkpt>
      <trkpt lat="39.525483" lon="-80.335683"></trkpt>
      <trkpt lat="39.525462" lon="-80.336092"></trkpt>
      <trkpt lat="39.525451" lon="-80.336314"></trkpt>
      <trkpt lat="39.525369" lon="-80.337345"></trkpt>
      <trkpt lat="39.525331" lon="-80.338116"></trkpt>
      <trkpt lat="39.525346" lon="-80.338322"></trkpt>
      <trkpt lat="39.525379" lon="-80.338531"></trkpt>
      <trkpt lat="39.525624" lon="-80.339665"></trkpt>
      <trkpt lat="39.525722" lon="-80.339973"></trkpt>
      <trkpt lat="39.526316" lon="-80.341249"></trkpt>
      <trkpt lat="39.526405" lon="-80.341444"></trkpt>
      <trkpt lat="39.526652" lon="-80.342052"></trkpt>
      <trkpt lat="39.526696" lon="-80.342100"></trkpt>
      <trkpt lat="39.526715" lon="-80.342122"></trkpt>
      <trkpt lat="39.526778" lon="-80.342145"></trkpt>
      <trkpt lat="39.526840" lon="-80.342141"></trkpt>
      <trkpt lat="39.526910" lon="-80.342115"></trkpt>
      <trkpt lat="39.527243" lon="-80.341887"></trkpt>
      <trkpt lat="39.527884" lon="-80.341409"></trkpt>
      <trkpt lat="39.527941" lon="-80.341352"></trkpt>
      <trkpt lat="39.528007" lon="-80.341250"></trkpt>
      <trkpt lat="39.528036" lon="-80.341186"></trkpt>
      <trkpt lat="39.528058" lon="-80.341111"></trkpt>
      <trkpt lat="39.528089" lon="-80.341034"></trkpt>
      <trkpt lat="39.528114" lon="-80.341003"></trkpt>
      <trkpt lat="39.528145" lon="-80.340957"></trkpt>
      <trkpt lat="39.528183" lon="-80.340921"></trkpt>
      <trkpt lat="39.528252" lon="-80.340878"></trkpt>
      <trkpt lat="39.528327" lon="-80.340867"></trkpt>
      <trkpt lat="39.528432" lon="-80.340857"></trkpt>
      <trkpt lat="39.528536" lon="-80.340861"></trkpt>
      <trkpt lat="39.528657" lon="-80.340861"></trkpt>
      <trkpt lat="39.528799" lon="-80.340832"></trkpt>
      <trkpt lat="39.528952" lon="-80.341073"></trkpt>
      <trkpt lat="39.529182" lon="-80.341387"></trkpt>
      <trkpt lat="39.529274" lon="-80.341461"></trkpt>
      <trkpt lat="39.529332" lon="-80.341523"></trkpt>
      <trkpt lat="39.529407" lon="-80.341602"></trkpt>
      <trkpt lat="39.529663" lon="-80.341894"></trkpt>
      <trkpt lat="39.529904" lon="-80.342188"></trkpt>
      <trkpt lat="39.530225" lon="-80.342620"></trkpt>
      <trkpt lat="39.530817" lon="-80.343528"></trkpt>
      <trkpt lat="39.530817" lon="-80.343528"></trkpt>
      <trkpt lat="39.531007" lon="-80.343819"></trkpt>
      <trkpt lat="39.531131" lon="-80.343764"></trkpt>
      <trkpt lat="39.531564" lon="-80.343231"></trkpt>
      <trkpt lat="39.531905" lon="-80.342619"></trkpt>
      <trkpt lat="39.532869" lon="-80.343569"></trkpt>
      <trkpt lat="39.533251" lon="-80.343829"></trkpt>
      <trkpt lat="39.533346" lon="-80.343894"></trkpt>
      <trkpt lat="39.533549" lon="-80.343934"></trkpt>
      <trkpt lat="39.533772" lon="-80.343950"></trkpt>
      <trkpt lat="39.533834" lon="-80.343958"></trkpt>
      <trkpt lat="39.533970" lon="-80.343955"></trkpt>
      <trkpt lat="39.534034" lon="-80.343953"></trkpt>
      <trkpt lat="39.534117" lon="-80.343935"></trkpt>
      <trkpt lat="39.534229" lon="-80.343906"></trkpt>
      <trkpt lat="39.534361" lon="-80.343856"></trkpt>
      <trkpt lat="39.534438" lon="-80.343817"></trkpt>
      <trkpt lat="39.535086" lon="-80.343385"></trkpt>
      <trkpt lat="39.536966" lon="-80.342179"></trkpt>
      <trkpt lat="39.537128" lon="-80.342068"></trkpt>
      <trkpt lat="39.537538" lon="-80.341894"></trkpt>
      <trkpt lat="39.537702" lon="-80.341856"></trkpt>
      <trkpt lat="39.537876" lon="-80.341854"></trkpt>
      <trkpt lat="39.538058" lon="-80.341875"></trkpt>
      <trkpt lat="39.538314" lon="-80.341929"></trkpt>
      <trkpt lat="39.538715" lon="-80.342114"></trkpt>
      <trkpt lat="39.538902" lon="-80.342240"></trkpt>
      <trkpt lat="39.539080" lon="-80.342385"></trkpt>
      <trkpt lat="39.539242" lon="-80.342541"></trkpt>
      <trkpt lat="39.539742" lon="-80.342997"></trkpt>
      <trkpt lat="39.540189" lon="-80.343309"></trkpt>
      <trkpt lat="39.540482" lon="-80.343444"></trkpt>
      <trkpt lat="39.540755" lon="-80.343536"></trkpt>
      <trkpt lat="39.540904" lon="-80.343578"></trkpt>
      <trkpt lat="39.541057" lon="-80.343592"></trkpt>
      <trkpt lat="39.541181" lon="-80.343592"></trkpt>
      <trkpt lat="39.541268" lon="-80.343594"></trkpt>
      <trkpt lat="39.541481" lon="-80.343567"></trkpt>
      <trkpt lat="39.542557" lon="-80.343323"></trkpt>
      <trkpt lat="39.542933" lon="-80.343262"></trkpt>
      <trkpt lat="39.543594" lon="-80.343197"></trkpt>
      <trkpt lat="39.544203" lon="-80.343240"></trkpt>
      <trkpt lat="39.544451" lon="-80.343299"></trkpt>
      <trkpt lat="39.544769" lon="-80.343363"></trkpt>
      <trkpt lat="39.545013" lon="-80.343433"></trkpt>
      <trkpt lat="39.545320" lon="-80.343546"></trkpt>
      <trkpt lat="39.545691" lon="-80.343703"></trkpt>
      <trkpt lat="39.546205" lon="-80.344012"></trkpt>
      <trkpt lat="39.546995" lon="-80.344582"></trkpt>
      <trkpt lat="39.547352" lon="-80.344812"></trkpt>
      <trkpt lat="39.547532" lon="-80.344902"></trkpt>
      <trkpt lat="39.547858" lon="-80.345059"></trkpt>
      <trkpt lat="39.548191" lon="-80.345188"></trkpt>
      <trkpt lat="39.548311" lon="-80.345222"></trkpt>
      <trkpt lat="39.548488" lon="-80.345269"></trkpt>
      <trkpt lat="39.549082" lon="-80.345390"></trkpt>
      <trkpt lat="39.549725" lon="-80.345485"></trkpt>
      <trkpt lat="39.550237" lon="-80.345563"></trkpt>
      <trkpt lat="39.550481" lon="-80.345656"></trkpt>
      <trkpt lat="39.550634" lon="-80.345733"></trkpt>
      <trkpt lat="39.550828" lon="-80.345876"></trkpt>
      <trkpt lat="39.551024" lon="-80.346061"></trkpt>
      <trkpt lat="39.551214" lon="-80.346316"></trkpt>
      <trkpt lat="39.551412" lon="-80.346718"></trkpt>
      <trkpt lat="39.551496" lon="-80.347003"></trkpt>
      <trkpt lat="39.551545" lon="-80.347454"></trkpt>
      <trkpt lat="39.551534" lon="-80.347959"></trkpt>
      <trkpt lat="39.551462" lon="-80.348512"></trkpt>
      <trkpt lat="39.551427" lon="-80.348808"></trkpt>
      <trkpt lat="39.551309" lon="-80.349792"></trkpt>
      <trkpt lat="39.551299" lon="-80.350100"></trkpt>
      <trkpt lat="39.551339" lon="-80.350348"></trkpt>
      <trkpt lat="39.551492" lon="-80.350677"></trkpt>
      <trkpt lat="39.551637" lon="-80.350903"></trkpt>
      <trkpt lat="39.551953" lon="-80.351227"></trkpt>
      <trkpt lat="39.552114" lon="-80.351359"></trkpt>
      <trkpt lat="39.552666" lon="-80.351705"></trkpt>
      <trkpt lat="39.553119" lon="-80.351896"></trkpt>
      <trkpt lat="39.553395" lon="-80.351967"></trkpt>
      <trkpt lat="39.553786" lon="-80.351988"></trkpt>
      <trkpt lat="39.554109" lon="-80.352022"></trkpt>
      <trkpt lat="39.554356" lon="-80.352106"></trkpt>
      <trkpt lat="39.554627" lon="-80.352310"></trkpt>
      <trkpt lat="39.554821" lon="-80.352530"></trkpt>
      <trkpt lat="39.555036" lon="-80.352844"></trkpt>
      <trkpt lat="39.555151" lon="-80.353048"></trkpt>
      <trkpt lat="39.555343" lon="-80.353508"></trkpt>
      <trkpt lat="39.555553" lon="-80.354032"></trkpt>
      <trkpt lat="39.555633" lon="-80.354202"></trkpt>
      <trkpt lat="39.555722" lon="-80.354326"></trkpt>
      <trkpt lat="39.555843" lon="-80.354414"></trkpt>
      <trkpt lat="39.555980" lon="-80.354436"></trkpt>
      <trkpt lat="39.556086" lon="-80.354401"></trkpt>
      <trkpt lat="39.556175" lon="-80.354351"></trkpt>
      <trkpt lat="39.556331" lon="-80.354170"></trkpt>
      <trkpt lat="39.557212" lon="-80.352792"></trkpt>
      <trkpt lat="39.557447" lon="-80.352499"></trkpt>
      <trkpt lat="39.557607" lon="-80.352330"></trkpt>
      <trkpt lat="39.557778" lon="-80.352223"></trkpt>
      <trkpt lat="39.557946" lon="-80.352145"></trkpt>
      <trkpt lat="39.558190" lon="-80.352143"></trkpt>
      <trkpt lat="39.558394" lon="-80.352207"></trkpt>
      <trkpt lat="39.558599" lon="-80.352325"></trkpt>
      <trkpt lat="39.559160" lon="-80.352735"></trkpt>
      <trkpt lat="39.560797" lon="-80.353878"></trkpt>
      <trkpt lat="39.561339" lon="-80.354235"></trkpt>
      <trkpt lat="39.562414" lon="-80.354948"></trkpt>
      <trkpt lat="39.563084" lon="-80.355377"></trkpt>
      <trkpt lat="39.563339" lon="-80.355517"></trkpt>
      <trkpt lat="39.563614" lon="-80.355640"></trkpt>
      <trkpt lat="39.563891" lon="-80.355707"></trkpt>
      <trkpt lat="39.564141" lon="-80.355726"></trkpt>
      <trkpt lat="39.564325" lon="-80.355683"></trkpt>
      <trkpt lat="39.564536" lon="-80.355573"></trkpt>
      <trkpt lat="39.564761" lon="-80.355348"></trkpt>
      <trkpt lat="39.565063" lon="-80.354953"></trkpt>
      <trkpt lat="39.565237" lon="-80.354833"></trkpt>
      <trkpt lat="39.565421" lon="-80.354843"></trkpt>
      <trkpt lat="39.565998" lon="-80.355045"></trkpt>
      <trkpt lat="39.567082" lon="-80.355457"></trkpt>
      <trkpt lat="39.567472" lon="-80.355579"></trkpt>
      <trkpt lat="39.567749" lon="-80.355627"></trkpt>
      <trkpt lat="39.568021" lon="-80.355615"></trkpt>
      <trkpt lat="39.568335" lon="-80.355547"></trkpt>
      <trkpt lat="39.568665" lon="-80.355389"></trkpt>
      <trkpt lat="39.569540" lon="-80.354995"></trkpt>
      <trkpt lat="39.569674" lon="-80.354952"></trkpt>
      <trkpt lat="39.569792" lon="-80.354955"></trkpt>
      <trkpt lat="39.569909" lon="-80.354971"></trkpt>
      <trkpt lat="39.570005" lon="-80.355018"></trkpt>
      <trkpt lat="39.570097" lon="-80.355100"></trkpt>
      <trkpt lat="39.570172" lon="-80.355228"></trkpt>
      <trkpt lat="39.570225" lon="-80.355376"></trkpt>
      <trkpt lat="39.570459" lon="-80.356847"></trkpt>
      <trkpt lat="39.570780" lon="-80.359513"></trkpt>
      <trkpt lat="39.570859" lon="-80.360164"></trkpt>
      <trkpt lat="39.570995" lon="-80.360816"></trkpt>
      <trkpt lat="39.571119" lon="-80.361164"></trkpt>
      <trkpt lat="39.571325" lon="-80.361599"></trkpt>
      <trkpt lat="39.571994" lon="-80.363017"></trkpt>
      <trkpt lat="39.572233" lon="-80.363463"></trkpt>
      <trkpt lat="39.572374" lon="-80.363690"></trkpt>
      <trkpt lat="39.572437" lon="-80.363791"></trkpt>
      <trkpt lat="39.572587" lon="-80.363944"></trkpt>
      <trkpt lat="39.572698" lon="-80.364047"></trkpt>
      <trkpt lat="39.572931" lon="-80.364205"></trkpt>
      <trkpt lat="39.573352" lon="-80.364488"></trkpt>
      <trkpt lat="39.573644" lon="-80.364633"></trkpt>
      <trkpt lat="39.574047" lon="-80.364784"></trkpt>
      <trkpt lat="39.574702" lon="-80.364913"></trkpt>
      <trkpt lat="39.575541" lon="-80.364958"></trkpt>
      <trkpt lat="39.576261" lon="-80.365002"></trkpt>
      <trkpt lat="39.576751" lon="-80.365021"></trkpt>
      <trkpt lat="39.576907" lon="-80.365063"></trkpt>
      <trkpt lat="39.577179" lon="-80.365151"></trkpt>
      <trkpt lat="39.577495" lon="-80.365335"></trkpt>
      <trkpt lat="39.578278" lon="-80.365905"></trkpt>
      <trkpt lat="39.578473" lon="-80.366069"></trkpt>
      <trkpt lat="39.578572" lon="-80.366219"></trkpt>
      <trkpt lat="39.578648" lon="-80.366427"></trkpt>
      <trkpt lat="39.578843" lon="-80.367582"></trkpt>
      <trkpt lat="39.579027" lon="-80.368549"></trkpt>
      <trkpt lat="39.579155" lon="-80.368890"></trkpt>
      <trkpt lat="39.579210" lon="-80.368981"></trkpt>
      <trkpt lat="39.579318" lon="-80.369157"></trkpt>
      <trkpt lat="39.579536" lon="-80.369394"></trkpt>
      <trkpt lat="39.579782" lon="-80.369518"></trkpt>
      <trkpt lat="39.580132" lon="-80.369577"></trkpt>
      <trkpt lat="39.580286" lon="-80.369562"></trkpt>
      <trkpt lat="39.580471" lon="-80.369492"></trkpt>
      <trkpt lat="39.580577" lon="-80.369409"></trkpt>
      <trkpt lat="39.581445" lon="-80.368757"></trkpt>
      <trkpt lat="39.581782" lon="-80.368545"></trkpt>
      <trkpt lat="39.582025" lon="-80.368439"></trkpt>
      <trkpt lat="39.582322" lon="-80.368345"></trkpt>
      <trkpt lat="39.582597" lon="-80.368309"></trkpt>
      <trkpt lat="39.582894" lon="-80.368302"></trkpt>
      <trkpt lat="39.583275" lon="-80.368358"></trkpt>
      <trkpt lat="39.583630" lon="-80.368491"></trkpt>
      <trkpt lat="39.583926" lon="-80.368655"></trkpt>
      <trkpt lat="39.584253" lon="-80.368879"></trkpt>
      <trkpt lat="39.584552" lon="-80.369103"></trkpt>
      <trkpt lat="39.584793" lon="-80.369300"></trkpt>
      <trkpt lat="39.585242" lon="-80.369738"></trkpt>
      <trkpt lat="39.585606" lon="-80.370135"></trkpt>
      <trkpt lat="39.585865" lon="-80.370460"></trkpt>
      <trkpt lat="39.586105" lon="-80.370796"></trkpt>
      <trkpt lat="39.586743" lon="-80.371804"></trkpt>
      <trkpt lat="39.586812" lon="-80.371914"></trkpt>
      <trkpt lat="39.587086" lon="-80.372347"></trkpt>
      <trkpt lat="39.587155" lon="-80.372454"></trkpt>
      <trkpt lat="39.588159" lon="-80.374053"></trkpt>
      <trkpt lat="39.588405" lon="-80.374386"></trkpt>
      <trkpt lat="39.588671" lon="-80.374693"></trkpt>
      <trkpt lat="39.588928" lon="-80.374943"></trkpt>
      <trkpt lat="39.589203" lon="-80.375166"></trkpt>
      <trkpt lat="39.589282" lon="-80.375230"></trkpt>
      <trkpt lat="39.590051" lon="-80.375789"></trkpt>
      <trkpt lat="39.590432" lon="-80.376171"></trkpt>
      <trkpt lat="39.590844" lon="-80.376674"></trkpt>
      <trkpt lat="39.591248" lon="-80.377286"></trkpt>
      <trkpt lat="39.592242" lon="-80.378907"></trkpt>
      <trkpt lat="39.592578" lon="-80.379447"></trkpt>
      <trkpt lat="39.592801" lon="-80.379806"></trkpt>
      <trkpt lat="39.593297" lon="-80.380580"></trkpt>
      <trkpt lat="39.593953" lon="-80.381155"></trkpt>
      <trkpt lat="39.595778" lon="-80.382137"></trkpt>
      <trkpt lat="39.597297" lon="-80.382991"></trkpt>
      <trkpt lat="39.597686" lon="-80.383227"></trkpt>
      <trkpt lat="39.598556" lon="-80.383641"></trkpt>
      <trkpt lat="39.599711" lon="-80.384342"></trkpt>
      <trkpt lat="39.600069" lon="-80.384728"></trkpt>
      <trkpt lat="39.600315" lon="-80.385054"></trkpt>
      <trkpt lat="39.600540" lon="-80.385426"></trkpt>
      <trkpt lat="39.600830" lon="-80.386060"></trkpt>
      <trkpt lat="39.601189" lon="-80.386952"></trkpt>
      <trkpt lat="39.601762" lon="-80.388387"></trkpt>
      <trkpt lat="39.602102" lon="-80.389289"></trkpt>
      <trkpt lat="39.602404" lon="-80.391034"></trkpt>
      <trkpt lat="39.602501" lon="-80.391816"></trkpt>
      <trkpt lat="39.602836" lon="-80.394026"></trkpt>
      <trkpt lat="39.602964" lon="-80.394433"></trkpt>
      <trkpt lat="39.603138" lon="-80.394909"></trkpt>
      <trkpt lat="39.603612" lon="-80.395702"></trkpt>
      <trkpt lat="39.604422" lon="-80.396557"></trkpt>
      <trkpt lat="39.606343" lon="-80.398546"></trkpt>
      <trkpt lat="39.606916" lon="-80.399285"></trkpt>
      <trkpt lat="39.607187" lon="-80.399831"></trkpt>
      <trkpt lat="39.607347" lon="-80.400229"></trkpt>
      <trkpt lat="39.607532" lon="-80.400960"></trkpt>
      <trkpt lat="39.607703" lon="-80.401641"></trkpt>
      <trkpt lat="39.607888" lon="-80.402319"></trkpt>
      <trkpt lat="39.608004" lon="-80.402756"></trkpt>
      <trkpt lat="39.608107" lon="-80.402982"></trkpt>
      <trkpt lat="39.608206" lon="-80.403154"></trkpt>
      <trkpt lat="39.608330" lon="-80.403355"></trkpt>
      <trkpt lat="39.608543" lon="-80.403599"></trkpt>
      <trkpt lat="39.608711" lon="-80.403800"></trkpt>
      <trkpt lat="39.609670" lon="-80.404854"></trkpt>
      <trkpt lat="39.611960" lon="-80.407412"></trkpt>
      <trkpt lat="39.612892" lon="-80.408454"></trkpt>
      <trkpt lat="39.613592" lon="-80.409239"></trkpt>
      <trkpt lat="39.614295" lon="-80.410019"></trkpt>
      <trkpt lat="39.614960" lon="-80.410850"></trkpt>
      <trkpt lat="39.615204" lon="-80.411235"></trkpt>
      <trkpt lat="39.615316" lon="-80.411457"></trkpt>
      <trkpt lat="39.615402" lon="-80.411663"></trkpt>
      <trkpt lat="39.615489" lon="-80.412009"></trkpt>
      <trkpt lat="39.615541" lon="-80.412329"></trkpt>
      <trkpt lat="39.615598" lon="-80.413163"></trkpt>
      <trkpt lat="39.615627" lon="-80.413600"></trkpt>
      <trkpt lat="39.615684" lon="-80.413993"></trkpt>
      <trkpt lat="39.615813" lon="-80.414561"></trkpt>
      <trkpt lat="39.615962" lon="-80.415145"></trkpt>
      <trkpt lat="39.616074" lon="-80.415504"></trkpt>
      <trkpt lat="39.616185" lon="-80.415711"></trkpt>
      <trkpt lat="39.616415" lon="-80.415891"></trkpt>
      <trkpt lat="39.616822" lon="-80.416049"></trkpt>
      <trkpt lat="39.617305" lon="-80.416156"></trkpt>
      <trkpt lat="39.618433" lon="-80.416293"></trkpt>
      <trkpt lat="39.618737" lon="-80.416349"></trkpt>
      <trkpt lat="39.618979" lon="-80.416424"></trkpt>
      <trkpt lat="39.619809" lon="-80.416786"></trkpt>
      <trkpt lat="39.621063" lon="-80.417344"></trkpt>
      <trkpt lat="39.621309" lon="-80.417492"></trkpt>
      <trkpt lat="39.621625" lon="-80.417723"></trkpt>
      <trkpt lat="39.622028" lon="-80.418063"></trkpt>
      <trkpt lat="39.622586" lon="-80.418629"></trkpt>
      <trkpt lat="39.623452" lon="-80.419529"></trkpt>
      <trkpt lat="39.623868" lon="-80.419902"></trkpt>
      <trkpt lat="39.624337" lon="-80.420300"></trkpt>
      <trkpt lat="39.624925" lon="-80.420759"></trkpt>
      <trkpt lat="39.625462" lon="-80.421169"></trkpt>
      <trkpt lat="39.625793" lon="-80.421389"></trkpt>
      <trkpt lat="39.626420" lon="-80.421778"></trkpt>
      <trkpt lat="39.627321" lon="-80.422290"></trkpt>
      <trkpt lat="39.627956" lon="-80.422644"></trkpt>
      <trkpt lat="39.628215" lon="-80.422756"></trkpt>
      <trkpt lat="39.628454" lon="-80.422837"></trkpt>
      <trkpt lat="39.628815" lon="-80.422896"></trkpt>
      <trkpt lat="39.629117" lon="-80.422929"></trkpt>
      <trkpt lat="39.629440" lon="-80.422927"></trkpt>
      <trkpt lat="39.629614" lon="-80.422901"></trkpt>
      <trkpt lat="39.629794" lon="-80.422844"></trkpt>
      <trkpt lat="39.630497" lon="-80.422528"></trkpt>
      <trkpt lat="39.631070" lon="-80.422212"></trkpt>
      <trkpt lat="39.632036" lon="-80.421588"></trkpt>
      <trkpt lat="39.632342" lon="-80.421388"></trkpt>
      <trkpt lat="39.632747" lon="-80.421157"></trkpt>
      <trkpt lat="39.632843" lon="-80.421111"></trkpt>
      <trkpt lat="39.632923" lon="-80.421071"></trkpt>
      <trkpt lat="39.632995" lon="-80.421048"></trkpt>
      <trkpt lat="39.633152" lon="-80.421039"></trkpt>
      <trkpt lat="39.633331" lon="-80.421048"></trkpt>
      <trkpt lat="39.634354" lon="-80.421165"></trkpt>
      <trkpt lat="39.634928" lon="-80.421323"></trkpt>
      <trkpt lat="39.635285" lon="-80.421381"></trkpt>
      <trkpt lat="39.635447" lon="-80.421387"></trkpt>
      <trkpt lat="39.635679" lon="-80.421325"></trkpt>
      <trkpt lat="39.636146" lon="-80.421097"></trkpt>
      <trkpt lat="39.637617" lon="-80.419957"></trkpt>
      <trkpt lat="39.637813" lon="-80.419853"></trkpt>
      <trkpt lat="39.638009" lon="-80.419785"></trkpt>
      <trkpt lat="39.638501" lon="-80.419703"></trkpt>
      <trkpt lat="39.639373" lon="-80.419484"></trkpt>
      <trkpt lat="39.640000" lon="-80.419351"></trkpt>
      <trkpt lat="39.640199" lon="-80.419287"></trkpt>
      <trkpt lat="39.640357" lon="-80.419199"></trkpt>
      <trkpt lat="39.641064" lon="-80.418712"></trkpt>
      <trkpt lat="39.641436" lon="-80.418461"></trkpt>
      <trkpt lat="39.641637" lon="-80.418356"></trkpt>
      <trkpt lat="39.641789" lon="-80.418305"></trkpt>
      <trkpt lat="39.641942" lon="-80.418301"></trkpt>
      <trkpt lat="39.642067" lon="-80.418333"></trkpt>
      <trkpt lat="39.642228" lon="-80.418394"></trkpt>
      <trkpt lat="39.642385" lon="-80.418474"></trkpt>
      <trkpt lat="39.642749" lon="-80.418693"></trkpt>
      <trkpt lat="39.643038" lon="-80.418899"></trkpt>
      <trkpt lat="39.643206" lon="-80.419064"></trkpt>
      <trkpt lat="39.643401" lon="-80.419278"></trkpt>
      <trkpt lat="39.643567" lon="-80.419455"></trkpt>
      <trkpt lat="39.643675" lon="-80.419536"></trkpt>
      <trkpt lat="39.643780" lon="-80.419591"></trkpt>
      <trkpt lat="39.643929" lon="-80.419618"></trkpt>
      <trkpt lat="39.644106" lon="-80.419620"></trkpt>
      <trkpt lat="39.644329" lon="-80.419584"></trkpt>
      <trkpt lat="39.644530" lon="-80.419549"></trkpt>
      <trkpt lat="39.645015" lon="-80.419465"></trkpt>
      <trkpt lat="39.645286" lon="-80.419411"></trkpt>
      <trkpt lat="39.645605" lon="-80.419293"></trkpt>
      <trkpt lat="39.646021" lon="-80.419133"></trkpt>
      <trkpt lat="39.646319" lon="-80.418986"></trkpt>
      <trkpt lat="39.646450" lon="-80.418923"></trkpt>
      <trkpt lat="39.646620" lon="-80.418803"></trkpt>
      <trkpt lat="39.646865" lon="-80.418587"></trkpt>
      <trkpt lat="39.647229" lon="-80.418195"></trkpt>
      <trkpt lat="39.647495" lon="-80.417929"></trkpt>
      <trkpt lat="39.647635" lon="-80.417836"></trkpt>
      <trkpt lat="39.647776" lon="-80.417771"></trkpt>
      <trkpt lat="39.647931" lon="-80.417755"></trkpt>
      <trkpt lat="39.648095" lon="-80.417760"></trkpt>
      <trkpt lat="39.648245" lon="-80.417843"></trkpt>
      <trkpt lat="39.648454" lon="-80.418007"></trkpt>
      <trkpt lat="39.649007" lon="-80.418460"></trkpt>
      <trkpt lat="39.649908" lon="-80.419262"></trkpt>
      <trkpt lat="39.650122" lon="-80.419420"></trkpt>
      <trkpt lat="39.650345" lon="-80.419568"></trkpt>
      <trkpt lat="39.650740" lon="-80.419780"></trkpt>
      <trkpt lat="39.651314" lon="-80.420051"></trkpt>
      <trkpt lat="39.651521" lon="-80.420169"></trkpt>
      <trkpt lat="39.651849" lon="-80.420386"></trkpt>
      <trkpt lat="39.652448" lon="-80.420831"></trkpt>
      <trkpt lat="39.652834" lon="-80.421079"></trkpt>
      <trkpt lat="39.652984" lon="-80.421171"></trkpt>
      <trkpt lat="39.653370" lon="-80.421404"></trkpt>
      <trkpt lat="39.654044" lon="-80.421835"></trkpt>
      <trkpt lat="39.656119" lon="-80.423385"></trkpt>
      <trkpt lat="39.656844" lon="-80.423873"></trkpt>
      <trkpt lat="39.657074" lon="-80.424039"></trkpt>
      <trkpt lat="39.657387" lon="-80.424397"></trkpt>
      <trkpt lat="39.657368" lon="-80.424145"></trkpt>
      <trkpt lat="39.657397" lon="-80.423882"></trkpt>
      <trkpt lat="39.657878" lon="-80.423276"></trkpt>
      <trkpt lat="39.658158" lon="-80.422874"></trkpt>
      <trkpt lat="39.658305" lon="-80.422603"></trkpt>
      <trkpt lat="39.658583" lon="-80.422018"></trkpt>
      <trkpt lat="39.658769" lon="-80.421524"></trkpt>
      <trkpt lat="39.659233" lon="-80.420303"></trkpt>
      <trkpt lat="39.659573" lon="-80.419393"></trkpt>
      <trkpt lat="39.660283" lon="-80.417520"></trkpt>
      <trkpt lat="39.660481" lon="-80.416802"></trkpt>
      <trkpt lat="39.660609" lon="-80.416042"></trkpt>
      <trkpt lat="39.660682" lon="-80.414941"></trkpt>
      <trkpt lat="39.660680" lon="-80.414842"></trkpt>
      <trkpt lat="39.660659" lon="-80.413886"></trkpt>
      <trkpt lat="39.660651" lon="-80.413622"></trkpt>
      <trkpt lat="39.660620" lon="-80.412672"></trkpt>
      <trkpt lat="39.660645" lon="-80.412277"></trkpt>
      <trkpt lat="39.660714" lon="-80.411870"></trkpt>
      <trkpt lat="39.660887" lon="-80.411330"></trkpt>
      <trkpt lat="39.661150" lon="-80.410733"></trkpt>
      <trkpt lat="39.661377" lon="-80.410175"></trkpt>
      <trkpt lat="39.661552" lon="-80.409675"></trkpt>
      <trkpt lat="39.662101" lon="-80.407891"></trkpt>
      <trkpt lat="39.662566" lon="-80.406432"></trkpt>
      <trkpt lat="39.662722" lon="-80.405732"></trkpt>
      <trkpt lat="39.662778" lon="-80.405443"></trkpt>
      <trkpt lat="39.662817" lon="-80.405123"></trkpt>
      <trkpt lat="39.662824" lon="-80.404670"></trkpt>
      <trkpt lat="39.662772" lon="-80.403977"></trkpt>
      <trkpt lat="39.662611" lon="-80.403270"></trkpt>
      <trkpt lat="39.662372" lon="-80.402653"></trkpt>
      <trkpt lat="39.662110" lon="-80.402173"></trkpt>
      <trkpt lat="39.661750" lon="-80.401681"></trkpt>
      <trkpt lat="39.661233" lon="-80.401205"></trkpt>
      <trkpt lat="39.660939" lon="-80.401007"></trkpt>
      <trkpt lat="39.660332" lon="-80.400723"></trkpt>
      <trkpt lat="39.659624" lon="-80.400371"></trkpt>
      <trkpt lat="39.658664" lon="-80.399932"></trkpt>
      <trkpt lat="39.657743" lon="-80.399547"></trkpt>
      <trkpt lat="39.657475" lon="-80.399467"></trkpt>
      <trkpt lat="39.657339" lon="-80.399458"></trkpt>
      <trkpt lat="39.657224" lon="-80.399481"></trkpt>
      <trkpt lat="39.657052" lon="-80.399550"></trkpt>
      <trkpt lat="39.656712" lon="-80.399793"></trkpt>
      <trkpt lat="39.656533" lon="-80.399926"></trkpt>
      <trkpt lat="39.656301" lon="-80.400034"></trkpt>
      <trkpt lat="39.656092" lon="-80.400077"></trkpt>
      <trkpt lat="39.655925" lon="-80.400059"></trkpt>
      <trkpt lat="39.655787" lon="-80.400043"></trkpt>
      <trkpt lat="39.655615" lon="-80.399977"></trkpt>
      <trkpt lat="39.655457" lon="-80.399868"></trkpt>
      <trkpt lat="39.655325" lon="-80.399791"></trkpt>
      <trkpt lat="39.655157" lon="-80.399616"></trkpt>
      <trkpt lat="39.654974" lon="-80.399256"></trkpt>
      <trkpt lat="39.654899" lon="-80.398942"></trkpt>
      <trkpt lat="39.654872" lon="-80.398575"></trkpt>
      <trkpt lat="39.654926" lon="-80.398214"></trkpt>
      <trkpt lat="39.655043" lon="-80.397885"></trkpt>
      <trkpt lat="39.655201" lon="-80.397624"></trkpt>
      <trkpt lat="39.655488" lon="-80.397359"></trkpt>
      <trkpt lat="39.655666" lon="-80.397244"></trkpt>
      <trkpt lat="39.656703" lon="-80.396370"></trkpt>
      <trkpt lat="39.656848" lon="-80.396244"></trkpt>
      <trkpt lat="39.657089" lon="-80.396020"></trkpt>
      <trkpt lat="39.657330" lon="-80.395736"></trkpt>
      <trkpt lat="39.657458" lon="-80.395529"></trkpt>
      <trkpt lat="39.657802" lon="-80.395010"></trkpt>
      <trkpt lat="39.658066" lon="-80.394450"></trkpt>
      <trkpt lat="39.658607" lon="-80.392933"></trkpt>
      <trkpt lat="39.658958" lon="-80.391859"></trkpt>
      <trkpt lat="39.659074" lon="-80.391270"></trkpt>
      <trkpt lat="39.659096" lon="-80.390780"></trkpt>
      <trkpt lat="39.659030" lon="-80.390205"></trkpt>
      <trkpt lat="39.658869" lon="-80.389628"></trkpt>
      <trkpt lat="39.658632" lon="-80.389090"></trkpt>
      <trkpt lat="39.658301" lon="-80.388396"></trkpt>
      <trkpt lat="39.657595" lon="-80.386904"></trkpt>
      <trkpt lat="39.657545" lon="-80.386797"></trkpt>
      <trkpt lat="39.657318" lon="-80.386268"></trkpt>
      <trkpt lat="39.657181" lon="-80.385551"></trkpt>
      <trkpt lat="39.657153" lon="-80.384851"></trkpt>
      <trkpt lat="39.657219" lon="-80.384367"></trkpt>
      <trkpt lat="39.657247" lon="-80.384165"></trkpt>
      <trkpt lat="39.657397" lon="-80.383788"></trkpt>
      <trkpt lat="39.657863" lon="-80.383076"></trkpt>
      <trkpt lat="39.658567" lon="-80.382226"></trkpt>
      <trkpt lat="39.660480" lon="-80.379916"></trkpt>
      <trkpt lat="39.661178" lon="-80.379027"></trkpt>
      <trkpt lat="39.661531" lon="-80.378582"></trkpt>
      <trkpt lat="39.661891" lon="-80.378043"></trkpt>
      <trkpt lat="39.662127" lon="-80.377510"></trkpt>
      <trkpt lat="39.662271" lon="-80.377233"></trkpt>
      <trkpt lat="39.662595" lon="-80.376291"></trkpt>
      <trkpt lat="39.662631" lon="-80.376186"></trkpt>
      <trkpt lat="39.663034" lon="-80.374883"></trkpt>
      <trkpt lat="39.663488" lon="-80.373877"></trkpt>
      <trkpt lat="39.663799" lon="-80.373391"></trkpt>
      <trkpt lat="39.663935" lon="-80.373178"></trkpt>
      <trkpt lat="39.664377" lon="-80.372729"></trkpt>
      <trkpt lat="39.665947" lon="-80.371116"></trkpt>
      <trkpt lat="39.666663" lon="-80.370368"></trkpt>
      <trkpt lat="39.667742" lon="-80.369293"></trkpt>
      <trkpt lat="39.668977" lon="-80.368021"></trkpt>
      <trkpt lat="39.670125" lon="-80.366879"></trkpt>
      <trkpt lat="39.670722" lon="-80.366258"></trkpt>
      <trkpt lat="39.674051" lon="-80.362851"></trkpt>
      <trkpt lat="39.674368" lon="-80.362534"></trkpt>
      <trkpt lat="39.675409" lon="-80.361493"></trkpt>
      <trkpt lat="39.675443" lon="-80.361459"></trkpt>
      <trkpt lat="39.676394" lon="-80.360496"></trkpt>
      <trkpt lat="39.676903" lon="-80.359981"></trkpt>
      <trkpt lat="39.677445" lon="-80.359388"></trkpt>
      <trkpt lat="39.677785" lon="-80.358957"></trkpt>
      <trkpt lat="39.677941" lon="-80.358690"></trkpt>
      <trkpt lat="39.678152" lon="-80.358300"></trkpt>
      <trkpt lat="39.678414" lon="-80.357657"></trkpt>
      <trkpt lat="39.678675" lon="-80.356955"></trkpt>
      <trkpt lat="39.678928" lon="-80.356160"></trkpt>
      <trkpt lat="39.678956" lon="-80.356010"></trkpt>
      <trkpt lat="39.678997" lon="-80.355798"></trkpt>
      <trkpt lat="39.679034" lon="-80.355389"></trkpt>
      <trkpt lat="39.679122" lon="-80.353277"></trkpt>
      <trkpt lat="39.679131" lon="-80.353026"></trkpt>
      <trkpt lat="39.679179" lon="-80.351548"></trkpt>
      <trkpt lat="39.679231" lon="-80.350960"></trkpt>
      <trkpt lat="39.679348" lon="-80.350282"></trkpt>
      <trkpt lat="39.679562" lon="-80.349038"></trkpt>
      <trkpt lat="39.679614" lon="-80.348619"></trkpt>
      <trkpt lat="39.679636" lon="-80.348278"></trkpt>
      <trkpt lat="39.679633" lon="-80.347921"></trkpt>
      <trkpt lat="39.679575" lon="-80.347288"></trkpt>
      <trkpt lat="39.679416" lon="-80.345324"></trkpt>
      <trkpt lat="39.679361" lon="-80.344898"></trkpt>
      <trkpt lat="39.679279" lon="-80.344577"></trkpt>
      <trkpt lat="39.679104" lon="-80.344054"></trkpt>
      <trkpt lat="39.678422" lon="-80.342574"></trkpt>
      <trkpt lat="39.677445" lon="-80.340410"></trkpt>
      <trkpt lat="39.677278" lon="-80.340158"></trkpt>
      <trkpt lat="39.677085" lon="-80.339943"></trkpt>
      <trkpt lat="39.676821" lon="-80.339765"></trkpt>
      <trkpt lat="39.676578" lon="-80.339674"></trkpt>
      <trkpt lat="39.676070" lon="-80.339416"></trkpt>
      <trkpt lat="39.675767" lon="-80.339248"></trkpt>
      <trkpt lat="39.675600" lon="-80.339136"></trkpt>
      <trkpt lat="39.675472" lon="-80.339007"></trkpt>
      <trkpt lat="39.675367" lon="-80.338761"></trkpt>
      <trkpt lat="39.675320" lon="-80.338602"></trkpt>
      <trkpt lat="39.675313" lon="-80.338439"></trkpt>
      <trkpt lat="39.675335" lon="-80.338298"></trkpt>
      <trkpt lat="39.675367" lon="-80.338202"></trkpt>
      <trkpt lat="39.675417" lon="-80.338093"></trkpt>
      <trkpt lat="39.675490" lon="-80.337999"></trkpt>
      <trkpt lat="39.675557" lon="-80.337938"></trkpt>
      <trkpt lat="39.675624" lon="-80.337905"></trkpt>
      <trkpt lat="39.675693" lon="-80.337892"></trkpt>
      <trkpt lat="39.675788" lon="-80.337905"></trkpt>
      <trkpt lat="39.676799" lon="-80.338083"></trkpt>
      <trkpt lat="39.677421" lon="-80.338177"></trkpt>
      <trkpt lat="39.677891" lon="-80.338187"></trkpt>
      <trkpt lat="39.678149" lon="-80.338138"></trkpt>
      <trkpt lat="39.678325" lon="-80.338106"></trkpt>
      <trkpt lat="39.678588" lon="-80.338010"></trkpt>
      <trkpt lat="39.678786" lon="-80.337850"></trkpt>
      <trkpt lat="39.679598" lon="-80.337070"></trkpt>
      <trkpt lat="39.679833" lon="-80.336906"></trkpt>
      <trkpt lat="39.680242" lon="-80.336681"></trkpt>
      <trkpt lat="39.680449" lon="-80.336568"></trkpt>
      <trkpt lat="39.680498" lon="-80.336541"></trkpt>
      <trkpt lat="39.680859" lon="-80.336300"></trkpt>
      <trkpt lat="39.681305" lon="-80.335817"></trkpt>
      <trkpt lat="39.682473" lon="-80.333608"></trkpt>
      <trkpt lat="39.682677" lon="-80.333212"></trkpt>
      <trkpt lat="39.683262" lon="-80.332078"></trkpt>
      <trkpt lat="39.684113" lon="-80.330463"></trkpt>
      <trkpt lat="39.684340" lon="-80.330195"></trkpt>
      <trkpt lat="39.684600" lon="-80.330034"></trkpt>
      <trkpt lat="39.685459" lon="-80.329760"></trkpt>
      <trkpt lat="39.686251" lon="-80.329558"></trkpt>
      <trkpt lat="39.686527" lon="-80.329424"></trkpt>
      <trkpt lat="39.686841" lon="-80.329236"></trkpt>
      <trkpt lat="39.687209" lon="-80.328828"></trkpt>
      <trkpt lat="39.687526" lon="-80.328259"></trkpt>
      <trkpt lat="39.687869" lon="-80.327235"></trkpt>
      <trkpt lat="39.688004" lon="-80.326593"></trkpt>
      <trkpt lat="39.688047" lon="-80.326357"></trkpt>
      <trkpt lat="39.688070" lon="-80.326094"></trkpt>
      <trkpt lat="39.688086" lon="-80.325540"></trkpt>
      <trkpt lat="39.688184" lon="-80.324752"></trkpt>
      <trkpt lat="39.688318" lon="-80.324023"></trkpt>
      <trkpt lat="39.688425" lon="-80.323621"></trkpt>
      <trkpt lat="39.688543" lon="-80.323255"></trkpt>
      <trkpt lat="39.688666" lon="-80.322919"></trkpt>
      <trkpt lat="39.688805" lon="-80.322619"></trkpt>
      <trkpt lat="39.689582" lon="-80.320926"></trkpt>
      <trkpt lat="39.690173" lon="-80.319649"></trkpt>
      <trkpt lat="39.690638" lon="-80.318644"></trkpt>
      <trkpt lat="39.691163" lon="-80.317509"></trkpt>
      <trkpt lat="39.691564" lon="-80.316651"></trkpt>
      <trkpt lat="39.691741" lon="-80.316474"></trkpt>
      <trkpt lat="39.691945" lon="-80.316385"></trkpt>
      <trkpt lat="39.692515" lon="-80.316325"></trkpt>
      <trkpt lat="39.693516" lon="-80.316219"></trkpt>
      <trkpt lat="39.694781" lon="-80.316058"></trkpt>
      <trkpt lat="39.695115" lon="-80.315913"></trkpt>
      <trkpt lat="39.695347" lon="-80.315618"></trkpt>
      <trkpt lat="39.695393" lon="-80.315465"></trkpt>
      <trkpt lat="39.695458" lon="-80.315253"></trkpt>
      <trkpt lat="39.695446" lon="-80.314813"></trkpt>
      <trkpt lat="39.695342" lon="-80.314481"></trkpt>
      <trkpt lat="39.694905" lon="-80.313601"></trkpt>
      <trkpt lat="39.694814" lon="-80.313220"></trkpt>
      <trkpt lat="39.694841" lon="-80.312765"></trkpt>
      <trkpt lat="39.695206" lon="-80.311123"></trkpt>
      <trkpt lat="39.695347" lon="-80.310768"></trkpt>
      <trkpt lat="39.695504" lon="-80.310522"></trkpt>
      <trkpt lat="39.695702" lon="-80.310361"></trkpt>
      <trkpt lat="39.698753" lon="-80.308615"></trkpt>
      <trkpt lat="39.698994" lon="-80.308477"></trkpt>
      <trkpt lat="39.699293" lon="-80.308306"></trkpt>
      <trkpt lat="39.699924" lon="-80.307678"></trkpt>
      <trkpt lat="39.700503" lon="-80.306978"></trkpt>
      <trkpt lat="39.700692" lon="-80.306761"></trkpt>
      <trkpt lat="39.700828" lon="-80.306445"></trkpt>
      <trkpt lat="39.700906" lon="-80.306048"></trkpt>
      <trkpt lat="39.700906" lon="-80.305608"></trkpt>
      <trkpt lat="39.700895" lon="-80.305371"></trkpt>
      <trkpt lat="39.700849" lon="-80.303945"></trkpt>
      <trkpt lat="39.700849" lon="-80.303687"></trkpt>
      <trkpt lat="39.700910" lon="-80.303333"></trkpt>
      <trkpt lat="39.701071" lon="-80.302690"></trkpt>
      <trkpt lat="39.701290" lon="-80.302083"></trkpt>
      <trkpt lat="39.701416" lon="-80.301888"></trkpt>
      <trkpt lat="39.701736" lon="-80.301391"></trkpt>
      <trkpt lat="39.701887" lon="-80.301156"></trkpt>
      <trkpt lat="39.701942" lon="-80.301070"></trkpt>
      <trkpt lat="39.702430" lon="-80.300338"></trkpt>
      <trkpt lat="39.702682" lon="-80.299960"></trkpt>
      <trkpt lat="39.703142" lon="-80.299270"></trkpt>
      <trkpt lat="39.703280" lon="-80.299062"></trkpt>
      <trkpt lat="39.703521" lon="-80.298701"></trkpt>
      <trkpt lat="39.703769" lon="-80.298320"></trkpt>
      <trkpt lat="39.703857" lon="-80.298186"></trkpt>
      <trkpt lat="39.703857" lon="-80.298186"></trkpt>
      <trkpt lat="39.704516" lon="-80.297183"></trkpt>
      <trkpt lat="39.704643" lon="-80.296985"></trkpt>
      <trkpt lat="39.704840" lon="-80.296678"></trkpt>
      <trkpt lat="39.704949" lon="-80.296470"></trkpt>
      <trkpt lat="39.705048" lon="-80.296153"></trkpt>
      <trkpt lat="39.705102" lon="-80.295810"></trkpt>
      <trkpt lat="39.705110" lon="-80.293938"></trkpt>
      <trkpt lat="39.705246" lon="-80.293288"></trkpt>
      <trkpt lat="39.705481" lon="-80.292672"></trkpt>
      <trkpt lat="39.705708" lon="-80.292114"></trkpt>
      <trkpt lat="39.705842" lon="-80.291868"></trkpt>
      <trkpt lat="39.705985" lon="-80.291668"></trkpt>
      <trkpt lat="39.706380" lon="-80.291329"></trkpt>
      <trkpt lat="39.706818" lon="-80.291023"></trkpt>
      <trkpt lat="39.707499" lon="-80.290510"></trkpt>
      <trkpt lat="39.707686" lon="-80.290241"></trkpt>
      <trkpt lat="39.707821" lon="-80.289941"></trkpt>
      <trkpt lat="39.707944" lon="-80.289524"></trkpt>
      <trkpt lat="39.708015" lon="-80.289136"></trkpt>
      <trkpt lat="39.708007" lon="-80.288289"></trkpt>
      <trkpt lat="39.707896" lon="-80.287495"></trkpt>
      <trkpt lat="39.707799" lon="-80.287233"></trkpt>
      <trkpt lat="39.706644" lon="-80.284728"></trkpt>
      <trkpt lat="39.706542" lon="-80.284502"></trkpt>
      <trkpt lat="39.706125" lon="-80.283890"></trkpt>
      <trkpt lat="39.705875" lon="-80.283603"></trkpt>
      <trkpt lat="39.705630" lon="-80.283321"></trkpt>
      <trkpt lat="39.705432" lon="-80.283041"></trkpt>
      <trkpt lat="39.705201" lon="-80.282715"></trkpt>
      <trkpt lat="39.704619" lon="-80.281337"></trkpt>
      <trkpt lat="39.704503" lon="-80.281052"></trkpt>
      <trkpt lat="39.704346" lon="-80.280811"></trkpt>
      <trkpt lat="39.704247" lon="-80.280698"></trkpt>
      <trkpt lat="39.703806" lon="-80.280355"></trkpt>
      <trkpt lat="39.703653" lon="-80.280151"></trkpt>
      <trkpt lat="39.703451" lon="-80.279706"></trkpt>
      <trkpt lat="39.703319" lon="-80.279102"></trkpt>
      <trkpt lat="39.703257" lon="-80.278912"></trkpt>
      <trkpt lat="39.703187" lon="-80.278709"></trkpt>
      <trkpt lat="39.703022" lon="-80.278434"></trkpt>
      <trkpt lat="39.702448" lon="-80.277678"></trkpt>
      <trkpt lat="39.701924" lon="-80.276986"></trkpt>
      <trkpt lat="39.701884" lon="-80.276878"></trkpt>
      <trkpt lat="39.701804" lon="-80.276584"></trkpt>
      <trkpt lat="39.701866" lon="-80.276138"></trkpt>
      <trkpt lat="39.701911" lon="-80.276042"></trkpt>
      <trkpt lat="39.702532" lon="-80.275178"></trkpt>
      <trkpt lat="39.703777" lon="-80.273407"></trkpt>
      <trkpt lat="39.703798" lon="-80.273378"></trkpt>
      <trkpt lat="39.704611" lon="-80.271984"></trkpt>
      <trkpt lat="39.705250" lon="-80.270846"></trkpt>
      <trkpt lat="39.705479" lon="-80.270308"></trkpt>
      <trkpt lat="39.705565" lon="-80.270040"></trkpt>
      <trkpt lat="39.705667" lon="-80.269721"></trkpt>
      <trkpt lat="39.705807" lon="-80.269248"></trkpt>
      <trkpt lat="39.705902" lon="-80.268829"></trkpt>
      <trkpt lat="39.705853" lon="-80.268416"></trkpt>
      <trkpt lat="39.705619" lon="-80.268097"></trkpt>
      <trkpt lat="39.705258" lon="-80.267665"></trkpt>
      <trkpt lat="39.705110" lon="-80.267354"></trkpt>
      <trkpt lat="39.705048" lon="-80.266957"></trkpt>
      <trkpt lat="39.704957" lon="-80.264007"></trkpt>
      <trkpt lat="39.704904" lon="-80.263127"></trkpt>
      <trkpt lat="39.704813" lon="-80.262456"></trkpt>
      <trkpt lat="39.704623" lon="-80.261721"></trkpt>
      <trkpt lat="39.704355" lon="-80.261088"></trkpt>
      <trkpt lat="39.703488" lon="-80.259302"></trkpt>
      <trkpt lat="39.703191" lon="-80.258728"></trkpt>
      <trkpt lat="39.703079" lon="-80.258170"></trkpt>
      <trkpt lat="39.703082" lon="-80.258043"></trkpt>
      <trkpt lat="39.703088" lon="-80.257785"></trkpt>
      <trkpt lat="39.703162" lon="-80.257403"></trkpt>
      <trkpt lat="39.703175" lon="-80.257319"></trkpt>
      <trkpt lat="39.703373" lon="-80.257012"></trkpt>
      <trkpt lat="39.703670" lon="-80.256739"></trkpt>
      <trkpt lat="39.704004" lon="-80.256589"></trkpt>
      <trkpt lat="39.704392" lon="-80.256530"></trkpt>
      <trkpt lat="39.705251" lon="-80.256782"></trkpt>
      <trkpt lat="39.705734" lon="-80.256900"></trkpt>
      <trkpt lat="39.706165" lon="-80.256832"></trkpt>
      <trkpt lat="39.707838" lon="-80.255924"></trkpt>
      <trkpt lat="39.708936" lon="-80.255296"></trkpt>
      <trkpt lat="39.709708" lon="-80.254905"></trkpt>
      <trkpt lat="39.710318" lon="-80.254590"></trkpt>
      <trkpt lat="39.710550" lon="-80.254470"></trkpt>
      <trkpt lat="39.710946" lon="-80.254161"></trkpt>
      <trkpt lat="39.711231" lon="-80.253741"></trkpt>
      <trkpt lat="39.711375" lon="-80.253349"></trkpt>
      <trkpt lat="39.711723" lon="-80.251701"></trkpt>
      <trkpt lat="39.711907" lon="-80.251082"></trkpt>
      <trkpt lat="39.712105" lon="-80.250666"></trkpt>
      <trkpt lat="39.712937" lon="-80.249164"></trkpt>
      <trkpt lat="39.713178" lon="-80.248660"></trkpt>
      <trkpt lat="39.713314" lon="-80.248191"></trkpt>
      <trkpt lat="39.713405" lon="-80.247823"></trkpt>
      <trkpt lat="39.713456" lon="-80.247519"></trkpt>
      <trkpt lat="39.713483" lon="-80.247361"></trkpt>
      <trkpt lat="39.713826" lon="-80.245302"></trkpt>
      <trkpt lat="39.714239" lon="-80.244315"></trkpt>
      <trkpt lat="39.715419" lon="-80.242802"></trkpt>
      <trkpt lat="39.715993" lon="-80.242282"></trkpt>
      <trkpt lat="39.718518" lon="-80.240759"></trkpt>
      <trkpt lat="39.719146" lon="-80.240270"></trkpt>
      <trkpt lat="39.720593" lon="-80.238720"></trkpt>
      <trkpt lat="39.720738" lon="-80.238472"></trkpt>
      <trkpt lat="39.720849" lon="-80.238119"></trkpt>
      <trkpt lat="39.720884" lon="-80.237937"></trkpt>
      <trkpt lat="39.720913" lon="-80.237699"></trkpt>
      <trkpt lat="39.720924" lon="-80.237374"></trkpt>
      <trkpt lat="39.720907" lon="-80.237079"></trkpt>
      <trkpt lat="39.720833" lon="-80.236762"></trkpt>
      <trkpt lat="39.720747" lon="-80.236552"></trkpt>
      <trkpt lat="39.720598" lon="-80.236188"></trkpt>
      <trkpt lat="39.720557" lon="-80.236088"></trkpt>
      <trkpt lat="39.720297" lon="-80.235447"></trkpt>
      <trkpt lat="39.720167" lon="-80.235140"></trkpt>
      <trkpt lat="39.720024" lon="-80.234852"></trkpt>
      <trkpt lat="39.719457" lon="-80.233569"></trkpt>
      <trkpt lat="39.719401" lon="-80.233442"></trkpt>
      <trkpt lat="39.719005" lon="-80.232546"></trkpt>
      <trkpt lat="39.718899" lon="-80.232299"></trkpt>
      <trkpt lat="39.718424" lon="-80.231195"></trkpt>
      <trkpt lat="39.717549" lon="-80.229192"></trkpt>
      <trkpt lat="39.717510" lon="-80.229062"></trkpt>
      <trkpt lat="39.717426" lon="-80.228629"></trkpt>
      <trkpt lat="39.717417" lon="-80.228198"></trkpt>
      <trkpt lat="39.717485" lon="-80.227860"></trkpt>
      <trkpt lat="39.717594" lon="-80.227551"></trkpt>
      <trkpt lat="39.717735" lon="-80.227310"></trkpt>
      <trkpt lat="39.718199" lon="-80.226559"></trkpt>
      <trkpt lat="39.718659" lon="-80.225861"></trkpt>
      <trkpt lat="39.718844" lon="-80.225580"></trkpt>
      <trkpt lat="39.718993" lon="-80.225247"></trkpt>
      <trkpt lat="39.719113" lon="-80.224920"></trkpt>
      <trkpt lat="39.719172" lon="-80.224670"></trkpt>
      <trkpt lat="39.719218" lon="-80.224405"></trkpt>
      <trkpt lat="39.719239" lon="-80.223941"></trkpt>
      <trkpt lat="39.719193" lon="-80.223439"></trkpt>
      <trkpt lat="39.719104" lon="-80.222784"></trkpt>
      <trkpt lat="39.719020" lon="-80.222166"></trkpt>
      <trkpt lat="39.718947" lon="-80.221569"></trkpt>
      <trkpt lat="39.718914" lon="-80.221247"></trkpt>
      <trkpt lat="39.718887" lon="-80.220887"></trkpt>
      <trkpt lat="39.718866" lon="-80.220530"></trkpt>
      <trkpt lat="39.718776" lon="-80.219063"></trkpt>
      <trkpt lat="39.718769" lon="-80.218771"></trkpt>
      <trkpt lat="39.718777" lon="-80.218556"></trkpt>
      <trkpt lat="39.718793" lon="-80.218322"></trkpt>
      <trkpt lat="39.718822" lon="-80.218074"></trkpt>
      <trkpt lat="39.718873" lon="-80.217785"></trkpt>
      <trkpt lat="39.718999" lon="-80.217107"></trkpt>
      <trkpt lat="39.719034" lon="-80.216922"></trkpt>
      <trkpt lat="39.719177" lon="-80.216149"></trkpt>
      <trkpt lat="39.719419" lon="-80.215005"></trkpt>
      <trkpt lat="39.719484" lon="-80.214745"></trkpt>
      <trkpt lat="39.719565" lon="-80.214489"></trkpt>
      <trkpt lat="39.719609" lon="-80.214357"></trkpt>
      <trkpt lat="39.719660" lon="-80.214231"></trkpt>
      <trkpt lat="39.719854" lon="-80.213782"></trkpt>
      <trkpt lat="39.719972" lon="-80.213470"></trkpt>
      <trkpt lat="39.720018" lon="-80.213297"></trkpt>
      <trkpt lat="39.720059" lon="-80.213096"></trkpt>
      <trkpt lat="39.720075" lon="-80.212912"></trkpt>
      <trkpt lat="39.720086" lon="-80.212699"></trkpt>
      <trkpt lat="39.720092" lon="-80.212167"></trkpt>
      <trkpt lat="39.720091" lon="-80.211714"></trkpt>
      <trkpt lat="39.720090" lon="-80.211460"></trkpt>
      <trkpt lat="39.720090" lon="-80.211219"></trkpt>
      <trkpt lat="39.720089" lon="-80.211103"></trkpt>
      <trkpt lat="39.720082" lon="-80.210346"></trkpt>
      <trkpt lat="39.720084" lon="-80.209453"></trkpt>
      <trkpt lat="39.720081" lon="-80.209144"></trkpt>
      <trkpt lat="39.720077" lon="-80.208911"></trkpt>
      <trkpt lat="39.720060" lon="-80.208612"></trkpt>
      <trkpt lat="39.720030" lon="-80.208318"></trkpt>
      <trkpt lat="39.719973" lon="-80.207780"></trkpt>
      <trkpt lat="39.719931" lon="-80.207253"></trkpt>
      <trkpt lat="39.719903" lon="-80.206859"></trkpt>
      <trkpt lat="39.719899" lon="-80.206670"></trkpt>
      <trkpt lat="39.719904" lon="-80.206526"></trkpt>
      <trkpt lat="39.719928" lon="-80.206344"></trkpt>
      <trkpt lat="39.719970" lon="-80.206132"></trkpt>
      <trkpt lat="39.720082" lon="-80.205697"></trkpt>
      <trkpt lat="39.720211" lon="-80.205229"></trkpt>
      <trkpt lat="39.720215" lon="-80.205215"></trkpt>
      <trkpt lat="39.720386" lon="-80.204603"></trkpt>
      <trkpt lat="39.720468" lon="-80.204309"></trkpt>
      <trkpt lat="39.721100" lon="-80.202045"></trkpt>
      <trkpt lat="39.721145" lon="-80.201799"></trkpt>
      <trkpt lat="39.721166" lon="-80.201546"></trkpt>
      <trkpt lat="39.721166" lon="-80.201321"></trkpt>
      <trkpt lat="39.721129" lon="-80.201101"></trkpt>
      <trkpt lat="39.721063" lon="-80.200903"></trkpt>
      <trkpt lat="39.720972" lon="-80.200753"></trkpt>
      <trkpt lat="39.720819" lon="-80.200533"></trkpt>
      <trkpt lat="39.720640" lon="-80.200339"></trkpt>
      <trkpt lat="39.720431" lon="-80.200136"></trkpt>
      <trkpt lat="39.720155" lon="-80.199925"></trkpt>
      <trkpt lat="39.719676" lon="-80.199658"></trkpt>
      <trkpt lat="39.719144" lon="-80.199406"></trkpt>
      <trkpt lat="39.716387" lon="-80.198096"></trkpt>
      <trkpt lat="39.716086" lon="-80.197968"></trkpt>
      <trkpt lat="39.715616" lon="-80.197490"></trkpt>
      <trkpt lat="39.715262" lon="-80.196842"></trkpt>
      <trkpt lat="39.714782" lon="-80.195301"></trkpt>
      <trkpt lat="39.714147" lon="-80.192007"></trkpt>
      <trkpt lat="39.713912" lon="-80.191212"></trkpt>
      <trkpt lat="39.713477" lon="-80.190619"></trkpt>
      <trkpt lat="39.712830" lon="-80.190124"></trkpt>
      <trkpt lat="39.712298" lon="-80.189770"></trkpt>
      <trkpt lat="39.712135" lon="-80.189542"></trkpt>
      <trkpt lat="39.712063" lon="-80.189314"></trkpt>
      <trkpt lat="39.711968" lon="-80.188638"></trkpt>
      <trkpt lat="39.711917" lon="-80.187584"></trkpt>
      <trkpt lat="39.711844" lon="-80.186514"></trkpt>
      <trkpt lat="39.711733" lon="-80.186026"></trkpt>
      <trkpt lat="39.711556" lon="-80.185730"></trkpt>
      <trkpt lat="39.711474" lon="-80.185588"></trkpt>
      <trkpt lat="39.711092" lon="-80.185110"></trkpt>
      <trkpt lat="39.710940" lon="-80.184921"></trkpt>
      <trkpt lat="39.710346" lon="-80.184223"></trkpt>
      <trkpt lat="39.710255" lon="-80.184116"></trkpt>
      <trkpt lat="39.709794" lon="-80.183520"></trkpt>
      <trkpt lat="39.709218" lon="-80.182776"></trkpt>
      <trkpt lat="39.708931" lon="-80.182405"></trkpt>
      <trkpt lat="39.708774" lon="-80.182153"></trkpt>
      <trkpt lat="39.708093" lon="-80.180801"></trkpt>
      <trkpt lat="39.707907" lon="-80.180428"></trkpt>
      <trkpt lat="39.707334" lon="-80.179282"></trkpt>
      <trkpt lat="39.707029" lon="-80.178409"></trkpt>
      <trkpt lat="39.706830" lon="-80.177502"></trkpt>
      <trkpt lat="39.706434" lon="-80.175109"></trkpt>
      <trkpt lat="39.706454" lon="-80.174679"></trkpt>
      <trkpt lat="39.706508" lon="-80.174357"></trkpt>
      <trkpt lat="39.706574" lon="-80.174175"></trkpt>
      <trkpt lat="39.706863" lon="-80.173510"></trkpt>
      <trkpt lat="39.707269" lon="-80.172669"></trkpt>
      <trkpt lat="39.707319" lon="-80.172534"></trkpt>
      <trkpt lat="39.707544" lon="-80.171927"></trkpt>
      <trkpt lat="39.707635" lon="-80.171466"></trkpt>
      <trkpt lat="39.707682" lon="-80.170999"></trkpt>
      <trkpt lat="39.707734" lon="-80.170409"></trkpt>
      <trkpt lat="39.707742" lon="-80.170264"></trkpt>
      <trkpt lat="39.707961" lon="-80.167603"></trkpt>
      <trkpt lat="39.707981" lon="-80.167260"></trkpt>
      <trkpt lat="39.708122" lon="-80.165409"></trkpt>
      <trkpt lat="39.708262" lon="-80.164766"></trkpt>
      <trkpt lat="39.708374" lon="-80.164481"></trkpt>
      <trkpt lat="39.708483" lon="-80.164207"></trkpt>
      <trkpt lat="39.708597" lon="-80.164025"></trkpt>
      <trkpt lat="39.708701" lon="-80.163860"></trkpt>
      <trkpt lat="39.709052" lon="-80.163387"></trkpt>
      <trkpt lat="39.709450" lon="-80.163046"></trkpt>
      <trkpt lat="39.709833" lon="-80.162838"></trkpt>
      <trkpt lat="39.709945" lon="-80.162778"></trkpt>
      <trkpt lat="39.711224" lon="-80.162290"></trkpt>
      <trkpt lat="39.711406" lon="-80.162206"></trkpt>
      <trkpt lat="39.711690" lon="-80.162022"></trkpt>
      <trkpt lat="39.712029" lon="-80.161721"></trkpt>
      <trkpt lat="39.712318" lon="-80.161362"></trkpt>
      <trkpt lat="39.712405" lon="-80.161207"></trkpt>
      <trkpt lat="39.712474" lon="-80.161083"></trkpt>
      <trkpt lat="39.712763" lon="-80.160498"></trkpt>
      <trkpt lat="39.712920" lon="-80.159886"></trkpt>
      <trkpt lat="39.712982" lon="-80.159430"></trkpt>
      <trkpt lat="39.712985" lon="-80.158974"></trkpt>
      <trkpt lat="39.712986" lon="-80.158787"></trkpt>
      <trkpt lat="39.712953" lon="-80.158411"></trkpt>
      <trkpt lat="39.712879" lon="-80.158036"></trkpt>
      <trkpt lat="39.712767" lon="-80.157679"></trkpt>
      <trkpt lat="39.712602" lon="-80.157285"></trkpt>
      <trkpt lat="39.712190" lon="-80.156609"></trkpt>
      <trkpt lat="39.711239" lon="-80.155527"></trkpt>
      <trkpt lat="39.711128" lon="-80.155399"></trkpt>
      <trkpt lat="39.710500" lon="-80.154676"></trkpt>
      <trkpt lat="39.709998" lon="-80.153948"></trkpt>
      <trkpt lat="39.709611" lon="-80.153216"></trkpt>
      <trkpt lat="39.709202" lon="-80.152443"></trkpt>
      <trkpt lat="39.709074" lon="-80.152201"></trkpt>
      <trkpt lat="39.708857" lon="-80.151777"></trkpt>
      <trkpt lat="39.708496" lon="-80.151070"></trkpt>
      <trkpt lat="39.708431" lon="-80.150944"></trkpt>
      <trkpt lat="39.708337" lon="-80.150759"></trkpt>
      <trkpt lat="39.708065" lon="-80.150177"></trkpt>
      <trkpt lat="39.707842" lon="-80.149702"></trkpt>
      <trkpt lat="39.707332" lon="-80.148675"></trkpt>
      <trkpt lat="39.707152" lon="-80.148304"></trkpt>
      <trkpt lat="39.707034" lon="-80.148025"></trkpt>
      <trkpt lat="39.706922" lon="-80.147733"></trkpt>
      <trkpt lat="39.706866" lon="-80.147471"></trkpt>
      <trkpt lat="39.706849" lon="-80.147187"></trkpt>
      <trkpt lat="39.706864" lon="-80.146971"></trkpt>
      <trkpt lat="39.706892" lon="-80.146801"></trkpt>
      <trkpt lat="39.706981" lon="-80.146472"></trkpt>
      <trkpt lat="39.707131" lon="-80.146058"></trkpt>
      <trkpt lat="39.707252" lon="-80.145815"></trkpt>
      <trkpt lat="39.707370" lon="-80.145629"></trkpt>
      <trkpt lat="39.707561" lon="-80.145421"></trkpt>
      <trkpt lat="39.707789" lon="-80.145182"></trkpt>
      <trkpt lat="39.708182" lon="-80.144827"></trkpt>
      <trkpt lat="39.708447" lon="-80.144633"></trkpt>
      <trkpt lat="39.711512" lon="-80.142691"></trkpt>
      <trkpt lat="39.712187" lon="-80.142202"></trkpt>
      <trkpt lat="39.712439" lon="-80.141876"></trkpt>
      <trkpt lat="39.712580" lon="-80.141637"></trkpt>
      <trkpt lat="39.712705" lon="-80.141359"></trkpt>
      <trkpt lat="39.712818" lon="-80.140916"></trkpt>
      <trkpt lat="39.712851" lon="-80.140471"></trkpt>
      <trkpt lat="39.712832" lon="-80.140152"></trkpt>
      <trkpt lat="39.712818" lon="-80.139971"></trkpt>
      <trkpt lat="39.712783" lon="-80.139535"></trkpt>
      <trkpt lat="39.712641" lon="-80.137830"></trkpt>
      <trkpt lat="39.712627" lon="-80.137659"></trkpt>
      <trkpt lat="39.712618" lon="-80.137555"></trkpt>
      <trkpt lat="39.712577" lon="-80.137121"></trkpt>
      <trkpt lat="39.712436" lon="-80.135624"></trkpt>
      <trkpt lat="39.712253" lon="-80.135091"></trkpt>
      <trkpt lat="39.712071" lon="-80.134817"></trkpt>
      <trkpt lat="39.711900" lon="-80.134583"></trkpt>
      <trkpt lat="39.711150" lon="-80.133946"></trkpt>
      <trkpt lat="39.710788" lon="-80.133640"></trkpt>
      <trkpt lat="39.710468" lon="-80.133312"></trkpt>
      <trkpt lat="39.710200" lon="-80.132913"></trkpt>
      <trkpt lat="39.709867" lon="-80.132122"></trkpt>
      <trkpt lat="39.709780" lon="-80.131925"></trkpt>
      <trkpt lat="39.708508" lon="-80.128833"></trkpt>
      <trkpt lat="39.708280" lon="-80.128004"></trkpt>
      <trkpt lat="39.708130" lon="-80.127419"></trkpt>
      <trkpt lat="39.708091" lon="-80.127129"></trkpt>
      <trkpt lat="39.708087" lon="-80.126960"></trkpt>
      <trkpt lat="39.708148" lon="-80.126622"></trkpt>
      <trkpt lat="39.708223" lon="-80.126376"></trkpt>
      <trkpt lat="39.708396" lon="-80.126040"></trkpt>
      <trkpt lat="39.708537" lon="-80.125812"></trkpt>
      <trkpt lat="39.708833" lon="-80.125520"></trkpt>
      <trkpt lat="39.709190" lon="-80.125244"></trkpt>
      <trkpt lat="39.710069" lon="-80.124713"></trkpt>
      <trkpt lat="39.710864" lon="-80.124334"></trkpt>
      <trkpt lat="39.713472" lon="-80.123262"></trkpt>
      <trkpt lat="39.713812" lon="-80.123109"></trkpt>
      <trkpt lat="39.714078" lon="-80.122958"></trkpt>
      <trkpt lat="39.714318" lon="-80.122752"></trkpt>
      <trkpt lat="39.714512" lon="-80.122486"></trkpt>
      <trkpt lat="39.714685" lon="-80.122173"></trkpt>
      <trkpt lat="39.714807" lon="-80.121813"></trkpt>
      <trkpt lat="39.714871" lon="-80.121521"></trkpt>
      <trkpt lat="39.714935" lon="-80.121172"></trkpt>
      <trkpt lat="39.714974" lon="-80.120904"></trkpt>
      <trkpt lat="39.714978" lon="-80.120443"></trkpt>
      <trkpt lat="39.714937" lon="-80.120180"></trkpt>
      <trkpt lat="39.714879" lon="-80.119917"></trkpt>
      <trkpt lat="39.714809" lon="-80.119683"></trkpt>
      <trkpt lat="39.714701" lon="-80.119472"></trkpt>
      <trkpt lat="39.714578" lon="-80.119273"></trkpt>
      <trkpt lat="39.714386" lon="-80.119061"></trkpt>
      <trkpt lat="39.714171" lon="-80.118876"></trkpt>
      <trkpt lat="39.713548" lon="-80.118495"></trkpt>
      <trkpt lat="39.713110" lon="-80.118217"></trkpt>
      <trkpt lat="39.712981" lon="-80.118139"></trkpt>
      <trkpt lat="39.712812" lon="-80.118026"></trkpt>
      <trkpt lat="39.712659" lon="-80.117928"></trkpt>
      <trkpt lat="39.712459" lon="-80.117814"></trkpt>
      <trkpt lat="39.712396" lon="-80.117773"></trkpt>
      <trkpt lat="39.712323" lon="-80.117726"></trkpt>
      <trkpt lat="39.711934" lon="-80.117474"></trkpt>
      <trkpt lat="39.711132" lon="-80.116954"></trkpt>
      <trkpt lat="39.709420" lon="-80.115883"></trkpt>
      <trkpt lat="39.709000" lon="-80.115637"></trkpt>
      <trkpt lat="39.708690" lon="-80.115515"></trkpt>
      <trkpt lat="39.708529" lon="-80.115475"></trkpt>
      <trkpt lat="39.708338" lon="-80.115467"></trkpt>
      <trkpt lat="39.707984" lon="-80.115480"></trkpt>
      <trkpt lat="39.707686" lon="-80.115521"></trkpt>
      <trkpt lat="39.707430" lon="-80.115590"></trkpt>
      <trkpt lat="39.707215" lon="-80.115690"></trkpt>
      <trkpt lat="39.706984" lon="-80.115867"></trkpt>
      <trkpt lat="39.706549" lon="-80.116344"></trkpt>
      <trkpt lat="39.705996" lon="-80.116969"></trkpt>
      <trkpt lat="39.705656" lon="-80.117312"></trkpt>
      <trkpt lat="39.705330" lon="-80.117559"></trkpt>
      <trkpt lat="39.704865" lon="-80.117766"></trkpt>
      <trkpt lat="39.704240" lon="-80.117980"></trkpt>
      <trkpt lat="39.704113" lon="-80.118029"></trkpt>
      <trkpt lat="39.703972" lon="-80.118066"></trkpt>
      <trkpt lat="39.703229" lon="-80.118340"></trkpt>
      <trkpt lat="39.702913" lon="-80.118436"></trkpt>
      <trkpt lat="39.702564" lon="-80.118519"></trkpt>
      <trkpt lat="39.702296" lon="-80.118538"></trkpt>
      <trkpt lat="39.701978" lon="-80.118522"></trkpt>
      <trkpt lat="39.701532" lon="-80.118468"></trkpt>
      <trkpt lat="39.700072" lon="-80.118291"></trkpt>
      <trkpt lat="39.699648" lon="-80.118198"></trkpt>
      <trkpt lat="39.699107" lon="-80.117992"></trkpt>
      <trkpt lat="39.698830" lon="-80.117855"></trkpt>
      <trkpt lat="39.698585" lon="-80.117709"></trkpt>
      <trkpt lat="39.698248" lon="-80.117466"></trkpt>
      <trkpt lat="39.697769" lon="-80.117054"></trkpt>
      <trkpt lat="39.696558" lon="-80.115926"></trkpt>
      <trkpt lat="39.695744" lon="-80.115200"></trkpt>
      <trkpt lat="39.695453" lon="-80.114973"></trkpt>
      <trkpt lat="39.695291" lon="-80.114846"></trkpt>
      <trkpt lat="39.694995" lon="-80.114650"></trkpt>
      <trkpt lat="39.693746" lon="-80.113903"></trkpt>
      <trkpt lat="39.690132" lon="-80.111802"></trkpt>
      <trkpt lat="39.688923" lon="-80.111099"></trkpt>
      <trkpt lat="39.688153" lon="-80.110652"></trkpt>
      <trkpt lat="39.687482" lon="-80.110262"></trkpt>
      <trkpt lat="39.687368" lon="-80.110196"></trkpt>
      <trkpt lat="39.686619" lon="-80.109754"></trkpt>
      <trkpt lat="39.686409" lon="-80.109636"></trkpt>
      <trkpt lat="39.686302" lon="-80.109592"></trkpt>
      <trkpt lat="39.686088" lon="-80.109515"></trkpt>
      <trkpt lat="39.685777" lon="-80.109456"></trkpt>
      <trkpt lat="39.684910" lon="-80.109365"></trkpt>
      <trkpt lat="39.684340" lon="-80.109309"></trkpt>
      <trkpt lat="39.683452" lon="-80.109212"></trkpt>
      <trkpt lat="39.683267" lon="-80.109196"></trkpt>
      <trkpt lat="39.682836" lon="-80.109115"></trkpt>
      <trkpt lat="39.682464" lon="-80.108949"></trkpt>
      <trkpt lat="39.681310" lon="-80.108241"></trkpt>
      <trkpt lat="39.680616" lon="-80.107828"></trkpt>
      <trkpt lat="39.680393" lon="-80.107646"></trkpt>
      <trkpt lat="39.680040" lon="-80.107294"></trkpt>
      <trkpt lat="39.679912" lon="-80.107163"></trkpt>
      <trkpt lat="39.679469" lon="-80.106667"></trkpt>
      <trkpt lat="39.678874" lon="-80.106053"></trkpt>
      <trkpt lat="39.678601" lon="-80.105806"></trkpt>
      <trkpt lat="39.677410" lon="-80.104856"></trkpt>
      <trkpt lat="39.677185" lon="-80.104636"></trkpt>
      <trkpt lat="39.676929" lon="-80.104343"></trkpt>
      <trkpt lat="39.676401" lon="-80.103505"></trkpt>
      <trkpt lat="39.676142" lon="-80.103170"></trkpt>
      <trkpt lat="39.675422" lon="-80.102307"></trkpt>
      <trkpt lat="39.675126" lon="-80.101979"></trkpt>
      <trkpt lat="39.674778" lon="-80.101695"></trkpt>
      <trkpt lat="39.674130" lon="-80.101171"></trkpt>
      <trkpt lat="39.672541" lon="-80.099975"></trkpt>
      <trkpt lat="39.671706" lon="-80.099347"></trkpt>
      <trkpt lat="39.671518" lon="-80.099238"></trkpt>
      <trkpt lat="39.671347" lon="-80.099165"></trkpt>
      <trkpt lat="39.671201" lon="-80.099130"></trkpt>
      <trkpt lat="39.670984" lon="-80.099105"></trkpt>
      <trkpt lat="39.670030" lon="-80.099122"></trkpt>
      <trkpt lat="39.669728" lon="-80.099095"></trkpt>
      <trkpt lat="39.669530" lon="-80.099052"></trkpt>
      <trkpt lat="39.669251" lon="-80.098949"></trkpt>
      <trkpt lat="39.669059" lon="-80.098848"></trkpt>
      <trkpt lat="39.668833" lon="-80.098706"></trkpt>
      <trkpt lat="39.668601" lon="-80.098495"></trkpt>
      <trkpt lat="39.668552" lon="-80.098440"></trkpt>
      <trkpt lat="39.667854" lon="-80.097768"></trkpt>
      <trkpt lat="39.667479" lon="-80.097489"></trkpt>
      <trkpt lat="39.666883" lon="-80.097164"></trkpt>
      <trkpt lat="39.666123" lon="-80.096783"></trkpt>
      <trkpt lat="39.665669" lon="-80.096488"></trkpt>
      <trkpt lat="39.665442" lon="-80.096262"></trkpt>
      <trkpt lat="39.665335" lon="-80.096062"></trkpt>
      <trkpt lat="39.665239" lon="-80.095793"></trkpt>
      <trkpt lat="39.665176" lon="-80.095524"></trkpt>
      <trkpt lat="39.665140" lon="-80.095254"></trkpt>
      <trkpt lat="39.665134" lon="-80.094787"></trkpt>
      <trkpt lat="39.665202" lon="-80.094127"></trkpt>
      <trkpt lat="39.665509" lon="-80.092729"></trkpt>
      <trkpt lat="39.665908" lon="-80.091172"></trkpt>
      <trkpt lat="39.666363" lon="-80.089460"></trkpt>
      <trkpt lat="39.666513" lon="-80.089131"></trkpt>
      <trkpt lat="39.666571" lon="-80.089003"></trkpt>
      <trkpt lat="39.667371" lon="-80.087470"></trkpt>
      <trkpt lat="39.667928" lon="-80.086386"></trkpt>
      <trkpt lat="39.668168" lon="-80.086006"></trkpt>
      <trkpt lat="39.668213" lon="-80.085936"></trkpt>
      <trkpt lat="39.668560" lon="-80.085550"></trkpt>
      <trkpt lat="39.668861" lon="-80.085318"></trkpt>
      <trkpt lat="39.669340" lon="-80.085019"></trkpt>
      <trkpt lat="39.670248" lon="-80.084173"></trkpt>
      <trkpt lat="39.670753" lon="-80.083565"></trkpt>
      <trkpt lat="39.670930" lon="-80.083307"></trkpt>
      <trkpt lat="39.670988" lon="-80.083181"></trkpt>
      <trkpt lat="39.671033" lon="-80.083020"></trkpt>
      <trkpt lat="39.671042" lon="-80.082827"></trkpt>
      <trkpt lat="39.671029" lon="-80.082685"></trkpt>
      <trkpt lat="39.670955" lon="-80.082505"></trkpt>
      <trkpt lat="39.670796" lon="-80.082248"></trkpt>
      <trkpt lat="39.670538" lon="-80.081870"></trkpt>
      <trkpt lat="39.670389" lon="-80.081569"></trkpt>
      <trkpt lat="39.670098" lon="-80.080826"></trkpt>
      <trkpt lat="39.669955" lon="-80.080405"></trkpt>
      <trkpt lat="39.669757" lon="-80.079971"></trkpt>
      <trkpt lat="39.669594" lon="-80.079751"></trkpt>
      <trkpt lat="39.669497" lon="-80.079635"></trkpt>
      <trkpt lat="39.669175" lon="-80.079386"></trkpt>
      <trkpt lat="39.668184" lon="-80.078769"></trkpt>
      <trkpt lat="39.668089" lon="-80.078710"></trkpt>
      <trkpt lat="39.667845" lon="-80.078560"></trkpt>
      <trkpt lat="39.667684" lon="-80.078413"></trkpt>
      <trkpt lat="39.667544" lon="-80.078286"></trkpt>
      <trkpt lat="39.667343" lon="-80.078013"></trkpt>
      <trkpt lat="39.667181" lon="-80.077749"></trkpt>
      <trkpt lat="39.666991" lon="-80.077229"></trkpt>
      <trkpt lat="39.666982" lon="-80.077170"></trkpt>
      <trkpt lat="39.666920" lon="-80.076720"></trkpt>
      <trkpt lat="39.666887" lon="-80.075800"></trkpt>
      <trkpt lat="39.666883" lon="-80.075636"></trkpt>
      <trkpt lat="39.666879" lon="-80.075336"></trkpt>
      <trkpt lat="39.666809" lon="-80.074815"></trkpt>
      <trkpt lat="39.666218" lon="-80.072707"></trkpt>
      <trkpt lat="39.665966" lon="-80.072251"></trkpt>
      <trkpt lat="39.665293" lon="-80.071485"></trkpt>
      <trkpt lat="39.665120" lon="-80.071280"></trkpt>
      <trkpt lat="39.665021" lon="-80.071100"></trkpt>
      <trkpt lat="39.664954" lon="-80.070921"></trkpt>
      <trkpt lat="39.664913" lon="-80.070759"></trkpt>
      <trkpt lat="39.664880" lon="-80.070402"></trkpt>
      <trkpt lat="39.664938" lon="-80.068629"></trkpt>
      <trkpt lat="39.664996" lon="-80.066863"></trkpt>
      <trkpt lat="39.665023" lon="-80.065881"></trkpt>
      <trkpt lat="39.665046" lon="-80.065178"></trkpt>
      <trkpt lat="39.665079" lon="-80.064736"></trkpt>
      <trkpt lat="39.665110" lon="-80.064468"></trkpt>
      <trkpt lat="39.665248" lon="-80.063764"></trkpt>
      <trkpt lat="39.665444" lon="-80.063108"></trkpt>
      <trkpt lat="39.665471" lon="-80.062917"></trkpt>
      <trkpt lat="39.665465" lon="-80.062738"></trkpt>
      <trkpt lat="39.665454" lon="-80.062589"></trkpt>
      <trkpt lat="39.665335" lon="-80.062299"></trkpt>
      <trkpt lat="39.665069" lon="-80.061825"></trkpt>
      <trkpt lat="39.664835" lon="-80.061409"></trkpt>
      <trkpt lat="39.664769" lon="-80.061201"></trkpt>
      <trkpt lat="39.664732" lon="-80.061001"></trkpt>
      <trkpt lat="39.664707" lon="-80.060438"></trkpt>
      <trkpt lat="39.664674" lon="-80.059961"></trkpt>
      <trkpt lat="39.664648" lon="-80.059580"></trkpt>
      <trkpt lat="39.664641" lon="-80.059477"></trkpt>
      <trkpt lat="39.664647" lon="-80.059041"></trkpt>
      <trkpt lat="39.664674" lon="-80.058760"></trkpt>
      <trkpt lat="39.664773" lon="-80.058290"></trkpt>
      <trkpt lat="39.665149" lon="-80.057011"></trkpt>
      <trkpt lat="39.665259" lon="-80.056662"></trkpt>
      <trkpt lat="39.665389" lon="-80.056367"></trkpt>
      <trkpt lat="39.665647" lon="-80.055917"></trkpt>
      <trkpt lat="39.665764" lon="-80.055648"></trkpt>
      <trkpt lat="39.665890" lon="-80.055316"></trkpt>
      <trkpt lat="39.666456" lon="-80.053980"></trkpt>
      <trkpt lat="39.666576" lon="-80.053763"></trkpt>
      <trkpt lat="39.666815" lon="-80.053398"></trkpt>
      <trkpt lat="39.666934" lon="-80.053148"></trkpt>
      <trkpt lat="39.667009" lon="-80.052966"></trkpt>
      <trkpt lat="39.667052" lon="-80.052815"></trkpt>
      <trkpt lat="39.667131" lon="-80.052435"></trkpt>
      <trkpt lat="39.667156" lon="-80.052137"></trkpt>
      <trkpt lat="39.667127" lon="-80.051751"></trkpt>
      <trkpt lat="39.667019" lon="-80.050958"></trkpt>
      <trkpt lat="39.667020" lon="-80.050748"></trkpt>
      <trkpt lat="39.667104" lon="-80.049871"></trkpt>
      <trkpt lat="39.667115" lon="-80.049606"></trkpt>
      <trkpt lat="39.667106" lon="-80.049187"></trkpt>
      <trkpt lat="39.667034" lon="-80.048392"></trkpt>
      <trkpt lat="39.667015" lon="-80.048195"></trkpt>
      <trkpt lat="39.666958" lon="-80.047366"></trkpt>
      <trkpt lat="39.666935" lon="-80.046953"></trkpt>
      <trkpt lat="39.666931" lon="-80.046558"></trkpt>
      <trkpt lat="39.666953" lon="-80.045926"></trkpt>
      <trkpt lat="39.666962" lon="-80.045631"></trkpt>
      <trkpt lat="39.667015" lon="-80.044403"></trkpt>
      <trkpt lat="39.667135" lon="-80.043537"></trkpt>
      <trkpt lat="39.667238" lon="-80.042895"></trkpt>
      <trkpt lat="39.667274" lon="-80.042684"></trkpt>
      <trkpt lat="39.667329" lon="-80.042364"></trkpt>
      <trkpt lat="39.667391" lon="-80.041984"></trkpt>
      <trkpt lat="39.667408" lon="-80.041753"></trkpt>
      <trkpt lat="39.667404" lon="-80.041545"></trkpt>
      <trkpt lat="39.667362" lon="-80.041272"></trkpt>
      <trkpt lat="39.667205" lon="-80.040240"></trkpt>
      <trkpt lat="39.667098" lon="-80.039147"></trkpt>
      <trkpt lat="39.667057" lon="-80.038765"></trkpt>
      <trkpt lat="39.666821" lon="-80.037459"></trkpt>
      <trkpt lat="39.666808" lon="-80.037111"></trkpt>
      <trkpt lat="39.666879" lon="-80.036664"></trkpt>
      <trkpt lat="39.666980" lon="-80.036328"></trkpt>
      <trkpt lat="39.667396" lon="-80.035376"></trkpt>
      <trkpt lat="39.667517" lon="-80.035046"></trkpt>
      <trkpt lat="39.667623" lon="-80.034631"></trkpt>
      <trkpt lat="39.667825" lon="-80.033606"></trkpt>
      <trkpt lat="39.667928" lon="-80.033185"></trkpt>
      <trkpt lat="39.668038" lon="-80.032887"></trkpt>
      <trkpt lat="39.668275" lon="-80.032386"></trkpt>
      <trkpt lat="39.668395" lon="-80.032083"></trkpt>
      <trkpt lat="39.668491" lon="-80.031774"></trkpt>
      <trkpt lat="39.668572" lon="-80.031366"></trkpt>
      <trkpt lat="39.668601" lon="-80.031007"></trkpt>
      <trkpt lat="39.668630" lon="-80.030176"></trkpt>
      <trkpt lat="39.668675" lon="-80.029199"></trkpt>
      <trkpt lat="39.668651" lon="-80.028995"></trkpt>
      <trkpt lat="39.668602" lon="-80.028790"></trkpt>
      <trkpt lat="39.668536" lon="-80.028598"></trkpt>
      <trkpt lat="39.668456" lon="-80.028411"></trkpt>
      <trkpt lat="39.668312" lon="-80.028245"></trkpt>
      <trkpt lat="39.667874" lon="-80.027622"></trkpt>
      <trkpt lat="39.667631" lon="-80.027177"></trkpt>
      <trkpt lat="39.667449" lon="-80.026726"></trkpt>
      <trkpt lat="39.667263" lon="-80.026238"></trkpt>
      <trkpt lat="39.667142" lon="-80.025721"></trkpt>
      <trkpt lat="39.666871" lon="-80.023004"></trkpt>
      <trkpt lat="39.666885" lon="-80.022349"></trkpt>
      <trkpt lat="39.666995" lon="-80.021329"></trkpt>
      <trkpt lat="39.667094" lon="-80.020661"></trkpt>
      <trkpt lat="39.667150" lon="-80.019940"></trkpt>
      <trkpt lat="39.667134" lon="-80.019328"></trkpt>
      <trkpt lat="39.667084" lon="-80.018765"></trkpt>
      <trkpt lat="39.667030" lon="-80.018417"></trkpt>
      <trkpt lat="39.666933" lon="-80.018073"></trkpt>
      <trkpt lat="39.666801" lon="-80.017631"></trkpt>
      <trkpt lat="39.666657" lon="-80.017241"></trkpt>
      <trkpt lat="39.666418" lon="-80.016468"></trkpt>
      <trkpt lat="39.666298" lon="-80.016131"></trkpt>
      <trkpt lat="39.666187" lon="-80.015867"></trkpt>
      <trkpt lat="39.665964" lon="-80.015403"></trkpt>
      <trkpt lat="39.665826" lon="-80.015092"></trkpt>
      <trkpt lat="39.665734" lon="-80.014840"></trkpt>
      <trkpt lat="39.665674" lon="-80.014633"></trkpt>
      <trkpt lat="39.665629" lon="-80.014413"></trkpt>
      <trkpt lat="39.665596" lon="-80.014162"></trkpt>
      <trkpt lat="39.665583" lon="-80.013940"></trkpt>
      <trkpt lat="39.665584" lon="-80.013742"></trkpt>
      <trkpt lat="39.665587" lon="-80.013423"></trkpt>
      <trkpt lat="39.665578" lon="-80.013121"></trkpt>
      <trkpt lat="39.665548" lon="-80.012884"></trkpt>
      <trkpt lat="39.665501" lon="-80.012614"></trkpt>
      <trkpt lat="39.665458" lon="-80.012443"></trkpt>
      <trkpt lat="39.665348" lon="-80.012134"></trkpt>
      <trkpt lat="39.665197" lon="-80.011834"></trkpt>
      <trkpt lat="39.665049" lon="-80.011609"></trkpt>
      <trkpt lat="39.664913" lon="-80.011436"></trkpt>
      <trkpt lat="39.664704" lon="-80.011223"></trkpt>
      <trkpt lat="39.664437" lon="-80.010992"></trkpt>
      <trkpt lat="39.663873" lon="-80.010487"></trkpt>
      <trkpt lat="39.663255" lon="-80.009946"></trkpt>
      <trkpt lat="39.662646" lon="-80.009411"></trkpt>
      <trkpt lat="39.662429" lon="-80.009220"></trkpt>
      <trkpt lat="39.662176" lon="-80.008974"></trkpt>
      <trkpt lat="39.661987" lon="-80.008762"></trkpt>
      <trkpt lat="39.661802" lon="-80.008536"></trkpt>
      <trkpt lat="39.661455" lon="-80.008042"></trkpt>
      <trkpt lat="39.661302" lon="-80.007785"></trkpt>
      <trkpt lat="39.661154" lon="-80.007487"></trkpt>
      <trkpt lat="39.661007" lon="-80.007157"></trkpt>
      <trkpt lat="39.660916" lon="-80.006917"></trkpt>
      <trkpt lat="39.660824" lon="-80.006655"></trkpt>
      <trkpt lat="39.660714" lon="-80.006248"></trkpt>
      <trkpt lat="39.660675" lon="-80.006092"></trkpt>
      <trkpt lat="39.660664" lon="-80.006048"></trkpt>
      <trkpt lat="39.660608" lon="-80.005811"></trkpt>
      <trkpt lat="39.660596" lon="-80.005761"></trkpt>
      <trkpt lat="39.660578" lon="-80.005686"></trkpt>
      <trkpt lat="39.660558" lon="-80.005578"></trkpt>
      <trkpt lat="39.660274" lon="-80.004274"></trkpt>
      <trkpt lat="39.660208" lon="-80.003942"></trkpt>
      <trkpt lat="39.660189" lon="-80.003840"></trkpt>
      <trkpt lat="39.660174" lon="-80.003754"></trkpt>
      <trkpt lat="39.660143" lon="-80.003582"></trkpt>
      <trkpt lat="39.660006" lon="-80.002888"></trkpt>
      <trkpt lat="39.659921" lon="-80.002495"></trkpt>
      <trkpt lat="39.659858" lon="-80.002153"></trkpt>
      <trkpt lat="39.659809" lon="-80.001897"></trkpt>
      <trkpt lat="39.659663" lon="-80.001570"></trkpt>
      <trkpt lat="39.659537" lon="-80.001358"></trkpt>
      <trkpt lat="39.659415" lon="-80.001215"></trkpt>
      <trkpt lat="39.659321" lon="-80.001106"></trkpt>
      <trkpt lat="39.659213" lon="-80.001299"></trkpt>
      <trkpt lat="39.658787" lon="-80.001757"></trkpt>
      <trkpt lat="39.658569" lon="-80.002031"></trkpt>
      <trkpt lat="39.658445" lon="-80.002208"></trkpt>
      <trkpt lat="39.658327" lon="-80.002420"></trkpt>
      <trkpt lat="39.658075" lon="-80.002948"></trkpt>
      <trkpt lat="39.657670" lon="-80.003923"></trkpt>
      <trkpt lat="39.656757" lon="-80.005956"></trkpt>
      <trkpt lat="39.656385" lon="-80.006820"></trkpt>
      <trkpt lat="39.656036" lon="-80.007647"></trkpt>
      <trkpt lat="39.655831" lon="-80.008116"></trkpt>
      <trkpt lat="39.655409" lon="-80.009184"></trkpt>
      <trkpt lat="39.655320" lon="-80.009452"></trkpt>
      <trkpt lat="39.654938" lon="-80.010764"></trkpt>
      <trkpt lat="39.654905" lon="-80.011182"></trkpt>
      <trkpt lat="39.654916" lon="-80.011530"></trkpt>
      <trkpt lat="39.654970" lon="-80.011788"></trkpt>
      <trkpt lat="39.655061" lon="-80.012049"></trkpt>
      <trkpt lat="39.655166" lon="-80.012245"></trkpt>
      <trkpt lat="39.655300" lon="-80.012401"></trkpt>
      <trkpt lat="39.655508" lon="-80.012499"></trkpt>
      <trkpt lat="39.655674" lon="-80.012510"></trkpt>
      <trkpt lat="39.655887" lon="-80.012459"></trkpt>
      <trkpt lat="39.656044" lon="-80.012339"></trkpt>
      <trkpt lat="39.656192" lon="-80.012132"></trkpt>
      <trkpt lat="39.656240" lon="-80.012025"></trkpt>
      <trkpt lat="39.656271" lon="-80.011880"></trkpt>
      <trkpt lat="39.656285" lon="-80.011639"></trkpt>
      <trkpt lat="39.656271" lon="-80.011495"></trkpt>
      <trkpt lat="39.656243" lon="-80.011376"></trkpt>
      <trkpt lat="39.656195" lon="-80.011244"></trkpt>
      <trkpt lat="39.656114" lon="-80.011082"></trkpt>
      <trkpt lat="39.655987" lon="-80.010965"></trkpt>
      <trkpt lat="39.655867" lon="-80.010886"></trkpt>
      <trkpt lat="39.655549" lon="-80.010782"></trkpt>
      <trkpt lat="39.655181" lon="-80.010616"></trkpt>
      <trkpt lat="39.654713" lon="-80.010425"></trkpt>
      <trkpt lat="39.654096" lon="-80.010064"></trkpt>
      <trkpt lat="39.653220" lon="-80.009517"></trkpt>
      <trkpt lat="39.651647" lon="-80.008361"></trkpt>
      <trkpt lat="39.651259" lon="-80.008088"></trkpt>
      <trkpt lat="39.650731" lon="-80.007764"></trkpt>
      <trkpt lat="39.650192" lon="-80.007493"></trkpt>
      <trkpt lat="39.649638" lon="-80.007270"></trkpt>
      <trkpt lat="39.649151" lon="-80.007132"></trkpt>
      <trkpt lat="39.648858" lon="-80.007063"></trkpt>
      <trkpt lat="39.648041" lon="-80.006940"></trkpt>
      <trkpt lat="39.646190" lon="-80.006727"></trkpt>
      <trkpt lat="39.645340" lon="-80.006620"></trkpt>
      <trkpt lat="39.644761" lon="-80.006534"></trkpt>
      <trkpt lat="39.644175" lon="-80.006363"></trkpt>
      <trkpt lat="39.643687" lon="-80.006159"></trkpt>
      <trkpt lat="39.643274" lon="-80.005923"></trkpt>
      <trkpt lat="39.642878" lon="-80.005683"></trkpt>
      <trkpt lat="39.642548" lon="-80.005321"></trkpt>
      <trkpt lat="39.642162" lon="-80.004927"></trkpt>
      <trkpt lat="39.641506" lon="-80.004206"></trkpt>
      <trkpt lat="39.636762" lon="-79.998554"></trkpt>
      <trkpt lat="39.635799" lon="-79.997391"></trkpt>
      <trkpt lat="39.631352" lon="-79.992147"></trkpt>
      <trkpt lat="39.630468" lon="-79.991074"></trkpt>
      <trkpt lat="39.630213" lon="-79.990804"></trkpt>
      <trkpt lat="39.629790" lon="-79.990355"></trkpt>
      <trkpt lat="39.629228" lon="-79.989851"></trkpt>
      <trkpt lat="39.628336" lon="-79.989196"></trkpt>
      <trkpt lat="39.627511" lon="-79.988764"></trkpt>
      <trkpt lat="39.627274" lon="-79.988659"></trkpt>
      <trkpt lat="39.626985" lon="-79.988562"></trkpt>
      <trkpt lat="39.626254" lon="-79.988359"></trkpt>
      <trkpt lat="39.625737" lon="-79.988245"></trkpt>
      <trkpt lat="39.625111" lon="-79.988166"></trkpt>
      <trkpt lat="39.624532" lon="-79.988139"></trkpt>
      <trkpt lat="39.623965" lon="-79.988157"></trkpt>
      <trkpt lat="39.623547" lon="-79.988205"></trkpt>
      <trkpt lat="39.623066" lon="-79.988291"></trkpt>
      <trkpt lat="39.622646" lon="-79.988399"></trkpt>
      <trkpt lat="39.622146" lon="-79.988564"></trkpt>
      <trkpt lat="39.621642" lon="-79.988758"></trkpt>
      <trkpt lat="39.618427" lon="-79.990033"></trkpt>
      <trkpt lat="39.613220" lon="-79.992178"></trkpt>
      <trkpt lat="39.612630" lon="-79.992389"></trkpt>
      <trkpt lat="39.612030" lon="-79.992608"></trkpt>
      <trkpt lat="39.611328" lon="-79.992876"></trkpt>
      <trkpt lat="39.610765" lon="-79.993041"></trkpt>
      <trkpt lat="39.610225" lon="-79.993180"></trkpt>
      <trkpt lat="39.609653" lon="-79.993295"></trkpt>
      <trkpt lat="39.608923" lon="-79.993400"></trkpt>
      <trkpt lat="39.608121" lon="-79.993456"></trkpt>
      <trkpt lat="39.607658" lon="-79.993467"></trkpt>
      <trkpt lat="39.607251" lon="-79.993434"></trkpt>
      <trkpt lat="39.607129" lon="-79.993424"></trkpt>
      <trkpt lat="39.606782" lon="-79.993398"></trkpt>
      <trkpt lat="39.606471" lon="-79.993368"></trkpt>
      <trkpt lat="39.605976" lon="-79.993292"></trkpt>
      <trkpt lat="39.605328" lon="-79.993155"></trkpt>
      <trkpt lat="39.604476" lon="-79.992919"></trkpt>
      <trkpt lat="39.603847" lon="-79.992694"></trkpt>
      <trkpt lat="39.603163" lon="-79.992410"></trkpt>
      <trkpt lat="39.602482" lon="-79.992098"></trkpt>
      <trkpt lat="39.602450" lon="-79.992083"></trkpt>
      <trkpt lat="39.601706" lon="-79.991632"></trkpt>
      <trkpt lat="39.600979" lon="-79.991149"></trkpt>
      <trkpt lat="39.600416" lon="-79.990699"></trkpt>
      <trkpt lat="39.599805" lon="-79.990184"></trkpt>
      <trkpt lat="39.599218" lon="-79.989626"></trkpt>
      <trkpt lat="39.598581" lon="-79.988939"></trkpt>
      <trkpt lat="39.597978" lon="-79.988199"></trkpt>
      <trkpt lat="39.597598" lon="-79.987662"></trkpt>
      <trkpt lat="39.597143" lon="-79.987008"></trkpt>
      <trkpt lat="39.596291" lon="-79.985527"></trkpt>
      <trkpt lat="39.594866" lon="-79.982943"></trkpt>
      <trkpt lat="39.594167" lon="-79.981676"></trkpt>
      <trkpt lat="39.593968" lon="-79.981332"></trkpt>
      <trkpt lat="39.593704" lon="-79.980978"></trkpt>
      <trkpt lat="39.593208" lon="-79.980452"></trkpt>
      <trkpt lat="39.592836" lon="-79.980163"></trkpt>
      <trkpt lat="39.592472" lon="-79.979927"></trkpt>
      <trkpt lat="39.592050" lon="-79.979701"></trkpt>
      <trkpt lat="39.591686" lon="-79.979573"></trkpt>
      <trkpt lat="39.591331" lon="-79.979498"></trkpt>
      <trkpt lat="39.590948" lon="-79.979454"></trkpt>
      <trkpt lat="39.590252" lon="-79.979415"></trkpt>
      <trkpt lat="39.586027" lon="-79.979265"></trkpt>
      <trkpt lat="39.584847" lon="-79.979256"></trkpt>
      <trkpt lat="39.584466" lon="-79.979253"></trkpt>
      <trkpt lat="39.583825" lon="-79.979229"></trkpt>
      <trkpt lat="39.583448" lon="-79.979220"></trkpt>
      <trkpt lat="39.582926" lon="-79.979226"></trkpt>
      <trkpt lat="39.582063" lon="-79.979203"></trkpt>
      <trkpt lat="39.581356" lon="-79.979170"></trkpt>
      <trkpt lat="39.581039" lon="-79.979135"></trkpt>
      <trkpt lat="39.580752" lon="-79.979075"></trkpt>
      <trkpt lat="39.580544" lon="-79.979007"></trkpt>
      <trkpt lat="39.580289" lon="-79.978897"></trkpt>
      <trkpt lat="39.580087" lon="-79.978780"></trkpt>
      <trkpt lat="39.579962" lon="-79.978693"></trkpt>
      <trkpt lat="39.579798" lon="-79.978568"></trkpt>
      <trkpt lat="39.579638" lon="-79.978420"></trkpt>
      <trkpt lat="39.579506" lon="-79.978275"></trkpt>
      <trkpt lat="39.579333" lon="-79.978072"></trkpt>
      <trkpt lat="39.579172" lon="-79.977839"></trkpt>
      <trkpt lat="39.578984" lon="-79.977517"></trkpt>
      <trkpt lat="39.578861" lon="-79.977233"></trkpt>
      <trkpt lat="39.578753" lon="-79.976937"></trkpt>
      <trkpt lat="39.578682" lon="-79.976691"></trkpt>
      <trkpt lat="39.578624" lon="-79.976434"></trkpt>
      <trkpt lat="39.578577" lon="-79.976171"></trkpt>
      <trkpt lat="39.578551" lon="-79.975931"></trkpt>
      <trkpt lat="39.578542" lon="-79.975521"></trkpt>
      <trkpt lat="39.578545" lon="-79.975326"></trkpt>
      <trkpt lat="39.578559" lon="-79.975099"></trkpt>
      <trkpt lat="39.578609" lon="-79.974637"></trkpt>
      <trkpt lat="39.578723" lon="-79.973857"></trkpt>
      <trkpt lat="39.578971" lon="-79.972192"></trkpt>
      <trkpt lat="39.579025" lon="-79.971641"></trkpt>
      <trkpt lat="39.579229" lon="-79.970385"></trkpt>
      <trkpt lat="39.579442" lon="-79.968931"></trkpt>
      <trkpt lat="39.579554" lon="-79.968192"></trkpt>
      <trkpt lat="39.579615" lon="-79.967832"></trkpt>
      <trkpt lat="39.579696" lon="-79.967414"></trkpt>
      <trkpt lat="39.579815" lon="-79.966831"></trkpt>
      <trkpt lat="39.579930" lon="-79.966328"></trkpt>
      <trkpt lat="39.580056" lon="-79.965843"></trkpt>
      <trkpt lat="39.580221" lon="-79.965239"></trkpt>
      <trkpt lat="39.580393" lon="-79.964664"></trkpt>
      <trkpt lat="39.580735" lon="-79.963598"></trkpt>
      <trkpt lat="39.581116" lon="-79.962427"></trkpt>
      <trkpt lat="39.581383" lon="-79.961610"></trkpt>
      <trkpt lat="39.581628" lon="-79.960900"></trkpt>
      <trkpt lat="39.582156" lon="-79.959269"></trkpt>
      <trkpt lat="39.582370" lon="-79.958661"></trkpt>
      <trkpt lat="39.582518" lon="-79.958181"></trkpt>
      <trkpt lat="39.582787" lon="-79.957374"></trkpt>
      <trkpt lat="39.583217" lon="-79.956047"></trkpt>
      <trkpt lat="39.583664" lon="-79.954655"></trkpt>
      <trkpt lat="39.584136" lon="-79.953209"></trkpt>
      <trkpt lat="39.585802" lon="-79.948033"></trkpt>
      <trkpt lat="39.586568" lon="-79.945659"></trkpt>
      <trkpt lat="39.587309" lon="-79.943348"></trkpt>
      <trkpt lat="39.588227" lon="-79.940504"></trkpt>
      <trkpt lat="39.589171" lon="-79.937566"></trkpt>
      <trkpt lat="39.589739" lon="-79.935865"></trkpt>
      <trkpt lat="39.589873" lon="-79.935488"></trkpt>
      <trkpt lat="39.589984" lon="-79.935203"></trkpt>
      <trkpt lat="39.590115" lon="-79.934894"></trkpt>
      <trkpt lat="39.590316" lon="-79.934474"></trkpt>
      <trkpt lat="39.590525" lon="-79.934076"></trkpt>
      <trkpt lat="39.590712" lon="-79.933756"></trkpt>
      <trkpt lat="39.590880" lon="-79.933488"></trkpt>
      <trkpt lat="39.591091" lon="-79.933166"></trkpt>
      <trkpt lat="39.591323" lon="-79.932852"></trkpt>
      <trkpt lat="39.591590" lon="-79.932516"></trkpt>
      <trkpt lat="39.591863" lon="-79.932193"></trkpt>
      <trkpt lat="39.592095" lon="-79.931961"></trkpt>
      <trkpt lat="39.592482" lon="-79.931563"></trkpt>
      <trkpt lat="39.592695" lon="-79.931367"></trkpt>
      <trkpt lat="39.592954" lon="-79.931173"></trkpt>
      <trkpt lat="39.593387" lon="-79.930876"></trkpt>
      <trkpt lat="39.593732" lon="-79.930648"></trkpt>
      <trkpt lat="39.594076" lon="-79.930458"></trkpt>
      <trkpt lat="39.594542" lon="-79.930239"></trkpt>
      <trkpt lat="39.594915" lon="-79.930092"></trkpt>
      <trkpt lat="39.595168" lon="-79.930004"></trkpt>
      <trkpt lat="39.595557" lon="-79.929899"></trkpt>
      <trkpt lat="39.595930" lon="-79.929815"></trkpt>
      <trkpt lat="39.596360" lon="-79.929757"></trkpt>
      <trkpt lat="39.596799" lon="-79.929726"></trkpt>
      <trkpt lat="39.597037" lon="-79.929722"></trkpt>
      <trkpt lat="39.597340" lon="-79.929734"></trkpt>
      <trkpt lat="39.597714" lon="-79.929770"></trkpt>
      <trkpt lat="39.598137" lon="-79.929832"></trkpt>
      <trkpt lat="39.598614" lon="-79.929942"></trkpt>
      <trkpt lat="39.599391" lon="-79.930167"></trkpt>
      <trkpt lat="39.599783" lon="-79.930284"></trkpt>
      <trkpt lat="39.601460" lon="-79.930773"></trkpt>
      <trkpt lat="39.602487" lon="-79.931068"></trkpt>
      <trkpt lat="39.603114" lon="-79.931246"></trkpt>
      <trkpt lat="39.603457" lon="-79.931337"></trkpt>
      <trkpt lat="39.603808" lon="-79.931406"></trkpt>
      <trkpt lat="39.604067" lon="-79.931437"></trkpt>
      <trkpt lat="39.604312" lon="-79.931451"></trkpt>
      <trkpt lat="39.604516" lon="-79.931453"></trkpt>
      <trkpt lat="39.604760" lon="-79.931435"></trkpt>
      <trkpt lat="39.605038" lon="-79.931403"></trkpt>
      <trkpt lat="39.605294" lon="-79.931356"></trkpt>
      <trkpt lat="39.605565" lon="-79.931283"></trkpt>
      <trkpt lat="39.605754" lon="-79.931225"></trkpt>
      <trkpt lat="39.605938" lon="-79.931153"></trkpt>
      <trkpt lat="39.606155" lon="-79.931061"></trkpt>
      <trkpt lat="39.606389" lon="-79.930946"></trkpt>
      <trkpt lat="39.606664" lon="-79.930788"></trkpt>
      <trkpt lat="39.606942" lon="-79.930599"></trkpt>
      <trkpt lat="39.607246" lon="-79.930364"></trkpt>
      <trkpt lat="39.607490" lon="-79.930136"></trkpt>
      <trkpt lat="39.607752" lon="-79.929869"></trkpt>
      <trkpt lat="39.607974" lon="-79.929615"></trkpt>
      <trkpt lat="39.608215" lon="-79.929292"></trkpt>
      <trkpt lat="39.608367" lon="-79.929065"></trkpt>
      <trkpt lat="39.608507" lon="-79.928839"></trkpt>
      <trkpt lat="39.608685" lon="-79.928511"></trkpt>
      <trkpt lat="39.608848" lon="-79.928181"></trkpt>
      <trkpt lat="39.609023" lon="-79.927785"></trkpt>
      <trkpt lat="39.609329" lon="-79.927016"></trkpt>
      <trkpt lat="39.609792" lon="-79.925856"></trkpt>
      <trkpt lat="39.609968" lon="-79.925443"></trkpt>
      <trkpt lat="39.610224" lon="-79.924879"></trkpt>
      <trkpt lat="39.610433" lon="-79.924447"></trkpt>
      <trkpt lat="39.610672" lon="-79.923967"></trkpt>
      <trkpt lat="39.610938" lon="-79.923463"></trkpt>
      <trkpt lat="39.611228" lon="-79.922944"></trkpt>
      <trkpt lat="39.611499" lon="-79.922503"></trkpt>
      <trkpt lat="39.611909" lon="-79.921887"></trkpt>
      <trkpt lat="39.612098" lon="-79.921633"></trkpt>
      <trkpt lat="39.612430" lon="-79.921102"></trkpt>
      <trkpt lat="39.612757" lon="-79.920607"></trkpt>
      <trkpt lat="39.612889" lon="-79.920389"></trkpt>
      <trkpt lat="39.612944" lon="-79.920259"></trkpt>
      <trkpt lat="39.612973" lon="-79.920165"></trkpt>
      <trkpt lat="39.612997" lon="-79.920061"></trkpt>
      <trkpt lat="39.613005" lon="-79.919977"></trkpt>
      <trkpt lat="39.613009" lon="-79.919877"></trkpt>
      <trkpt lat="39.613005" lon="-79.919785"></trkpt>
      <trkpt lat="39.612994" lon="-79.919686"></trkpt>
      <trkpt lat="39.612968" lon="-79.919572"></trkpt>
      <trkpt lat="39.612939" lon="-79.919484"></trkpt>
      <trkpt lat="39.612885" lon="-79.919361"></trkpt>
      <trkpt lat="39.612847" lon="-79.919297"></trkpt>
      <trkpt lat="39.612795" lon="-79.919222"></trkpt>
      <trkpt lat="39.612736" lon="-79.919160"></trkpt>
      <trkpt lat="39.612664" lon="-79.919096"></trkpt>
      <trkpt lat="39.612579" lon="-79.919035"></trkpt>
      <trkpt lat="39.612520" lon="-79.919010"></trkpt>
      <trkpt lat="39.612455" lon="-79.918984"></trkpt>
      <trkpt lat="39.612364" lon="-79.918968"></trkpt>
      <trkpt lat="39.612273" lon="-79.918962"></trkpt>
      <trkpt lat="39.612169" lon="-79.918971"></trkpt>
      <trkpt lat="39.612066" lon="-79.918997"></trkpt>
      <trkpt lat="39.611984" lon="-79.919039"></trkpt>
      <trkpt lat="39.611892" lon="-79.919105"></trkpt>
      <trkpt lat="39.611804" lon="-79.919190"></trkpt>
      <trkpt lat="39.611733" lon="-79.919287"></trkpt>
      <trkpt lat="39.611672" lon="-79.919395"></trkpt>
      <trkpt lat="39.611528" lon="-79.919734"></trkpt>
      <trkpt lat="39.611164" lon="-79.920609"></trkpt>
      <trkpt lat="39.610743" lon="-79.921602"></trkpt>
      <trkpt lat="39.610654" lon="-79.921721"></trkpt>
      <trkpt lat="39.610528" lon="-79.921635"></trkpt>
      <trkpt lat="39.609784" lon="-79.921148"></trkpt>
      <trkpt lat="39.609387" lon="-79.920850"></trkpt>
      <trkpt lat="39.609164" lon="-79.920645"></trkpt>
      <trkpt lat="39.608674" lon="-79.920143"></trkpt>
      <trkpt lat="39.608391" lon="-79.919828"></trkpt>
      <trkpt lat="39.608244" lon="-79.919620"></trkpt>
      <trkpt lat="39.608128" lon="-79.919410"></trkpt>
      <trkpt lat="39.608110" lon="-79.919367"></trkpt>
      <trkpt lat="39.608020" lon="-79.919158"></trkpt>
      <trkpt lat="39.607961" lon="-79.918917"></trkpt>
      <trkpt lat="39.607915" lon="-79.918552"></trkpt>
      <trkpt lat="39.607883" lon="-79.918305"></trkpt>
      <trkpt lat="39.607846" lon="-79.918121"></trkpt>
      <trkpt lat="39.607790" lon="-79.917965"></trkpt>
      <trkpt lat="39.607713" lon="-79.917817"></trkpt>
      <trkpt lat="39.607615" lon="-79.917679"></trkpt>
      <trkpt lat="39.607531" lon="-79.917587"></trkpt>
      <trkpt lat="39.607417" lon="-79.917501"></trkpt>
      <trkpt lat="39.607371" lon="-79.917470"></trkpt>
      <trkpt lat="39.607316" lon="-79.917432"></trkpt>
      <trkpt lat="39.607190" lon="-79.917390"></trkpt>
      <trkpt lat="39.607036" lon="-79.917371"></trkpt>
      <trkpt lat="39.606881" lon="-79.917379"></trkpt>
      <trkpt lat="39.606690" lon="-79.917415"></trkpt>
      <trkpt lat="39.606564" lon="-79.917437"></trkpt>
      <trkpt lat="39.606286" lon="-79.917464"></trkpt>
      <trkpt lat="39.606063" lon="-79.917448"></trkpt>
      <trkpt lat="39.605873" lon="-79.917413"></trkpt>
      <trkpt lat="39.605571" lon="-79.917344"></trkpt>
      <trkpt lat="39.605408" lon="-79.917287"></trkpt>
      <trkpt lat="39.605282" lon="-79.917221"></trkpt>
      <trkpt lat="39.605167" lon="-79.917129"></trkpt>
      <trkpt lat="39.605065" lon="-79.916998"></trkpt>
      <trkpt lat="39.604971" lon="-79.916838"></trkpt>
      <trkpt lat="39.604938" lon="-79.916772"></trkpt>
      <trkpt lat="39.604753" lon="-79.916400"></trkpt>
      <trkpt lat="39.604444" lon="-79.915773"></trkpt>
      <trkpt lat="39.604421" lon="-79.915727"></trkpt>
      <trkpt lat="39.604381" lon="-79.915637"></trkpt>
      <trkpt lat="39.604340" lon="-79.915554"></trkpt>
      <trkpt lat="39.604270" lon="-79.915405"></trkpt>
      <trkpt lat="39.604245" lon="-79.915351"></trkpt>
      <trkpt lat="39.604220" lon="-79.915292"></trkpt>
      <trkpt lat="39.604155" lon="-79.915140"></trkpt>
      <trkpt lat="39.604084" lon="-79.914907"></trkpt>
      <trkpt lat="39.604044" lon="-79.914692"></trkpt>
      <trkpt lat="39.604024" lon="-79.914454"></trkpt>
      <trkpt lat="39.604060" lon="-79.914191"></trkpt>
      <trkpt lat="39.604076" lon="-79.913892"></trkpt>
      <trkpt lat="39.604113" lon="-79.913645"></trkpt>
      <trkpt lat="39.604149" lon="-79.913398"></trkpt>
      <trkpt lat="39.604177" lon="-79.913221"></trkpt>
      <trkpt lat="39.604227" lon="-79.912899"></trkpt>
      <trkpt lat="39.604270" lon="-79.912630"></trkpt>
      <trkpt lat="39.604317" lon="-79.912425"></trkpt>
      <trkpt lat="39.604388" lon="-79.912225"></trkpt>
      <trkpt lat="39.604492" lon="-79.912016"></trkpt>
      <trkpt lat="39.604621" lon="-79.911811"></trkpt>
      <trkpt lat="39.604986" lon="-79.911220"></trkpt>
      <trkpt lat="39.605144" lon="-79.910956"></trkpt>
      <trkpt lat="39.605278" lon="-79.910713"></trkpt>
      <trkpt lat="39.605394" lon="-79.910466"></trkpt>
      <trkpt lat="39.605532" lon="-79.910142"></trkpt>
      <trkpt lat="39.605975" lon="-79.909040"></trkpt>
      <trkpt lat="39.606445" lon="-79.907812"></trkpt>
      <trkpt lat="39.606562" lon="-79.907474"></trkpt>
      <trkpt lat="39.606718" lon="-79.906985"></trkpt>
      <trkpt lat="39.606868" lon="-79.906463"></trkpt>
      <trkpt lat="39.607142" lon="-79.905573"></trkpt>
      <trkpt lat="39.607297" lon="-79.905036"></trkpt>
      <trkpt lat="39.607652" lon="-79.903797"></trkpt>
      <trkpt lat="39.607749" lon="-79.903361"></trkpt>
      <trkpt lat="39.607781" lon="-79.903150"></trkpt>
      <trkpt lat="39.607790" lon="-79.902780"></trkpt>
      <trkpt lat="39.607767" lon="-79.902085"></trkpt>
      <trkpt lat="39.607752" lon="-79.901621"></trkpt>
      <trkpt lat="39.607710" lon="-79.900585"></trkpt>
      <trkpt lat="39.607674" lon="-79.900166"></trkpt>
      <trkpt lat="39.607451" lon="-79.898699"></trkpt>
      <trkpt lat="39.607311" lon="-79.897874"></trkpt>
      <trkpt lat="39.607224" lon="-79.897557"></trkpt>
      <trkpt lat="39.607132" lon="-79.897312"></trkpt>
      <trkpt lat="39.606203" lon="-79.895434"></trkpt>
      <trkpt lat="39.606014" lon="-79.895030"></trkpt>
      <trkpt lat="39.605951" lon="-79.894853"></trkpt>
      <trkpt lat="39.605915" lon="-79.894660"></trkpt>
      <trkpt lat="39.605911" lon="-79.894564"></trkpt>
      <trkpt lat="39.605918" lon="-79.894245"></trkpt>
      <trkpt lat="39.605919" lon="-79.894185"></trkpt>
      <trkpt lat="39.605970" lon="-79.893890"></trkpt>
      <trkpt lat="39.606042" lon="-79.893642"></trkpt>
      <trkpt lat="39.606312" lon="-79.893254"></trkpt>
      <trkpt lat="39.607105" lon="-79.892231"></trkpt>
      <trkpt lat="39.607146" lon="-79.892177"></trkpt>
      <trkpt lat="39.607349" lon="-79.891903"></trkpt>
      <trkpt lat="39.607755" lon="-79.891370"></trkpt>
      <trkpt lat="39.607903" lon="-79.891042"></trkpt>
      <trkpt lat="39.607924" lon="-79.890995"></trkpt>
      <trkpt lat="39.608116" lon="-79.890453"></trkpt>
      <trkpt lat="39.608167" lon="-79.890304"></trkpt>
      <trkpt lat="39.608294" lon="-79.889938"></trkpt>
      <trkpt lat="39.608403" lon="-79.889624"></trkpt>
      <trkpt lat="39.608516" lon="-79.889330"></trkpt>
      <trkpt lat="39.608596" lon="-79.889182"></trkpt>
      <trkpt lat="39.608682" lon="-79.889107"></trkpt>
      <trkpt lat="39.608704" lon="-79.889090"></trkpt>
      <trkpt lat="39.608735" lon="-79.889078"></trkpt>
      <trkpt lat="39.608751" lon="-79.889071"></trkpt>
      <trkpt lat="39.608785" lon="-79.889058"></trkpt>
      <trkpt lat="39.608986" lon="-79.888974"></trkpt>
      <trkpt lat="39.609187" lon="-79.888836"></trkpt>
      <trkpt lat="39.609313" lon="-79.888640"></trkpt>
      <trkpt lat="39.609373" lon="-79.888480"></trkpt>
      <trkpt lat="39.609414" lon="-79.888296"></trkpt>
      <trkpt lat="39.609524" lon="-79.887432"></trkpt>
      <trkpt lat="39.609601" lon="-79.886677"></trkpt>
      <trkpt lat="39.609623" lon="-79.886471"></trkpt>
      <trkpt lat="39.609605" lon="-79.886338"></trkpt>
      <trkpt lat="39.609561" lon="-79.886086"></trkpt>
      <trkpt lat="39.609440" lon="-79.885833"></trkpt>
      <trkpt lat="39.609310" lon="-79.885586"></trkpt>
      <trkpt lat="39.609052" lon="-79.885180"></trkpt>
      <trkpt lat="39.608137" lon="-79.883411"></trkpt>
      <trkpt lat="39.607624" lon="-79.882409"></trkpt>
      <trkpt lat="39.607303" lon="-79.881783"></trkpt>
      <trkpt lat="39.606361" lon="-79.878440"></trkpt>
      <trkpt lat="39.606152" lon="-79.878044"></trkpt>
      <trkpt lat="39.605875" lon="-79.877727"></trkpt>
      <trkpt lat="39.605677" lon="-79.877485"></trkpt>
      <trkpt lat="39.605335" lon="-79.877140"></trkpt>
      <trkpt lat="39.605068" lon="-79.876817"></trkpt>
      <trkpt lat="39.604569" lon="-79.876074"></trkpt>
      <trkpt lat="39.604081" lon="-79.875281"></trkpt>
      <trkpt lat="39.603761" lon="-79.874871"></trkpt>
      <trkpt lat="39.603565" lon="-79.874581"></trkpt>
      <trkpt lat="39.603439" lon="-79.874447"></trkpt>
      <trkpt lat="39.603238" lon="-79.874329"></trkpt>
      <trkpt lat="39.603020" lon="-79.874234"></trkpt>
      <trkpt lat="39.602587" lon="-79.874041"></trkpt>
      <trkpt lat="39.602385" lon="-79.873888"></trkpt>
      <trkpt lat="39.602099" lon="-79.873426"></trkpt>
      <trkpt lat="39.601743" lon="-79.873027"></trkpt>
      <trkpt lat="39.601346" lon="-79.872744"></trkpt>
      <trkpt lat="39.600898" lon="-79.872217"></trkpt>
      <trkpt lat="39.600376" lon="-79.871434"></trkpt>
      <trkpt lat="39.599410" lon="-79.869902"></trkpt>
      <trkpt lat="39.598795" lon="-79.868968"></trkpt>
      <trkpt lat="39.598198" lon="-79.868063"></trkpt>
      <trkpt lat="39.598039" lon="-79.867778"></trkpt>
      <trkpt lat="39.597907" lon="-79.867455"></trkpt>
      <trkpt lat="39.597576" lon="-79.865681"></trkpt>
      <trkpt lat="39.597415" lon="-79.864793"></trkpt>
      <trkpt lat="39.597090" lon="-79.863982"></trkpt>
      <trkpt lat="39.596817" lon="-79.863525"></trkpt>
      <trkpt lat="39.596621" lon="-79.863264"></trkpt>
      <trkpt lat="39.596410" lon="-79.863046"></trkpt>
      <trkpt lat="39.596139" lon="-79.862760"></trkpt>
      <trkpt lat="39.595839" lon="-79.862629"></trkpt>
      <trkpt lat="39.595693" lon="-79.862609"></trkpt>
      <trkpt lat="39.595010" lon="-79.862614"></trkpt>
      <trkpt lat="39.594347" lon="-79.862414"></trkpt>
      <trkpt lat="39.593558" lon="-79.862094"></trkpt>
      <trkpt lat="39.592716" lon="-79.861737"></trkpt>
      <trkpt lat="39.592329" lon="-79.861590"></trkpt>
      <trkpt lat="39.592155" lon="-79.861520"></trkpt>
      <trkpt lat="39.591836" lon="-79.861510"></trkpt>
      <trkpt lat="39.591025" lon="-79.861875"></trkpt>
      <trkpt lat="39.590148" lon="-79.862307"></trkpt>
      <trkpt lat="39.589291" lon="-79.863044"></trkpt>
      <trkpt lat="39.588678" lon="-79.863642"></trkpt>
      <trkpt lat="39.588013" lon="-79.864363"></trkpt>
      <trkpt lat="39.587356" lon="-79.865136"></trkpt>
      <trkpt lat="39.587021" lon="-79.865407"></trkpt>
      <trkpt lat="39.586557" lon="-79.865661"></trkpt>
      <trkpt lat="39.585867" lon="-79.865891"></trkpt>
      <trkpt lat="39.585472" lon="-79.866027"></trkpt>
      <trkpt lat="39.585174" lon="-79.866220"></trkpt>
      <trkpt lat="39.584809" lon="-79.866627"></trkpt>
      <trkpt lat="39.584279" lon="-79.867431"></trkpt>
      <trkpt lat="39.584056" lon="-79.867802"></trkpt>
      <trkpt lat="39.583966" lon="-79.867892"></trkpt>
      <trkpt lat="39.583869" lon="-79.867957"></trkpt>
      <trkpt lat="39.583780" lon="-79.867997"></trkpt>
      <trkpt lat="39.583687" lon="-79.868016"></trkpt>
      <trkpt lat="39.583554" lon="-79.868012"></trkpt>
      <trkpt lat="39.583474" lon="-79.867982"></trkpt>
      <trkpt lat="39.583395" lon="-79.867943"></trkpt>
      <trkpt lat="39.583297" lon="-79.867855"></trkpt>
      <trkpt lat="39.583181" lon="-79.867737"></trkpt>
      <trkpt lat="39.583126" lon="-79.867630"></trkpt>
      <trkpt lat="39.583086" lon="-79.867518"></trkpt>
      <trkpt lat="39.583078" lon="-79.867337"></trkpt>
      <trkpt lat="39.583077" lon="-79.867184"></trkpt>
      <trkpt lat="39.583062" lon="-79.867057"></trkpt>
      <trkpt lat="39.582958" lon="-79.866743"></trkpt>
      <trkpt lat="39.582859" lon="-79.866515"></trkpt>
      <trkpt lat="39.582789" lon="-79.866383"></trkpt>
      <trkpt lat="39.582590" lon="-79.866021"></trkpt>
      <trkpt lat="39.582339" lon="-79.865668"></trkpt>
      <trkpt lat="39.581999" lon="-79.865274"></trkpt>
      <trkpt lat="39.581679" lon="-79.864989"></trkpt>
      <trkpt lat="39.581379" lon="-79.864707"></trkpt>
      <trkpt lat="39.581099" lon="-79.864414"></trkpt>
      <trkpt lat="39.580844" lon="-79.863942"></trkpt>
      <trkpt lat="39.580490" lon="-79.863227"></trkpt>
      <trkpt lat="39.580315" lon="-79.862960"></trkpt>
      <trkpt lat="39.579503" lon="-79.861924"></trkpt>
      <trkpt lat="39.579021" lon="-79.861330"></trkpt>
      <trkpt lat="39.578768" lon="-79.861002"></trkpt>
      <trkpt lat="39.578533" lon="-79.860796"></trkpt>
      <trkpt lat="39.578346" lon="-79.860644"></trkpt>
      <trkpt lat="39.578139" lon="-79.860534"></trkpt>
      <trkpt lat="39.577686" lon="-79.860283"></trkpt>
      <trkpt lat="39.577400" lon="-79.860060"></trkpt>
      <trkpt lat="39.577027" lon="-79.859792"></trkpt>
      <trkpt lat="39.576855" lon="-79.859649"></trkpt>
      <trkpt lat="39.576751" lon="-79.859527"></trkpt>
      <trkpt lat="39.576658" lon="-79.859345"></trkpt>
      <trkpt lat="39.576564" lon="-79.859049"></trkpt>
      <trkpt lat="39.576494" lon="-79.858719"></trkpt>
      <trkpt lat="39.576387" lon="-79.857943"></trkpt>
      <trkpt lat="39.576248" lon="-79.857116"></trkpt>
      <trkpt lat="39.576091" lon="-79.856442"></trkpt>
      <trkpt lat="39.575822" lon="-79.855638"></trkpt>
      <trkpt lat="39.575331" lon="-79.854152"></trkpt>
      <trkpt lat="39.575215" lon="-79.853913"></trkpt>
      <trkpt lat="39.575045" lon="-79.853648"></trkpt>
      <trkpt lat="39.574857" lon="-79.853429"></trkpt>
      <trkpt lat="39.574579" lon="-79.853215"></trkpt>
      <trkpt lat="39.574421" lon="-79.853119"></trkpt>
      <trkpt lat="39.574273" lon="-79.852964"></trkpt>
      <trkpt lat="39.574147" lon="-79.852785"></trkpt>
      <trkpt lat="39.574012" lon="-79.852513"></trkpt>
      <trkpt lat="39.573941" lon="-79.852250"></trkpt>
      <trkpt lat="39.573471" lon="-79.850047"></trkpt>
      <trkpt lat="39.573319" lon="-79.849406"></trkpt>
      <trkpt lat="39.573220" lon="-79.848949"></trkpt>
      <trkpt lat="39.573199" lon="-79.848852"></trkpt>
      <trkpt lat="39.573122" lon="-79.848469"></trkpt>
      <trkpt lat="39.573078" lon="-79.848217"></trkpt>
      <trkpt lat="39.573088" lon="-79.847929"></trkpt>
      <trkpt lat="39.573197" lon="-79.847632"></trkpt>
      <trkpt lat="39.573477" lon="-79.847058"></trkpt>
      <trkpt lat="39.574155" lon="-79.845553"></trkpt>
      <trkpt lat="39.574264" lon="-79.845250"></trkpt>
      <trkpt lat="39.574313" lon="-79.845010"></trkpt>
      <trkpt lat="39.574371" lon="-79.844737"></trkpt>
      <trkpt lat="39.574392" lon="-79.844371"></trkpt>
      <trkpt lat="39.574381" lon="-79.844009"></trkpt>
      <trkpt lat="39.574288" lon="-79.843582"></trkpt>
      <trkpt lat="39.574150" lon="-79.843026"></trkpt>
      <trkpt lat="39.573995" lon="-79.842483"></trkpt>
      <trkpt lat="39.573858" lon="-79.842178"></trkpt>
      <trkpt lat="39.573671" lon="-79.841883"></trkpt>
      <trkpt lat="39.573308" lon="-79.841452"></trkpt>
      <trkpt lat="39.572120" lon="-79.840019"></trkpt>
      <trkpt lat="39.571919" lon="-79.839693"></trkpt>
      <trkpt lat="39.571609" lon="-79.839167"></trkpt>
      <trkpt lat="39.571357" lon="-79.838734"></trkpt>
      <trkpt lat="39.570510" lon="-79.837326"></trkpt>
      <trkpt lat="39.569527" lon="-79.835706"></trkpt>
      <trkpt lat="39.569210" lon="-79.835225"></trkpt>
      <trkpt lat="39.568910" lon="-79.834871"></trkpt>
      <trkpt lat="39.568613" lon="-79.834520"></trkpt>
      <trkpt lat="39.568448" lon="-79.834278"></trkpt>
      <trkpt lat="39.568317" lon="-79.834024"></trkpt>
      <trkpt lat="39.568162" lon="-79.833646"></trkpt>
      <trkpt lat="39.567838" lon="-79.832797"></trkpt>
      <trkpt lat="39.567758" lon="-79.832388"></trkpt>
      <trkpt lat="39.567085" lon="-79.829089"></trkpt>
      <trkpt lat="39.566754" lon="-79.827491"></trkpt>
      <trkpt lat="39.566319" lon="-79.825492"></trkpt>
      <trkpt lat="39.566051" lon="-79.824132"></trkpt>
      <trkpt lat="39.565927" lon="-79.823747"></trkpt>
      <trkpt lat="39.565412" lon="-79.822377"></trkpt>
      <trkpt lat="39.565272" lon="-79.821941"></trkpt>
      <trkpt lat="39.565180" lon="-79.821581"></trkpt>
      <trkpt lat="39.565030" lon="-79.820820"></trkpt>
      <trkpt lat="39.564944" lon="-79.820581"></trkpt>
      <trkpt lat="39.564826" lon="-79.820371"></trkpt>
      <trkpt lat="39.564679" lon="-79.820207"></trkpt>
      <trkpt lat="39.564443" lon="-79.819977"></trkpt>
      <trkpt lat="39.564306" lon="-79.819821"></trkpt>
      <trkpt lat="39.564225" lon="-79.819677"></trkpt>
      <trkpt lat="39.564176" lon="-79.819561"></trkpt>
      <trkpt lat="39.564125" lon="-79.819323"></trkpt>
      <trkpt lat="39.564129" lon="-79.819065"></trkpt>
      <trkpt lat="39.564184" lon="-79.818727"></trkpt>
      <trkpt lat="39.564298" lon="-79.818148"></trkpt>
      <trkpt lat="39.564329" lon="-79.817915"></trkpt>
      <trkpt lat="39.564332" lon="-79.817656"></trkpt>
      <trkpt lat="39.564323" lon="-79.817435"></trkpt>
      <trkpt lat="39.564233" lon="-79.817028"></trkpt>
      <trkpt lat="39.563694" lon="-79.815159"></trkpt>
      <trkpt lat="39.563271" lon="-79.813681"></trkpt>
      <trkpt lat="39.563088" lon="-79.813041"></trkpt>
      <trkpt lat="39.563029" lon="-79.812860"></trkpt>
      <trkpt lat="39.562905" lon="-79.812656"></trkpt>
      <trkpt lat="39.562884" lon="-79.812621"></trkpt>
      <trkpt lat="39.562508" lon="-79.812014"></trkpt>
      <trkpt lat="39.562146" lon="-79.811510"></trkpt>
      <trkpt lat="39.561993" lon="-79.811193"></trkpt>
      <trkpt lat="39.561841" lon="-79.810806"></trkpt>
      <trkpt lat="39.561761" lon="-79.810474"></trkpt>
      <trkpt lat="39.561741" lon="-79.810182"></trkpt>
      <trkpt lat="39.561724" lon="-79.809238"></trkpt>
      <trkpt lat="39.561683" lon="-79.808922"></trkpt>
      <trkpt lat="39.561597" lon="-79.808606"></trkpt>
      <trkpt lat="39.560921" lon="-79.806889"></trkpt>
      <trkpt lat="39.560802" lon="-79.806655"></trkpt>
      <trkpt lat="39.560677" lon="-79.806521"></trkpt>
      <trkpt lat="39.560455" lon="-79.806343"></trkpt>
      <trkpt lat="39.559801" lon="-79.805979"></trkpt>
      <trkpt lat="39.559630" lon="-79.805823"></trkpt>
      <trkpt lat="39.559070" lon="-79.805081"></trkpt>
      <trkpt lat="39.558759" lon="-79.804647"></trkpt>
      <trkpt lat="39.558607" lon="-79.804465"></trkpt>
      <trkpt lat="39.558434" lon="-79.804304"></trkpt>
      <trkpt lat="39.557985" lon="-79.804026"></trkpt>
      <trkpt lat="39.557264" lon="-79.803580"></trkpt>
      <trkpt lat="39.556730" lon="-79.803226"></trkpt>
      <trkpt lat="39.556508" lon="-79.803051"></trkpt>
      <trkpt lat="39.556304" lon="-79.802813"></trkpt>
      <trkpt lat="39.556254" lon="-79.802712"></trkpt>
      <trkpt lat="39.556163" lon="-79.802530"></trkpt>
      <trkpt lat="39.556079" lon="-79.802280"></trkpt>
      <trkpt lat="39.556025" lon="-79.801944"></trkpt>
      <trkpt lat="39.556016" lon="-79.801484"></trkpt>
      <trkpt lat="39.555996" lon="-79.801259"></trkpt>
      <trkpt lat="39.555987" lon="-79.800967"></trkpt>
      <trkpt lat="39.555952" lon="-79.800793"></trkpt>
      <trkpt lat="39.555919" lon="-79.800691"></trkpt>
      <trkpt lat="39.555871" lon="-79.800584"></trkpt>
      <trkpt lat="39.555801" lon="-79.800495"></trkpt>
      <trkpt lat="39.555657" lon="-79.800309"></trkpt>
      <trkpt lat="39.555634" lon="-79.800279"></trkpt>
      <trkpt lat="39.554979" lon="-79.799717"></trkpt>
      <trkpt lat="39.554783" lon="-79.799538"></trkpt>
      <trkpt lat="39.554613" lon="-79.799362"></trkpt>
      <trkpt lat="39.554362" lon="-79.799077"></trkpt>
      <trkpt lat="39.554244" lon="-79.798866"></trkpt>
      <trkpt lat="39.554207" lon="-79.798801"></trkpt>
      <trkpt lat="39.554006" lon="-79.798370"></trkpt>
      <trkpt lat="39.553865" lon="-79.797901"></trkpt>
      <trkpt lat="39.553817" lon="-79.797806"></trkpt>
      <trkpt lat="39.553747" lon="-79.797729"></trkpt>
      <trkpt lat="39.553625" lon="-79.797667"></trkpt>
      <trkpt lat="39.553320" lon="-79.797680"></trkpt>
      <trkpt lat="39.552885" lon="-79.797709"></trkpt>
      <trkpt lat="39.552283" lon="-79.797725"></trkpt>
      <trkpt lat="39.551880" lon="-79.797721"></trkpt>
      <trkpt lat="39.551792" lon="-79.797764"></trkpt>
      <trkpt lat="39.551684" lon="-79.797874"></trkpt>
      <trkpt lat="39.551592" lon="-79.797991"></trkpt>
      <trkpt lat="39.551491" lon="-79.798096"></trkpt>
      <trkpt lat="39.551346" lon="-79.798193"></trkpt>
      <trkpt lat="39.550279" lon="-79.798465"></trkpt>
      <trkpt lat="39.550167" lon="-79.798540"></trkpt>
      <trkpt lat="39.549782" lon="-79.798857"></trkpt>
      <trkpt lat="39.549612" lon="-79.798996"></trkpt>
      <trkpt lat="39.549381" lon="-79.799186"></trkpt>
      <trkpt lat="39.549320" lon="-79.799207"></trkpt>
      <trkpt lat="39.549133" lon="-79.799272"></trkpt>
      <trkpt lat="39.548939" lon="-79.799321"></trkpt>
      <trkpt lat="39.548376" lon="-79.799465"></trkpt>
      <trkpt lat="39.547503" lon="-79.799674"></trkpt>
      <trkpt lat="39.547342" lon="-79.799716"></trkpt>
      <trkpt lat="39.546395" lon="-79.799956"></trkpt>
      <trkpt lat="39.546156" lon="-79.799999"></trkpt>
      <trkpt lat="39.545937" lon="-79.800028"></trkpt>
      <trkpt lat="39.545804" lon="-79.800034"></trkpt>
      <trkpt lat="39.545307" lon="-79.800066"></trkpt>
      <trkpt lat="39.545137" lon="-79.800085"></trkpt>
      <trkpt lat="39.544916" lon="-79.800144"></trkpt>
      <trkpt lat="39.544735" lon="-79.800193"></trkpt>
      <trkpt lat="39.544239" lon="-79.800326"></trkpt>
      <trkpt lat="39.543186" lon="-79.800673"></trkpt>
      <trkpt lat="39.542884" lon="-79.800752"></trkpt>
      <trkpt lat="39.542646" lon="-79.800819"></trkpt>
      <trkpt lat="39.542423" lon="-79.800830"></trkpt>
      <trkpt lat="39.542218" lon="-79.800810"></trkpt>
      <trkpt lat="39.542010" lon="-79.800727"></trkpt>
      <trkpt lat="39.541845" lon="-79.800620"></trkpt>
      <trkpt lat="39.541280" lon="-79.800123"></trkpt>
      <trkpt lat="39.540161" lon="-79.799048"></trkpt>
      <trkpt lat="39.539939" lon="-79.798917"></trkpt>
      <trkpt lat="39.539739" lon="-79.798833"></trkpt>
      <trkpt lat="39.539199" lon="-79.798640"></trkpt>
      <trkpt lat="39.537537" lon="-79.798130"></trkpt>
      <trkpt lat="39.537336" lon="-79.798081"></trkpt>
      <trkpt lat="39.537173" lon="-79.798053"></trkpt>
      <trkpt lat="39.536976" lon="-79.798049"></trkpt>
      <trkpt lat="39.536033" lon="-79.798120"></trkpt>
      <trkpt lat="39.535791" lon="-79.798130"></trkpt>
      <trkpt lat="39.535384" lon="-79.798107"></trkpt>
      <trkpt lat="39.533941" lon="-79.797984"></trkpt>
      <trkpt lat="39.533354" lon="-79.797948"></trkpt>
      <trkpt lat="39.533188" lon="-79.797958"></trkpt>
      <trkpt lat="39.532379" lon="-79.797835"></trkpt>
      <trkpt lat="39.531747" lon="-79.797669"></trkpt>
      <trkpt lat="39.531496" lon="-79.797603"></trkpt>
      <trkpt lat="39.530675" lon="-79.797388"></trkpt>
      <trkpt lat="39.530239" lon="-79.797258"></trkpt>
      <trkpt lat="39.529980" lon="-79.797183"></trkpt>
      <trkpt lat="39.529284" lon="-79.797001"></trkpt>
      <trkpt lat="39.529015" lon="-79.796922"></trkpt>
      <trkpt lat="39.528754" lon="-79.796849"></trkpt>
      <trkpt lat="39.528596" lon="-79.796824"></trkpt>
      <trkpt lat="39.528388" lon="-79.796839"></trkpt>
      <trkpt lat="39.528206" lon="-79.796876"></trkpt>
      <trkpt lat="39.527983" lon="-79.796957"></trkpt>
      <trkpt lat="39.527792" lon="-79.797064"></trkpt>
      <trkpt lat="39.526753" lon="-79.797752"></trkpt>
      <trkpt lat="39.526612" lon="-79.797825"></trkpt>
      <trkpt lat="39.526460" lon="-79.797878"></trkpt>
      <trkpt lat="39.526312" lon="-79.797885"></trkpt>
      <trkpt lat="39.526207" lon="-79.797878"></trkpt>
      <trkpt lat="39.525888" lon="-79.797741"></trkpt>
      <trkpt lat="39.524798" lon="-79.797148"></trkpt>
      <trkpt lat="39.524297" lon="-79.796813"></trkpt>
      <trkpt lat="39.523478" lon="-79.796254"></trkpt>
      <trkpt lat="39.522799" lon="-79.795814"></trkpt>
      <trkpt lat="39.522671" lon="-79.795740"></trkpt>
      <trkpt lat="39.522431" lon="-79.795655"></trkpt>
      <trkpt lat="39.522191" lon="-79.795612"></trkpt>
      <trkpt lat="39.521472" lon="-79.795524"></trkpt>
      <trkpt lat="39.520294" lon="-79.795379"></trkpt>
      <trkpt lat="39.519640" lon="-79.795288"></trkpt>
      <trkpt lat="39.518707" lon="-79.795167"></trkpt>
      <trkpt lat="39.518230" lon="-79.795119"></trkpt>
      <trkpt lat="39.518099" lon="-79.795106"></trkpt>
      <trkpt lat="39.517900" lon="-79.795106"></trkpt>
      <trkpt lat="39.517672" lon="-79.795136"></trkpt>
      <trkpt lat="39.517488" lon="-79.795191"></trkpt>
      <trkpt lat="39.517278" lon="-79.795269"></trkpt>
      <trkpt lat="39.517115" lon="-79.795358"></trkpt>
      <trkpt lat="39.516915" lon="-79.795519"></trkpt>
      <trkpt lat="39.516571" lon="-79.795776"></trkpt>
      <trkpt lat="39.516312" lon="-79.795989"></trkpt>
      <trkpt lat="39.516237" lon="-79.796050"></trkpt>
      <trkpt lat="39.515612" lon="-79.796573"></trkpt>
      <trkpt lat="39.514249" lon="-79.797689"></trkpt>
      <trkpt lat="39.514187" lon="-79.797738"></trkpt>
      <trkpt lat="39.513969" lon="-79.797923"></trkpt>
      <trkpt lat="39.513731" lon="-79.798092"></trkpt>
      <trkpt lat="39.513441" lon="-79.798221"></trkpt>
      <trkpt lat="39.513150" lon="-79.798283"></trkpt>
      <trkpt lat="39.512863" lon="-79.798304"></trkpt>
      <trkpt lat="39.512600" lon="-79.798274"></trkpt>
      <trkpt lat="39.511895" lon="-79.798115"></trkpt>
      <trkpt lat="39.511732" lon="-79.798090"></trkpt>
      <trkpt lat="39.511574" lon="-79.798098"></trkpt>
      <trkpt lat="39.511394" lon="-79.798122"></trkpt>
      <trkpt lat="39.511205" lon="-79.798193"></trkpt>
      <trkpt lat="39.510942" lon="-79.798332"></trkpt>
      <trkpt lat="39.510816" lon="-79.798390"></trkpt>
      <trkpt lat="39.510626" lon="-79.798513"></trkpt>
      <trkpt lat="39.510109" lon="-79.798240"></trkpt>
      <trkpt lat="39.509744" lon="-79.798070"></trkpt>
      <trkpt lat="39.509464" lon="-79.797912"></trkpt>
      <trkpt lat="39.509275" lon="-79.797771"></trkpt>
      <trkpt lat="39.509147" lon="-79.797635"></trkpt>
      <trkpt lat="39.508987" lon="-79.797358"></trkpt>
      <trkpt lat="39.508900" lon="-79.797149"></trkpt>
      <trkpt lat="39.508834" lon="-79.796901"></trkpt>
      <trkpt lat="39.508768" lon="-79.796479"></trkpt>
      <trkpt lat="39.508742" lon="-79.796135"></trkpt>
      <trkpt lat="39.508727" lon="-79.795834"></trkpt>
      <trkpt lat="39.508744" lon="-79.795553"></trkpt>
      <trkpt lat="39.508855" lon="-79.794988"></trkpt>
      <trkpt lat="39.508883" lon="-79.794709"></trkpt>
      <trkpt lat="39.508902" lon="-79.794101"></trkpt>
      <trkpt lat="39.508912" lon="-79.793330"></trkpt>
      <trkpt lat="39.508925" lon="-79.792931"></trkpt>
      <trkpt lat="39.508944" lon="-79.791346"></trkpt>
      <trkpt lat="39.508952" lon="-79.791143"></trkpt>
      <trkpt lat="39.508977" lon="-79.790478"></trkpt>
      <trkpt lat="39.508994" lon="-79.790054"></trkpt>
      <trkpt lat="39.509026" lon="-79.789688"></trkpt>
      <trkpt lat="39.509079" lon="-79.789073"></trkpt>
      <trkpt lat="39.509157" lon="-79.788167"></trkpt>
      <trkpt lat="39.509188" lon="-79.787837"></trkpt>
      <trkpt lat="39.509201" lon="-79.787694"></trkpt>
      <trkpt lat="39.509300" lon="-79.787317"></trkpt>
      <trkpt lat="39.509531" lon="-79.786570"></trkpt>
      <trkpt lat="39.509593" lon="-79.786230"></trkpt>
      <trkpt lat="39.509615" lon="-79.785835"></trkpt>
      <trkpt lat="39.509592" lon="-79.784163"></trkpt>
      <trkpt lat="39.509540" lon="-79.781843"></trkpt>
      <trkpt lat="39.509519" lon="-79.781497"></trkpt>
      <trkpt lat="39.509475" lon="-79.781166"></trkpt>
      <trkpt lat="39.509356" lon="-79.780461"></trkpt>
      <trkpt lat="39.509123" lon="-79.779113"></trkpt>
      <trkpt lat="39.508991" lon="-79.778288"></trkpt>
      <trkpt lat="39.508981" lon="-79.778097"></trkpt>
      <trkpt lat="39.508992" lon="-79.777976"></trkpt>
      <trkpt lat="39.509025" lon="-79.777844"></trkpt>
      <trkpt lat="39.509107" lon="-79.777700"></trkpt>
      <trkpt lat="39.509286" lon="-79.777472"></trkpt>
      <trkpt lat="39.509623" lon="-79.777015"></trkpt>
      <trkpt lat="39.509770" lon="-79.776735"></trkpt>
      <trkpt lat="39.509927" lon="-79.776426"></trkpt>
      <trkpt lat="39.510318" lon="-79.775500"></trkpt>
      <trkpt lat="39.510495" lon="-79.775134"></trkpt>
      <trkpt lat="39.510581" lon="-79.774848"></trkpt>
      <trkpt lat="39.510632" lon="-79.774514"></trkpt>
      <trkpt lat="39.510631" lon="-79.774189"></trkpt>
      <trkpt lat="39.510288" lon="-79.772470"></trkpt>
      <trkpt lat="39.510203" lon="-79.772075"></trkpt>
      <trkpt lat="39.510176" lon="-79.771851"></trkpt>
      <trkpt lat="39.510195" lon="-79.771647"></trkpt>
      <trkpt lat="39.510220" lon="-79.771442"></trkpt>
      <trkpt lat="39.510617" lon="-79.769957"></trkpt>
      <trkpt lat="39.510832" lon="-79.769250"></trkpt>
      <trkpt lat="39.510915" lon="-79.768826"></trkpt>
      <trkpt lat="39.510988" lon="-79.768432"></trkpt>
      <trkpt lat="39.511152" lon="-79.767121"></trkpt>
      <trkpt lat="39.511206" lon="-79.766438"></trkpt>
      <trkpt lat="39.511203" lon="-79.766380"></trkpt>
      <trkpt lat="39.511196" lon="-79.766252"></trkpt>
      <trkpt lat="39.511147" lon="-79.766073"></trkpt>
      <trkpt lat="39.511091" lon="-79.765903"></trkpt>
      <trkpt lat="39.510838" lon="-79.765480"></trkpt>
      <trkpt lat="39.510533" lon="-79.764894"></trkpt>
      <trkpt lat="39.510331" lon="-79.764615"></trkpt>
      <trkpt lat="39.510099" lon="-79.764186"></trkpt>
      <trkpt lat="39.509791" lon="-79.763453"></trkpt>
      <trkpt lat="39.509652" lon="-79.763129"></trkpt>
      <trkpt lat="39.509618" lon="-79.763026"></trkpt>
      <trkpt lat="39.509524" lon="-79.762744"></trkpt>
      <trkpt lat="39.509507" lon="-79.762425"></trkpt>
      <trkpt lat="39.509571" lon="-79.762119"></trkpt>
      <trkpt lat="39.509673" lon="-79.761887"></trkpt>
      <trkpt lat="39.510005" lon="-79.761241"></trkpt>
      <trkpt lat="39.510047" lon="-79.761137"></trkpt>
      <trkpt lat="39.510110" lon="-79.760988"></trkpt>
      <trkpt lat="39.510131" lon="-79.760939"></trkpt>
      <trkpt lat="39.510192" lon="-79.760719"></trkpt>
      <trkpt lat="39.510220" lon="-79.760509"></trkpt>
      <trkpt lat="39.510211" lon="-79.760290"></trkpt>
      <trkpt lat="39.510189" lon="-79.760136"></trkpt>
      <trkpt lat="39.510070" lon="-79.759489"></trkpt>
      <trkpt lat="39.510025" lon="-79.759243"></trkpt>
      <trkpt lat="39.510035" lon="-79.758990"></trkpt>
      <trkpt lat="39.510137" lon="-79.758159"></trkpt>
      <trkpt lat="39.510158" lon="-79.757775"></trkpt>
      <trkpt lat="39.510149" lon="-79.757497"></trkpt>
      <trkpt lat="39.510141" lon="-79.756590"></trkpt>
      <trkpt lat="39.510129" lon="-79.755984"></trkpt>
      <trkpt lat="39.510067" lon="-79.755474"></trkpt>
      <trkpt lat="39.509963" lon="-79.755040"></trkpt>
      <trkpt lat="39.509831" lon="-79.754637"></trkpt>
      <trkpt lat="39.509525" lon="-79.753870"></trkpt>
      <trkpt lat="39.509276" lon="-79.753329"></trkpt>
      <trkpt lat="39.509167" lon="-79.753095"></trkpt>
      <trkpt lat="39.509090" lon="-79.752985"></trkpt>
      <trkpt lat="39.509000" lon="-79.752861"></trkpt>
      <trkpt lat="39.508858" lon="-79.752755"></trkpt>
      <trkpt lat="39.508360" lon="-79.752403"></trkpt>
      <trkpt lat="39.507573" lon="-79.751872"></trkpt>
      <trkpt lat="39.507300" lon="-79.751733"></trkpt>
      <trkpt lat="39.507006" lon="-79.751631"></trkpt>
      <trkpt lat="39.506778" lon="-79.751561"></trkpt>
      <trkpt lat="39.506552" lon="-79.751554"></trkpt>
      <trkpt lat="39.505210" lon="-79.751640"></trkpt>
      <trkpt lat="39.504838" lon="-79.751640"></trkpt>
      <trkpt lat="39.503298" lon="-79.751639"></trkpt>
      <trkpt lat="39.502843" lon="-79.751629"></trkpt>
      <trkpt lat="39.502399" lon="-79.751596"></trkpt>
      <trkpt lat="39.501933" lon="-79.751531"></trkpt>
      <trkpt lat="39.501572" lon="-79.751456"></trkpt>
      <trkpt lat="39.501094" lon="-79.751343"></trkpt>
      <trkpt lat="39.500803" lon="-79.751295"></trkpt>
      <trkpt lat="39.500336" lon="-79.751288"></trkpt>
      <trkpt lat="39.500102" lon="-79.751288"></trkpt>
      <trkpt lat="39.499773" lon="-79.751294"></trkpt>
      <trkpt lat="39.498835" lon="-79.751343"></trkpt>
      <trkpt lat="39.498617" lon="-79.751313"></trkpt>
      <trkpt lat="39.498340" lon="-79.751265"></trkpt>
      <trkpt lat="39.498099" lon="-79.751167"></trkpt>
      <trkpt lat="39.497913" lon="-79.751086"></trkpt>
      <trkpt lat="39.497154" lon="-79.750736"></trkpt>
      <trkpt lat="39.497014" lon="-79.750631"></trkpt>
      <trkpt lat="39.496904" lon="-79.750542"></trkpt>
      <trkpt lat="39.496779" lon="-79.750377"></trkpt>
      <trkpt lat="39.495978" lon="-79.748842"></trkpt>
      <trkpt lat="39.495531" lon="-79.748005"></trkpt>
      <trkpt lat="39.495403" lon="-79.747807"></trkpt>
      <trkpt lat="39.495270" lon="-79.747651"></trkpt>
      <trkpt lat="39.495063" lon="-79.747436"></trkpt>
      <trkpt lat="39.493366" lon="-79.745827"></trkpt>
      <trkpt lat="39.492715" lon="-79.745184"></trkpt>
      <trkpt lat="39.492686" lon="-79.745155"></trkpt>
      <trkpt lat="39.492393" lon="-79.744882"></trkpt>
      <trkpt lat="39.491934" lon="-79.744454"></trkpt>
      <trkpt lat="39.491665" lon="-79.744298"></trkpt>
      <trkpt lat="39.491511" lon="-79.744248"></trkpt>
      <trkpt lat="39.491346" lon="-79.744216"></trkpt>
      <trkpt lat="39.491149" lon="-79.744224"></trkpt>
      <trkpt lat="39.490969" lon="-79.744248"></trkpt>
      <trkpt lat="39.490813" lon="-79.744241"></trkpt>
      <trkpt lat="39.490561" lon="-79.744190"></trkpt>
      <trkpt lat="39.490263" lon="-79.744097"></trkpt>
      <trkpt lat="39.490056" lon="-79.744066"></trkpt>
      <trkpt lat="39.489836" lon="-79.744057"></trkpt>
      <trkpt lat="39.489293" lon="-79.744089"></trkpt>
      <trkpt lat="39.489123" lon="-79.744097"></trkpt>
      <trkpt lat="39.488920" lon="-79.744076"></trkpt>
      <trkpt lat="39.488601" lon="-79.743955"></trkpt>
      <trkpt lat="39.488379" lon="-79.743763"></trkpt>
      <trkpt lat="39.488176" lon="-79.743511"></trkpt>
      <trkpt lat="39.488071" lon="-79.743329"></trkpt>
      <trkpt lat="39.487936" lon="-79.743093"></trkpt>
      <trkpt lat="39.487352" lon="-79.742015"></trkpt>
      <trkpt lat="39.486979" lon="-79.741297"></trkpt>
      <trkpt lat="39.486925" lon="-79.741194"></trkpt>
      <trkpt lat="39.486661" lon="-79.740625"></trkpt>
      <trkpt lat="39.486445" lon="-79.740180"></trkpt>
      <trkpt lat="39.486176" lon="-79.739751"></trkpt>
      <trkpt lat="39.486044" lon="-79.739552"></trkpt>
      <trkpt lat="39.485811" lon="-79.739246"></trkpt>
      <trkpt lat="39.485724" lon="-79.739083"></trkpt>
      <trkpt lat="39.485559" lon="-79.738533"></trkpt>
      <trkpt lat="39.485401" lon="-79.737689"></trkpt>
      <trkpt lat="39.485377" lon="-79.737444"></trkpt>
      <trkpt lat="39.485379" lon="-79.736930"></trkpt>
      <trkpt lat="39.485516" lon="-79.736188"></trkpt>
      <trkpt lat="39.485530" lon="-79.736113"></trkpt>
      <trkpt lat="39.485555" lon="-79.735917"></trkpt>
      <trkpt lat="39.485533" lon="-79.735735"></trkpt>
      <trkpt lat="39.485467" lon="-79.735556"></trkpt>
      <trkpt lat="39.485239" lon="-79.735227"></trkpt>
      <trkpt lat="39.485050" lon="-79.734924"></trkpt>
      <trkpt lat="39.484831" lon="-79.734458"></trkpt>
      <trkpt lat="39.484585" lon="-79.733898"></trkpt>
      <trkpt lat="39.484356" lon="-79.733309"></trkpt>
      <trkpt lat="39.484288" lon="-79.733140"></trkpt>
      <trkpt lat="39.483786" lon="-79.731833"></trkpt>
      <trkpt lat="39.483537" lon="-79.731364"></trkpt>
      <trkpt lat="39.483441" lon="-79.731197"></trkpt>
      <trkpt lat="39.483191" lon="-79.730776"></trkpt>
      <trkpt lat="39.482975" lon="-79.730351"></trkpt>
      <trkpt lat="39.482605" lon="-79.729443"></trkpt>
      <trkpt lat="39.482565" lon="-79.729345"></trkpt>
      <trkpt lat="39.482229" lon="-79.728676"></trkpt>
      <trkpt lat="39.482211" lon="-79.728633"></trkpt>
      <trkpt lat="39.481926" lon="-79.728110"></trkpt>
      <trkpt lat="39.481646" lon="-79.727601"></trkpt>
      <trkpt lat="39.481477" lon="-79.727273"></trkpt>
      <trkpt lat="39.481322" lon="-79.726893"></trkpt>
      <trkpt lat="39.480847" lon="-79.725257"></trkpt>
      <trkpt lat="39.480631" lon="-79.724398"></trkpt>
      <trkpt lat="39.480467" lon="-79.723573"></trkpt>
      <trkpt lat="39.480458" lon="-79.723509"></trkpt>
      <trkpt lat="39.480385" lon="-79.722986"></trkpt>
      <trkpt lat="39.480368" lon="-79.722394"></trkpt>
      <trkpt lat="39.480390" lon="-79.721880"></trkpt>
      <trkpt lat="39.480382" lon="-79.721621"></trkpt>
      <trkpt lat="39.480338" lon="-79.721411"></trkpt>
      <trkpt lat="39.480296" lon="-79.721275"></trkpt>
      <trkpt lat="39.480256" lon="-79.721148"></trkpt>
      <trkpt lat="39.480125" lon="-79.720852"></trkpt>
      <trkpt lat="39.480021" lon="-79.720518"></trkpt>
      <trkpt lat="39.479943" lon="-79.720196"></trkpt>
      <trkpt lat="39.479900" lon="-79.719799"></trkpt>
      <trkpt lat="39.479841" lon="-79.719031"></trkpt>
      <trkpt lat="39.479809" lon="-79.718624"></trkpt>
      <trkpt lat="39.479738" lon="-79.717787"></trkpt>
      <trkpt lat="39.479738" lon="-79.717487"></trkpt>
      <trkpt lat="39.479762" lon="-79.717176"></trkpt>
      <trkpt lat="39.479807" lon="-79.716933"></trkpt>
      <trkpt lat="39.479818" lon="-79.716874"></trkpt>
      <trkpt lat="39.479857" lon="-79.716606"></trkpt>
      <trkpt lat="39.479907" lon="-79.716384"></trkpt>
      <trkpt lat="39.480012" lon="-79.716157"></trkpt>
      <trkpt lat="39.480144" lon="-79.715965"></trkpt>
      <trkpt lat="39.480325" lon="-79.715734"></trkpt>
      <trkpt lat="39.480481" lon="-79.715527"></trkpt>
      <trkpt lat="39.480578" lon="-79.715330"></trkpt>
      <trkpt lat="39.480630" lon="-79.715063"></trkpt>
      <trkpt lat="39.480630" lon="-79.714886"></trkpt>
      <trkpt lat="39.480595" lon="-79.714668"></trkpt>
      <trkpt lat="39.480505" lon="-79.714437"></trkpt>
      <trkpt lat="39.480373" lon="-79.714178"></trkpt>
      <trkpt lat="39.480282" lon="-79.713967"></trkpt>
      <trkpt lat="39.480252" lon="-79.713897"></trkpt>
      <trkpt lat="39.480184" lon="-79.713664"></trkpt>
      <trkpt lat="39.480137" lon="-79.713506"></trkpt>
      <trkpt lat="39.480103" lon="-79.713390"></trkpt>
      <trkpt lat="39.479944" lon="-79.712834"></trkpt>
      <trkpt lat="39.479743" lon="-79.712133"></trkpt>
      <trkpt lat="39.479706" lon="-79.711997"></trkpt>
      <trkpt lat="39.479667" lon="-79.711843"></trkpt>
      <trkpt lat="39.479618" lon="-79.711741"></trkpt>
      <trkpt lat="39.479570" lon="-79.711661"></trkpt>
      <trkpt lat="39.479086" lon="-79.710995"></trkpt>
      <trkpt lat="39.478663" lon="-79.710435"></trkpt>
      <trkpt lat="39.478562" lon="-79.710275"></trkpt>
      <trkpt lat="39.478527" lon="-79.710220"></trkpt>
      <trkpt lat="39.478480" lon="-79.710148"></trkpt>
      <trkpt lat="39.478274" lon="-79.709817"></trkpt>
      <trkpt lat="39.478148" lon="-79.709600"></trkpt>
      <trkpt lat="39.478074" lon="-79.709419"></trkpt>
      <trkpt lat="39.478052" lon="-79.709276"></trkpt>
      <trkpt lat="39.478044" lon="-79.709162"></trkpt>
      <trkpt lat="39.478047" lon="-79.709037"></trkpt>
      <trkpt lat="39.478091" lon="-79.708835"></trkpt>
      <trkpt lat="39.478143" lon="-79.708723"></trkpt>
      <trkpt lat="39.478259" lon="-79.708516"></trkpt>
      <trkpt lat="39.478356" lon="-79.708385"></trkpt>
      <trkpt lat="39.478378" lon="-79.708357"></trkpt>
      <trkpt lat="39.478472" lon="-79.708177"></trkpt>
      <trkpt lat="39.478596" lon="-79.707930"></trkpt>
      <trkpt lat="39.478758" lon="-79.707559"></trkpt>
      <trkpt lat="39.479184" lon="-79.706558"></trkpt>
      <trkpt lat="39.479233" lon="-79.706282"></trkpt>
      <trkpt lat="39.479278" lon="-79.705969"></trkpt>
      <trkpt lat="39.479277" lon="-79.705720"></trkpt>
      <trkpt lat="39.479242" lon="-79.705341"></trkpt>
      <trkpt lat="39.479197" lon="-79.704912"></trkpt>
      <trkpt lat="39.479111" lon="-79.704390"></trkpt>
      <trkpt lat="39.479046" lon="-79.704050"></trkpt>
      <trkpt lat="39.478960" lon="-79.703820"></trkpt>
      <trkpt lat="39.478862" lon="-79.703649"></trkpt>
      <trkpt lat="39.478717" lon="-79.703478"></trkpt>
      <trkpt lat="39.478481" lon="-79.703245"></trkpt>
      <trkpt lat="39.478223" lon="-79.703015"></trkpt>
      <trkpt lat="39.477920" lon="-79.702772"></trkpt>
      <trkpt lat="39.477515" lon="-79.702423"></trkpt>
      <trkpt lat="39.477346" lon="-79.702263"></trkpt>
      <trkpt lat="39.477249" lon="-79.702171"></trkpt>
      <trkpt lat="39.477241" lon="-79.702163"></trkpt>
      <trkpt lat="39.476933" lon="-79.701865"></trkpt>
      <trkpt lat="39.476884" lon="-79.701810"></trkpt>
      <trkpt lat="39.476811" lon="-79.701730"></trkpt>
      <trkpt lat="39.476790" lon="-79.701706"></trkpt>
      <trkpt lat="39.476597" lon="-79.701466"></trkpt>
      <trkpt lat="39.476005" lon="-79.700596"></trkpt>
      <trkpt lat="39.475906" lon="-79.700451"></trkpt>
      <trkpt lat="39.475658" lon="-79.700061"></trkpt>
      <trkpt lat="39.475482" lon="-79.699742"></trkpt>
      <trkpt lat="39.475448" lon="-79.699666"></trkpt>
      <trkpt lat="39.475339" lon="-79.699473"></trkpt>
      <trkpt lat="39.475290" lon="-79.699318"></trkpt>
      <trkpt lat="39.475257" lon="-79.699219"></trkpt>
      <trkpt lat="39.475251" lon="-79.699200"></trkpt>
      <trkpt lat="39.475127" lon="-79.698815"></trkpt>
      <trkpt lat="39.474929" lon="-79.697632"></trkpt>
      <trkpt lat="39.474897" lon="-79.697225"></trkpt>
      <trkpt lat="39.474907" lon="-79.696615"></trkpt>
      <trkpt lat="39.474986" lon="-79.696117"></trkpt>
      <trkpt lat="39.475043" lon="-79.695809"></trkpt>
      <trkpt lat="39.475077" lon="-79.695653"></trkpt>
      <trkpt lat="39.475098" lon="-79.695473"></trkpt>
      <trkpt lat="39.475087" lon="-79.695261"></trkpt>
      <trkpt lat="39.475036" lon="-79.695036"></trkpt>
      <trkpt lat="39.474843" lon="-79.694553"></trkpt>
      <trkpt lat="39.474648" lon="-79.694172"></trkpt>
      <trkpt lat="39.474454" lon="-79.693926"></trkpt>
      <trkpt lat="39.473771" lon="-79.693102"></trkpt>
      <trkpt lat="39.473152" lon="-79.692544"></trkpt>
      <trkpt lat="39.472845" lon="-79.692324"></trkpt>
      <trkpt lat="39.472546" lon="-79.692086"></trkpt>
      <trkpt lat="39.472377" lon="-79.691946"></trkpt>
      <trkpt lat="39.472043" lon="-79.691669"></trkpt>
      <trkpt lat="39.472042" lon="-79.691371"></trkpt>
      <trkpt lat="39.472041" lon="-79.690952"></trkpt>
      <trkpt lat="39.472041" lon="-79.690718"></trkpt>
      <trkpt lat="39.472041" lon="-79.690690"></trkpt>
      <trkpt lat="39.472040" lon="-79.690402"></trkpt>
      <trkpt lat="39.472039" lon="-79.689875"></trkpt>
      <trkpt lat="39.472038" lon="-79.689202"></trkpt>
      <trkpt lat="39.472029" lon="-79.688681"></trkpt>
      <trkpt lat="39.472028" lon="-79.688648"></trkpt>
      <trkpt lat="39.472022" lon="-79.688089"></trkpt>
      <trkpt lat="39.472002" lon="-79.687525"></trkpt>
      <trkpt lat="39.472002" lon="-79.687445"></trkpt>
      <trkpt lat="39.471997" lon="-79.687324"></trkpt>
      <trkpt lat="39.471992" lon="-79.687234"></trkpt>
      <trkpt lat="39.471972" lon="-79.685527"></trkpt>
      <trkpt lat="39.471980" lon="-79.683644"></trkpt>
      <trkpt lat="39.471758" lon="-79.683648"></trkpt>
    </trkseg>
  </trk>
</gpx>
