<?xml version="1.0" encoding="utf-8" ?>
<gpx xmlns="http://www.topografix.com/GPX/1/1" creator="http://furkot.com/" version="1.1" xmlns:xsi="http://www.w3.org/2001/XMLSchema-instance" xsi:schemaLocation="http://www.topografix.com/GPX/1/1 http://www.topografix.com/GPX/1/1/gpx.xsd">
  <metadata>
    <name>Little Coal River Scenic Loop</name>
    <author>
      <name>Furkot - road trip planner</name>
      <email id="trips" domain="furkot.com"></email>
      <link href="https://trips.furkot.com">
        <text>Furkot</text>
      </link>
    </author>
  </metadata>
  <wpt lat="38.285644" lon="-82.195698">
    <time>2026-07-25T13:00:00.000Z</time>
    <name>West Hamlin</name>
    <cmt>West Hamlin, WV</cmt>
    <desc>West Hamlin, WV</desc>
    <sym>Flag, Blue</sym>
  </wpt>
  <wpt lat="37.969671" lon="-82.018737">
    <time>2026-07-25T14:44:19.000Z</time>
    <cmt>Chapmanville, WV</cmt>
    <desc>Chapmanville, WV</desc>
  </wpt>
  <wpt lat="38.154970" lon="-81.850790">
    <time>2026-07-25T16:08:12.000Z</time>
    <name>Little Coal River</name>
    <cmt>West Virginia, USA</cmt>
    <desc>West Virginia, USA</desc>
    <sym>Fishing Area</sym>
  </wpt>
  <trk>
    <name>Day 1 - Sat, Jul 25, 2026</name>
    <trkseg>
      <trkpt lat="38.285619" lon="-82.195502"></trkpt>
      <trkpt lat="38.285841" lon="-82.195455"></trkpt>
      <trkpt lat="38.287037" lon="-82.195147"></trkpt>
      <trkpt lat="38.287037" lon="-82.195465"></trkpt>
      <trkpt lat="38.287029" lon="-82.195568"></trkpt>
      <trkpt lat="38.287027" lon="-82.195622"></trkpt>
      <trkpt lat="38.287006" lon="-82.195986"></trkpt>
      <trkpt lat="38.286999" lon="-82.196182"></trkpt>
      <trkpt lat="38.286943" lon="-82.197509"></trkpt>
      <trkpt lat="38.286936" lon="-82.197571"></trkpt>
      <trkpt lat="38.286926" lon="-82.197615"></trkpt>
      <trkpt lat="38.286899" lon="-82.197672"></trkpt>
      <trkpt lat="38.286875" lon="-82.197708"></trkpt>
      <trkpt lat="38.286831" lon="-82.197758"></trkpt>
      <trkpt lat="38.286736" lon="-82.197821"></trkpt>
      <trkpt lat="38.286527" lon="-82.197944"></trkpt>
      <trkpt lat="38.286372" lon="-82.198033"></trkpt>
      <trkpt lat="38.286262" lon="-82.198085"></trkpt>
      <trkpt lat="38.286171" lon="-82.198118"></trkpt>
      <trkpt lat="38.286066" lon="-82.198151"></trkpt>
      <trkpt lat="38.285945" lon="-82.198170"></trkpt>
      <trkpt lat="38.285830" lon="-82.198172"></trkpt>
      <trkpt lat="38.285691" lon="-82.198168"></trkpt>
      <trkpt lat="38.284684" lon="-82.198119"></trkpt>
      <trkpt lat="38.283720" lon="-82.198064"></trkpt>
      <trkpt lat="38.282383" lon="-82.197998"></trkpt>
      <trkpt lat="38.281623" lon="-82.197959"></trkpt>
      <trkpt lat="38.281186" lon="-82.197931"></trkpt>
      <trkpt lat="38.280733" lon="-82.197867"></trkpt>
      <trkpt lat="38.280341" lon="-82.197812"></trkpt>
      <trkpt lat="38.279295" lon="-82.197667"></trkpt>
      <trkpt lat="38.278927" lon="-82.197616"></trkpt>
      <trkpt lat="38.277907" lon="-82.197470"></trkpt>
      <trkpt lat="38.277614" lon="-82.197442"></trkpt>
      <trkpt lat="38.277453" lon="-82.197440"></trkpt>
      <trkpt lat="38.277350" lon="-82.197448"></trkpt>
      <trkpt lat="38.277243" lon="-82.197459"></trkpt>
      <trkpt lat="38.277066" lon="-82.197490"></trkpt>
      <trkpt lat="38.276942" lon="-82.197519"></trkpt>
      <trkpt lat="38.276804" lon="-82.197562"></trkpt>
      <trkpt lat="38.276637" lon="-82.197629"></trkpt>
      <trkpt lat="38.276203" lon="-82.197870"></trkpt>
      <trkpt lat="38.275942" lon="-82.198021"></trkpt>
      <trkpt lat="38.275583" lon="-82.198224"></trkpt>
      <trkpt lat="38.275213" lon="-82.198447"></trkpt>
      <trkpt lat="38.274527" lon="-82.198848"></trkpt>
      <trkpt lat="38.274077" lon="-82.199117"></trkpt>
      <trkpt lat="38.273601" lon="-82.199392"></trkpt>
      <trkpt lat="38.272460" lon="-82.200072"></trkpt>
      <trkpt lat="38.272031" lon="-82.200316"></trkpt>
      <trkpt lat="38.271638" lon="-82.200539"></trkpt>
      <trkpt lat="38.270556" lon="-82.201181"></trkpt>
      <trkpt lat="38.270167" lon="-82.201412"></trkpt>
      <trkpt lat="38.269449" lon="-82.201835"></trkpt>
      <trkpt lat="38.269069" lon="-82.202064"></trkpt>
      <trkpt lat="38.268782" lon="-82.202255"></trkpt>
      <trkpt lat="38.268640" lon="-82.202364"></trkpt>
      <trkpt lat="38.268484" lon="-82.202491"></trkpt>
      <trkpt lat="38.268267" lon="-82.202678"></trkpt>
      <trkpt lat="38.268089" lon="-82.202858"></trkpt>
      <trkpt lat="38.267859" lon="-82.203096"></trkpt>
      <trkpt lat="38.267720" lon="-82.203265"></trkpt>
      <trkpt lat="38.267587" lon="-82.203446"></trkpt>
      <trkpt lat="38.267445" lon="-82.203664"></trkpt>
      <trkpt lat="38.267302" lon="-82.203903"></trkpt>
      <trkpt lat="38.267160" lon="-82.204162"></trkpt>
      <trkpt lat="38.267050" lon="-82.204384"></trkpt>
      <trkpt lat="38.266935" lon="-82.204631"></trkpt>
      <trkpt lat="38.266664" lon="-82.205225"></trkpt>
      <trkpt lat="38.266497" lon="-82.205595"></trkpt>
      <trkpt lat="38.266384" lon="-82.205800"></trkpt>
      <trkpt lat="38.266282" lon="-82.205943"></trkpt>
      <trkpt lat="38.266170" lon="-82.206080"></trkpt>
      <trkpt lat="38.266052" lon="-82.206195"></trkpt>
      <trkpt lat="38.265971" lon="-82.206260"></trkpt>
      <trkpt lat="38.265871" lon="-82.206326"></trkpt>
      <trkpt lat="38.265748" lon="-82.206396"></trkpt>
      <trkpt lat="38.265584" lon="-82.206463"></trkpt>
      <trkpt lat="38.265538" lon="-82.206478"></trkpt>
      <trkpt lat="38.265381" lon="-82.206510"></trkpt>
      <trkpt lat="38.265217" lon="-82.206508"></trkpt>
      <trkpt lat="38.265033" lon="-82.206480"></trkpt>
      <trkpt lat="38.264835" lon="-82.206420"></trkpt>
      <trkpt lat="38.264663" lon="-82.206355"></trkpt>
      <trkpt lat="38.264572" lon="-82.206288"></trkpt>
      <trkpt lat="38.264370" lon="-82.206109"></trkpt>
      <trkpt lat="38.264126" lon="-82.205864"></trkpt>
      <trkpt lat="38.263672" lon="-82.205418"></trkpt>
      <trkpt lat="38.262979" lon="-82.204734"></trkpt>
      <trkpt lat="38.262776" lon="-82.204535"></trkpt>
      <trkpt lat="38.262568" lon="-82.204328"></trkpt>
      <trkpt lat="38.262414" lon="-82.204188"></trkpt>
      <trkpt lat="38.262244" lon="-82.204043"></trkpt>
      <trkpt lat="38.262048" lon="-82.203897"></trkpt>
      <trkpt lat="38.261480" lon="-82.203512"></trkpt>
      <trkpt lat="38.260961" lon="-82.203141"></trkpt>
      <trkpt lat="38.260697" lon="-82.202922"></trkpt>
      <trkpt lat="38.260430" lon="-82.202670"></trkpt>
      <trkpt lat="38.260237" lon="-82.202469"></trkpt>
      <trkpt lat="38.260052" lon="-82.202250"></trkpt>
      <trkpt lat="38.259935" lon="-82.202101"></trkpt>
      <trkpt lat="38.259789" lon="-82.201898"></trkpt>
      <trkpt lat="38.258647" lon="-82.200148"></trkpt>
      <trkpt lat="38.258361" lon="-82.199705"></trkpt>
      <trkpt lat="38.257269" lon="-82.198011"></trkpt>
      <trkpt lat="38.257137" lon="-82.197810"></trkpt>
      <trkpt lat="38.256584" lon="-82.196947"></trkpt>
      <trkpt lat="38.256225" lon="-82.196349"></trkpt>
      <trkpt lat="38.256117" lon="-82.196155"></trkpt>
      <trkpt lat="38.255996" lon="-82.195929"></trkpt>
      <trkpt lat="38.255932" lon="-82.195811"></trkpt>
      <trkpt lat="38.255746" lon="-82.195447"></trkpt>
      <trkpt lat="38.255655" lon="-82.195252"></trkpt>
      <trkpt lat="38.255575" lon="-82.195076"></trkpt>
      <trkpt lat="38.255432" lon="-82.194759"></trkpt>
      <trkpt lat="38.255401" lon="-82.194679"></trkpt>
      <trkpt lat="38.255227" lon="-82.194252"></trkpt>
      <trkpt lat="38.255128" lon="-82.194008"></trkpt>
      <trkpt lat="38.254545" lon="-82.192566"></trkpt>
      <trkpt lat="38.254465" lon="-82.192375"></trkpt>
      <trkpt lat="38.254291" lon="-82.191955"></trkpt>
      <trkpt lat="38.254104" lon="-82.191500"></trkpt>
      <trkpt lat="38.254047" lon="-82.191374"></trkpt>
      <trkpt lat="38.253962" lon="-82.191217"></trkpt>
      <trkpt lat="38.253881" lon="-82.191081"></trkpt>
      <trkpt lat="38.253759" lon="-82.190921"></trkpt>
      <trkpt lat="38.253643" lon="-82.190783"></trkpt>
      <trkpt lat="38.253536" lon="-82.190680"></trkpt>
      <trkpt lat="38.253403" lon="-82.190572"></trkpt>
      <trkpt lat="38.253276" lon="-82.190480"></trkpt>
      <trkpt lat="38.253140" lon="-82.190403"></trkpt>
      <trkpt lat="38.252998" lon="-82.190331"></trkpt>
      <trkpt lat="38.252877" lon="-82.190289"></trkpt>
      <trkpt lat="38.252769" lon="-82.190257"></trkpt>
      <trkpt lat="38.252689" lon="-82.190239"></trkpt>
      <trkpt lat="38.252596" lon="-82.190225"></trkpt>
      <trkpt lat="38.252437" lon="-82.190209"></trkpt>
      <trkpt lat="38.252233" lon="-82.190217"></trkpt>
      <trkpt lat="38.251959" lon="-82.190244"></trkpt>
      <trkpt lat="38.251368" lon="-82.190308"></trkpt>
      <trkpt lat="38.251279" lon="-82.190317"></trkpt>
      <trkpt lat="38.250302" lon="-82.190417"></trkpt>
      <trkpt lat="38.249996" lon="-82.190452"></trkpt>
      <trkpt lat="38.249693" lon="-82.190495"></trkpt>
      <trkpt lat="38.249562" lon="-82.190531"></trkpt>
      <trkpt lat="38.249434" lon="-82.190573"></trkpt>
      <trkpt lat="38.249246" lon="-82.190652"></trkpt>
      <trkpt lat="38.249132" lon="-82.190710"></trkpt>
      <trkpt lat="38.249009" lon="-82.190781"></trkpt>
      <trkpt lat="38.248738" lon="-82.190959"></trkpt>
      <trkpt lat="38.248666" lon="-82.191011"></trkpt>
      <trkpt lat="38.248310" lon="-82.191268"></trkpt>
      <trkpt lat="38.248232" lon="-82.191324"></trkpt>
      <trkpt lat="38.248130" lon="-82.191394"></trkpt>
      <trkpt lat="38.248004" lon="-82.191484"></trkpt>
      <trkpt lat="38.247744" lon="-82.191665"></trkpt>
      <trkpt lat="38.247346" lon="-82.191955"></trkpt>
      <trkpt lat="38.246931" lon="-82.192243"></trkpt>
      <trkpt lat="38.246563" lon="-82.192513"></trkpt>
      <trkpt lat="38.246228" lon="-82.192768"></trkpt>
      <trkpt lat="38.245990" lon="-82.192983"></trkpt>
      <trkpt lat="38.245766" lon="-82.193209"></trkpt>
      <trkpt lat="38.245581" lon="-82.193416"></trkpt>
      <trkpt lat="38.245198" lon="-82.193880"></trkpt>
      <trkpt lat="38.244961" lon="-82.194159"></trkpt>
      <trkpt lat="38.244868" lon="-82.194273"></trkpt>
      <trkpt lat="38.244567" lon="-82.194636"></trkpt>
      <trkpt lat="38.244253" lon="-82.195017"></trkpt>
      <trkpt lat="38.244048" lon="-82.195267"></trkpt>
      <trkpt lat="38.243932" lon="-82.195428"></trkpt>
      <trkpt lat="38.243798" lon="-82.195636"></trkpt>
      <trkpt lat="38.243619" lon="-82.195935"></trkpt>
      <trkpt lat="38.243495" lon="-82.196213"></trkpt>
      <trkpt lat="38.243389" lon="-82.196479"></trkpt>
      <trkpt lat="38.243213" lon="-82.196963"></trkpt>
      <trkpt lat="38.242952" lon="-82.197726"></trkpt>
      <trkpt lat="38.242864" lon="-82.198008"></trkpt>
      <trkpt lat="38.242771" lon="-82.198375"></trkpt>
      <trkpt lat="38.242617" lon="-82.199036"></trkpt>
      <trkpt lat="38.242509" lon="-82.199504"></trkpt>
      <trkpt lat="38.242415" lon="-82.199828"></trkpt>
      <trkpt lat="38.242308" lon="-82.200151"></trkpt>
      <trkpt lat="38.242148" lon="-82.200545"></trkpt>
      <trkpt lat="38.241963" lon="-82.200943"></trkpt>
      <trkpt lat="38.241781" lon="-82.201288"></trkpt>
      <trkpt lat="38.241557" lon="-82.201662"></trkpt>
      <trkpt lat="38.241315" lon="-82.202054"></trkpt>
      <trkpt lat="38.241082" lon="-82.202422"></trkpt>
      <trkpt lat="38.240966" lon="-82.202599"></trkpt>
      <trkpt lat="38.240828" lon="-82.202789"></trkpt>
      <trkpt lat="38.240585" lon="-82.203093"></trkpt>
      <trkpt lat="38.240456" lon="-82.203244"></trkpt>
      <trkpt lat="38.240304" lon="-82.203400"></trkpt>
      <trkpt lat="38.240088" lon="-82.203599"></trkpt>
      <trkpt lat="38.239876" lon="-82.203786"></trkpt>
      <trkpt lat="38.239674" lon="-82.203944"></trkpt>
      <trkpt lat="38.239459" lon="-82.204101"></trkpt>
      <trkpt lat="38.239281" lon="-82.204213"></trkpt>
      <trkpt lat="38.239065" lon="-82.204355"></trkpt>
      <trkpt lat="38.238741" lon="-82.204581"></trkpt>
      <trkpt lat="38.238367" lon="-82.204814"></trkpt>
      <trkpt lat="38.238149" lon="-82.204936"></trkpt>
      <trkpt lat="38.237925" lon="-82.205049"></trkpt>
      <trkpt lat="38.237691" lon="-82.205157"></trkpt>
      <trkpt lat="38.237429" lon="-82.205260"></trkpt>
      <trkpt lat="38.237230" lon="-82.205324"></trkpt>
      <trkpt lat="38.236992" lon="-82.205391"></trkpt>
      <trkpt lat="38.236734" lon="-82.205450"></trkpt>
      <trkpt lat="38.236479" lon="-82.205500"></trkpt>
      <trkpt lat="38.236191" lon="-82.205539"></trkpt>
      <trkpt lat="38.235849" lon="-82.205567"></trkpt>
      <trkpt lat="38.235683" lon="-82.205573"></trkpt>
      <trkpt lat="38.235482" lon="-82.205573"></trkpt>
      <trkpt lat="38.235151" lon="-82.205556"></trkpt>
      <trkpt lat="38.234989" lon="-82.205538"></trkpt>
      <trkpt lat="38.234770" lon="-82.205503"></trkpt>
      <trkpt lat="38.234651" lon="-82.205485"></trkpt>
      <trkpt lat="38.234520" lon="-82.205457"></trkpt>
      <trkpt lat="38.234415" lon="-82.205433"></trkpt>
      <trkpt lat="38.234287" lon="-82.205395"></trkpt>
      <trkpt lat="38.234021" lon="-82.205320"></trkpt>
      <trkpt lat="38.233379" lon="-82.205098"></trkpt>
      <trkpt lat="38.232911" lon="-82.204936"></trkpt>
      <trkpt lat="38.232411" lon="-82.204762"></trkpt>
      <trkpt lat="38.231890" lon="-82.204581"></trkpt>
      <trkpt lat="38.231427" lon="-82.204444"></trkpt>
      <trkpt lat="38.231129" lon="-82.204359"></trkpt>
      <trkpt lat="38.230748" lon="-82.204290"></trkpt>
      <trkpt lat="38.230455" lon="-82.204243"></trkpt>
      <trkpt lat="38.229619" lon="-82.204089"></trkpt>
      <trkpt lat="38.228927" lon="-82.203973"></trkpt>
      <trkpt lat="38.228667" lon="-82.203925"></trkpt>
      <trkpt lat="38.228094" lon="-82.203830"></trkpt>
      <trkpt lat="38.227470" lon="-82.203761"></trkpt>
      <trkpt lat="38.226460" lon="-82.203760"></trkpt>
      <trkpt lat="38.225480" lon="-82.203828"></trkpt>
      <trkpt lat="38.224980" lon="-82.203863"></trkpt>
      <trkpt lat="38.224514" lon="-82.203910"></trkpt>
      <trkpt lat="38.224041" lon="-82.203933"></trkpt>
      <trkpt lat="38.223534" lon="-82.203933"></trkpt>
      <trkpt lat="38.223198" lon="-82.203920"></trkpt>
      <trkpt lat="38.222831" lon="-82.203870"></trkpt>
      <trkpt lat="38.222425" lon="-82.203798"></trkpt>
      <trkpt lat="38.221836" lon="-82.203684"></trkpt>
      <trkpt lat="38.221704" lon="-82.203650"></trkpt>
      <trkpt lat="38.221559" lon="-82.203613"></trkpt>
      <trkpt lat="38.221388" lon="-82.203552"></trkpt>
      <trkpt lat="38.221246" lon="-82.203485"></trkpt>
      <trkpt lat="38.221100" lon="-82.203410"></trkpt>
      <trkpt lat="38.220930" lon="-82.203298"></trkpt>
      <trkpt lat="38.220766" lon="-82.203165"></trkpt>
      <trkpt lat="38.220643" lon="-82.203055"></trkpt>
      <trkpt lat="38.220422" lon="-82.202785"></trkpt>
      <trkpt lat="38.220275" lon="-82.202564"></trkpt>
      <trkpt lat="38.220169" lon="-82.202364"></trkpt>
      <trkpt lat="38.220110" lon="-82.202252"></trkpt>
      <trkpt lat="38.219927" lon="-82.201805"></trkpt>
      <trkpt lat="38.219806" lon="-82.201515"></trkpt>
      <trkpt lat="38.219396" lon="-82.200394"></trkpt>
      <trkpt lat="38.219112" lon="-82.199754"></trkpt>
      <trkpt lat="38.218707" lon="-82.199045"></trkpt>
      <trkpt lat="38.216888" lon="-82.196009"></trkpt>
      <trkpt lat="38.216367" lon="-82.195098"></trkpt>
      <trkpt lat="38.214691" lon="-82.192260"></trkpt>
      <trkpt lat="38.214110" lon="-82.191283"></trkpt>
      <trkpt lat="38.213505" lon="-82.190301"></trkpt>
      <trkpt lat="38.212852" lon="-82.189358"></trkpt>
      <trkpt lat="38.212635" lon="-82.189047"></trkpt>
      <trkpt lat="38.212383" lon="-82.188788"></trkpt>
      <trkpt lat="38.211947" lon="-82.188361"></trkpt>
      <trkpt lat="38.211646" lon="-82.188074"></trkpt>
      <trkpt lat="38.211031" lon="-82.187616"></trkpt>
      <trkpt lat="38.210530" lon="-82.187295"></trkpt>
      <trkpt lat="38.210018" lon="-82.187032"></trkpt>
      <trkpt lat="38.209810" lon="-82.186928"></trkpt>
      <trkpt lat="38.209146" lon="-82.186695"></trkpt>
      <trkpt lat="38.208898" lon="-82.186597"></trkpt>
      <trkpt lat="38.208162" lon="-82.186455"></trkpt>
      <trkpt lat="38.207757" lon="-82.186355"></trkpt>
      <trkpt lat="38.207093" lon="-82.186237"></trkpt>
      <trkpt lat="38.206422" lon="-82.186289"></trkpt>
      <trkpt lat="38.205950" lon="-82.186442"></trkpt>
      <trkpt lat="38.205515" lon="-82.186679"></trkpt>
      <trkpt lat="38.204881" lon="-82.187179"></trkpt>
      <trkpt lat="38.202891" lon="-82.189089"></trkpt>
      <trkpt lat="38.202396" lon="-82.189549"></trkpt>
      <trkpt lat="38.201906" lon="-82.189942"></trkpt>
      <trkpt lat="38.201357" lon="-82.190225"></trkpt>
      <trkpt lat="38.201050" lon="-82.190373"></trkpt>
      <trkpt lat="38.200680" lon="-82.190495"></trkpt>
      <trkpt lat="38.200057" lon="-82.190615"></trkpt>
      <trkpt lat="38.199469" lon="-82.190735"></trkpt>
      <trkpt lat="38.198843" lon="-82.190871"></trkpt>
      <trkpt lat="38.198268" lon="-82.190979"></trkpt>
      <trkpt lat="38.197700" lon="-82.191037"></trkpt>
      <trkpt lat="38.197281" lon="-82.190965"></trkpt>
      <trkpt lat="38.196910" lon="-82.190824"></trkpt>
      <trkpt lat="38.196113" lon="-82.190507"></trkpt>
      <trkpt lat="38.195668" lon="-82.190304"></trkpt>
      <trkpt lat="38.195364" lon="-82.190113"></trkpt>
      <trkpt lat="38.195085" lon="-82.189875"></trkpt>
      <trkpt lat="38.194846" lon="-82.189664"></trkpt>
      <trkpt lat="38.193661" lon="-82.187977"></trkpt>
      <trkpt lat="38.193226" lon="-82.187386"></trkpt>
      <trkpt lat="38.192871" lon="-82.186952"></trkpt>
      <trkpt lat="38.192614" lon="-82.186638"></trkpt>
      <trkpt lat="38.192297" lon="-82.186245"></trkpt>
      <trkpt lat="38.191667" lon="-82.185456"></trkpt>
      <trkpt lat="38.189977" lon="-82.183362"></trkpt>
      <trkpt lat="38.189494" lon="-82.182745"></trkpt>
      <trkpt lat="38.188809" lon="-82.181804"></trkpt>
      <trkpt lat="38.188248" lon="-82.181154"></trkpt>
      <trkpt lat="38.187507" lon="-82.180495"></trkpt>
      <trkpt lat="38.186874" lon="-82.180186"></trkpt>
      <trkpt lat="38.186217" lon="-82.180057"></trkpt>
      <trkpt lat="38.184033" lon="-82.179614"></trkpt>
      <trkpt lat="38.182545" lon="-82.179373"></trkpt>
      <trkpt lat="38.181948" lon="-82.179271"></trkpt>
      <trkpt lat="38.180499" lon="-82.178987"></trkpt>
      <trkpt lat="38.179976" lon="-82.178885"></trkpt>
      <trkpt lat="38.179317" lon="-82.178766"></trkpt>
      <trkpt lat="38.178721" lon="-82.178716"></trkpt>
      <trkpt lat="38.178154" lon="-82.178741"></trkpt>
      <trkpt lat="38.176684" lon="-82.178821"></trkpt>
      <trkpt lat="38.176300" lon="-82.178835"></trkpt>
      <trkpt lat="38.175786" lon="-82.178824"></trkpt>
      <trkpt lat="38.175279" lon="-82.178795"></trkpt>
      <trkpt lat="38.174906" lon="-82.178752"></trkpt>
      <trkpt lat="38.174593" lon="-82.178701"></trkpt>
      <trkpt lat="38.174288" lon="-82.178644"></trkpt>
      <trkpt lat="38.174073" lon="-82.178613"></trkpt>
      <trkpt lat="38.173027" lon="-82.178402"></trkpt>
      <trkpt lat="38.167727" lon="-82.177350"></trkpt>
      <trkpt lat="38.165739" lon="-82.176966"></trkpt>
      <trkpt lat="38.165062" lon="-82.176837"></trkpt>
      <trkpt lat="38.163663" lon="-82.176532"></trkpt>
      <trkpt lat="38.162265" lon="-82.176265"></trkpt>
      <trkpt lat="38.161589" lon="-82.176172"></trkpt>
      <trkpt lat="38.160916" lon="-82.176179"></trkpt>
      <trkpt lat="38.159605" lon="-82.176293"></trkpt>
      <trkpt lat="38.158354" lon="-82.176489"></trkpt>
      <trkpt lat="38.157482" lon="-82.176701"></trkpt>
      <trkpt lat="38.157242" lon="-82.176825"></trkpt>
      <trkpt lat="38.156930" lon="-82.176985"></trkpt>
      <trkpt lat="38.156438" lon="-82.177336"></trkpt>
      <trkpt lat="38.155395" lon="-82.178161"></trkpt>
      <trkpt lat="38.154463" lon="-82.178937"></trkpt>
      <trkpt lat="38.153512" lon="-82.179747"></trkpt>
      <trkpt lat="38.152494" lon="-82.180617"></trkpt>
      <trkpt lat="38.151299" lon="-82.181455"></trkpt>
      <trkpt lat="38.150626" lon="-82.181907"></trkpt>
      <trkpt lat="38.149209" lon="-82.182750"></trkpt>
      <trkpt lat="38.148234" lon="-82.183243"></trkpt>
      <trkpt lat="38.147226" lon="-82.183769"></trkpt>
      <trkpt lat="38.146860" lon="-82.183882"></trkpt>
      <trkpt lat="38.146466" lon="-82.183937"></trkpt>
      <trkpt lat="38.145979" lon="-82.183888"></trkpt>
      <trkpt lat="38.145486" lon="-82.183813"></trkpt>
      <trkpt lat="38.145066" lon="-82.183735"></trkpt>
      <trkpt lat="38.144646" lon="-82.183673"></trkpt>
      <trkpt lat="38.143606" lon="-82.183658"></trkpt>
      <trkpt lat="38.143007" lon="-82.183626"></trkpt>
      <trkpt lat="38.142445" lon="-82.183508"></trkpt>
      <trkpt lat="38.142264" lon="-82.183441"></trkpt>
      <trkpt lat="38.142089" lon="-82.183352"></trkpt>
      <trkpt lat="38.141909" lon="-82.183218"></trkpt>
      <trkpt lat="38.141747" lon="-82.183038"></trkpt>
      <trkpt lat="38.141299" lon="-82.182385"></trkpt>
      <trkpt lat="38.140807" lon="-82.181709"></trkpt>
      <trkpt lat="38.139853" lon="-82.180502"></trkpt>
      <trkpt lat="38.138319" lon="-82.178466"></trkpt>
      <trkpt lat="38.138068" lon="-82.178153"></trkpt>
      <trkpt lat="38.137802" lon="-82.177889"></trkpt>
      <trkpt lat="38.137509" lon="-82.177684"></trkpt>
      <trkpt lat="38.137198" lon="-82.177545"></trkpt>
      <trkpt lat="38.136846" lon="-82.177497"></trkpt>
      <trkpt lat="38.136492" lon="-82.177494"></trkpt>
      <trkpt lat="38.135936" lon="-82.177532"></trkpt>
      <trkpt lat="38.135451" lon="-82.177592"></trkpt>
      <trkpt lat="38.135101" lon="-82.177704"></trkpt>
      <trkpt lat="38.134874" lon="-82.177818"></trkpt>
      <trkpt lat="38.134548" lon="-82.178058"></trkpt>
      <trkpt lat="38.134278" lon="-82.178333"></trkpt>
      <trkpt lat="38.134085" lon="-82.178618"></trkpt>
      <trkpt lat="38.133883" lon="-82.178981"></trkpt>
      <trkpt lat="38.133709" lon="-82.179377"></trkpt>
      <trkpt lat="38.133523" lon="-82.179954"></trkpt>
      <trkpt lat="38.133290" lon="-82.181164"></trkpt>
      <trkpt lat="38.133216" lon="-82.181501"></trkpt>
      <trkpt lat="38.133095" lon="-82.181781"></trkpt>
      <trkpt lat="38.132969" lon="-82.182009"></trkpt>
      <trkpt lat="38.132812" lon="-82.182289"></trkpt>
      <trkpt lat="38.132352" lon="-82.183062"></trkpt>
      <trkpt lat="38.132048" lon="-82.183759"></trkpt>
      <trkpt lat="38.131990" lon="-82.183889"></trkpt>
      <trkpt lat="38.130195" lon="-82.188390"></trkpt>
      <trkpt lat="38.128605" lon="-82.192576"></trkpt>
      <trkpt lat="38.128210" lon="-82.193301"></trkpt>
      <trkpt lat="38.128152" lon="-82.193362"></trkpt>
      <trkpt lat="38.127638" lon="-82.193910"></trkpt>
      <trkpt lat="38.126562" lon="-82.194663"></trkpt>
      <trkpt lat="38.125649" lon="-82.195003"></trkpt>
      <trkpt lat="38.125010" lon="-82.195067"></trkpt>
      <trkpt lat="38.124277" lon="-82.194999"></trkpt>
      <trkpt lat="38.124079" lon="-82.194932"></trkpt>
      <trkpt lat="38.123800" lon="-82.194880"></trkpt>
      <trkpt lat="38.123444" lon="-82.194727"></trkpt>
      <trkpt lat="38.122637" lon="-82.194064"></trkpt>
      <trkpt lat="38.121981" lon="-82.193492"></trkpt>
      <trkpt lat="38.121118" lon="-82.192624"></trkpt>
      <trkpt lat="38.120742" lon="-82.192083"></trkpt>
      <trkpt lat="38.120275" lon="-82.191216"></trkpt>
      <trkpt lat="38.120033" lon="-82.190744"></trkpt>
      <trkpt lat="38.119802" lon="-82.189897"></trkpt>
      <trkpt lat="38.119596" lon="-82.188930"></trkpt>
      <trkpt lat="38.119440" lon="-82.187932"></trkpt>
      <trkpt lat="38.119075" lon="-82.185394"></trkpt>
      <trkpt lat="38.118910" lon="-82.184125"></trkpt>
      <trkpt lat="38.118819" lon="-82.183177"></trkpt>
      <trkpt lat="38.118768" lon="-82.182292"></trkpt>
      <trkpt lat="38.118724" lon="-82.181749"></trkpt>
      <trkpt lat="38.118676" lon="-82.181583"></trkpt>
      <trkpt lat="38.118609" lon="-82.181459"></trkpt>
      <trkpt lat="38.118500" lon="-82.181364"></trkpt>
      <trkpt lat="38.118371" lon="-82.181313"></trkpt>
      <trkpt lat="38.118265" lon="-82.181321"></trkpt>
      <trkpt lat="38.118128" lon="-82.181377"></trkpt>
      <trkpt lat="38.117953" lon="-82.181502"></trkpt>
      <trkpt lat="38.117788" lon="-82.181675"></trkpt>
      <trkpt lat="38.117551" lon="-82.181884"></trkpt>
      <trkpt lat="38.117386" lon="-82.181999"></trkpt>
      <trkpt lat="38.117196" lon="-82.182051"></trkpt>
      <trkpt lat="38.116973" lon="-82.182048"></trkpt>
      <trkpt lat="38.116839" lon="-82.182025"></trkpt>
      <trkpt lat="38.116642" lon="-82.182022"></trkpt>
      <trkpt lat="38.116453" lon="-82.182062"></trkpt>
      <trkpt lat="38.116249" lon="-82.182149"></trkpt>
      <trkpt lat="38.116052" lon="-82.182209"></trkpt>
      <trkpt lat="38.115915" lon="-82.182217"></trkpt>
      <trkpt lat="38.115739" lon="-82.182180"></trkpt>
      <trkpt lat="38.115580" lon="-82.182085"></trkpt>
      <trkpt lat="38.115415" lon="-82.181970"></trkpt>
      <trkpt lat="38.115157" lon="-82.181791"></trkpt>
      <trkpt lat="38.114862" lon="-82.181586"></trkpt>
      <trkpt lat="38.114638" lon="-82.181519"></trkpt>
      <trkpt lat="38.114295" lon="-82.181459"></trkpt>
      <trkpt lat="38.113537" lon="-82.181336"></trkpt>
      <trkpt lat="38.113097" lon="-82.181276"></trkpt>
      <trkpt lat="38.112817" lon="-82.181231"></trkpt>
      <trkpt lat="38.112620" lon="-82.181175"></trkpt>
      <trkpt lat="38.112408" lon="-82.181079"></trkpt>
      <trkpt lat="38.112174" lon="-82.180911"></trkpt>
      <trkpt lat="38.112005" lon="-82.180761"></trkpt>
      <trkpt lat="38.111872" lon="-82.180591"></trkpt>
      <trkpt lat="38.111643" lon="-82.180286"></trkpt>
      <trkpt lat="38.111456" lon="-82.179951"></trkpt>
      <trkpt lat="38.111262" lon="-82.179427"></trkpt>
      <trkpt lat="38.111045" lon="-82.179075"></trkpt>
      <trkpt lat="38.110803" lon="-82.178838"></trkpt>
      <trkpt lat="38.110526" lon="-82.178629"></trkpt>
      <trkpt lat="38.110360" lon="-82.178570"></trkpt>
      <trkpt lat="38.110204" lon="-82.178561"></trkpt>
      <trkpt lat="38.109969" lon="-82.178610"></trkpt>
      <trkpt lat="38.109722" lon="-82.178825"></trkpt>
      <trkpt lat="38.109415" lon="-82.179308"></trkpt>
      <trkpt lat="38.108982" lon="-82.179743"></trkpt>
      <trkpt lat="38.108626" lon="-82.179981"></trkpt>
      <trkpt lat="38.108314" lon="-82.180107"></trkpt>
      <trkpt lat="38.107979" lon="-82.180162"></trkpt>
      <trkpt lat="38.107768" lon="-82.180167"></trkpt>
      <trkpt lat="38.107596" lon="-82.180155"></trkpt>
      <trkpt lat="38.107195" lon="-82.180070"></trkpt>
      <trkpt lat="38.106858" lon="-82.180005"></trkpt>
      <trkpt lat="38.106721" lon="-82.179989"></trkpt>
      <trkpt lat="38.106597" lon="-82.179995"></trkpt>
      <trkpt lat="38.106474" lon="-82.180027"></trkpt>
      <trkpt lat="38.106098" lon="-82.180161"></trkpt>
      <trkpt lat="38.105874" lon="-82.180190"></trkpt>
      <trkpt lat="38.105744" lon="-82.180173"></trkpt>
      <trkpt lat="38.105609" lon="-82.180114"></trkpt>
      <trkpt lat="38.105524" lon="-82.180015"></trkpt>
      <trkpt lat="38.105400" lon="-82.179779"></trkpt>
      <trkpt lat="38.105294" lon="-82.179509"></trkpt>
      <trkpt lat="38.105128" lon="-82.179029"></trkpt>
      <trkpt lat="38.104991" lon="-82.178536"></trkpt>
      <trkpt lat="38.104939" lon="-82.178362"></trkpt>
      <trkpt lat="38.104852" lon="-82.178211"></trkpt>
      <trkpt lat="38.104740" lon="-82.178095"></trkpt>
      <trkpt lat="38.104584" lon="-82.177962"></trkpt>
      <trkpt lat="38.103694" lon="-82.177325"></trkpt>
      <trkpt lat="38.103512" lon="-82.177159"></trkpt>
      <trkpt lat="38.103342" lon="-82.177017"></trkpt>
      <trkpt lat="38.102754" lon="-82.176495"></trkpt>
      <trkpt lat="38.102220" lon="-82.175966"></trkpt>
      <trkpt lat="38.101971" lon="-82.175662"></trkpt>
      <trkpt lat="38.101749" lon="-82.175347"></trkpt>
      <trkpt lat="38.101511" lon="-82.175136"></trkpt>
      <trkpt lat="38.101259" lon="-82.175039"></trkpt>
      <trkpt lat="38.101068" lon="-82.174993"></trkpt>
      <trkpt lat="38.100916" lon="-82.174982"></trkpt>
      <trkpt lat="38.100540" lon="-82.174941"></trkpt>
      <trkpt lat="38.100384" lon="-82.174913"></trkpt>
      <trkpt lat="38.100236" lon="-82.174872"></trkpt>
      <trkpt lat="38.099958" lon="-82.174723"></trkpt>
      <trkpt lat="38.099754" lon="-82.174543"></trkpt>
      <trkpt lat="38.099624" lon="-82.174399"></trkpt>
      <trkpt lat="38.099450" lon="-82.174175"></trkpt>
      <trkpt lat="38.099326" lon="-82.174043"></trkpt>
      <trkpt lat="38.099154" lon="-82.173905"></trkpt>
      <trkpt lat="38.098873" lon="-82.173761"></trkpt>
      <trkpt lat="38.098700" lon="-82.173622"></trkpt>
      <trkpt lat="38.097873" lon="-82.172599"></trkpt>
      <trkpt lat="38.097683" lon="-82.172377"></trkpt>
      <trkpt lat="38.097473" lon="-82.172155"></trkpt>
      <trkpt lat="38.097297" lon="-82.171916"></trkpt>
      <trkpt lat="38.097235" lon="-82.171780"></trkpt>
      <trkpt lat="38.097175" lon="-82.171630"></trkpt>
      <trkpt lat="38.096950" lon="-82.171057"></trkpt>
      <trkpt lat="38.096784" lon="-82.170637"></trkpt>
      <trkpt lat="38.096631" lon="-82.170347"></trkpt>
      <trkpt lat="38.096524" lon="-82.170179"></trkpt>
      <trkpt lat="38.096405" lon="-82.170026"></trkpt>
      <trkpt lat="38.096106" lon="-82.169651"></trkpt>
      <trkpt lat="38.095962" lon="-82.169433"></trkpt>
      <trkpt lat="38.095908" lon="-82.169321"></trkpt>
      <trkpt lat="38.095859" lon="-82.169179"></trkpt>
      <trkpt lat="38.095838" lon="-82.169038"></trkpt>
      <trkpt lat="38.095837" lon="-82.168861"></trkpt>
      <trkpt lat="38.095831" lon="-82.168664"></trkpt>
      <trkpt lat="38.095810" lon="-82.168505"></trkpt>
      <trkpt lat="38.095773" lon="-82.168366"></trkpt>
      <trkpt lat="38.095721" lon="-82.168232"></trkpt>
      <trkpt lat="38.095624" lon="-82.168061"></trkpt>
      <trkpt lat="38.095520" lon="-82.167947"></trkpt>
      <trkpt lat="38.095431" lon="-82.167883"></trkpt>
      <trkpt lat="38.095331" lon="-82.167838"></trkpt>
      <trkpt lat="38.095206" lon="-82.167804"></trkpt>
      <trkpt lat="38.095000" lon="-82.167765"></trkpt>
      <trkpt lat="38.094578" lon="-82.167697"></trkpt>
      <trkpt lat="38.094427" lon="-82.167666"></trkpt>
      <trkpt lat="38.094251" lon="-82.167606"></trkpt>
      <trkpt lat="38.094138" lon="-82.167554"></trkpt>
      <trkpt lat="38.094028" lon="-82.167479"></trkpt>
      <trkpt lat="38.093911" lon="-82.167365"></trkpt>
      <trkpt lat="38.093779" lon="-82.167185"></trkpt>
      <trkpt lat="38.093656" lon="-82.166975"></trkpt>
      <trkpt lat="38.093304" lon="-82.166330"></trkpt>
      <trkpt lat="38.093202" lon="-82.166133"></trkpt>
      <trkpt lat="38.093098" lon="-82.166012"></trkpt>
      <trkpt lat="38.092939" lon="-82.165909"></trkpt>
      <trkpt lat="38.092797" lon="-82.165842"></trkpt>
      <trkpt lat="38.092728" lon="-82.165827"></trkpt>
      <trkpt lat="38.092450" lon="-82.165828"></trkpt>
      <trkpt lat="38.091945" lon="-82.165929"></trkpt>
      <trkpt lat="38.091869" lon="-82.165944"></trkpt>
      <trkpt lat="38.091097" lon="-82.166041"></trkpt>
      <trkpt lat="38.090808" lon="-82.166102"></trkpt>
      <trkpt lat="38.090448" lon="-82.166254"></trkpt>
      <trkpt lat="38.090208" lon="-82.166335"></trkpt>
      <trkpt lat="38.090129" lon="-82.166332"></trkpt>
      <trkpt lat="38.089911" lon="-82.166276"></trkpt>
      <trkpt lat="38.089621" lon="-82.166111"></trkpt>
      <trkpt lat="38.089182" lon="-82.165861"></trkpt>
      <trkpt lat="38.088946" lon="-82.165768"></trkpt>
      <trkpt lat="38.088711" lon="-82.165706"></trkpt>
      <trkpt lat="38.088595" lon="-82.165694"></trkpt>
      <trkpt lat="38.088264" lon="-82.165700"></trkpt>
      <trkpt lat="38.087774" lon="-82.165818"></trkpt>
      <trkpt lat="38.087685" lon="-82.165824"></trkpt>
      <trkpt lat="38.086760" lon="-82.165824"></trkpt>
      <trkpt lat="38.086247" lon="-82.165741"></trkpt>
      <trkpt lat="38.086058" lon="-82.165737"></trkpt>
      <trkpt lat="38.085729" lon="-82.165695"></trkpt>
      <trkpt lat="38.085082" lon="-82.165697"></trkpt>
      <trkpt lat="38.084545" lon="-82.165808"></trkpt>
      <trkpt lat="38.083982" lon="-82.165867"></trkpt>
      <trkpt lat="38.083384" lon="-82.165801"></trkpt>
      <trkpt lat="38.082371" lon="-82.165787"></trkpt>
      <trkpt lat="38.082157" lon="-82.165762"></trkpt>
      <trkpt lat="38.082059" lon="-82.165769"></trkpt>
      <trkpt lat="38.081670" lon="-82.165854"></trkpt>
      <trkpt lat="38.081070" lon="-82.165871"></trkpt>
      <trkpt lat="38.080752" lon="-82.165805"></trkpt>
      <trkpt lat="38.080552" lon="-82.165713"></trkpt>
      <trkpt lat="38.080002" lon="-82.165403"></trkpt>
      <trkpt lat="38.079447" lon="-82.165129"></trkpt>
      <trkpt lat="38.078593" lon="-82.164826"></trkpt>
      <trkpt lat="38.078248" lon="-82.164716"></trkpt>
      <trkpt lat="38.078173" lon="-82.164710"></trkpt>
      <trkpt lat="38.077933" lon="-82.164767"></trkpt>
      <trkpt lat="38.077827" lon="-82.164824"></trkpt>
      <trkpt lat="38.077425" lon="-82.165133"></trkpt>
      <trkpt lat="38.077335" lon="-82.165181"></trkpt>
      <trkpt lat="38.077214" lon="-82.165221"></trkpt>
      <trkpt lat="38.077055" lon="-82.165242"></trkpt>
      <trkpt lat="38.076715" lon="-82.165219"></trkpt>
      <trkpt lat="38.075248" lon="-82.164879"></trkpt>
      <trkpt lat="38.074711" lon="-82.164878"></trkpt>
      <trkpt lat="38.074496" lon="-82.164933"></trkpt>
      <trkpt lat="38.074008" lon="-82.165140"></trkpt>
      <trkpt lat="38.073864" lon="-82.165223"></trkpt>
      <trkpt lat="38.073370" lon="-82.165610"></trkpt>
      <trkpt lat="38.072963" lon="-82.165835"></trkpt>
      <trkpt lat="38.072717" lon="-82.165924"></trkpt>
      <trkpt lat="38.072114" lon="-82.166066"></trkpt>
      <trkpt lat="38.071313" lon="-82.166208"></trkpt>
      <trkpt lat="38.071249" lon="-82.166211"></trkpt>
      <trkpt lat="38.071134" lon="-82.166217"></trkpt>
      <trkpt lat="38.070596" lon="-82.166304"></trkpt>
      <trkpt lat="38.069416" lon="-82.166591"></trkpt>
      <trkpt lat="38.069129" lon="-82.166602"></trkpt>
      <trkpt lat="38.069014" lon="-82.166587"></trkpt>
      <trkpt lat="38.068577" lon="-82.166403"></trkpt>
      <trkpt lat="38.068085" lon="-82.166119"></trkpt>
      <trkpt lat="38.067406" lon="-82.165565"></trkpt>
      <trkpt lat="38.067177" lon="-82.165314"></trkpt>
      <trkpt lat="38.067076" lon="-82.165171"></trkpt>
      <trkpt lat="38.066972" lon="-82.164975"></trkpt>
      <trkpt lat="38.066861" lon="-82.164696"></trkpt>
      <trkpt lat="38.066812" lon="-82.164531"></trkpt>
      <trkpt lat="38.066755" lon="-82.164227"></trkpt>
      <trkpt lat="38.066766" lon="-82.163944"></trkpt>
      <trkpt lat="38.066822" lon="-82.163766"></trkpt>
      <trkpt lat="38.067014" lon="-82.163312"></trkpt>
      <trkpt lat="38.067055" lon="-82.163155"></trkpt>
      <trkpt lat="38.067047" lon="-82.162987"></trkpt>
      <trkpt lat="38.067010" lon="-82.162918"></trkpt>
      <trkpt lat="38.066958" lon="-82.162880"></trkpt>
      <trkpt lat="38.066818" lon="-82.162857"></trkpt>
      <trkpt lat="38.066477" lon="-82.162858"></trkpt>
      <trkpt lat="38.066215" lon="-82.162760"></trkpt>
      <trkpt lat="38.066020" lon="-82.162613"></trkpt>
      <trkpt lat="38.065855" lon="-82.162404"></trkpt>
      <trkpt lat="38.065718" lon="-82.162128"></trkpt>
      <trkpt lat="38.065652" lon="-82.161943"></trkpt>
      <trkpt lat="38.065625" lon="-82.161724"></trkpt>
      <trkpt lat="38.065639" lon="-82.161471"></trkpt>
      <trkpt lat="38.065723" lon="-82.161072"></trkpt>
      <trkpt lat="38.065709" lon="-82.160926"></trkpt>
      <trkpt lat="38.065674" lon="-82.160819"></trkpt>
      <trkpt lat="38.065608" lon="-82.160763"></trkpt>
      <trkpt lat="38.065497" lon="-82.160735"></trkpt>
      <trkpt lat="38.065400" lon="-82.160758"></trkpt>
      <trkpt lat="38.065157" lon="-82.160881"></trkpt>
      <trkpt lat="38.065006" lon="-82.160960"></trkpt>
      <trkpt lat="38.064860" lon="-82.160988"></trkpt>
      <trkpt lat="38.064648" lon="-82.160988"></trkpt>
      <trkpt lat="38.064316" lon="-82.160915"></trkpt>
      <trkpt lat="38.063639" lon="-82.160707"></trkpt>
      <trkpt lat="38.063449" lon="-82.160627"></trkpt>
      <trkpt lat="38.063209" lon="-82.160563"></trkpt>
      <trkpt lat="38.063057" lon="-82.160569"></trkpt>
      <trkpt lat="38.062918" lon="-82.160612"></trkpt>
      <trkpt lat="38.062759" lon="-82.160730"></trkpt>
      <trkpt lat="38.062465" lon="-82.161062"></trkpt>
      <trkpt lat="38.062182" lon="-82.161293"></trkpt>
      <trkpt lat="38.061992" lon="-82.161429"></trkpt>
      <trkpt lat="38.061591" lon="-82.161714"></trkpt>
      <trkpt lat="38.061302" lon="-82.161813"></trkpt>
      <trkpt lat="38.061044" lon="-82.161837"></trkpt>
      <trkpt lat="38.060791" lon="-82.161810"></trkpt>
      <trkpt lat="38.060271" lon="-82.161775"></trkpt>
      <trkpt lat="38.059536" lon="-82.161802"></trkpt>
      <trkpt lat="38.059287" lon="-82.161754"></trkpt>
      <trkpt lat="38.058905" lon="-82.161569"></trkpt>
      <trkpt lat="38.058436" lon="-82.161196"></trkpt>
      <trkpt lat="38.058206" lon="-82.160858"></trkpt>
      <trkpt lat="38.057969" lon="-82.160662"></trkpt>
      <trkpt lat="38.057138" lon="-82.160379"></trkpt>
      <trkpt lat="38.056962" lon="-82.160295"></trkpt>
      <trkpt lat="38.056578" lon="-82.160246"></trkpt>
      <trkpt lat="38.056278" lon="-82.160228"></trkpt>
      <trkpt lat="38.056081" lon="-82.160171"></trkpt>
      <trkpt lat="38.055933" lon="-82.160107"></trkpt>
      <trkpt lat="38.055682" lon="-82.159913"></trkpt>
      <trkpt lat="38.055288" lon="-82.158930"></trkpt>
      <trkpt lat="38.055268" lon="-82.158758"></trkpt>
      <trkpt lat="38.055320" lon="-82.158624"></trkpt>
      <trkpt lat="38.055435" lon="-82.158469"></trkpt>
      <trkpt lat="38.055637" lon="-82.158326"></trkpt>
      <trkpt lat="38.056083" lon="-82.158085"></trkpt>
      <trkpt lat="38.056566" lon="-82.157864"></trkpt>
      <trkpt lat="38.057323" lon="-82.157413"></trkpt>
      <trkpt lat="38.057393" lon="-82.157344"></trkpt>
      <trkpt lat="38.057425" lon="-82.157269"></trkpt>
      <trkpt lat="38.057430" lon="-82.157201"></trkpt>
      <trkpt lat="38.057415" lon="-82.157129"></trkpt>
      <trkpt lat="38.057380" lon="-82.157068"></trkpt>
      <trkpt lat="38.057333" lon="-82.157028"></trkpt>
      <trkpt lat="38.057259" lon="-82.157025"></trkpt>
      <trkpt lat="38.057176" lon="-82.157049"></trkpt>
      <trkpt lat="38.056792" lon="-82.157173"></trkpt>
      <trkpt lat="38.056256" lon="-82.157303"></trkpt>
      <trkpt lat="38.056084" lon="-82.157331"></trkpt>
      <trkpt lat="38.055714" lon="-82.157379"></trkpt>
      <trkpt lat="38.055287" lon="-82.157390"></trkpt>
      <trkpt lat="38.054661" lon="-82.157411"></trkpt>
      <trkpt lat="38.054339" lon="-82.157398"></trkpt>
      <trkpt lat="38.054196" lon="-82.157352"></trkpt>
      <trkpt lat="38.054118" lon="-82.157300"></trkpt>
      <trkpt lat="38.053991" lon="-82.157153"></trkpt>
      <trkpt lat="38.053933" lon="-82.157042"></trkpt>
      <trkpt lat="38.053903" lon="-82.156941"></trkpt>
      <trkpt lat="38.053856" lon="-82.156548"></trkpt>
      <trkpt lat="38.053843" lon="-82.156172"></trkpt>
      <trkpt lat="38.053797" lon="-82.155763"></trkpt>
      <trkpt lat="38.053568" lon="-82.154718"></trkpt>
      <trkpt lat="38.053414" lon="-82.153822"></trkpt>
      <trkpt lat="38.053329" lon="-82.153181"></trkpt>
      <trkpt lat="38.053327" lon="-82.152959"></trkpt>
      <trkpt lat="38.053347" lon="-82.152735"></trkpt>
      <trkpt lat="38.053540" lon="-82.152158"></trkpt>
      <trkpt lat="38.053811" lon="-82.151328"></trkpt>
      <trkpt lat="38.053960" lon="-82.150667"></trkpt>
      <trkpt lat="38.054011" lon="-82.150089"></trkpt>
      <trkpt lat="38.054011" lon="-82.149858"></trkpt>
      <trkpt lat="38.053971" lon="-82.149472"></trkpt>
      <trkpt lat="38.053937" lon="-82.149070"></trkpt>
      <trkpt lat="38.053950" lon="-82.148748"></trkpt>
      <trkpt lat="38.053997" lon="-82.148354"></trkpt>
      <trkpt lat="38.054005" lon="-82.148061"></trkpt>
      <trkpt lat="38.053985" lon="-82.147784"></trkpt>
      <trkpt lat="38.053931" lon="-82.147350"></trkpt>
      <trkpt lat="38.053850" lon="-82.147016"></trkpt>
      <trkpt lat="38.053709" lon="-82.146637"></trkpt>
      <trkpt lat="38.053568" lon="-82.146342"></trkpt>
      <trkpt lat="38.053380" lon="-82.146039"></trkpt>
      <trkpt lat="38.053229" lon="-82.145853"></trkpt>
      <trkpt lat="38.052917" lon="-82.145551"></trkpt>
      <trkpt lat="38.052650" lon="-82.145342"></trkpt>
      <trkpt lat="38.051939" lon="-82.144987"></trkpt>
      <trkpt lat="38.050367" lon="-82.144227"></trkpt>
      <trkpt lat="38.048068" lon="-82.142925"></trkpt>
      <trkpt lat="38.047497" lon="-82.142705"></trkpt>
      <trkpt lat="38.046856" lon="-82.142523"></trkpt>
      <trkpt lat="38.046444" lon="-82.142436"></trkpt>
      <trkpt lat="38.045299" lon="-82.142218"></trkpt>
      <trkpt lat="38.044737" lon="-82.142221"></trkpt>
      <trkpt lat="38.044552" lon="-82.142279"></trkpt>
      <trkpt lat="38.044335" lon="-82.142393"></trkpt>
      <trkpt lat="38.042852" lon="-82.143465"></trkpt>
      <trkpt lat="38.042213" lon="-82.143872"></trkpt>
      <trkpt lat="38.041393" lon="-82.144218"></trkpt>
      <trkpt lat="38.040770" lon="-82.144437"></trkpt>
      <trkpt lat="38.040436" lon="-82.144470"></trkpt>
      <trkpt lat="38.040077" lon="-82.144408"></trkpt>
      <trkpt lat="38.039633" lon="-82.144209"></trkpt>
      <trkpt lat="38.039333" lon="-82.143946"></trkpt>
      <trkpt lat="38.039133" lon="-82.143633"></trkpt>
      <trkpt lat="38.039016" lon="-82.143327"></trkpt>
      <trkpt lat="38.038923" lon="-82.143004"></trkpt>
      <trkpt lat="38.038659" lon="-82.141967"></trkpt>
      <trkpt lat="38.038544" lon="-82.141431"></trkpt>
      <trkpt lat="38.038286" lon="-82.139773"></trkpt>
      <trkpt lat="38.038207" lon="-82.139223"></trkpt>
      <trkpt lat="38.038050" lon="-82.138593"></trkpt>
      <trkpt lat="38.037973" lon="-82.138182"></trkpt>
      <trkpt lat="38.037721" lon="-82.137209"></trkpt>
      <trkpt lat="38.037324" lon="-82.136101"></trkpt>
      <trkpt lat="38.036904" lon="-82.134814"></trkpt>
      <trkpt lat="38.036693" lon="-82.134049"></trkpt>
      <trkpt lat="38.036587" lon="-82.133768"></trkpt>
      <trkpt lat="38.036500" lon="-82.133569"></trkpt>
      <trkpt lat="38.036402" lon="-82.133421"></trkpt>
      <trkpt lat="38.036031" lon="-82.133084"></trkpt>
      <trkpt lat="38.035622" lon="-82.132813"></trkpt>
      <trkpt lat="38.035283" lon="-82.132644"></trkpt>
      <trkpt lat="38.034855" lon="-82.132520"></trkpt>
      <trkpt lat="38.034299" lon="-82.132392"></trkpt>
      <trkpt lat="38.033931" lon="-82.132325"></trkpt>
      <trkpt lat="38.033672" lon="-82.132300"></trkpt>
      <trkpt lat="38.032977" lon="-82.132247"></trkpt>
      <trkpt lat="38.032691" lon="-82.132250"></trkpt>
      <trkpt lat="38.032440" lon="-82.132282"></trkpt>
      <trkpt lat="38.032123" lon="-82.132357"></trkpt>
      <trkpt lat="38.031901" lon="-82.132384"></trkpt>
      <trkpt lat="38.031559" lon="-82.132376"></trkpt>
      <trkpt lat="38.031270" lon="-82.132343"></trkpt>
      <trkpt lat="38.030687" lon="-82.132240"></trkpt>
      <trkpt lat="38.029599" lon="-82.131852"></trkpt>
      <trkpt lat="38.029357" lon="-82.131780"></trkpt>
      <trkpt lat="38.029179" lon="-82.131630"></trkpt>
      <trkpt lat="38.029110" lon="-82.131433"></trkpt>
      <trkpt lat="38.029135" lon="-82.131239"></trkpt>
      <trkpt lat="38.029224" lon="-82.131117"></trkpt>
      <trkpt lat="38.029998" lon="-82.130487"></trkpt>
      <trkpt lat="38.030193" lon="-82.130355"></trkpt>
      <trkpt lat="38.030484" lon="-82.130105"></trkpt>
      <trkpt lat="38.030772" lon="-82.129880"></trkpt>
      <trkpt lat="38.031008" lon="-82.129622"></trkpt>
      <trkpt lat="38.031036" lon="-82.129566"></trkpt>
      <trkpt lat="38.031093" lon="-82.129450"></trkpt>
      <trkpt lat="38.031131" lon="-82.129332"></trkpt>
      <trkpt lat="38.031141" lon="-82.129185"></trkpt>
      <trkpt lat="38.030985" lon="-82.128836"></trkpt>
      <trkpt lat="38.030779" lon="-82.128471"></trkpt>
      <trkpt lat="38.030636" lon="-82.128143"></trkpt>
      <trkpt lat="38.030424" lon="-82.127601"></trkpt>
      <trkpt lat="38.030116" lon="-82.126561"></trkpt>
      <trkpt lat="38.029833" lon="-82.125523"></trkpt>
      <trkpt lat="38.029738" lon="-82.124512"></trkpt>
      <trkpt lat="38.029660" lon="-82.123409"></trkpt>
      <trkpt lat="38.029677" lon="-82.122267"></trkpt>
      <trkpt lat="38.029709" lon="-82.121794"></trkpt>
      <trkpt lat="38.029747" lon="-82.121327"></trkpt>
      <trkpt lat="38.030021" lon="-82.119373"></trkpt>
      <trkpt lat="38.030078" lon="-82.118173"></trkpt>
      <trkpt lat="38.030105" lon="-82.117162"></trkpt>
      <trkpt lat="38.030093" lon="-82.116433"></trkpt>
      <trkpt lat="38.030076" lon="-82.115926"></trkpt>
      <trkpt lat="38.030001" lon="-82.115312"></trkpt>
      <trkpt lat="38.029783" lon="-82.114315"></trkpt>
      <trkpt lat="38.029674" lon="-82.113976"></trkpt>
      <trkpt lat="38.029415" lon="-82.113369"></trkpt>
      <trkpt lat="38.029030" lon="-82.112372"></trkpt>
      <trkpt lat="38.028710" lon="-82.111558"></trkpt>
      <trkpt lat="38.027788" lon="-82.110073"></trkpt>
      <trkpt lat="38.027101" lon="-82.108959"></trkpt>
      <trkpt lat="38.026869" lon="-82.108591"></trkpt>
      <trkpt lat="38.026534" lon="-82.108052"></trkpt>
      <trkpt lat="38.026426" lon="-82.107878"></trkpt>
      <trkpt lat="38.025545" lon="-82.106448"></trkpt>
      <trkpt lat="38.025275" lon="-82.106090"></trkpt>
      <trkpt lat="38.024952" lon="-82.105696"></trkpt>
      <trkpt lat="38.024625" lon="-82.105177"></trkpt>
      <trkpt lat="38.024090" lon="-82.104296"></trkpt>
      <trkpt lat="38.023353" lon="-82.103111"></trkpt>
      <trkpt lat="38.022920" lon="-82.102398"></trkpt>
      <trkpt lat="38.022900" lon="-82.102363"></trkpt>
      <trkpt lat="38.022625" lon="-82.101907"></trkpt>
      <trkpt lat="38.022268" lon="-82.101316"></trkpt>
      <trkpt lat="38.021983" lon="-82.100773"></trkpt>
      <trkpt lat="38.021705" lon="-82.100212"></trkpt>
      <trkpt lat="38.021464" lon="-82.099523"></trkpt>
      <trkpt lat="38.020931" lon="-82.097181"></trkpt>
      <trkpt lat="38.020682" lon="-82.096071"></trkpt>
      <trkpt lat="38.020654" lon="-82.095942"></trkpt>
      <trkpt lat="38.020243" lon="-82.094175"></trkpt>
      <trkpt lat="38.020017" lon="-82.093482"></trkpt>
      <trkpt lat="38.019788" lon="-82.092843"></trkpt>
      <trkpt lat="38.019393" lon="-82.091837"></trkpt>
      <trkpt lat="38.018975" lon="-82.090844"></trkpt>
      <trkpt lat="38.018412" lon="-82.089726"></trkpt>
      <trkpt lat="38.017584" lon="-82.088122"></trkpt>
      <trkpt lat="38.016333" lon="-82.085777"></trkpt>
      <trkpt lat="38.015667" lon="-82.084566"></trkpt>
      <trkpt lat="38.015065" lon="-82.083470"></trkpt>
      <trkpt lat="38.014524" lon="-82.082253"></trkpt>
      <trkpt lat="38.014113" lon="-82.081042"></trkpt>
      <trkpt lat="38.013400" lon="-82.078513"></trkpt>
      <trkpt lat="38.013037" lon="-82.077235"></trkpt>
      <trkpt lat="38.012766" lon="-82.076591"></trkpt>
      <trkpt lat="38.012319" lon="-82.075589"></trkpt>
      <trkpt lat="38.011993" lon="-82.075011"></trkpt>
      <trkpt lat="38.011568" lon="-82.074333"></trkpt>
      <trkpt lat="38.011008" lon="-82.073568"></trkpt>
      <trkpt lat="38.010973" lon="-82.073537"></trkpt>
      <trkpt lat="38.010651" lon="-82.073198"></trkpt>
      <trkpt lat="38.010480" lon="-82.073048"></trkpt>
      <trkpt lat="38.010332" lon="-82.072935"></trkpt>
      <trkpt lat="38.010057" lon="-82.072718"></trkpt>
      <trkpt lat="38.009621" lon="-82.072335"></trkpt>
      <trkpt lat="38.009494" lon="-82.072166"></trkpt>
      <trkpt lat="38.009280" lon="-82.071879"></trkpt>
      <trkpt lat="38.008816" lon="-82.071139"></trkpt>
      <trkpt lat="38.007887" lon="-82.069655"></trkpt>
      <trkpt lat="38.007682" lon="-82.069321"></trkpt>
      <trkpt lat="38.007616" lon="-82.069180"></trkpt>
      <trkpt lat="38.007525" lon="-82.068985"></trkpt>
      <trkpt lat="38.007408" lon="-82.068603"></trkpt>
      <trkpt lat="38.007302" lon="-82.068256"></trkpt>
      <trkpt lat="38.007209" lon="-82.067867"></trkpt>
      <trkpt lat="38.007177" lon="-82.067731"></trkpt>
      <trkpt lat="38.007048" lon="-82.067191"></trkpt>
      <trkpt lat="38.007033" lon="-82.066878"></trkpt>
      <trkpt lat="38.007068" lon="-82.066569"></trkpt>
      <trkpt lat="38.007207" lon="-82.066167"></trkpt>
      <trkpt lat="38.007513" lon="-82.065778"></trkpt>
      <trkpt lat="38.007868" lon="-82.065443"></trkpt>
      <trkpt lat="38.008206" lon="-82.065189"></trkpt>
      <trkpt lat="38.008445" lon="-82.065066"></trkpt>
      <trkpt lat="38.009105" lon="-82.064813"></trkpt>
      <trkpt lat="38.009873" lon="-82.064555"></trkpt>
      <trkpt lat="38.012953" lon="-82.063521"></trkpt>
      <trkpt lat="38.013554" lon="-82.063320"></trkpt>
      <trkpt lat="38.013941" lon="-82.063164"></trkpt>
      <trkpt lat="38.014197" lon="-82.063002"></trkpt>
      <trkpt lat="38.014516" lon="-82.062763"></trkpt>
      <trkpt lat="38.014726" lon="-82.062592"></trkpt>
      <trkpt lat="38.014908" lon="-82.062363"></trkpt>
      <trkpt lat="38.015147" lon="-82.061982"></trkpt>
      <trkpt lat="38.015283" lon="-82.061716"></trkpt>
      <trkpt lat="38.015454" lon="-82.061296"></trkpt>
      <trkpt lat="38.015505" lon="-82.061104"></trkpt>
      <trkpt lat="38.015572" lon="-82.060803"></trkpt>
      <trkpt lat="38.015611" lon="-82.060482"></trkpt>
      <trkpt lat="38.015647" lon="-82.060045"></trkpt>
      <trkpt lat="38.015639" lon="-82.059704"></trkpt>
      <trkpt lat="38.015580" lon="-82.059178"></trkpt>
      <trkpt lat="38.015418" lon="-82.058456"></trkpt>
      <trkpt lat="38.015244" lon="-82.057913"></trkpt>
      <trkpt lat="38.015118" lon="-82.057644"></trkpt>
      <trkpt lat="38.014954" lon="-82.057407"></trkpt>
      <trkpt lat="38.014770" lon="-82.057207"></trkpt>
      <trkpt lat="38.014582" lon="-82.057041"></trkpt>
      <trkpt lat="38.014495" lon="-82.056984"></trkpt>
      <trkpt lat="38.014157" lon="-82.056805"></trkpt>
      <trkpt lat="38.013604" lon="-82.056599"></trkpt>
      <trkpt lat="38.011683" lon="-82.055872"></trkpt>
      <trkpt lat="38.010254" lon="-82.055293"></trkpt>
      <trkpt lat="38.009955" lon="-82.055195"></trkpt>
      <trkpt lat="38.009702" lon="-82.055088"></trkpt>
      <trkpt lat="38.009523" lon="-82.054982"></trkpt>
      <trkpt lat="38.009144" lon="-82.054685"></trkpt>
      <trkpt lat="38.008947" lon="-82.054436"></trkpt>
      <trkpt lat="38.008770" lon="-82.054055"></trkpt>
      <trkpt lat="38.008635" lon="-82.053613"></trkpt>
      <trkpt lat="38.008582" lon="-82.053355"></trkpt>
      <trkpt lat="38.008546" lon="-82.052904"></trkpt>
      <trkpt lat="38.008643" lon="-82.052269"></trkpt>
      <trkpt lat="38.009115" lon="-82.050290"></trkpt>
      <trkpt lat="38.009203" lon="-82.049637"></trkpt>
      <trkpt lat="38.009224" lon="-82.049093"></trkpt>
      <trkpt lat="38.009214" lon="-82.048734"></trkpt>
      <trkpt lat="38.009153" lon="-82.048345"></trkpt>
      <trkpt lat="38.008917" lon="-82.047362"></trkpt>
      <trkpt lat="38.008728" lon="-82.046699"></trkpt>
      <trkpt lat="38.008470" lon="-82.046107"></trkpt>
      <trkpt lat="38.008155" lon="-82.045675"></trkpt>
      <trkpt lat="38.007686" lon="-82.045162"></trkpt>
      <trkpt lat="38.006773" lon="-82.044346"></trkpt>
      <trkpt lat="38.006457" lon="-82.044036"></trkpt>
      <trkpt lat="38.005637" lon="-82.043190"></trkpt>
      <trkpt lat="38.005065" lon="-82.042645"></trkpt>
      <trkpt lat="38.004376" lon="-82.041926"></trkpt>
      <trkpt lat="38.003889" lon="-82.041371"></trkpt>
      <trkpt lat="38.003362" lon="-82.040748"></trkpt>
      <trkpt lat="38.003142" lon="-82.040521"></trkpt>
      <trkpt lat="38.002943" lon="-82.040360"></trkpt>
      <trkpt lat="38.002772" lon="-82.040246"></trkpt>
      <trkpt lat="38.001888" lon="-82.039847"></trkpt>
      <trkpt lat="38.000543" lon="-82.039224"></trkpt>
      <trkpt lat="37.999701" lon="-82.038764"></trkpt>
      <trkpt lat="37.998986" lon="-82.038407"></trkpt>
      <trkpt lat="37.998642" lon="-82.038227"></trkpt>
      <trkpt lat="37.998272" lon="-82.038069"></trkpt>
      <trkpt lat="37.998044" lon="-82.037997"></trkpt>
      <trkpt lat="37.997830" lon="-82.037973"></trkpt>
      <trkpt lat="37.997575" lon="-82.038002"></trkpt>
      <trkpt lat="37.997226" lon="-82.038107"></trkpt>
      <trkpt lat="37.996459" lon="-82.038415"></trkpt>
      <trkpt lat="37.996129" lon="-82.038576"></trkpt>
      <trkpt lat="37.994739" lon="-82.039696"></trkpt>
      <trkpt lat="37.994541" lon="-82.039856"></trkpt>
      <trkpt lat="37.993541" lon="-82.040660"></trkpt>
      <trkpt lat="37.992861" lon="-82.041215"></trkpt>
      <trkpt lat="37.992548" lon="-82.041406"></trkpt>
      <trkpt lat="37.992360" lon="-82.041454"></trkpt>
      <trkpt lat="37.992195" lon="-82.041462"></trkpt>
      <trkpt lat="37.991982" lon="-82.041433"></trkpt>
      <trkpt lat="37.991799" lon="-82.041373"></trkpt>
      <trkpt lat="37.991615" lon="-82.041266"></trkpt>
      <trkpt lat="37.991498" lon="-82.041161"></trkpt>
      <trkpt lat="37.991374" lon="-82.041031"></trkpt>
      <trkpt lat="37.991216" lon="-82.040800"></trkpt>
      <trkpt lat="37.991094" lon="-82.040575"></trkpt>
      <trkpt lat="37.990985" lon="-82.040333"></trkpt>
      <trkpt lat="37.990893" lon="-82.040093"></trkpt>
      <trkpt lat="37.990721" lon="-82.039553"></trkpt>
      <trkpt lat="37.990575" lon="-82.038976"></trkpt>
      <trkpt lat="37.990513" lon="-82.038646"></trkpt>
      <trkpt lat="37.990470" lon="-82.038387"></trkpt>
      <trkpt lat="37.990428" lon="-82.038067"></trkpt>
      <trkpt lat="37.990260" lon="-82.036335"></trkpt>
      <trkpt lat="37.990193" lon="-82.035902"></trkpt>
      <trkpt lat="37.990110" lon="-82.035561"></trkpt>
      <trkpt lat="37.990035" lon="-82.035312"></trkpt>
      <trkpt lat="37.989931" lon="-82.035061"></trkpt>
      <trkpt lat="37.989742" lon="-82.034690"></trkpt>
      <trkpt lat="37.989354" lon="-82.034207"></trkpt>
      <trkpt lat="37.988718" lon="-82.033407"></trkpt>
      <trkpt lat="37.987945" lon="-82.032589"></trkpt>
      <trkpt lat="37.987217" lon="-82.031883"></trkpt>
      <trkpt lat="37.986999" lon="-82.031672"></trkpt>
      <trkpt lat="37.986769" lon="-82.031519"></trkpt>
      <trkpt lat="37.985925" lon="-82.031176"></trkpt>
      <trkpt lat="37.985335" lon="-82.030975"></trkpt>
      <trkpt lat="37.985084" lon="-82.030908"></trkpt>
      <trkpt lat="37.984854" lon="-82.030903"></trkpt>
      <trkpt lat="37.984560" lon="-82.030910"></trkpt>
      <trkpt lat="37.984346" lon="-82.030915"></trkpt>
      <trkpt lat="37.984097" lon="-82.030988"></trkpt>
      <trkpt lat="37.983774" lon="-82.031176"></trkpt>
      <trkpt lat="37.983477" lon="-82.031366"></trkpt>
      <trkpt lat="37.983250" lon="-82.031556"></trkpt>
      <trkpt lat="37.982932" lon="-82.031839"></trkpt>
      <trkpt lat="37.982818" lon="-82.032003"></trkpt>
      <trkpt lat="37.982531" lon="-82.032412"></trkpt>
      <trkpt lat="37.982433" lon="-82.032553"></trkpt>
      <trkpt lat="37.982192" lon="-82.032902"></trkpt>
      <trkpt lat="37.980902" lon="-82.034772"></trkpt>
      <trkpt lat="37.980850" lon="-82.034844"></trkpt>
      <trkpt lat="37.980809" lon="-82.034902"></trkpt>
      <trkpt lat="37.980269" lon="-82.035656"></trkpt>
      <trkpt lat="37.980037" lon="-82.035981"></trkpt>
      <trkpt lat="37.979037" lon="-82.037378"></trkpt>
      <trkpt lat="37.978862" lon="-82.037515"></trkpt>
      <trkpt lat="37.978664" lon="-82.037669"></trkpt>
      <trkpt lat="37.978443" lon="-82.037779"></trkpt>
      <trkpt lat="37.978240" lon="-82.037880"></trkpt>
      <trkpt lat="37.977936" lon="-82.037989"></trkpt>
      <trkpt lat="37.977661" lon="-82.038018"></trkpt>
      <trkpt lat="37.977406" lon="-82.038018"></trkpt>
      <trkpt lat="37.977031" lon="-82.037906"></trkpt>
      <trkpt lat="37.976790" lon="-82.037799"></trkpt>
      <trkpt lat="37.976525" lon="-82.037611"></trkpt>
      <trkpt lat="37.976169" lon="-82.037312"></trkpt>
      <trkpt lat="37.976038" lon="-82.037143"></trkpt>
      <trkpt lat="37.975767" lon="-82.036796"></trkpt>
      <trkpt lat="37.975670" lon="-82.036656"></trkpt>
      <trkpt lat="37.975544" lon="-82.036423"></trkpt>
      <trkpt lat="37.975406" lon="-82.036075"></trkpt>
      <trkpt lat="37.975326" lon="-82.035818"></trkpt>
      <trkpt lat="37.975268" lon="-82.035553"></trkpt>
      <trkpt lat="37.975242" lon="-82.035394"></trkpt>
      <trkpt lat="37.975224" lon="-82.035226"></trkpt>
      <trkpt lat="37.975211" lon="-82.035061"></trkpt>
      <trkpt lat="37.975204" lon="-82.034655"></trkpt>
      <trkpt lat="37.975218" lon="-82.034467"></trkpt>
      <trkpt lat="37.975231" lon="-82.034307"></trkpt>
      <trkpt lat="37.975255" lon="-82.034117"></trkpt>
      <trkpt lat="37.975295" lon="-82.033907"></trkpt>
      <trkpt lat="37.975337" lon="-82.033737"></trkpt>
      <trkpt lat="37.975402" lon="-82.033547"></trkpt>
      <trkpt lat="37.975463" lon="-82.033383"></trkpt>
      <trkpt lat="37.975530" lon="-82.033210"></trkpt>
      <trkpt lat="37.975693" lon="-82.032873"></trkpt>
      <trkpt lat="37.976076" lon="-82.032316"></trkpt>
      <trkpt lat="37.976470" lon="-82.031835"></trkpt>
      <trkpt lat="37.978030" lon="-82.029643"></trkpt>
      <trkpt lat="37.978557" lon="-82.028773"></trkpt>
      <trkpt lat="37.978765" lon="-82.028354"></trkpt>
      <trkpt lat="37.979033" lon="-82.027735"></trkpt>
      <trkpt lat="37.979221" lon="-82.027159"></trkpt>
      <trkpt lat="37.979598" lon="-82.025889"></trkpt>
      <trkpt lat="37.979961" lon="-82.024473"></trkpt>
      <trkpt lat="37.980144" lon="-82.023571"></trkpt>
      <trkpt lat="37.980269" lon="-82.022538"></trkpt>
      <trkpt lat="37.980336" lon="-82.021887"></trkpt>
      <trkpt lat="37.980369" lon="-82.021228"></trkpt>
      <trkpt lat="37.980331" lon="-82.020667"></trkpt>
      <trkpt lat="37.980253" lon="-82.020050"></trkpt>
      <trkpt lat="37.980184" lon="-82.019671"></trkpt>
      <trkpt lat="37.980076" lon="-82.019303"></trkpt>
      <trkpt lat="37.979938" lon="-82.018961"></trkpt>
      <trkpt lat="37.979772" lon="-82.018627"></trkpt>
      <trkpt lat="37.979365" lon="-82.018143"></trkpt>
      <trkpt lat="37.978997" lon="-82.017788"></trkpt>
      <trkpt lat="37.978910" lon="-82.017702"></trkpt>
      <trkpt lat="37.978430" lon="-82.017307"></trkpt>
      <trkpt lat="37.977539" lon="-82.016670"></trkpt>
      <trkpt lat="37.977281" lon="-82.016548"></trkpt>
      <trkpt lat="37.977103" lon="-82.016498"></trkpt>
      <trkpt lat="37.976994" lon="-82.016468"></trkpt>
      <trkpt lat="37.976832" lon="-82.016469"></trkpt>
      <trkpt lat="37.976783" lon="-82.016470"></trkpt>
      <trkpt lat="37.976710" lon="-82.016470"></trkpt>
      <trkpt lat="37.976612" lon="-82.016489"></trkpt>
      <trkpt lat="37.976113" lon="-82.016587"></trkpt>
      <trkpt lat="37.975883" lon="-82.016631"></trkpt>
      <trkpt lat="37.975444" lon="-82.016717"></trkpt>
      <trkpt lat="37.975288" lon="-82.016742"></trkpt>
      <trkpt lat="37.974270" lon="-82.016907"></trkpt>
      <trkpt lat="37.974021" lon="-82.016952"></trkpt>
      <trkpt lat="37.973650" lon="-82.017020"></trkpt>
      <trkpt lat="37.973582" lon="-82.017031"></trkpt>
      <trkpt lat="37.973564" lon="-82.017035"></trkpt>
      <trkpt lat="37.973352" lon="-82.017063"></trkpt>
      <trkpt lat="37.973284" lon="-82.017072"></trkpt>
      <trkpt lat="37.973032" lon="-82.017115"></trkpt>
      <trkpt lat="37.972488" lon="-82.017244"></trkpt>
      <trkpt lat="37.972070" lon="-82.017427"></trkpt>
      <trkpt lat="37.971683" lon="-82.017596"></trkpt>
      <trkpt lat="37.971623" lon="-82.017615"></trkpt>
      <trkpt lat="37.971259" lon="-82.017773"></trkpt>
      <trkpt lat="37.970887" lon="-82.017870"></trkpt>
      <trkpt lat="37.970778" lon="-82.017892"></trkpt>
      <trkpt lat="37.970667" lon="-82.017914"></trkpt>
      <trkpt lat="37.970469" lon="-82.017935"></trkpt>
      <trkpt lat="37.970061" lon="-82.017983"></trkpt>
      <trkpt lat="37.969658" lon="-82.018016"></trkpt>
      <trkpt lat="37.969765" lon="-82.018714"></trkpt>
      <trkpt lat="37.969765" lon="-82.018714"></trkpt>
      <trkpt lat="37.969658" lon="-82.018016"></trkpt>
      <trkpt lat="37.970061" lon="-82.017983"></trkpt>
      <trkpt lat="37.970469" lon="-82.017935"></trkpt>
      <trkpt lat="37.970667" lon="-82.017914"></trkpt>
      <trkpt lat="37.970778" lon="-82.017892"></trkpt>
      <trkpt lat="37.970887" lon="-82.017870"></trkpt>
      <trkpt lat="37.971259" lon="-82.017773"></trkpt>
      <trkpt lat="37.971623" lon="-82.017615"></trkpt>
      <trkpt lat="37.971683" lon="-82.017596"></trkpt>
      <trkpt lat="37.972070" lon="-82.017427"></trkpt>
      <trkpt lat="37.972488" lon="-82.017244"></trkpt>
      <trkpt lat="37.973032" lon="-82.017115"></trkpt>
      <trkpt lat="37.973284" lon="-82.017072"></trkpt>
      <trkpt lat="37.973352" lon="-82.017063"></trkpt>
      <trkpt lat="37.973564" lon="-82.017035"></trkpt>
      <trkpt lat="37.973486" lon="-82.016401"></trkpt>
      <trkpt lat="37.973474" lon="-82.016200"></trkpt>
      <trkpt lat="37.973484" lon="-82.016013"></trkpt>
      <trkpt lat="37.973520" lon="-82.015805"></trkpt>
      <trkpt lat="37.973580" lon="-82.015614"></trkpt>
      <trkpt lat="37.973650" lon="-82.015457"></trkpt>
      <trkpt lat="37.973755" lon="-82.015298"></trkpt>
      <trkpt lat="37.973870" lon="-82.015123"></trkpt>
      <trkpt lat="37.973973" lon="-82.015009"></trkpt>
      <trkpt lat="37.974194" lon="-82.014827"></trkpt>
      <trkpt lat="37.974247" lon="-82.014754"></trkpt>
      <trkpt lat="37.974275" lon="-82.014664"></trkpt>
      <trkpt lat="37.974292" lon="-82.014541"></trkpt>
      <trkpt lat="37.974276" lon="-82.014311"></trkpt>
      <trkpt lat="37.973762" lon="-82.012567"></trkpt>
      <trkpt lat="37.973159" lon="-82.010540"></trkpt>
      <trkpt lat="37.972861" lon="-82.009542"></trkpt>
      <trkpt lat="37.971543" lon="-82.005100"></trkpt>
      <trkpt lat="37.971439" lon="-82.004672"></trkpt>
      <trkpt lat="37.971367" lon="-82.004287"></trkpt>
      <trkpt lat="37.971294" lon="-82.003856"></trkpt>
      <trkpt lat="37.971265" lon="-82.003396"></trkpt>
      <trkpt lat="37.971230" lon="-82.002842"></trkpt>
      <trkpt lat="37.971248" lon="-82.002389"></trkpt>
      <trkpt lat="37.971282" lon="-82.002067"></trkpt>
      <trkpt lat="37.971417" lon="-82.001230"></trkpt>
      <trkpt lat="37.971605" lon="-82.000482"></trkpt>
      <trkpt lat="37.971900" lon="-81.999717"></trkpt>
      <trkpt lat="37.972136" lon="-81.999218"></trkpt>
      <trkpt lat="37.972401" lon="-81.998756"></trkpt>
      <trkpt lat="37.972675" lon="-81.998386"></trkpt>
      <trkpt lat="37.972971" lon="-81.998016"></trkpt>
      <trkpt lat="37.973246" lon="-81.997774"></trkpt>
      <trkpt lat="37.973530" lon="-81.997501"></trkpt>
      <trkpt lat="37.973940" lon="-81.997232"></trkpt>
      <trkpt lat="37.974454" lon="-81.996906"></trkpt>
      <trkpt lat="37.976531" lon="-81.995881"></trkpt>
      <trkpt lat="37.979188" lon="-81.994516"></trkpt>
      <trkpt lat="37.979700" lon="-81.994166"></trkpt>
      <trkpt lat="37.980139" lon="-81.993769"></trkpt>
      <trkpt lat="37.980466" lon="-81.993336"></trkpt>
      <trkpt lat="37.981218" lon="-81.992231"></trkpt>
      <trkpt lat="37.981441" lon="-81.991909"></trkpt>
      <trkpt lat="37.981786" lon="-81.991412"></trkpt>
      <trkpt lat="37.982359" lon="-81.990595"></trkpt>
      <trkpt lat="37.984225" lon="-81.987912"></trkpt>
      <trkpt lat="37.984502" lon="-81.987551"></trkpt>
      <trkpt lat="37.984827" lon="-81.987212"></trkpt>
      <trkpt lat="37.985126" lon="-81.986991"></trkpt>
      <trkpt lat="37.985496" lon="-81.986772"></trkpt>
      <trkpt lat="37.985931" lon="-81.986602"></trkpt>
      <trkpt lat="37.986252" lon="-81.986524"></trkpt>
      <trkpt lat="37.986582" lon="-81.986484"></trkpt>
      <trkpt lat="37.987785" lon="-81.986519"></trkpt>
      <trkpt lat="37.988414" lon="-81.986491"></trkpt>
      <trkpt lat="37.988883" lon="-81.986383"></trkpt>
      <trkpt lat="37.989419" lon="-81.986215"></trkpt>
      <trkpt lat="37.989895" lon="-81.985971"></trkpt>
      <trkpt lat="37.990148" lon="-81.985798"></trkpt>
      <trkpt lat="37.990400" lon="-81.985576"></trkpt>
      <trkpt lat="37.990682" lon="-81.985329"></trkpt>
      <trkpt lat="37.990977" lon="-81.984999"></trkpt>
      <trkpt lat="37.991156" lon="-81.984769"></trkpt>
      <trkpt lat="37.991334" lon="-81.984507"></trkpt>
      <trkpt lat="37.991528" lon="-81.984152"></trkpt>
      <trkpt lat="37.991726" lon="-81.983732"></trkpt>
      <trkpt lat="37.991854" lon="-81.983397"></trkpt>
      <trkpt lat="37.991958" lon="-81.982991"></trkpt>
      <trkpt lat="37.992039" lon="-81.982571"></trkpt>
      <trkpt lat="37.992086" lon="-81.981927"></trkpt>
      <trkpt lat="37.992041" lon="-81.981250"></trkpt>
      <trkpt lat="37.991925" lon="-81.980647"></trkpt>
      <trkpt lat="37.991565" lon="-81.979653"></trkpt>
      <trkpt lat="37.990809" lon="-81.977791"></trkpt>
      <trkpt lat="37.990052" lon="-81.975857"></trkpt>
      <trkpt lat="37.989536" lon="-81.974650"></trkpt>
      <trkpt lat="37.989101" lon="-81.973491"></trkpt>
      <trkpt lat="37.988537" lon="-81.972093"></trkpt>
      <trkpt lat="37.988029" lon="-81.970721"></trkpt>
      <trkpt lat="37.987540" lon="-81.968944"></trkpt>
      <trkpt lat="37.986827" lon="-81.965557"></trkpt>
      <trkpt lat="37.986618" lon="-81.964749"></trkpt>
      <trkpt lat="37.986399" lon="-81.963985"></trkpt>
      <trkpt lat="37.986146" lon="-81.963158"></trkpt>
      <trkpt lat="37.985466" lon="-81.961243"></trkpt>
      <trkpt lat="37.985267" lon="-81.960596"></trkpt>
      <trkpt lat="37.985133" lon="-81.960028"></trkpt>
      <trkpt lat="37.985028" lon="-81.959492"></trkpt>
      <trkpt lat="37.984965" lon="-81.959075"></trkpt>
      <trkpt lat="37.984913" lon="-81.958637"></trkpt>
      <trkpt lat="37.984879" lon="-81.958162"></trkpt>
      <trkpt lat="37.984862" lon="-81.957739"></trkpt>
      <trkpt lat="37.984855" lon="-81.957015"></trkpt>
      <trkpt lat="37.984897" lon="-81.956390"></trkpt>
      <trkpt lat="37.984947" lon="-81.955861"></trkpt>
      <trkpt lat="37.985014" lon="-81.955325"></trkpt>
      <trkpt lat="37.985181" lon="-81.954287"></trkpt>
      <trkpt lat="37.985324" lon="-81.953219"></trkpt>
      <trkpt lat="37.985853" lon="-81.949282"></trkpt>
      <trkpt lat="37.986156" lon="-81.947161"></trkpt>
      <trkpt lat="37.986802" lon="-81.942572"></trkpt>
      <trkpt lat="37.987438" lon="-81.937991"></trkpt>
      <trkpt lat="37.987531" lon="-81.937364"></trkpt>
      <trkpt lat="37.987659" lon="-81.936815"></trkpt>
      <trkpt lat="37.987869" lon="-81.936123"></trkpt>
      <trkpt lat="37.988142" lon="-81.935434"></trkpt>
      <trkpt lat="37.988427" lon="-81.934853"></trkpt>
      <trkpt lat="37.988721" lon="-81.934329"></trkpt>
      <trkpt lat="37.990717" lon="-81.931113"></trkpt>
      <trkpt lat="37.991299" lon="-81.930201"></trkpt>
      <trkpt lat="37.992515" lon="-81.928229"></trkpt>
      <trkpt lat="37.992993" lon="-81.927471"></trkpt>
      <trkpt lat="37.993265" lon="-81.926980"></trkpt>
      <trkpt lat="37.993554" lon="-81.926409"></trkpt>
      <trkpt lat="37.993771" lon="-81.925927"></trkpt>
      <trkpt lat="37.994044" lon="-81.925242"></trkpt>
      <trkpt lat="37.994322" lon="-81.924408"></trkpt>
      <trkpt lat="37.995019" lon="-81.922167"></trkpt>
      <trkpt lat="37.995465" lon="-81.920730"></trkpt>
      <trkpt lat="37.996744" lon="-81.916573"></trkpt>
      <trkpt lat="37.997699" lon="-81.913503"></trkpt>
      <trkpt lat="37.998148" lon="-81.912031"></trkpt>
      <trkpt lat="37.998235" lon="-81.911606"></trkpt>
      <trkpt lat="37.998304" lon="-81.911200"></trkpt>
      <trkpt lat="37.998341" lon="-81.910858"></trkpt>
      <trkpt lat="37.998345" lon="-81.910561"></trkpt>
      <trkpt lat="37.998350" lon="-81.910195"></trkpt>
      <trkpt lat="37.998314" lon="-81.909785"></trkpt>
      <trkpt lat="37.998257" lon="-81.909368"></trkpt>
      <trkpt lat="37.998168" lon="-81.908964"></trkpt>
      <trkpt lat="37.998010" lon="-81.908451"></trkpt>
      <trkpt lat="37.997787" lon="-81.907931"></trkpt>
      <trkpt lat="37.997354" lon="-81.907056"></trkpt>
      <trkpt lat="37.996392" lon="-81.905177"></trkpt>
      <trkpt lat="37.995273" lon="-81.902961"></trkpt>
      <trkpt lat="37.995104" lon="-81.902604"></trkpt>
      <trkpt lat="37.994947" lon="-81.902215"></trkpt>
      <trkpt lat="37.994818" lon="-81.901825"></trkpt>
      <trkpt lat="37.994717" lon="-81.901432"></trkpt>
      <trkpt lat="37.994656" lon="-81.901011"></trkpt>
      <trkpt lat="37.994624" lon="-81.900606"></trkpt>
      <trkpt lat="37.994626" lon="-81.900174"></trkpt>
      <trkpt lat="37.994668" lon="-81.899710"></trkpt>
      <trkpt lat="37.994776" lon="-81.899206"></trkpt>
      <trkpt lat="37.994895" lon="-81.898830"></trkpt>
      <trkpt lat="37.995049" lon="-81.898460"></trkpt>
      <trkpt lat="37.995226" lon="-81.898090"></trkpt>
      <trkpt lat="37.995509" lon="-81.897652"></trkpt>
      <trkpt lat="37.995757" lon="-81.897353"></trkpt>
      <trkpt lat="37.996000" lon="-81.897107"></trkpt>
      <trkpt lat="37.996191" lon="-81.896956"></trkpt>
      <trkpt lat="37.996495" lon="-81.896751"></trkpt>
      <trkpt lat="37.996793" lon="-81.896604"></trkpt>
      <trkpt lat="37.997112" lon="-81.896483"></trkpt>
      <trkpt lat="37.997448" lon="-81.896403"></trkpt>
      <trkpt lat="37.997765" lon="-81.896338"></trkpt>
      <trkpt lat="37.998088" lon="-81.896297"></trkpt>
      <trkpt lat="37.999993" lon="-81.896153"></trkpt>
      <trkpt lat="38.002503" lon="-81.895960"></trkpt>
      <trkpt lat="38.003720" lon="-81.895853"></trkpt>
      <trkpt lat="38.004061" lon="-81.895799"></trkpt>
      <trkpt lat="38.004486" lon="-81.895708"></trkpt>
      <trkpt lat="38.004917" lon="-81.895536"></trkpt>
      <trkpt lat="38.005329" lon="-81.895301"></trkpt>
      <trkpt lat="38.005594" lon="-81.895083"></trkpt>
      <trkpt lat="38.005859" lon="-81.894805"></trkpt>
      <trkpt lat="38.006091" lon="-81.894526"></trkpt>
      <trkpt lat="38.006368" lon="-81.894038"></trkpt>
      <trkpt lat="38.006523" lon="-81.893713"></trkpt>
      <trkpt lat="38.006653" lon="-81.893338"></trkpt>
      <trkpt lat="38.006802" lon="-81.892819"></trkpt>
      <trkpt lat="38.007514" lon="-81.889891"></trkpt>
      <trkpt lat="38.007658" lon="-81.889494"></trkpt>
      <trkpt lat="38.007803" lon="-81.889122"></trkpt>
      <trkpt lat="38.008019" lon="-81.888704"></trkpt>
      <trkpt lat="38.008331" lon="-81.888206"></trkpt>
      <trkpt lat="38.008561" lon="-81.887891"></trkpt>
      <trkpt lat="38.009784" lon="-81.886366"></trkpt>
      <trkpt lat="38.011582" lon="-81.884197"></trkpt>
      <trkpt lat="38.011977" lon="-81.883716"></trkpt>
      <trkpt lat="38.012271" lon="-81.883298"></trkpt>
      <trkpt lat="38.012477" lon="-81.882976"></trkpt>
      <trkpt lat="38.012671" lon="-81.882638"></trkpt>
      <trkpt lat="38.013835" lon="-81.880297"></trkpt>
      <trkpt lat="38.014466" lon="-81.879091"></trkpt>
      <trkpt lat="38.014862" lon="-81.878419"></trkpt>
      <trkpt lat="38.015241" lon="-81.877903"></trkpt>
      <trkpt lat="38.015635" lon="-81.877423"></trkpt>
      <trkpt lat="38.017312" lon="-81.875398"></trkpt>
      <trkpt lat="38.017635" lon="-81.875012"></trkpt>
      <trkpt lat="38.018049" lon="-81.874567"></trkpt>
      <trkpt lat="38.018416" lon="-81.874233"></trkpt>
      <trkpt lat="38.018878" lon="-81.873897"></trkpt>
      <trkpt lat="38.019384" lon="-81.873658"></trkpt>
      <trkpt lat="38.019732" lon="-81.873538"></trkpt>
      <trkpt lat="38.020140" lon="-81.873458"></trkpt>
      <trkpt lat="38.020684" lon="-81.873414"></trkpt>
      <trkpt lat="38.021124" lon="-81.873394"></trkpt>
      <trkpt lat="38.024116" lon="-81.873349"></trkpt>
      <trkpt lat="38.025920" lon="-81.873309"></trkpt>
      <trkpt lat="38.026547" lon="-81.873304"></trkpt>
      <trkpt lat="38.028535" lon="-81.873274"></trkpt>
      <trkpt lat="38.029848" lon="-81.873262"></trkpt>
      <trkpt lat="38.030300" lon="-81.873292"></trkpt>
      <trkpt lat="38.031413" lon="-81.873414"></trkpt>
      <trkpt lat="38.033657" lon="-81.873863"></trkpt>
      <trkpt lat="38.035742" lon="-81.874295"></trkpt>
      <trkpt lat="38.036751" lon="-81.874455"></trkpt>
      <trkpt lat="38.037419" lon="-81.874489"></trkpt>
      <trkpt lat="38.037969" lon="-81.874478"></trkpt>
      <trkpt lat="38.038413" lon="-81.874431"></trkpt>
      <trkpt lat="38.038849" lon="-81.874367"></trkpt>
      <trkpt lat="38.039277" lon="-81.874294"></trkpt>
      <trkpt lat="38.039635" lon="-81.874206"></trkpt>
      <trkpt lat="38.040210" lon="-81.874027"></trkpt>
      <trkpt lat="38.040677" lon="-81.873856"></trkpt>
      <trkpt lat="38.043040" lon="-81.872744"></trkpt>
      <trkpt lat="38.044623" lon="-81.872016"></trkpt>
      <trkpt lat="38.046279" lon="-81.871228"></trkpt>
      <trkpt lat="38.048345" lon="-81.870249"></trkpt>
      <trkpt lat="38.050213" lon="-81.869353"></trkpt>
      <trkpt lat="38.051044" lon="-81.868972"></trkpt>
      <trkpt lat="38.053323" lon="-81.867854"></trkpt>
      <trkpt lat="38.053831" lon="-81.867529"></trkpt>
      <trkpt lat="38.054292" lon="-81.867164"></trkpt>
      <trkpt lat="38.054689" lon="-81.866826"></trkpt>
      <trkpt lat="38.055126" lon="-81.866385"></trkpt>
      <trkpt lat="38.055426" lon="-81.866030"></trkpt>
      <trkpt lat="38.055884" lon="-81.865437"></trkpt>
      <trkpt lat="38.056084" lon="-81.865131"></trkpt>
      <trkpt lat="38.056355" lon="-81.864671"></trkpt>
      <trkpt lat="38.056657" lon="-81.864091"></trkpt>
      <trkpt lat="38.056905" lon="-81.863551"></trkpt>
      <trkpt lat="38.057076" lon="-81.863116"></trkpt>
      <trkpt lat="38.057335" lon="-81.862369"></trkpt>
      <trkpt lat="38.057468" lon="-81.861841"></trkpt>
      <trkpt lat="38.057590" lon="-81.861296"></trkpt>
      <trkpt lat="38.057684" lon="-81.860769"></trkpt>
      <trkpt lat="38.058009" lon="-81.858123"></trkpt>
      <trkpt lat="38.058077" lon="-81.857741"></trkpt>
      <trkpt lat="38.058168" lon="-81.857339"></trkpt>
      <trkpt lat="38.058283" lon="-81.856942"></trkpt>
      <trkpt lat="38.058498" lon="-81.856375"></trkpt>
      <trkpt lat="38.058845" lon="-81.855752"></trkpt>
      <trkpt lat="38.059205" lon="-81.855220"></trkpt>
      <trkpt lat="38.060710" lon="-81.853161"></trkpt>
      <trkpt lat="38.061883" lon="-81.851585"></trkpt>
      <trkpt lat="38.063637" lon="-81.849163"></trkpt>
      <trkpt lat="38.064750" lon="-81.847664"></trkpt>
      <trkpt lat="38.065065" lon="-81.847278"></trkpt>
      <trkpt lat="38.065489" lon="-81.846825"></trkpt>
      <trkpt lat="38.065932" lon="-81.846405"></trkpt>
      <trkpt lat="38.066319" lon="-81.846094"></trkpt>
      <trkpt lat="38.066690" lon="-81.845830"></trkpt>
      <trkpt lat="38.066983" lon="-81.845638"></trkpt>
      <trkpt lat="38.067388" lon="-81.845417"></trkpt>
      <trkpt lat="38.067946" lon="-81.845150"></trkpt>
      <trkpt lat="38.068475" lon="-81.844947"></trkpt>
      <trkpt lat="38.069044" lon="-81.844765"></trkpt>
      <trkpt lat="38.069924" lon="-81.844482"></trkpt>
      <trkpt lat="38.071304" lon="-81.844049"></trkpt>
      <trkpt lat="38.073266" lon="-81.843421"></trkpt>
      <trkpt lat="38.074624" lon="-81.842998"></trkpt>
      <trkpt lat="38.075993" lon="-81.842567"></trkpt>
      <trkpt lat="38.077480" lon="-81.842081"></trkpt>
      <trkpt lat="38.078714" lon="-81.841547"></trkpt>
      <trkpt lat="38.078832" lon="-81.841496"></trkpt>
      <trkpt lat="38.080984" lon="-81.840374"></trkpt>
      <trkpt lat="38.081870" lon="-81.839899"></trkpt>
      <trkpt lat="38.083833" lon="-81.838817"></trkpt>
      <trkpt lat="38.084829" lon="-81.838290"></trkpt>
      <trkpt lat="38.085838" lon="-81.837801"></trkpt>
      <trkpt lat="38.088260" lon="-81.836553"></trkpt>
      <trkpt lat="38.088806" lon="-81.836267"></trkpt>
      <trkpt lat="38.089224" lon="-81.836096"></trkpt>
      <trkpt lat="38.089578" lon="-81.835983"></trkpt>
      <trkpt lat="38.089892" lon="-81.835917"></trkpt>
      <trkpt lat="38.090316" lon="-81.835885"></trkpt>
      <trkpt lat="38.090739" lon="-81.835911"></trkpt>
      <trkpt lat="38.091172" lon="-81.835978"></trkpt>
      <trkpt lat="38.092070" lon="-81.836269"></trkpt>
      <trkpt lat="38.094310" lon="-81.837060"></trkpt>
      <trkpt lat="38.096766" lon="-81.837926"></trkpt>
      <trkpt lat="38.097984" lon="-81.838355"></trkpt>
      <trkpt lat="38.099582" lon="-81.838934"></trkpt>
      <trkpt lat="38.099813" lon="-81.839028"></trkpt>
      <trkpt lat="38.100000" lon="-81.839122"></trkpt>
      <trkpt lat="38.100254" lon="-81.839252"></trkpt>
      <trkpt lat="38.100646" lon="-81.839521"></trkpt>
      <trkpt lat="38.100921" lon="-81.839730"></trkpt>
      <trkpt lat="38.101265" lon="-81.840050"></trkpt>
      <trkpt lat="38.101918" lon="-81.840669"></trkpt>
      <trkpt lat="38.102458" lon="-81.841213"></trkpt>
      <trkpt lat="38.102570" lon="-81.841326"></trkpt>
      <trkpt lat="38.103870" lon="-81.842614"></trkpt>
      <trkpt lat="38.104218" lon="-81.843046"></trkpt>
      <trkpt lat="38.104472" lon="-81.843418"></trkpt>
      <trkpt lat="38.104711" lon="-81.843865"></trkpt>
      <trkpt lat="38.104869" lon="-81.844222"></trkpt>
      <trkpt lat="38.105016" lon="-81.844605"></trkpt>
      <trkpt lat="38.105245" lon="-81.845316"></trkpt>
      <trkpt lat="38.105698" lon="-81.846794"></trkpt>
      <trkpt lat="38.105951" lon="-81.847425"></trkpt>
      <trkpt lat="38.106138" lon="-81.847797"></trkpt>
      <trkpt lat="38.106245" lon="-81.847968"></trkpt>
      <trkpt lat="38.106271" lon="-81.848010"></trkpt>
      <trkpt lat="38.106551" lon="-81.848369"></trkpt>
      <trkpt lat="38.106787" lon="-81.848610"></trkpt>
      <trkpt lat="38.107104" lon="-81.848861"></trkpt>
      <trkpt lat="38.107391" lon="-81.849053"></trkpt>
      <trkpt lat="38.107644" lon="-81.849174"></trkpt>
      <trkpt lat="38.107998" lon="-81.849275"></trkpt>
      <trkpt lat="38.108282" lon="-81.849342"></trkpt>
      <trkpt lat="38.108507" lon="-81.849363"></trkpt>
      <trkpt lat="38.108802" lon="-81.849350"></trkpt>
      <trkpt lat="38.109018" lon="-81.849323"></trkpt>
      <trkpt lat="38.109497" lon="-81.849187"></trkpt>
      <trkpt lat="38.109747" lon="-81.849068"></trkpt>
      <trkpt lat="38.109799" lon="-81.849043"></trkpt>
      <trkpt lat="38.110509" lon="-81.848542"></trkpt>
      <trkpt lat="38.112248" lon="-81.846482"></trkpt>
      <trkpt lat="38.116324" lon="-81.841985"></trkpt>
      <trkpt lat="38.117258" lon="-81.840955"></trkpt>
      <trkpt lat="38.117596" lon="-81.840691"></trkpt>
      <trkpt lat="38.117967" lon="-81.840451"></trkpt>
      <trkpt lat="38.118477" lon="-81.840195"></trkpt>
      <trkpt lat="38.119077" lon="-81.840011"></trkpt>
      <trkpt lat="38.119531" lon="-81.839938"></trkpt>
      <trkpt lat="38.119841" lon="-81.839921"></trkpt>
      <trkpt lat="38.120222" lon="-81.839930"></trkpt>
      <trkpt lat="38.120504" lon="-81.839973"></trkpt>
      <trkpt lat="38.120690" lon="-81.840021"></trkpt>
      <trkpt lat="38.120914" lon="-81.840086"></trkpt>
      <trkpt lat="38.121094" lon="-81.840138"></trkpt>
      <trkpt lat="38.121364" lon="-81.840264"></trkpt>
      <trkpt lat="38.121788" lon="-81.840536"></trkpt>
      <trkpt lat="38.122307" lon="-81.840978"></trkpt>
      <trkpt lat="38.122944" lon="-81.841591"></trkpt>
      <trkpt lat="38.124087" lon="-81.842671"></trkpt>
      <trkpt lat="38.124402" lon="-81.842979"></trkpt>
      <trkpt lat="38.124607" lon="-81.843122"></trkpt>
      <trkpt lat="38.124892" lon="-81.843319"></trkpt>
      <trkpt lat="38.125196" lon="-81.843478"></trkpt>
      <trkpt lat="38.125521" lon="-81.843594"></trkpt>
      <trkpt lat="38.125784" lon="-81.843652"></trkpt>
      <trkpt lat="38.125944" lon="-81.843675"></trkpt>
      <trkpt lat="38.126189" lon="-81.843695"></trkpt>
      <trkpt lat="38.126483" lon="-81.843673"></trkpt>
      <trkpt lat="38.126795" lon="-81.843618"></trkpt>
      <trkpt lat="38.127075" lon="-81.843513"></trkpt>
      <trkpt lat="38.127420" lon="-81.843376"></trkpt>
      <trkpt lat="38.127677" lon="-81.843207"></trkpt>
      <trkpt lat="38.127889" lon="-81.843043"></trkpt>
      <trkpt lat="38.128132" lon="-81.842830"></trkpt>
      <trkpt lat="38.128342" lon="-81.842589"></trkpt>
      <trkpt lat="38.129075" lon="-81.841730"></trkpt>
      <trkpt lat="38.130742" lon="-81.839803"></trkpt>
      <trkpt lat="38.131427" lon="-81.839046"></trkpt>
      <trkpt lat="38.133389" lon="-81.836737"></trkpt>
      <trkpt lat="38.133551" lon="-81.836547"></trkpt>
      <trkpt lat="38.134101" lon="-81.836064"></trkpt>
      <trkpt lat="38.134510" lon="-81.835769"></trkpt>
      <trkpt lat="38.134760" lon="-81.835637"></trkpt>
      <trkpt lat="38.135033" lon="-81.835542"></trkpt>
      <trkpt lat="38.135332" lon="-81.835452"></trkpt>
      <trkpt lat="38.135663" lon="-81.835382"></trkpt>
      <trkpt lat="38.135983" lon="-81.835384"></trkpt>
      <trkpt lat="38.136207" lon="-81.835410"></trkpt>
      <trkpt lat="38.136417" lon="-81.835453"></trkpt>
      <trkpt lat="38.136751" lon="-81.835581"></trkpt>
      <trkpt lat="38.137072" lon="-81.835728"></trkpt>
      <trkpt lat="38.137406" lon="-81.835921"></trkpt>
      <trkpt lat="38.137650" lon="-81.836121"></trkpt>
      <trkpt lat="38.137805" lon="-81.836258"></trkpt>
      <trkpt lat="38.137957" lon="-81.836421"></trkpt>
      <trkpt lat="38.138200" lon="-81.836705"></trkpt>
      <trkpt lat="38.138425" lon="-81.837040"></trkpt>
      <trkpt lat="38.138645" lon="-81.837439"></trkpt>
      <trkpt lat="38.138790" lon="-81.837807"></trkpt>
      <trkpt lat="38.138906" lon="-81.838202"></trkpt>
      <trkpt lat="38.139015" lon="-81.838607"></trkpt>
      <trkpt lat="38.139087" lon="-81.839021"></trkpt>
      <trkpt lat="38.139240" lon="-81.839965"></trkpt>
      <trkpt lat="38.139398" lon="-81.840891"></trkpt>
      <trkpt lat="38.139625" lon="-81.842143"></trkpt>
      <trkpt lat="38.139741" lon="-81.842580"></trkpt>
      <trkpt lat="38.139892" lon="-81.843000"></trkpt>
      <trkpt lat="38.140124" lon="-81.843495"></trkpt>
      <trkpt lat="38.140383" lon="-81.843931"></trkpt>
      <trkpt lat="38.140632" lon="-81.844245"></trkpt>
      <trkpt lat="38.140873" lon="-81.844508"></trkpt>
      <trkpt lat="38.141405" lon="-81.844958"></trkpt>
      <trkpt lat="38.141603" lon="-81.845069"></trkpt>
      <trkpt lat="38.142038" lon="-81.845280"></trkpt>
      <trkpt lat="38.142577" lon="-81.845430"></trkpt>
      <trkpt lat="38.142744" lon="-81.845459"></trkpt>
      <trkpt lat="38.143101" lon="-81.845481"></trkpt>
      <trkpt lat="38.143506" lon="-81.845460"></trkpt>
      <trkpt lat="38.144694" lon="-81.845234"></trkpt>
      <trkpt lat="38.146006" lon="-81.844959"></trkpt>
      <trkpt lat="38.146344" lon="-81.844891"></trkpt>
      <trkpt lat="38.148460" lon="-81.844459"></trkpt>
      <trkpt lat="38.149562" lon="-81.844230"></trkpt>
      <trkpt lat="38.150240" lon="-81.844103"></trkpt>
      <trkpt lat="38.150713" lon="-81.844048"></trkpt>
      <trkpt lat="38.150924" lon="-81.844061"></trkpt>
      <trkpt lat="38.151102" lon="-81.844058"></trkpt>
      <trkpt lat="38.151452" lon="-81.844126"></trkpt>
      <trkpt lat="38.151728" lon="-81.844211"></trkpt>
      <trkpt lat="38.151852" lon="-81.844257"></trkpt>
      <trkpt lat="38.152032" lon="-81.844342"></trkpt>
      <trkpt lat="38.152258" lon="-81.844480"></trkpt>
      <trkpt lat="38.152478" lon="-81.844614"></trkpt>
      <trkpt lat="38.152903" lon="-81.844986"></trkpt>
      <trkpt lat="38.153180" lon="-81.845323"></trkpt>
      <trkpt lat="38.153413" lon="-81.845667"></trkpt>
      <trkpt lat="38.153610" lon="-81.846044"></trkpt>
      <trkpt lat="38.153820" lon="-81.846538"></trkpt>
      <trkpt lat="38.154366" lon="-81.848184"></trkpt>
      <trkpt lat="38.154977" lon="-81.850025"></trkpt>
      <trkpt lat="38.155208" lon="-81.850723"></trkpt>
      <trkpt lat="38.155048" lon="-81.850810"></trkpt>
      <trkpt lat="38.154988" lon="-81.850843"></trkpt>
      <trkpt lat="38.154988" lon="-81.850843"></trkpt>
      <trkpt lat="38.154960" lon="-81.850859"></trkpt>
      <trkpt lat="38.154899" lon="-81.850893"></trkpt>
      <trkpt lat="38.154832" lon="-81.850930"></trkpt>
      <trkpt lat="38.154768" lon="-81.850976"></trkpt>
      <trkpt lat="38.154710" lon="-81.851030"></trkpt>
      <trkpt lat="38.154668" lon="-81.851080"></trkpt>
      <trkpt lat="38.154614" lon="-81.851151"></trkpt>
      <trkpt lat="38.154285" lon="-81.851771"></trkpt>
      <trkpt lat="38.154262" lon="-81.851845"></trkpt>
      <trkpt lat="38.154243" lon="-81.851931"></trkpt>
      <trkpt lat="38.154236" lon="-81.851985"></trkpt>
      <trkpt lat="38.154231" lon="-81.852067"></trkpt>
      <trkpt lat="38.154231" lon="-81.852154"></trkpt>
      <trkpt lat="38.154237" lon="-81.852250"></trkpt>
      <trkpt lat="38.154267" lon="-81.852412"></trkpt>
      <trkpt lat="38.154334" lon="-81.852711"></trkpt>
      <trkpt lat="38.154562" lon="-81.853516"></trkpt>
      <trkpt lat="38.154847" lon="-81.854670"></trkpt>
      <trkpt lat="38.154923" lon="-81.855122"></trkpt>
      <trkpt lat="38.154968" lon="-81.855681"></trkpt>
      <trkpt lat="38.155009" lon="-81.857192"></trkpt>
      <trkpt lat="38.155141" lon="-81.859856"></trkpt>
      <trkpt lat="38.155167" lon="-81.860430"></trkpt>
      <trkpt lat="38.155187" lon="-81.860897"></trkpt>
      <trkpt lat="38.155290" lon="-81.862951"></trkpt>
      <trkpt lat="38.155342" lon="-81.863280"></trkpt>
      <trkpt lat="38.155423" lon="-81.863512"></trkpt>
      <trkpt lat="38.155613" lon="-81.863876"></trkpt>
      <trkpt lat="38.155866" lon="-81.864150"></trkpt>
      <trkpt lat="38.156191" lon="-81.864365"></trkpt>
      <trkpt lat="38.157295" lon="-81.864993"></trkpt>
      <trkpt lat="38.157693" lon="-81.865234"></trkpt>
      <trkpt lat="38.157968" lon="-81.865471"></trkpt>
      <trkpt lat="38.158177" lon="-81.865694"></trkpt>
      <trkpt lat="38.158921" lon="-81.866705"></trkpt>
      <trkpt lat="38.159378" lon="-81.867338"></trkpt>
      <trkpt lat="38.159528" lon="-81.867528"></trkpt>
      <trkpt lat="38.159704" lon="-81.867695"></trkpt>
      <trkpt lat="38.159862" lon="-81.867793"></trkpt>
      <trkpt lat="38.160022" lon="-81.867882"></trkpt>
      <trkpt lat="38.160458" lon="-81.868098"></trkpt>
      <trkpt lat="38.160607" lon="-81.868154"></trkpt>
      <trkpt lat="38.160759" lon="-81.868178"></trkpt>
      <trkpt lat="38.160907" lon="-81.868189"></trkpt>
      <trkpt lat="38.161042" lon="-81.868174"></trkpt>
      <trkpt lat="38.161242" lon="-81.868129"></trkpt>
      <trkpt lat="38.161407" lon="-81.868054"></trkpt>
      <trkpt lat="38.161632" lon="-81.867929"></trkpt>
      <trkpt lat="38.161820" lon="-81.867813"></trkpt>
      <trkpt lat="38.162220" lon="-81.867533"></trkpt>
      <trkpt lat="38.162722" lon="-81.867100"></trkpt>
      <trkpt lat="38.162872" lon="-81.867024"></trkpt>
      <trkpt lat="38.162961" lon="-81.866992"></trkpt>
      <trkpt lat="38.163193" lon="-81.866926"></trkpt>
      <trkpt lat="38.163503" lon="-81.866912"></trkpt>
      <trkpt lat="38.163735" lon="-81.866974"></trkpt>
      <trkpt lat="38.163980" lon="-81.867093"></trkpt>
      <trkpt lat="38.164185" lon="-81.867280"></trkpt>
      <trkpt lat="38.164368" lon="-81.867462"></trkpt>
      <trkpt lat="38.164512" lon="-81.867715"></trkpt>
      <trkpt lat="38.164641" lon="-81.868050"></trkpt>
      <trkpt lat="38.164677" lon="-81.868197"></trkpt>
      <trkpt lat="38.164704" lon="-81.868356"></trkpt>
      <trkpt lat="38.164721" lon="-81.868672"></trkpt>
      <trkpt lat="38.164717" lon="-81.869100"></trkpt>
      <trkpt lat="38.164707" lon="-81.869522"></trkpt>
      <trkpt lat="38.164655" lon="-81.870160"></trkpt>
      <trkpt lat="38.164596" lon="-81.870805"></trkpt>
      <trkpt lat="38.164585" lon="-81.871457"></trkpt>
      <trkpt lat="38.164614" lon="-81.871857"></trkpt>
      <trkpt lat="38.164670" lon="-81.872272"></trkpt>
      <trkpt lat="38.164762" lon="-81.872721"></trkpt>
      <trkpt lat="38.165485" lon="-81.874664"></trkpt>
      <trkpt lat="38.165748" lon="-81.875382"></trkpt>
      <trkpt lat="38.165855" lon="-81.875777"></trkpt>
      <trkpt lat="38.165918" lon="-81.876082"></trkpt>
      <trkpt lat="38.165947" lon="-81.876218"></trkpt>
      <trkpt lat="38.166127" lon="-81.877346"></trkpt>
      <trkpt lat="38.166217" lon="-81.877914"></trkpt>
      <trkpt lat="38.166392" lon="-81.879070"></trkpt>
      <trkpt lat="38.166667" lon="-81.880799"></trkpt>
      <trkpt lat="38.166763" lon="-81.881246"></trkpt>
      <trkpt lat="38.166874" lon="-81.881643"></trkpt>
      <trkpt lat="38.167058" lon="-81.882134"></trkpt>
      <trkpt lat="38.167243" lon="-81.882495"></trkpt>
      <trkpt lat="38.167509" lon="-81.882922"></trkpt>
      <trkpt lat="38.167872" lon="-81.883450"></trkpt>
      <trkpt lat="38.168090" lon="-81.883806"></trkpt>
      <trkpt lat="38.168188" lon="-81.884059"></trkpt>
      <trkpt lat="38.168286" lon="-81.884402"></trkpt>
      <trkpt lat="38.168357" lon="-81.884752"></trkpt>
      <trkpt lat="38.168406" lon="-81.885301"></trkpt>
      <trkpt lat="38.168431" lon="-81.885615"></trkpt>
      <trkpt lat="38.168424" lon="-81.885925"></trkpt>
      <trkpt lat="38.168406" lon="-81.886209"></trkpt>
      <trkpt lat="38.168348" lon="-81.886465"></trkpt>
      <trkpt lat="38.168282" lon="-81.886685"></trkpt>
      <trkpt lat="38.168171" lon="-81.886887"></trkpt>
      <trkpt lat="38.167958" lon="-81.887160"></trkpt>
      <trkpt lat="38.167863" lon="-81.887259"></trkpt>
      <trkpt lat="38.167789" lon="-81.887433"></trkpt>
      <trkpt lat="38.167655" lon="-81.888095"></trkpt>
      <trkpt lat="38.167524" lon="-81.889323"></trkpt>
      <trkpt lat="38.167467" lon="-81.889488"></trkpt>
      <trkpt lat="38.167396" lon="-81.889632"></trkpt>
      <trkpt lat="38.167174" lon="-81.889914"></trkpt>
      <trkpt lat="38.166977" lon="-81.890081"></trkpt>
      <trkpt lat="38.166757" lon="-81.890177"></trkpt>
      <trkpt lat="38.166609" lon="-81.890233"></trkpt>
      <trkpt lat="38.166287" lon="-81.890283"></trkpt>
      <trkpt lat="38.165770" lon="-81.890317"></trkpt>
      <trkpt lat="38.165504" lon="-81.890351"></trkpt>
      <trkpt lat="38.165163" lon="-81.890444"></trkpt>
      <trkpt lat="38.164575" lon="-81.890678"></trkpt>
      <trkpt lat="38.163881" lon="-81.890950"></trkpt>
      <trkpt lat="38.163199" lon="-81.891229"></trkpt>
      <trkpt lat="38.162524" lon="-81.891424"></trkpt>
      <trkpt lat="38.161851" lon="-81.891571"></trkpt>
      <trkpt lat="38.161580" lon="-81.891694"></trkpt>
      <trkpt lat="38.161303" lon="-81.891946"></trkpt>
      <trkpt lat="38.161047" lon="-81.892189"></trkpt>
      <trkpt lat="38.160840" lon="-81.892466"></trkpt>
      <trkpt lat="38.160663" lon="-81.892772"></trkpt>
      <trkpt lat="38.160557" lon="-81.893069"></trkpt>
      <trkpt lat="38.160471" lon="-81.893420"></trkpt>
      <trkpt lat="38.160415" lon="-81.893777"></trkpt>
      <trkpt lat="38.160400" lon="-81.894209"></trkpt>
      <trkpt lat="38.160468" lon="-81.894593"></trkpt>
      <trkpt lat="38.160575" lon="-81.895049"></trkpt>
      <trkpt lat="38.160678" lon="-81.895511"></trkpt>
      <trkpt lat="38.160710" lon="-81.895929"></trkpt>
      <trkpt lat="38.160681" lon="-81.896300"></trkpt>
      <trkpt lat="38.160595" lon="-81.896612"></trkpt>
      <trkpt lat="38.160543" lon="-81.896757"></trkpt>
      <trkpt lat="38.160442" lon="-81.896943"></trkpt>
      <trkpt lat="38.160287" lon="-81.897156"></trkpt>
      <trkpt lat="38.159897" lon="-81.897582"></trkpt>
      <trkpt lat="38.159569" lon="-81.897967"></trkpt>
      <trkpt lat="38.159327" lon="-81.898282"></trkpt>
      <trkpt lat="38.159239" lon="-81.898475"></trkpt>
      <trkpt lat="38.159196" lon="-81.898713"></trkpt>
      <trkpt lat="38.159209" lon="-81.898928"></trkpt>
      <trkpt lat="38.159251" lon="-81.899127"></trkpt>
      <trkpt lat="38.159347" lon="-81.899347"></trkpt>
      <trkpt lat="38.159467" lon="-81.899540"></trkpt>
      <trkpt lat="38.159631" lon="-81.899756"></trkpt>
      <trkpt lat="38.160098" lon="-81.900242"></trkpt>
      <trkpt lat="38.160386" lon="-81.900570"></trkpt>
      <trkpt lat="38.160777" lon="-81.901258"></trkpt>
      <trkpt lat="38.160916" lon="-81.901674"></trkpt>
      <trkpt lat="38.160987" lon="-81.902096"></trkpt>
      <trkpt lat="38.161003" lon="-81.902379"></trkpt>
      <trkpt lat="38.161058" lon="-81.904679"></trkpt>
      <trkpt lat="38.161098" lon="-81.905287"></trkpt>
      <trkpt lat="38.161123" lon="-81.905535"></trkpt>
      <trkpt lat="38.161191" lon="-81.905856"></trkpt>
      <trkpt lat="38.161316" lon="-81.906144"></trkpt>
      <trkpt lat="38.161560" lon="-81.906589"></trkpt>
      <trkpt lat="38.161752" lon="-81.906831"></trkpt>
      <trkpt lat="38.162001" lon="-81.907080"></trkpt>
      <trkpt lat="38.162254" lon="-81.907285"></trkpt>
      <trkpt lat="38.162553" lon="-81.907466"></trkpt>
      <trkpt lat="38.163546" lon="-81.907940"></trkpt>
      <trkpt lat="38.163885" lon="-81.908140"></trkpt>
      <trkpt lat="38.164111" lon="-81.908385"></trkpt>
      <trkpt lat="38.164305" lon="-81.908664"></trkpt>
      <trkpt lat="38.164445" lon="-81.908965"></trkpt>
      <trkpt lat="38.164572" lon="-81.909328"></trkpt>
      <trkpt lat="38.164624" lon="-81.909717"></trkpt>
      <trkpt lat="38.164613" lon="-81.910080"></trkpt>
      <trkpt lat="38.164565" lon="-81.910406"></trkpt>
      <trkpt lat="38.164473" lon="-81.910663"></trkpt>
      <trkpt lat="38.164312" lon="-81.910989"></trkpt>
      <trkpt lat="38.163616" lon="-81.911975"></trkpt>
      <trkpt lat="38.163523" lon="-81.912183"></trkpt>
      <trkpt lat="38.163439" lon="-81.912452"></trkpt>
      <trkpt lat="38.163404" lon="-81.912770"></trkpt>
      <trkpt lat="38.163415" lon="-81.913216"></trkpt>
      <trkpt lat="38.163483" lon="-81.913800"></trkpt>
      <trkpt lat="38.163901" lon="-81.916278"></trkpt>
      <trkpt lat="38.164048" lon="-81.916841"></trkpt>
      <trkpt lat="38.164203" lon="-81.917311"></trkpt>
      <trkpt lat="38.164456" lon="-81.917885"></trkpt>
      <trkpt lat="38.164839" lon="-81.918567"></trkpt>
      <trkpt lat="38.164982" lon="-81.918878"></trkpt>
      <trkpt lat="38.165162" lon="-81.919327"></trkpt>
      <trkpt lat="38.165226" lon="-81.919581"></trkpt>
      <trkpt lat="38.165301" lon="-81.919939"></trkpt>
      <trkpt lat="38.165355" lon="-81.920421"></trkpt>
      <trkpt lat="38.165388" lon="-81.921534"></trkpt>
      <trkpt lat="38.165416" lon="-81.921960"></trkpt>
      <trkpt lat="38.165462" lon="-81.922220"></trkpt>
      <trkpt lat="38.165541" lon="-81.922499"></trkpt>
      <trkpt lat="38.165724" lon="-81.922831"></trkpt>
      <trkpt lat="38.165984" lon="-81.923171"></trkpt>
      <trkpt lat="38.166166" lon="-81.923373"></trkpt>
      <trkpt lat="38.167361" lon="-81.924330"></trkpt>
      <trkpt lat="38.168938" lon="-81.925626"></trkpt>
      <trkpt lat="38.170648" lon="-81.926984"></trkpt>
      <trkpt lat="38.171166" lon="-81.927472"></trkpt>
      <trkpt lat="38.171444" lon="-81.927741"></trkpt>
      <trkpt lat="38.171648" lon="-81.928027"></trkpt>
      <trkpt lat="38.171660" lon="-81.928043"></trkpt>
      <trkpt lat="38.171882" lon="-81.928382"></trkpt>
      <trkpt lat="38.172576" lon="-81.929693"></trkpt>
      <trkpt lat="38.172833" lon="-81.930020"></trkpt>
      <trkpt lat="38.173034" lon="-81.930187"></trkpt>
      <trkpt lat="38.173226" lon="-81.930262"></trkpt>
      <trkpt lat="38.173274" lon="-81.930280"></trkpt>
      <trkpt lat="38.174290" lon="-81.930469"></trkpt>
      <trkpt lat="38.174669" lon="-81.930577"></trkpt>
      <trkpt lat="38.175021" lon="-81.930709"></trkpt>
      <trkpt lat="38.175490" lon="-81.930996"></trkpt>
      <trkpt lat="38.176146" lon="-81.931429"></trkpt>
      <trkpt lat="38.176473" lon="-81.931553"></trkpt>
      <trkpt lat="38.176820" lon="-81.931685"></trkpt>
      <trkpt lat="38.177167" lon="-81.931756"></trkpt>
      <trkpt lat="38.178817" lon="-81.931853"></trkpt>
      <trkpt lat="38.179321" lon="-81.931915"></trkpt>
      <trkpt lat="38.179728" lon="-81.931984"></trkpt>
      <trkpt lat="38.180182" lon="-81.932136"></trkpt>
      <trkpt lat="38.180679" lon="-81.932379"></trkpt>
      <trkpt lat="38.181108" lon="-81.932657"></trkpt>
      <trkpt lat="38.181727" lon="-81.933086"></trkpt>
      <trkpt lat="38.184163" lon="-81.934963"></trkpt>
      <trkpt lat="38.185836" lon="-81.936223"></trkpt>
      <trkpt lat="38.185997" lon="-81.936296"></trkpt>
      <trkpt lat="38.186404" lon="-81.936404"></trkpt>
      <trkpt lat="38.186790" lon="-81.936481"></trkpt>
      <trkpt lat="38.186994" lon="-81.936478"></trkpt>
      <trkpt lat="38.187244" lon="-81.936423"></trkpt>
      <trkpt lat="38.187580" lon="-81.936256"></trkpt>
      <trkpt lat="38.189935" lon="-81.934849"></trkpt>
      <trkpt lat="38.190419" lon="-81.934654"></trkpt>
      <trkpt lat="38.190676" lon="-81.934566"></trkpt>
      <trkpt lat="38.191031" lon="-81.934530"></trkpt>
      <trkpt lat="38.191572" lon="-81.934566"></trkpt>
      <trkpt lat="38.192017" lon="-81.934645"></trkpt>
      <trkpt lat="38.193954" lon="-81.935577"></trkpt>
      <trkpt lat="38.194409" lon="-81.935665"></trkpt>
      <trkpt lat="38.194732" lon="-81.935678"></trkpt>
      <trkpt lat="38.195099" lon="-81.935665"></trkpt>
      <trkpt lat="38.195627" lon="-81.935586"></trkpt>
      <trkpt lat="38.195952" lon="-81.935584"></trkpt>
      <trkpt lat="38.196173" lon="-81.935621"></trkpt>
      <trkpt lat="38.196354" lon="-81.935695"></trkpt>
      <trkpt lat="38.196633" lon="-81.935859"></trkpt>
      <trkpt lat="38.196990" lon="-81.936120"></trkpt>
      <trkpt lat="38.197129" lon="-81.936338"></trkpt>
      <trkpt lat="38.197365" lon="-81.936726"></trkpt>
      <trkpt lat="38.197419" lon="-81.936844"></trkpt>
      <trkpt lat="38.198002" lon="-81.938187"></trkpt>
      <trkpt lat="38.198344" lon="-81.939028"></trkpt>
      <trkpt lat="38.198524" lon="-81.939620"></trkpt>
      <trkpt lat="38.199063" lon="-81.941561"></trkpt>
      <trkpt lat="38.199191" lon="-81.941966"></trkpt>
      <trkpt lat="38.199376" lon="-81.942361"></trkpt>
      <trkpt lat="38.200556" lon="-81.944565"></trkpt>
      <trkpt lat="38.200821" lon="-81.945001"></trkpt>
      <trkpt lat="38.201074" lon="-81.945294"></trkpt>
      <trkpt lat="38.202236" lon="-81.946268"></trkpt>
      <trkpt lat="38.202601" lon="-81.946609"></trkpt>
      <trkpt lat="38.202876" lon="-81.946819"></trkpt>
      <trkpt lat="38.203240" lon="-81.947017"></trkpt>
      <trkpt lat="38.203702" lon="-81.947150"></trkpt>
      <trkpt lat="38.203973" lon="-81.947283"></trkpt>
      <trkpt lat="38.204240" lon="-81.947446"></trkpt>
      <trkpt lat="38.204357" lon="-81.947579"></trkpt>
      <trkpt lat="38.204532" lon="-81.947777"></trkpt>
      <trkpt lat="38.204768" lon="-81.948162"></trkpt>
      <trkpt lat="38.204931" lon="-81.948652"></trkpt>
      <trkpt lat="38.205000" lon="-81.949019"></trkpt>
      <trkpt lat="38.205533" lon="-81.951774"></trkpt>
      <trkpt lat="38.205733" lon="-81.952527"></trkpt>
      <trkpt lat="38.206011" lon="-81.953243"></trkpt>
      <trkpt lat="38.206163" lon="-81.953437"></trkpt>
      <trkpt lat="38.206306" lon="-81.953552"></trkpt>
      <trkpt lat="38.206625" lon="-81.953751"></trkpt>
      <trkpt lat="38.206879" lon="-81.953917"></trkpt>
      <trkpt lat="38.207262" lon="-81.954109"></trkpt>
      <trkpt lat="38.207774" lon="-81.954286"></trkpt>
      <trkpt lat="38.208346" lon="-81.954753"></trkpt>
      <trkpt lat="38.208733" lon="-81.955110"></trkpt>
      <trkpt lat="38.209088" lon="-81.955507"></trkpt>
      <trkpt lat="38.210130" lon="-81.957242"></trkpt>
      <trkpt lat="38.211228" lon="-81.959015"></trkpt>
      <trkpt lat="38.211559" lon="-81.959481"></trkpt>
      <trkpt lat="38.211847" lon="-81.959861"></trkpt>
      <trkpt lat="38.212481" lon="-81.960643"></trkpt>
      <trkpt lat="38.213840" lon="-81.962213"></trkpt>
      <trkpt lat="38.215337" lon="-81.963870"></trkpt>
      <trkpt lat="38.216139" lon="-81.964739"></trkpt>
      <trkpt lat="38.217078" lon="-81.965814"></trkpt>
      <trkpt lat="38.217462" lon="-81.966171"></trkpt>
      <trkpt lat="38.217804" lon="-81.966401"></trkpt>
      <trkpt lat="38.218176" lon="-81.966571"></trkpt>
      <trkpt lat="38.218546" lon="-81.966650"></trkpt>
      <trkpt lat="38.218965" lon="-81.966631"></trkpt>
      <trkpt lat="38.219267" lon="-81.966583"></trkpt>
      <trkpt lat="38.219786" lon="-81.966452"></trkpt>
      <trkpt lat="38.221279" lon="-81.966077"></trkpt>
      <trkpt lat="38.221727" lon="-81.966008"></trkpt>
      <trkpt lat="38.221919" lon="-81.966004"></trkpt>
      <trkpt lat="38.222115" lon="-81.966018"></trkpt>
      <trkpt lat="38.222553" lon="-81.966091"></trkpt>
      <trkpt lat="38.222743" lon="-81.966096"></trkpt>
      <trkpt lat="38.222810" lon="-81.966082"></trkpt>
      <trkpt lat="38.223069" lon="-81.966029"></trkpt>
      <trkpt lat="38.223505" lon="-81.965823"></trkpt>
      <trkpt lat="38.224252" lon="-81.965427"></trkpt>
      <trkpt lat="38.224464" lon="-81.965337"></trkpt>
      <trkpt lat="38.224603" lon="-81.965306"></trkpt>
      <trkpt lat="38.224707" lon="-81.965308"></trkpt>
      <trkpt lat="38.224740" lon="-81.965309"></trkpt>
      <trkpt lat="38.224936" lon="-81.965345"></trkpt>
      <trkpt lat="38.225141" lon="-81.965416"></trkpt>
      <trkpt lat="38.225676" lon="-81.965765"></trkpt>
      <trkpt lat="38.226098" lon="-81.965974"></trkpt>
      <trkpt lat="38.226299" lon="-81.966061"></trkpt>
      <trkpt lat="38.226679" lon="-81.966160"></trkpt>
      <trkpt lat="38.227319" lon="-81.966328"></trkpt>
      <trkpt lat="38.227803" lon="-81.966480"></trkpt>
      <trkpt lat="38.228174" lon="-81.966699"></trkpt>
      <trkpt lat="38.229146" lon="-81.967399"></trkpt>
      <trkpt lat="38.229345" lon="-81.967474"></trkpt>
      <trkpt lat="38.229628" lon="-81.967509"></trkpt>
      <trkpt lat="38.229833" lon="-81.967498"></trkpt>
      <trkpt lat="38.231088" lon="-81.967278"></trkpt>
      <trkpt lat="38.231577" lon="-81.967218"></trkpt>
      <trkpt lat="38.231722" lon="-81.967220"></trkpt>
      <trkpt lat="38.231858" lon="-81.967236"></trkpt>
      <trkpt lat="38.232166" lon="-81.967343"></trkpt>
      <trkpt lat="38.232402" lon="-81.967517"></trkpt>
      <trkpt lat="38.232564" lon="-81.967675"></trkpt>
      <trkpt lat="38.232713" lon="-81.967975"></trkpt>
      <trkpt lat="38.232814" lon="-81.968408"></trkpt>
      <trkpt lat="38.233012" lon="-81.969382"></trkpt>
      <trkpt lat="38.233133" lon="-81.970069"></trkpt>
      <trkpt lat="38.233317" lon="-81.972270"></trkpt>
      <trkpt lat="38.233303" lon="-81.972636"></trkpt>
      <trkpt lat="38.233237" lon="-81.972937"></trkpt>
      <trkpt lat="38.233154" lon="-81.973184"></trkpt>
      <trkpt lat="38.233060" lon="-81.973357"></trkpt>
      <trkpt lat="38.232724" lon="-81.973812"></trkpt>
      <trkpt lat="38.230988" lon="-81.975985"></trkpt>
      <trkpt lat="38.230867" lon="-81.976197"></trkpt>
      <trkpt lat="38.230814" lon="-81.976316"></trkpt>
      <trkpt lat="38.230746" lon="-81.976518"></trkpt>
      <trkpt lat="38.230714" lon="-81.976749"></trkpt>
      <trkpt lat="38.230669" lon="-81.978154"></trkpt>
      <trkpt lat="38.230717" lon="-81.978353"></trkpt>
      <trkpt lat="38.230783" lon="-81.978477"></trkpt>
      <trkpt lat="38.230880" lon="-81.978556"></trkpt>
      <trkpt lat="38.230988" lon="-81.978627"></trkpt>
      <trkpt lat="38.231238" lon="-81.978738"></trkpt>
      <trkpt lat="38.232180" lon="-81.979117"></trkpt>
      <trkpt lat="38.232377" lon="-81.979263"></trkpt>
      <trkpt lat="38.232520" lon="-81.979422"></trkpt>
      <trkpt lat="38.232551" lon="-81.979469"></trkpt>
      <trkpt lat="38.232950" lon="-81.980076"></trkpt>
      <trkpt lat="38.233296" lon="-81.980410"></trkpt>
      <trkpt lat="38.234971" lon="-81.981385"></trkpt>
      <trkpt lat="38.235034" lon="-81.981442"></trkpt>
      <trkpt lat="38.235286" lon="-81.981669"></trkpt>
      <trkpt lat="38.235532" lon="-81.982011"></trkpt>
      <trkpt lat="38.235626" lon="-81.982184"></trkpt>
      <trkpt lat="38.235701" lon="-81.982397"></trkpt>
      <trkpt lat="38.235755" lon="-81.982579"></trkpt>
      <trkpt lat="38.235809" lon="-81.982858"></trkpt>
      <trkpt lat="38.235828" lon="-81.983066"></trkpt>
      <trkpt lat="38.235836" lon="-81.983719"></trkpt>
      <trkpt lat="38.235829" lon="-81.985067"></trkpt>
      <trkpt lat="38.235888" lon="-81.985403"></trkpt>
      <trkpt lat="38.235991" lon="-81.985702"></trkpt>
      <trkpt lat="38.236082" lon="-81.985891"></trkpt>
      <trkpt lat="38.236207" lon="-81.986071"></trkpt>
      <trkpt lat="38.236365" lon="-81.986236"></trkpt>
      <trkpt lat="38.236829" lon="-81.986658"></trkpt>
      <trkpt lat="38.237219" lon="-81.987095"></trkpt>
      <trkpt lat="38.237548" lon="-81.987519"></trkpt>
      <trkpt lat="38.237885" lon="-81.988146"></trkpt>
      <trkpt lat="38.238044" lon="-81.988487"></trkpt>
      <trkpt lat="38.238327" lon="-81.989190"></trkpt>
      <trkpt lat="38.238385" lon="-81.989364"></trkpt>
      <trkpt lat="38.238397" lon="-81.989395"></trkpt>
      <trkpt lat="38.238444" lon="-81.989538"></trkpt>
      <trkpt lat="38.238466" lon="-81.989608"></trkpt>
      <trkpt lat="38.238709" lon="-81.990519"></trkpt>
      <trkpt lat="38.238786" lon="-81.990832"></trkpt>
      <trkpt lat="38.238846" lon="-81.991098"></trkpt>
      <trkpt lat="38.238868" lon="-81.991257"></trkpt>
      <trkpt lat="38.238879" lon="-81.991453"></trkpt>
      <trkpt lat="38.238860" lon="-81.991596"></trkpt>
      <trkpt lat="38.238817" lon="-81.991739"></trkpt>
      <trkpt lat="38.238772" lon="-81.991848"></trkpt>
      <trkpt lat="38.238696" lon="-81.991989"></trkpt>
      <trkpt lat="38.238624" lon="-81.992129"></trkpt>
      <trkpt lat="38.238606" lon="-81.992165"></trkpt>
      <trkpt lat="38.238448" lon="-81.992441"></trkpt>
      <trkpt lat="38.238098" lon="-81.993051"></trkpt>
      <trkpt lat="38.237489" lon="-81.994077"></trkpt>
      <trkpt lat="38.236037" lon="-81.996592"></trkpt>
      <trkpt lat="38.235894" lon="-81.996897"></trkpt>
      <trkpt lat="38.235822" lon="-81.997163"></trkpt>
      <trkpt lat="38.235785" lon="-81.997393"></trkpt>
      <trkpt lat="38.235578" lon="-81.999343"></trkpt>
      <trkpt lat="38.235566" lon="-81.999746"></trkpt>
      <trkpt lat="38.235603" lon="-81.999987"></trkpt>
      <trkpt lat="38.235761" lon="-82.000344"></trkpt>
      <trkpt lat="38.235915" lon="-82.000578"></trkpt>
      <trkpt lat="38.236071" lon="-82.000770"></trkpt>
      <trkpt lat="38.236286" lon="-82.000985"></trkpt>
      <trkpt lat="38.236449" lon="-82.001081"></trkpt>
      <trkpt lat="38.236591" lon="-82.001123"></trkpt>
      <trkpt lat="38.236766" lon="-82.001162"></trkpt>
      <trkpt lat="38.238189" lon="-82.001145"></trkpt>
      <trkpt lat="38.238407" lon="-82.001176"></trkpt>
      <trkpt lat="38.238581" lon="-82.001260"></trkpt>
      <trkpt lat="38.238694" lon="-82.001349"></trkpt>
      <trkpt lat="38.238923" lon="-82.001610"></trkpt>
      <trkpt lat="38.239222" lon="-82.001991"></trkpt>
      <trkpt lat="38.239369" lon="-82.002270"></trkpt>
      <trkpt lat="38.239439" lon="-82.002584"></trkpt>
      <trkpt lat="38.239453" lon="-82.002833"></trkpt>
      <trkpt lat="38.239414" lon="-82.003121"></trkpt>
      <trkpt lat="38.239116" lon="-82.004330"></trkpt>
      <trkpt lat="38.238864" lon="-82.005322"></trkpt>
      <trkpt lat="38.238826" lon="-82.005666"></trkpt>
      <trkpt lat="38.238834" lon="-82.005907"></trkpt>
      <trkpt lat="38.238889" lon="-82.006106"></trkpt>
      <trkpt lat="38.238998" lon="-82.006326"></trkpt>
      <trkpt lat="38.239109" lon="-82.006460"></trkpt>
      <trkpt lat="38.239305" lon="-82.006623"></trkpt>
      <trkpt lat="38.240537" lon="-82.007366"></trkpt>
      <trkpt lat="38.241828" lon="-82.008151"></trkpt>
      <trkpt lat="38.242055" lon="-82.008376"></trkpt>
      <trkpt lat="38.242159" lon="-82.008549"></trkpt>
      <trkpt lat="38.242268" lon="-82.008775"></trkpt>
      <trkpt lat="38.242355" lon="-82.009074"></trkpt>
      <trkpt lat="38.242398" lon="-82.009389"></trkpt>
      <trkpt lat="38.242393" lon="-82.009578"></trkpt>
      <trkpt lat="38.242304" lon="-82.010002"></trkpt>
      <trkpt lat="38.241681" lon="-82.011858"></trkpt>
      <trkpt lat="38.241638" lon="-82.012164"></trkpt>
      <trkpt lat="38.241676" lon="-82.012421"></trkpt>
      <trkpt lat="38.241727" lon="-82.012605"></trkpt>
      <trkpt lat="38.242283" lon="-82.014095"></trkpt>
      <trkpt lat="38.242750" lon="-82.015258"></trkpt>
      <trkpt lat="38.243049" lon="-82.016089"></trkpt>
      <trkpt lat="38.243148" lon="-82.016309"></trkpt>
      <trkpt lat="38.243363" lon="-82.016652"></trkpt>
      <trkpt lat="38.244585" lon="-82.018107"></trkpt>
      <trkpt lat="38.244649" lon="-82.018185"></trkpt>
      <trkpt lat="38.246267" lon="-82.020112"></trkpt>
      <trkpt lat="38.246415" lon="-82.020327"></trkpt>
      <trkpt lat="38.246507" lon="-82.020551"></trkpt>
      <trkpt lat="38.246546" lon="-82.020799"></trkpt>
      <trkpt lat="38.246535" lon="-82.020971"></trkpt>
      <trkpt lat="38.246489" lon="-82.021180"></trkpt>
      <trkpt lat="38.246428" lon="-82.021326"></trkpt>
      <trkpt lat="38.245773" lon="-82.022183"></trkpt>
      <trkpt lat="38.245717" lon="-82.022287"></trkpt>
      <trkpt lat="38.245696" lon="-82.022391"></trkpt>
      <trkpt lat="38.245676" lon="-82.022505"></trkpt>
      <trkpt lat="38.245673" lon="-82.022630"></trkpt>
      <trkpt lat="38.245712" lon="-82.022766"></trkpt>
      <trkpt lat="38.245766" lon="-82.022887"></trkpt>
      <trkpt lat="38.245933" lon="-82.023070"></trkpt>
      <trkpt lat="38.247344" lon="-82.024356"></trkpt>
      <trkpt lat="38.247552" lon="-82.024502"></trkpt>
      <trkpt lat="38.247655" lon="-82.024594"></trkpt>
      <trkpt lat="38.247982" lon="-82.024804"></trkpt>
      <trkpt lat="38.248137" lon="-82.024936"></trkpt>
      <trkpt lat="38.248196" lon="-82.024998"></trkpt>
      <trkpt lat="38.248289" lon="-82.025172"></trkpt>
      <trkpt lat="38.248335" lon="-82.025300"></trkpt>
      <trkpt lat="38.248384" lon="-82.025547"></trkpt>
      <trkpt lat="38.248403" lon="-82.025832"></trkpt>
      <trkpt lat="38.248392" lon="-82.026033"></trkpt>
      <trkpt lat="38.248352" lon="-82.026578"></trkpt>
      <trkpt lat="38.248057" lon="-82.030016"></trkpt>
      <trkpt lat="38.248069" lon="-82.030154"></trkpt>
      <trkpt lat="38.248127" lon="-82.030312"></trkpt>
      <trkpt lat="38.248220" lon="-82.030405"></trkpt>
      <trkpt lat="38.248348" lon="-82.030467"></trkpt>
      <trkpt lat="38.250277" lon="-82.030548"></trkpt>
      <trkpt lat="38.250394" lon="-82.030534"></trkpt>
      <trkpt lat="38.250563" lon="-82.030463"></trkpt>
      <trkpt lat="38.251052" lon="-82.030282"></trkpt>
      <trkpt lat="38.251270" lon="-82.030227"></trkpt>
      <trkpt lat="38.251431" lon="-82.030249"></trkpt>
      <trkpt lat="38.251604" lon="-82.030317"></trkpt>
      <trkpt lat="38.251769" lon="-82.030451"></trkpt>
      <trkpt lat="38.251948" lon="-82.030641"></trkpt>
      <trkpt lat="38.252835" lon="-82.031795"></trkpt>
      <trkpt lat="38.253509" lon="-82.032607"></trkpt>
      <trkpt lat="38.253605" lon="-82.032800"></trkpt>
      <trkpt lat="38.253686" lon="-82.033085"></trkpt>
      <trkpt lat="38.253727" lon="-82.033483"></trkpt>
      <trkpt lat="38.253808" lon="-82.034223"></trkpt>
      <trkpt lat="38.253810" lon="-82.034528"></trkpt>
      <trkpt lat="38.253775" lon="-82.034713"></trkpt>
      <trkpt lat="38.253744" lon="-82.034834"></trkpt>
      <trkpt lat="38.253643" lon="-82.035075"></trkpt>
      <trkpt lat="38.253530" lon="-82.035274"></trkpt>
      <trkpt lat="38.253465" lon="-82.035344"></trkpt>
      <trkpt lat="38.253382" lon="-82.035435"></trkpt>
      <trkpt lat="38.253223" lon="-82.035556"></trkpt>
      <trkpt lat="38.252483" lon="-82.036030"></trkpt>
      <trkpt lat="38.252321" lon="-82.036159"></trkpt>
      <trkpt lat="38.252202" lon="-82.036316"></trkpt>
      <trkpt lat="38.252123" lon="-82.036529"></trkpt>
      <trkpt lat="38.252068" lon="-82.036883"></trkpt>
      <trkpt lat="38.252065" lon="-82.037254"></trkpt>
      <trkpt lat="38.252065" lon="-82.037297"></trkpt>
      <trkpt lat="38.252084" lon="-82.037593"></trkpt>
      <trkpt lat="38.252086" lon="-82.037625"></trkpt>
      <trkpt lat="38.252115" lon="-82.037764"></trkpt>
      <trkpt lat="38.252179" lon="-82.037916"></trkpt>
      <trkpt lat="38.252249" lon="-82.038042"></trkpt>
      <trkpt lat="38.252321" lon="-82.038123"></trkpt>
      <trkpt lat="38.252622" lon="-82.038405"></trkpt>
      <trkpt lat="38.252957" lon="-82.038677"></trkpt>
      <trkpt lat="38.253350" lon="-82.038996"></trkpt>
      <trkpt lat="38.254558" lon="-82.039978"></trkpt>
      <trkpt lat="38.255849" lon="-82.041017"></trkpt>
      <trkpt lat="38.256178" lon="-82.041287"></trkpt>
      <trkpt lat="38.256885" lon="-82.041816"></trkpt>
      <trkpt lat="38.257024" lon="-82.041909"></trkpt>
      <trkpt lat="38.257169" lon="-82.041974"></trkpt>
      <trkpt lat="38.257342" lon="-82.042019"></trkpt>
      <trkpt lat="38.257502" lon="-82.042050"></trkpt>
      <trkpt lat="38.257686" lon="-82.042052"></trkpt>
      <trkpt lat="38.257831" lon="-82.042050"></trkpt>
      <trkpt lat="38.257960" lon="-82.042028"></trkpt>
      <trkpt lat="38.258292" lon="-82.041924"></trkpt>
      <trkpt lat="38.258359" lon="-82.041903"></trkpt>
      <trkpt lat="38.259056" lon="-82.041723"></trkpt>
      <trkpt lat="38.259813" lon="-82.041528"></trkpt>
      <trkpt lat="38.260401" lon="-82.041366"></trkpt>
      <trkpt lat="38.260802" lon="-82.041263"></trkpt>
      <trkpt lat="38.260997" lon="-82.041235"></trkpt>
      <trkpt lat="38.261183" lon="-82.041234"></trkpt>
      <trkpt lat="38.261349" lon="-82.041250"></trkpt>
      <trkpt lat="38.261537" lon="-82.041344"></trkpt>
      <trkpt lat="38.261690" lon="-82.041421"></trkpt>
      <trkpt lat="38.261930" lon="-82.041606"></trkpt>
      <trkpt lat="38.262064" lon="-82.041739"></trkpt>
      <trkpt lat="38.262204" lon="-82.041947"></trkpt>
      <trkpt lat="38.262300" lon="-82.042133"></trkpt>
      <trkpt lat="38.262372" lon="-82.042313"></trkpt>
      <trkpt lat="38.262441" lon="-82.042555"></trkpt>
      <trkpt lat="38.262479" lon="-82.042801"></trkpt>
      <trkpt lat="38.262494" lon="-82.043043"></trkpt>
      <trkpt lat="38.262487" lon="-82.043292"></trkpt>
      <trkpt lat="38.262458" lon="-82.043552"></trkpt>
      <trkpt lat="38.262385" lon="-82.044208"></trkpt>
      <trkpt lat="38.262324" lon="-82.044758"></trkpt>
      <trkpt lat="38.262258" lon="-82.045343"></trkpt>
      <trkpt lat="38.262128" lon="-82.046505"></trkpt>
      <trkpt lat="38.262114" lon="-82.046632"></trkpt>
      <trkpt lat="38.262059" lon="-82.047140"></trkpt>
      <trkpt lat="38.262047" lon="-82.047251"></trkpt>
      <trkpt lat="38.262021" lon="-82.047532"></trkpt>
      <trkpt lat="38.262009" lon="-82.047863"></trkpt>
      <trkpt lat="38.262035" lon="-82.048172"></trkpt>
      <trkpt lat="38.262109" lon="-82.048496"></trkpt>
      <trkpt lat="38.262195" lon="-82.048719"></trkpt>
      <trkpt lat="38.262308" lon="-82.048949"></trkpt>
      <trkpt lat="38.262483" lon="-82.049211"></trkpt>
      <trkpt lat="38.262631" lon="-82.049375"></trkpt>
      <trkpt lat="38.262851" lon="-82.049539"></trkpt>
      <trkpt lat="38.263006" lon="-82.049631"></trkpt>
      <trkpt lat="38.263182" lon="-82.049706"></trkpt>
      <trkpt lat="38.263245" lon="-82.049729"></trkpt>
      <trkpt lat="38.263390" lon="-82.049780"></trkpt>
      <trkpt lat="38.263961" lon="-82.049950"></trkpt>
      <trkpt lat="38.264140" lon="-82.050035"></trkpt>
      <trkpt lat="38.264249" lon="-82.050107"></trkpt>
      <trkpt lat="38.264362" lon="-82.050218"></trkpt>
      <trkpt lat="38.264720" lon="-82.050674"></trkpt>
      <trkpt lat="38.264984" lon="-82.050987"></trkpt>
      <trkpt lat="38.265131" lon="-82.051127"></trkpt>
      <trkpt lat="38.265374" lon="-82.051320"></trkpt>
      <trkpt lat="38.265985" lon="-82.051708"></trkpt>
      <trkpt lat="38.267041" lon="-82.052431"></trkpt>
      <trkpt lat="38.268201" lon="-82.053225"></trkpt>
      <trkpt lat="38.268384" lon="-82.053351"></trkpt>
      <trkpt lat="38.269732" lon="-82.054274"></trkpt>
      <trkpt lat="38.269829" lon="-82.054366"></trkpt>
      <trkpt lat="38.269922" lon="-82.054488"></trkpt>
      <trkpt lat="38.269976" lon="-82.054643"></trkpt>
      <trkpt lat="38.269988" lon="-82.054755"></trkpt>
      <trkpt lat="38.269986" lon="-82.054889"></trkpt>
      <trkpt lat="38.269953" lon="-82.055125"></trkpt>
      <trkpt lat="38.269899" lon="-82.055333"></trkpt>
      <trkpt lat="38.269810" lon="-82.055678"></trkpt>
      <trkpt lat="38.269746" lon="-82.055921"></trkpt>
      <trkpt lat="38.269213" lon="-82.057966"></trkpt>
      <trkpt lat="38.269166" lon="-82.058200"></trkpt>
      <trkpt lat="38.269162" lon="-82.058393"></trkpt>
      <trkpt lat="38.269172" lon="-82.058566"></trkpt>
      <trkpt lat="38.269206" lon="-82.058710"></trkpt>
      <trkpt lat="38.269259" lon="-82.058878"></trkpt>
      <trkpt lat="38.269620" lon="-82.059793"></trkpt>
      <trkpt lat="38.269750" lon="-82.060169"></trkpt>
      <trkpt lat="38.269758" lon="-82.060190"></trkpt>
      <trkpt lat="38.270023" lon="-82.061029"></trkpt>
      <trkpt lat="38.270395" lon="-82.062230"></trkpt>
      <trkpt lat="38.270478" lon="-82.062548"></trkpt>
      <trkpt lat="38.270518" lon="-82.062765"></trkpt>
      <trkpt lat="38.270522" lon="-82.063011"></trkpt>
      <trkpt lat="38.270516" lon="-82.063206"></trkpt>
      <trkpt lat="38.270483" lon="-82.063379"></trkpt>
      <trkpt lat="38.270433" lon="-82.063567"></trkpt>
      <trkpt lat="38.270371" lon="-82.063763"></trkpt>
      <trkpt lat="38.269839" lon="-82.064772"></trkpt>
      <trkpt lat="38.269700" lon="-82.065055"></trkpt>
      <trkpt lat="38.269627" lon="-82.065231"></trkpt>
      <trkpt lat="38.269503" lon="-82.065681"></trkpt>
      <trkpt lat="38.269407" lon="-82.066055"></trkpt>
      <trkpt lat="38.269165" lon="-82.067004"></trkpt>
      <trkpt lat="38.269108" lon="-82.067271"></trkpt>
      <trkpt lat="38.269108" lon="-82.067523"></trkpt>
      <trkpt lat="38.269137" lon="-82.067725"></trkpt>
      <trkpt lat="38.269205" lon="-82.067943"></trkpt>
      <trkpt lat="38.269313" lon="-82.068133"></trkpt>
      <trkpt lat="38.270420" lon="-82.069927"></trkpt>
      <trkpt lat="38.270448" lon="-82.069974"></trkpt>
      <trkpt lat="38.270789" lon="-82.070521"></trkpt>
      <trkpt lat="38.270886" lon="-82.070676"></trkpt>
      <trkpt lat="38.271114" lon="-82.071035"></trkpt>
      <trkpt lat="38.271777" lon="-82.072108"></trkpt>
      <trkpt lat="38.272031" lon="-82.072519"></trkpt>
      <trkpt lat="38.272233" lon="-82.072802"></trkpt>
      <trkpt lat="38.272300" lon="-82.072869"></trkpt>
      <trkpt lat="38.272394" lon="-82.072925"></trkpt>
      <trkpt lat="38.272489" lon="-82.072940"></trkpt>
      <trkpt lat="38.272579" lon="-82.072917"></trkpt>
      <trkpt lat="38.272635" lon="-82.072899"></trkpt>
      <trkpt lat="38.273011" lon="-82.072625"></trkpt>
      <trkpt lat="38.273079" lon="-82.072575"></trkpt>
      <trkpt lat="38.273371" lon="-82.072338"></trkpt>
      <trkpt lat="38.273479" lon="-82.072250"></trkpt>
      <trkpt lat="38.273668" lon="-82.072097"></trkpt>
      <trkpt lat="38.274063" lon="-82.071777"></trkpt>
      <trkpt lat="38.274084" lon="-82.071759"></trkpt>
      <trkpt lat="38.274114" lon="-82.071735"></trkpt>
      <trkpt lat="38.274165" lon="-82.071694"></trkpt>
      <trkpt lat="38.274551" lon="-82.071383"></trkpt>
      <trkpt lat="38.274838" lon="-82.071139"></trkpt>
      <trkpt lat="38.274892" lon="-82.071093"></trkpt>
      <trkpt lat="38.275245" lon="-82.070803"></trkpt>
      <trkpt lat="38.275447" lon="-82.070648"></trkpt>
      <trkpt lat="38.275647" lon="-82.070546"></trkpt>
      <trkpt lat="38.275840" lon="-82.070476"></trkpt>
      <trkpt lat="38.276118" lon="-82.070425"></trkpt>
      <trkpt lat="38.278497" lon="-82.070492"></trkpt>
      <trkpt lat="38.278738" lon="-82.070516"></trkpt>
      <trkpt lat="38.278883" lon="-82.070561"></trkpt>
      <trkpt lat="38.279026" lon="-82.070618"></trkpt>
      <trkpt lat="38.279167" lon="-82.070733"></trkpt>
      <trkpt lat="38.279281" lon="-82.070881"></trkpt>
      <trkpt lat="38.279415" lon="-82.071157"></trkpt>
      <trkpt lat="38.279445" lon="-82.071246"></trkpt>
      <trkpt lat="38.279491" lon="-82.071381"></trkpt>
      <trkpt lat="38.279506" lon="-82.071590"></trkpt>
      <trkpt lat="38.279495" lon="-82.071902"></trkpt>
      <trkpt lat="38.279432" lon="-82.072186"></trkpt>
      <trkpt lat="38.279421" lon="-82.072237"></trkpt>
      <trkpt lat="38.279398" lon="-82.072310"></trkpt>
      <trkpt lat="38.279364" lon="-82.072440"></trkpt>
      <trkpt lat="38.279293" lon="-82.072710"></trkpt>
      <trkpt lat="38.279260" lon="-82.072816"></trkpt>
      <trkpt lat="38.279166" lon="-82.073154"></trkpt>
      <trkpt lat="38.279152" lon="-82.073202"></trkpt>
      <trkpt lat="38.279026" lon="-82.073649"></trkpt>
      <trkpt lat="38.278666" lon="-82.074929"></trkpt>
      <trkpt lat="38.278566" lon="-82.075308"></trkpt>
      <trkpt lat="38.278551" lon="-82.075365"></trkpt>
      <trkpt lat="38.278506" lon="-82.075542"></trkpt>
      <trkpt lat="38.278495" lon="-82.075726"></trkpt>
      <trkpt lat="38.278512" lon="-82.075828"></trkpt>
      <trkpt lat="38.278526" lon="-82.075875"></trkpt>
      <trkpt lat="38.278544" lon="-82.075939"></trkpt>
      <trkpt lat="38.278592" lon="-82.076027"></trkpt>
      <trkpt lat="38.278648" lon="-82.076121"></trkpt>
      <trkpt lat="38.279687" lon="-82.077315"></trkpt>
      <trkpt lat="38.281094" lon="-82.078931"></trkpt>
      <trkpt lat="38.281486" lon="-82.079381"></trkpt>
      <trkpt lat="38.281807" lon="-82.079751"></trkpt>
      <trkpt lat="38.282516" lon="-82.080563"></trkpt>
      <trkpt lat="38.282808" lon="-82.080932"></trkpt>
      <trkpt lat="38.282910" lon="-82.081101"></trkpt>
      <trkpt lat="38.282967" lon="-82.081245"></trkpt>
      <trkpt lat="38.282979" lon="-82.081444"></trkpt>
      <trkpt lat="38.282929" lon="-82.082139"></trkpt>
      <trkpt lat="38.282827" lon="-82.083341"></trkpt>
      <trkpt lat="38.282741" lon="-82.084357"></trkpt>
      <trkpt lat="38.282804" lon="-82.086817"></trkpt>
      <trkpt lat="38.282851" lon="-82.089808"></trkpt>
      <trkpt lat="38.282821" lon="-82.090000"></trkpt>
      <trkpt lat="38.282771" lon="-82.090172"></trkpt>
      <trkpt lat="38.282711" lon="-82.090335"></trkpt>
      <trkpt lat="38.282595" lon="-82.090526"></trkpt>
      <trkpt lat="38.282362" lon="-82.090888"></trkpt>
      <trkpt lat="38.282203" lon="-82.091105"></trkpt>
      <trkpt lat="38.280387" lon="-82.093879"></trkpt>
      <trkpt lat="38.280056" lon="-82.094256"></trkpt>
      <trkpt lat="38.279889" lon="-82.094404"></trkpt>
      <trkpt lat="38.278900" lon="-82.095243"></trkpt>
      <trkpt lat="38.278797" lon="-82.095361"></trkpt>
      <trkpt lat="38.278750" lon="-82.095447"></trkpt>
      <trkpt lat="38.278721" lon="-82.095498"></trkpt>
      <trkpt lat="38.278660" lon="-82.095645"></trkpt>
      <trkpt lat="38.278633" lon="-82.095798"></trkpt>
      <trkpt lat="38.278579" lon="-82.096916"></trkpt>
      <trkpt lat="38.278564" lon="-82.097260"></trkpt>
      <trkpt lat="38.278539" lon="-82.097543"></trkpt>
      <trkpt lat="38.278527" lon="-82.097715"></trkpt>
      <trkpt lat="38.278514" lon="-82.097896"></trkpt>
      <trkpt lat="38.278482" lon="-82.098357"></trkpt>
      <trkpt lat="38.278457" lon="-82.098849"></trkpt>
      <trkpt lat="38.278405" lon="-82.099757"></trkpt>
      <trkpt lat="38.278381" lon="-82.100106"></trkpt>
      <trkpt lat="38.278383" lon="-82.100474"></trkpt>
      <trkpt lat="38.278393" lon="-82.100730"></trkpt>
      <trkpt lat="38.278507" lon="-82.101586"></trkpt>
      <trkpt lat="38.278579" lon="-82.102170"></trkpt>
      <trkpt lat="38.278644" lon="-82.102664"></trkpt>
      <trkpt lat="38.278694" lon="-82.103172"></trkpt>
      <trkpt lat="38.278264" lon="-82.103273"></trkpt>
      <trkpt lat="38.277840" lon="-82.103373"></trkpt>
      <trkpt lat="38.276741" lon="-82.103631"></trkpt>
      <trkpt lat="38.276809" lon="-82.104178"></trkpt>
      <trkpt lat="38.276899" lon="-82.104774"></trkpt>
      <trkpt lat="38.276965" lon="-82.105307"></trkpt>
      <trkpt lat="38.277049" lon="-82.105900"></trkpt>
      <trkpt lat="38.277094" lon="-82.106176"></trkpt>
      <trkpt lat="38.277116" lon="-82.106279"></trkpt>
      <trkpt lat="38.277149" lon="-82.106357"></trkpt>
      <trkpt lat="38.277171" lon="-82.106394"></trkpt>
      <trkpt lat="38.277251" lon="-82.106484"></trkpt>
      <trkpt lat="38.277288" lon="-82.106510"></trkpt>
      <trkpt lat="38.277361" lon="-82.106534"></trkpt>
      <trkpt lat="38.277442" lon="-82.106545"></trkpt>
      <trkpt lat="38.277725" lon="-82.106512"></trkpt>
      <trkpt lat="38.277775" lon="-82.106511"></trkpt>
      <trkpt lat="38.277839" lon="-82.106519"></trkpt>
      <trkpt lat="38.277882" lon="-82.106529"></trkpt>
      <trkpt lat="38.277941" lon="-82.106553"></trkpt>
      <trkpt lat="38.277995" lon="-82.106597"></trkpt>
      <trkpt lat="38.278038" lon="-82.106661"></trkpt>
      <trkpt lat="38.278084" lon="-82.106742"></trkpt>
      <trkpt lat="38.278117" lon="-82.106801"></trkpt>
      <trkpt lat="38.278140" lon="-82.106881"></trkpt>
      <trkpt lat="38.278183" lon="-82.107148"></trkpt>
      <trkpt lat="38.278379" lon="-82.108677"></trkpt>
      <trkpt lat="38.278476" lon="-82.109501"></trkpt>
      <trkpt lat="38.278584" lon="-82.110519"></trkpt>
      <trkpt lat="38.278605" lon="-82.110751"></trkpt>
      <trkpt lat="38.278642" lon="-82.111020"></trkpt>
      <trkpt lat="38.278691" lon="-82.111282"></trkpt>
      <trkpt lat="38.278799" lon="-82.111509"></trkpt>
      <trkpt lat="38.279183" lon="-82.112143"></trkpt>
      <trkpt lat="38.279229" lon="-82.112267"></trkpt>
      <trkpt lat="38.279270" lon="-82.112425"></trkpt>
      <trkpt lat="38.279268" lon="-82.112524"></trkpt>
      <trkpt lat="38.279266" lon="-82.112683"></trkpt>
      <trkpt lat="38.279219" lon="-82.113038"></trkpt>
      <trkpt lat="38.279162" lon="-82.113468"></trkpt>
      <trkpt lat="38.279093" lon="-82.113950"></trkpt>
      <trkpt lat="38.278994" lon="-82.114666"></trkpt>
      <trkpt lat="38.278882" lon="-82.115606"></trkpt>
      <trkpt lat="38.278726" lon="-82.116757"></trkpt>
      <trkpt lat="38.278608" lon="-82.117685"></trkpt>
      <trkpt lat="38.278486" lon="-82.118587"></trkpt>
      <trkpt lat="38.278415" lon="-82.119138"></trkpt>
      <trkpt lat="38.278383" lon="-82.119499"></trkpt>
      <trkpt lat="38.278386" lon="-82.119852"></trkpt>
      <trkpt lat="38.278391" lon="-82.119929"></trkpt>
      <trkpt lat="38.278407" lon="-82.120201"></trkpt>
      <trkpt lat="38.278413" lon="-82.120316"></trkpt>
      <trkpt lat="38.278448" lon="-82.120766"></trkpt>
      <trkpt lat="38.278478" lon="-82.121169"></trkpt>
      <trkpt lat="38.278549" lon="-82.122123"></trkpt>
      <trkpt lat="38.278571" lon="-82.122373"></trkpt>
      <trkpt lat="38.278643" lon="-82.123359"></trkpt>
      <trkpt lat="38.278669" lon="-82.123674"></trkpt>
      <trkpt lat="38.278727" lon="-82.124535"></trkpt>
      <trkpt lat="38.278756" lon="-82.124922"></trkpt>
      <trkpt lat="38.278781" lon="-82.125130"></trkpt>
      <trkpt lat="38.278805" lon="-82.125407"></trkpt>
      <trkpt lat="38.278854" lon="-82.125610"></trkpt>
      <trkpt lat="38.278904" lon="-82.125801"></trkpt>
      <trkpt lat="38.279034" lon="-82.126075"></trkpt>
      <trkpt lat="38.279317" lon="-82.126546"></trkpt>
      <trkpt lat="38.280135" lon="-82.127923"></trkpt>
      <trkpt lat="38.280144" lon="-82.127939"></trkpt>
      <trkpt lat="38.280230" lon="-82.128095"></trkpt>
      <trkpt lat="38.280324" lon="-82.128296"></trkpt>
      <trkpt lat="38.280378" lon="-82.128503"></trkpt>
      <trkpt lat="38.280431" lon="-82.128761"></trkpt>
      <trkpt lat="38.280626" lon="-82.130133"></trkpt>
      <trkpt lat="38.280784" lon="-82.131159"></trkpt>
      <trkpt lat="38.281012" lon="-82.132742"></trkpt>
      <trkpt lat="38.281065" lon="-82.133436"></trkpt>
      <trkpt lat="38.281132" lon="-82.135412"></trkpt>
      <trkpt lat="38.281164" lon="-82.136181"></trkpt>
      <trkpt lat="38.281180" lon="-82.136392"></trkpt>
      <trkpt lat="38.281229" lon="-82.136638"></trkpt>
      <trkpt lat="38.281337" lon="-82.136930"></trkpt>
      <trkpt lat="38.281586" lon="-82.137460"></trkpt>
      <trkpt lat="38.281806" lon="-82.137955"></trkpt>
      <trkpt lat="38.281882" lon="-82.138146"></trkpt>
      <trkpt lat="38.281893" lon="-82.138175"></trkpt>
      <trkpt lat="38.281968" lon="-82.138455"></trkpt>
      <trkpt lat="38.282033" lon="-82.138824"></trkpt>
      <trkpt lat="38.282149" lon="-82.139949"></trkpt>
      <trkpt lat="38.282203" lon="-82.140684"></trkpt>
      <trkpt lat="38.282240" lon="-82.141269"></trkpt>
      <trkpt lat="38.282240" lon="-82.141565"></trkpt>
      <trkpt lat="38.282230" lon="-82.141959"></trkpt>
      <trkpt lat="38.282181" lon="-82.142418"></trkpt>
      <trkpt lat="38.282067" lon="-82.143264"></trkpt>
      <trkpt lat="38.281769" lon="-82.144904"></trkpt>
      <trkpt lat="38.281698" lon="-82.145266"></trkpt>
      <trkpt lat="38.281599" lon="-82.145595"></trkpt>
      <trkpt lat="38.281470" lon="-82.145809"></trkpt>
      <trkpt lat="38.281310" lon="-82.146025"></trkpt>
      <trkpt lat="38.281081" lon="-82.146321"></trkpt>
      <trkpt lat="38.280636" lon="-82.146762"></trkpt>
      <trkpt lat="38.280380" lon="-82.147046"></trkpt>
      <trkpt lat="38.280208" lon="-82.147253"></trkpt>
      <trkpt lat="38.280064" lon="-82.147521"></trkpt>
      <trkpt lat="38.279156" lon="-82.149629"></trkpt>
      <trkpt lat="38.279000" lon="-82.149974"></trkpt>
      <trkpt lat="38.278793" lon="-82.150321"></trkpt>
      <trkpt lat="38.278527" lon="-82.150639"></trkpt>
      <trkpt lat="38.278364" lon="-82.150830"></trkpt>
      <trkpt lat="38.278194" lon="-82.150991"></trkpt>
      <trkpt lat="38.278107" lon="-82.151157"></trkpt>
      <trkpt lat="38.278082" lon="-82.151255"></trkpt>
      <trkpt lat="38.278082" lon="-82.151376"></trkpt>
      <trkpt lat="38.278117" lon="-82.151514"></trkpt>
      <trkpt lat="38.278200" lon="-82.151663"></trkpt>
      <trkpt lat="38.278281" lon="-82.151766"></trkpt>
      <trkpt lat="38.278381" lon="-82.151851"></trkpt>
      <trkpt lat="38.278511" lon="-82.151961"></trkpt>
      <trkpt lat="38.278651" lon="-82.152036"></trkpt>
      <trkpt lat="38.278878" lon="-82.152140"></trkpt>
      <trkpt lat="38.279120" lon="-82.152219"></trkpt>
      <trkpt lat="38.279449" lon="-82.152343"></trkpt>
      <trkpt lat="38.279759" lon="-82.152454"></trkpt>
      <trkpt lat="38.280594" lon="-82.152783"></trkpt>
      <trkpt lat="38.280849" lon="-82.152881"></trkpt>
      <trkpt lat="38.281002" lon="-82.152970"></trkpt>
      <trkpt lat="38.281174" lon="-82.153110"></trkpt>
      <trkpt lat="38.281343" lon="-82.153307"></trkpt>
      <trkpt lat="38.281416" lon="-82.153461"></trkpt>
      <trkpt lat="38.281454" lon="-82.153634"></trkpt>
      <trkpt lat="38.281485" lon="-82.153802"></trkpt>
      <trkpt lat="38.281491" lon="-82.154030"></trkpt>
      <trkpt lat="38.281477" lon="-82.154265"></trkpt>
      <trkpt lat="38.281410" lon="-82.154771"></trkpt>
      <trkpt lat="38.281359" lon="-82.155161"></trkpt>
      <trkpt lat="38.281298" lon="-82.155765"></trkpt>
      <trkpt lat="38.281300" lon="-82.156046"></trkpt>
      <trkpt lat="38.281353" lon="-82.156425"></trkpt>
      <trkpt lat="38.281599" lon="-82.157907"></trkpt>
      <trkpt lat="38.281621" lon="-82.158165"></trkpt>
      <trkpt lat="38.281619" lon="-82.158384"></trkpt>
      <trkpt lat="38.281578" lon="-82.158589"></trkpt>
      <trkpt lat="38.281454" lon="-82.158959"></trkpt>
      <trkpt lat="38.281263" lon="-82.159554"></trkpt>
      <trkpt lat="38.281162" lon="-82.159848"></trkpt>
      <trkpt lat="38.281091" lon="-82.160155"></trkpt>
      <trkpt lat="38.281044" lon="-82.160412"></trkpt>
      <trkpt lat="38.281040" lon="-82.160640"></trkpt>
      <trkpt lat="38.281052" lon="-82.160877"></trkpt>
      <trkpt lat="38.281087" lon="-82.161105"></trkpt>
      <trkpt lat="38.281150" lon="-82.161338"></trkpt>
      <trkpt lat="38.281475" lon="-82.162485"></trkpt>
      <trkpt lat="38.281724" lon="-82.163390"></trkpt>
      <trkpt lat="38.281775" lon="-82.163574"></trkpt>
      <trkpt lat="38.281990" lon="-82.164448"></trkpt>
      <trkpt lat="38.282082" lon="-82.164712"></trkpt>
      <trkpt lat="38.282165" lon="-82.164862"></trkpt>
      <trkpt lat="38.282289" lon="-82.165057"></trkpt>
      <trkpt lat="38.282451" lon="-82.165256"></trkpt>
      <trkpt lat="38.283103" lon="-82.165863"></trkpt>
      <trkpt lat="38.283511" lon="-82.166220"></trkpt>
      <trkpt lat="38.283663" lon="-82.166375"></trkpt>
      <trkpt lat="38.283754" lon="-82.166503"></trkpt>
      <trkpt lat="38.283840" lon="-82.166722"></trkpt>
      <trkpt lat="38.283890" lon="-82.166937"></trkpt>
      <trkpt lat="38.283907" lon="-82.167116"></trkpt>
      <trkpt lat="38.283911" lon="-82.167363"></trkpt>
      <trkpt lat="38.283939" lon="-82.169580"></trkpt>
      <trkpt lat="38.283940" lon="-82.169618"></trkpt>
      <trkpt lat="38.283966" lon="-82.171523"></trkpt>
      <trkpt lat="38.283968" lon="-82.171895"></trkpt>
      <trkpt lat="38.283957" lon="-82.172118"></trkpt>
      <trkpt lat="38.283953" lon="-82.172207"></trkpt>
      <trkpt lat="38.283933" lon="-82.172491"></trkpt>
      <trkpt lat="38.283803" lon="-82.173622"></trkpt>
      <trkpt lat="38.283643" lon="-82.174995"></trkpt>
      <trkpt lat="38.283596" lon="-82.175482"></trkpt>
      <trkpt lat="38.283588" lon="-82.175900"></trkpt>
      <trkpt lat="38.283594" lon="-82.176371"></trkpt>
      <trkpt lat="38.283674" lon="-82.178651"></trkpt>
      <trkpt lat="38.283687" lon="-82.179141"></trkpt>
      <trkpt lat="38.283711" lon="-82.180048"></trkpt>
      <trkpt lat="38.283726" lon="-82.180638"></trkpt>
      <trkpt lat="38.283765" lon="-82.181633"></trkpt>
      <trkpt lat="38.283759" lon="-82.181818"></trkpt>
      <trkpt lat="38.283746" lon="-82.181986"></trkpt>
      <trkpt lat="38.283720" lon="-82.182151"></trkpt>
      <trkpt lat="38.283675" lon="-82.182315"></trkpt>
      <trkpt lat="38.283447" lon="-82.183100"></trkpt>
      <trkpt lat="38.283135" lon="-82.184173"></trkpt>
      <trkpt lat="38.282930" lon="-82.184867"></trkpt>
      <trkpt lat="38.282816" lon="-82.185322"></trkpt>
      <trkpt lat="38.282802" lon="-82.185464"></trkpt>
      <trkpt lat="38.282802" lon="-82.185606"></trkpt>
      <trkpt lat="38.282833" lon="-82.185845"></trkpt>
      <trkpt lat="38.282932" lon="-82.186361"></trkpt>
      <trkpt lat="38.283022" lon="-82.186863"></trkpt>
      <trkpt lat="38.283105" lon="-82.187222"></trkpt>
      <trkpt lat="38.283257" lon="-82.187717"></trkpt>
      <trkpt lat="38.283452" lon="-82.188135"></trkpt>
      <trkpt lat="38.284177" lon="-82.189280"></trkpt>
      <trkpt lat="38.285271" lon="-82.190956"></trkpt>
      <trkpt lat="38.285533" lon="-82.191292"></trkpt>
      <trkpt lat="38.285782" lon="-82.191567"></trkpt>
      <trkpt lat="38.286045" lon="-82.191825"></trkpt>
      <trkpt lat="38.286344" lon="-82.192063"></trkpt>
      <trkpt lat="38.286578" lon="-82.192244"></trkpt>
      <trkpt lat="38.286755" lon="-82.192368"></trkpt>
      <trkpt lat="38.286729" lon="-82.192533"></trkpt>
      <trkpt lat="38.286728" lon="-82.192691"></trkpt>
      <trkpt lat="38.286754" lon="-82.192920"></trkpt>
      <trkpt lat="38.286846" lon="-82.193606"></trkpt>
      <trkpt lat="38.286903" lon="-82.194102"></trkpt>
      <trkpt lat="38.286971" lon="-82.194644"></trkpt>
      <trkpt lat="38.287015" lon="-82.194908"></trkpt>
      <trkpt lat="38.287037" lon="-82.195147"></trkpt>
      <trkpt lat="38.285841" lon="-82.195455"></trkpt>
      <trkpt lat="38.285619" lon="-82.195502"></trkpt>
    </trkseg>
  </trk>
</gpx>
