<?xml version="1.0" encoding="utf-8" ?>
<gpx xmlns="http://www.topografix.com/GPX/1/1" creator="http://furkot.com/" version="1.1" xmlns:xsi="http://www.w3.org/2001/XMLSchema-instance" xsi:schemaLocation="http://www.topografix.com/GPX/1/1 http://www.topografix.com/GPX/1/1/gpx.xsd">
  <metadata>
    <name>Mills Gap Mountain Loop</name>
    <author>
      <name>Furkot - road trip planner</name>
      <email id="trips" domain="furkot.com"></email>
      <link href="https://trips.furkot.com">
        <text>Furkot</text>
      </link>
    </author>
  </metadata>
  <wpt lat="39.623320" lon="-78.236130">
    <time>2026-07-25T13:00:00.000Z</time>
    <name>Washington Heritage Trail</name>
    <cmt>West Virginia, USA</cmt>
    <desc>West Virginia, USA</desc>
    <link href="https://scenicbyways.info/byway/13753.html"></link>
    <sym>Mile Marker</sym>
  </wpt>
  <wpt lat="39.389167" lon="-78.109722">
    <time>2026-07-25T13:56:02.000Z</time>
    <name>Mills Gap</name>
    <cmt>Berkeley County, WV</cmt>
    <desc>Berkeley County, WV</desc>
    <link href="https://ridethedivides.org/"></link>
    <sym>Bike Trail</sym>
  </wpt>
  <wpt lat="39.629802" lon="-78.175954">
    <time>2026-07-25T16:10:52.000Z</time>
    <name>Hillbilly Heaven</name>
    <cmt>West Virginia, USA</cmt>
    <desc>West Virginia, USA</desc>
    <link href="https://www.openstreetmap.org/node/4829055994"></link>
  </wpt>
  <trk>
    <name>Day 1 - Sat, Jul 25, 2026</name>
    <trkseg>
      <trkpt lat="39.623334" lon="-78.236168"></trkpt>
      <trkpt lat="39.623340" lon="-78.235985"></trkpt>
      <trkpt lat="39.623357" lon="-78.235874"></trkpt>
      <trkpt lat="39.623380" lon="-78.235771"></trkpt>
      <trkpt lat="39.623411" lon="-78.235654"></trkpt>
      <trkpt lat="39.623451" lon="-78.235512"></trkpt>
      <trkpt lat="39.623495" lon="-78.235375"></trkpt>
      <trkpt lat="39.623573" lon="-78.235166"></trkpt>
      <trkpt lat="39.623688" lon="-78.234880"></trkpt>
      <trkpt lat="39.623847" lon="-78.234520"></trkpt>
      <trkpt lat="39.623898" lon="-78.234384"></trkpt>
      <trkpt lat="39.623920" lon="-78.234313"></trkpt>
      <trkpt lat="39.623934" lon="-78.234247"></trkpt>
      <trkpt lat="39.623940" lon="-78.234182"></trkpt>
      <trkpt lat="39.623938" lon="-78.234117"></trkpt>
      <trkpt lat="39.623935" lon="-78.234055"></trkpt>
      <trkpt lat="39.623923" lon="-78.233994"></trkpt>
      <trkpt lat="39.623906" lon="-78.233918"></trkpt>
      <trkpt lat="39.623874" lon="-78.233821"></trkpt>
      <trkpt lat="39.623833" lon="-78.233725"></trkpt>
      <trkpt lat="39.623799" lon="-78.233666"></trkpt>
      <trkpt lat="39.623738" lon="-78.233560"></trkpt>
      <trkpt lat="39.623687" lon="-78.233464"></trkpt>
      <trkpt lat="39.623660" lon="-78.233398"></trkpt>
      <trkpt lat="39.623639" lon="-78.233334"></trkpt>
      <trkpt lat="39.623627" lon="-78.233262"></trkpt>
      <trkpt lat="39.623622" lon="-78.233192"></trkpt>
      <trkpt lat="39.623627" lon="-78.233135"></trkpt>
      <trkpt lat="39.623639" lon="-78.233080"></trkpt>
      <trkpt lat="39.623659" lon="-78.233011"></trkpt>
      <trkpt lat="39.623700" lon="-78.232927"></trkpt>
      <trkpt lat="39.623738" lon="-78.232863"></trkpt>
      <trkpt lat="39.623786" lon="-78.232796"></trkpt>
      <trkpt lat="39.623845" lon="-78.232726"></trkpt>
      <trkpt lat="39.623916" lon="-78.232652"></trkpt>
      <trkpt lat="39.624046" lon="-78.232524"></trkpt>
      <trkpt lat="39.624152" lon="-78.232419"></trkpt>
      <trkpt lat="39.624195" lon="-78.232377"></trkpt>
      <trkpt lat="39.624441" lon="-78.232144"></trkpt>
      <trkpt lat="39.624760" lon="-78.231861"></trkpt>
      <trkpt lat="39.624974" lon="-78.231669"></trkpt>
      <trkpt lat="39.625185" lon="-78.231480"></trkpt>
      <trkpt lat="39.625273" lon="-78.231400"></trkpt>
      <trkpt lat="39.625382" lon="-78.231287"></trkpt>
      <trkpt lat="39.625507" lon="-78.231158"></trkpt>
      <trkpt lat="39.625722" lon="-78.230932"></trkpt>
      <trkpt lat="39.625895" lon="-78.230764"></trkpt>
      <trkpt lat="39.626068" lon="-78.230632"></trkpt>
      <trkpt lat="39.626336" lon="-78.230441"></trkpt>
      <trkpt lat="39.626531" lon="-78.230292"></trkpt>
      <trkpt lat="39.626674" lon="-78.230177"></trkpt>
      <trkpt lat="39.626910" lon="-78.229989"></trkpt>
      <trkpt lat="39.627275" lon="-78.229710"></trkpt>
      <trkpt lat="39.627623" lon="-78.229457"></trkpt>
      <trkpt lat="39.627907" lon="-78.229239"></trkpt>
      <trkpt lat="39.628251" lon="-78.228941"></trkpt>
      <trkpt lat="39.628533" lon="-78.228701"></trkpt>
      <trkpt lat="39.628818" lon="-78.228477"></trkpt>
      <trkpt lat="39.629057" lon="-78.228276"></trkpt>
      <trkpt lat="39.629180" lon="-78.228138"></trkpt>
      <trkpt lat="39.629310" lon="-78.227975"></trkpt>
      <trkpt lat="39.629507" lon="-78.227741"></trkpt>
      <trkpt lat="39.629663" lon="-78.227560"></trkpt>
      <trkpt lat="39.629725" lon="-78.227457"></trkpt>
      <trkpt lat="39.629761" lon="-78.227350"></trkpt>
      <trkpt lat="39.629770" lon="-78.227251"></trkpt>
      <trkpt lat="39.629765" lon="-78.227204"></trkpt>
      <trkpt lat="39.629759" lon="-78.227139"></trkpt>
      <trkpt lat="39.629712" lon="-78.226995"></trkpt>
      <trkpt lat="39.629675" lon="-78.226899"></trkpt>
      <trkpt lat="39.629580" lon="-78.226673"></trkpt>
      <trkpt lat="39.629338" lon="-78.226121"></trkpt>
      <trkpt lat="39.629293" lon="-78.226020"></trkpt>
      <trkpt lat="39.629220" lon="-78.226073"></trkpt>
      <trkpt lat="39.628968" lon="-78.226253"></trkpt>
      <trkpt lat="39.628805" lon="-78.226370"></trkpt>
      <trkpt lat="39.628593" lon="-78.226523"></trkpt>
      <trkpt lat="39.628508" lon="-78.226582"></trkpt>
      <trkpt lat="39.628442" lon="-78.226630"></trkpt>
      <trkpt lat="39.628160" lon="-78.226832"></trkpt>
      <trkpt lat="39.628141" lon="-78.226846"></trkpt>
      <trkpt lat="39.627776" lon="-78.227108"></trkpt>
      <trkpt lat="39.627714" lon="-78.227151"></trkpt>
      <trkpt lat="39.627654" lon="-78.227195"></trkpt>
      <trkpt lat="39.627491" lon="-78.227311"></trkpt>
      <trkpt lat="39.627295" lon="-78.227452"></trkpt>
      <trkpt lat="39.626973" lon="-78.227683"></trkpt>
      <trkpt lat="39.626877" lon="-78.227751"></trkpt>
      <trkpt lat="39.626777" lon="-78.227822"></trkpt>
      <trkpt lat="39.626446" lon="-78.228055"></trkpt>
      <trkpt lat="39.626402" lon="-78.228086"></trkpt>
      <trkpt lat="39.626104" lon="-78.228297"></trkpt>
      <trkpt lat="39.626043" lon="-78.228348"></trkpt>
      <trkpt lat="39.625888" lon="-78.228449"></trkpt>
      <trkpt lat="39.625643" lon="-78.228621"></trkpt>
      <trkpt lat="39.625272" lon="-78.228883"></trkpt>
      <trkpt lat="39.625244" lon="-78.228902"></trkpt>
      <trkpt lat="39.624436" lon="-78.229472"></trkpt>
      <trkpt lat="39.624124" lon="-78.229696"></trkpt>
      <trkpt lat="39.624069" lon="-78.229731"></trkpt>
      <trkpt lat="39.624015" lon="-78.229754"></trkpt>
      <trkpt lat="39.623967" lon="-78.229769"></trkpt>
      <trkpt lat="39.623896" lon="-78.229783"></trkpt>
      <trkpt lat="39.623697" lon="-78.229797"></trkpt>
      <trkpt lat="39.623607" lon="-78.229801"></trkpt>
      <trkpt lat="39.623513" lon="-78.229805"></trkpt>
      <trkpt lat="39.623355" lon="-78.229819"></trkpt>
      <trkpt lat="39.623181" lon="-78.229834"></trkpt>
      <trkpt lat="39.622929" lon="-78.229865"></trkpt>
      <trkpt lat="39.622578" lon="-78.229911"></trkpt>
      <trkpt lat="39.622432" lon="-78.229930"></trkpt>
      <trkpt lat="39.622359" lon="-78.229939"></trkpt>
      <trkpt lat="39.622097" lon="-78.229973"></trkpt>
      <trkpt lat="39.621990" lon="-78.229987"></trkpt>
      <trkpt lat="39.621908" lon="-78.229998"></trkpt>
      <trkpt lat="39.621824" lon="-78.230009"></trkpt>
      <trkpt lat="39.621654" lon="-78.230032"></trkpt>
      <trkpt lat="39.621503" lon="-78.230051"></trkpt>
      <trkpt lat="39.621189" lon="-78.230118"></trkpt>
      <trkpt lat="39.620804" lon="-78.230200"></trkpt>
      <trkpt lat="39.620780" lon="-78.230205"></trkpt>
      <trkpt lat="39.620420" lon="-78.230278"></trkpt>
      <trkpt lat="39.620283" lon="-78.230306"></trkpt>
      <trkpt lat="39.620250" lon="-78.230313"></trkpt>
      <trkpt lat="39.620170" lon="-78.230329"></trkpt>
      <trkpt lat="39.619871" lon="-78.230394"></trkpt>
      <trkpt lat="39.619628" lon="-78.230444"></trkpt>
      <trkpt lat="39.619193" lon="-78.230532"></trkpt>
      <trkpt lat="39.618930" lon="-78.230590"></trkpt>
      <trkpt lat="39.618657" lon="-78.230663"></trkpt>
      <trkpt lat="39.618228" lon="-78.230803"></trkpt>
      <trkpt lat="39.618023" lon="-78.230875"></trkpt>
      <trkpt lat="39.617828" lon="-78.230942"></trkpt>
      <trkpt lat="39.617647" lon="-78.230989"></trkpt>
      <trkpt lat="39.617334" lon="-78.231049"></trkpt>
      <trkpt lat="39.617212" lon="-78.231082"></trkpt>
      <trkpt lat="39.617016" lon="-78.231133"></trkpt>
      <trkpt lat="39.616946" lon="-78.231151"></trkpt>
      <trkpt lat="39.616745" lon="-78.231219"></trkpt>
      <trkpt lat="39.616426" lon="-78.231362"></trkpt>
      <trkpt lat="39.616291" lon="-78.231444"></trkpt>
      <trkpt lat="39.616133" lon="-78.231547"></trkpt>
      <trkpt lat="39.616063" lon="-78.231593"></trkpt>
      <trkpt lat="39.615718" lon="-78.231818"></trkpt>
      <trkpt lat="39.615689" lon="-78.231836"></trkpt>
      <trkpt lat="39.615233" lon="-78.232153"></trkpt>
      <trkpt lat="39.614974" lon="-78.232332"></trkpt>
      <trkpt lat="39.614728" lon="-78.232503"></trkpt>
      <trkpt lat="39.614194" lon="-78.232922"></trkpt>
      <trkpt lat="39.614096" lon="-78.233008"></trkpt>
      <trkpt lat="39.613866" lon="-78.233209"></trkpt>
      <trkpt lat="39.613687" lon="-78.233369"></trkpt>
      <trkpt lat="39.613518" lon="-78.233538"></trkpt>
      <trkpt lat="39.613478" lon="-78.233584"></trkpt>
      <trkpt lat="39.613356" lon="-78.233725"></trkpt>
      <trkpt lat="39.612946" lon="-78.234195"></trkpt>
      <trkpt lat="39.611724" lon="-78.235545"></trkpt>
      <trkpt lat="39.611279" lon="-78.236033"></trkpt>
      <trkpt lat="39.611149" lon="-78.236169"></trkpt>
      <trkpt lat="39.611028" lon="-78.236281"></trkpt>
      <trkpt lat="39.610890" lon="-78.236388"></trkpt>
      <trkpt lat="39.610731" lon="-78.236500"></trkpt>
      <trkpt lat="39.610592" lon="-78.236588"></trkpt>
      <trkpt lat="39.610417" lon="-78.236679"></trkpt>
      <trkpt lat="39.610267" lon="-78.236739"></trkpt>
      <trkpt lat="39.610108" lon="-78.236796"></trkpt>
      <trkpt lat="39.609828" lon="-78.236872"></trkpt>
      <trkpt lat="39.609700" lon="-78.236907"></trkpt>
      <trkpt lat="39.609608" lon="-78.236930"></trkpt>
      <trkpt lat="39.609529" lon="-78.236949"></trkpt>
      <trkpt lat="39.609039" lon="-78.237068"></trkpt>
      <trkpt lat="39.608726" lon="-78.237141"></trkpt>
      <trkpt lat="39.607012" lon="-78.237581"></trkpt>
      <trkpt lat="39.606749" lon="-78.237659"></trkpt>
      <trkpt lat="39.606516" lon="-78.237747"></trkpt>
      <trkpt lat="39.606362" lon="-78.237809"></trkpt>
      <trkpt lat="39.606172" lon="-78.237896"></trkpt>
      <trkpt lat="39.605453" lon="-78.238274"></trkpt>
      <trkpt lat="39.605154" lon="-78.238456"></trkpt>
      <trkpt lat="39.605087" lon="-78.238495"></trkpt>
      <trkpt lat="39.604605" lon="-78.238777"></trkpt>
      <trkpt lat="39.604548" lon="-78.238810"></trkpt>
      <trkpt lat="39.604218" lon="-78.239004"></trkpt>
      <trkpt lat="39.604007" lon="-78.239124"></trkpt>
      <trkpt lat="39.603701" lon="-78.239310"></trkpt>
      <trkpt lat="39.603263" lon="-78.239576"></trkpt>
      <trkpt lat="39.603206" lon="-78.239611"></trkpt>
      <trkpt lat="39.602821" lon="-78.239858"></trkpt>
      <trkpt lat="39.602569" lon="-78.239999"></trkpt>
      <trkpt lat="39.602561" lon="-78.240003"></trkpt>
      <trkpt lat="39.602017" lon="-78.240334"></trkpt>
      <trkpt lat="39.601815" lon="-78.240451"></trkpt>
      <trkpt lat="39.601032" lon="-78.240905"></trkpt>
      <trkpt lat="39.600062" lon="-78.241480"></trkpt>
      <trkpt lat="39.600043" lon="-78.241491"></trkpt>
      <trkpt lat="39.599446" lon="-78.241837"></trkpt>
      <trkpt lat="39.598573" lon="-78.242377"></trkpt>
      <trkpt lat="39.598468" lon="-78.242441"></trkpt>
      <trkpt lat="39.598050" lon="-78.242692"></trkpt>
      <trkpt lat="39.597459" lon="-78.243035"></trkpt>
      <trkpt lat="39.596818" lon="-78.243415"></trkpt>
      <trkpt lat="39.596457" lon="-78.243629"></trkpt>
      <trkpt lat="39.595298" lon="-78.244317"></trkpt>
      <trkpt lat="39.595208" lon="-78.244400"></trkpt>
      <trkpt lat="39.595123" lon="-78.244504"></trkpt>
      <trkpt lat="39.595055" lon="-78.244621"></trkpt>
      <trkpt lat="39.595026" lon="-78.244724"></trkpt>
      <trkpt lat="39.595004" lon="-78.244805"></trkpt>
      <trkpt lat="39.594957" lon="-78.244889"></trkpt>
      <trkpt lat="39.594885" lon="-78.244963"></trkpt>
      <trkpt lat="39.594797" lon="-78.244992"></trkpt>
      <trkpt lat="39.594703" lon="-78.244990"></trkpt>
      <trkpt lat="39.594638" lon="-78.244963"></trkpt>
      <trkpt lat="39.594538" lon="-78.244962"></trkpt>
      <trkpt lat="39.594430" lon="-78.244958"></trkpt>
      <trkpt lat="39.594325" lon="-78.244975"></trkpt>
      <trkpt lat="39.594239" lon="-78.245011"></trkpt>
      <trkpt lat="39.594142" lon="-78.245024"></trkpt>
      <trkpt lat="39.593770" lon="-78.245223"></trkpt>
      <trkpt lat="39.593391" lon="-78.245447"></trkpt>
      <trkpt lat="39.593176" lon="-78.245575"></trkpt>
      <trkpt lat="39.592486" lon="-78.245983"></trkpt>
      <trkpt lat="39.590734" lon="-78.247023"></trkpt>
      <trkpt lat="39.590076" lon="-78.247412"></trkpt>
      <trkpt lat="39.588996" lon="-78.248052"></trkpt>
      <trkpt lat="39.588573" lon="-78.248303"></trkpt>
      <trkpt lat="39.586864" lon="-78.249317"></trkpt>
      <trkpt lat="39.585835" lon="-78.249927"></trkpt>
      <trkpt lat="39.584777" lon="-78.250554"></trkpt>
      <trkpt lat="39.583803" lon="-78.251131"></trkpt>
      <trkpt lat="39.582282" lon="-78.252036"></trkpt>
      <trkpt lat="39.580781" lon="-78.252919"></trkpt>
      <trkpt lat="39.580619" lon="-78.253019"></trkpt>
      <trkpt lat="39.579982" lon="-78.253396"></trkpt>
      <trkpt lat="39.579733" lon="-78.253545"></trkpt>
      <trkpt lat="39.579163" lon="-78.253885"></trkpt>
      <trkpt lat="39.578093" lon="-78.254523"></trkpt>
      <trkpt lat="39.577418" lon="-78.254926"></trkpt>
      <trkpt lat="39.577386" lon="-78.254945"></trkpt>
      <trkpt lat="39.576649" lon="-78.255385"></trkpt>
      <trkpt lat="39.576277" lon="-78.255607"></trkpt>
      <trkpt lat="39.575188" lon="-78.256245"></trkpt>
      <trkpt lat="39.574122" lon="-78.256889"></trkpt>
      <trkpt lat="39.574088" lon="-78.256909"></trkpt>
      <trkpt lat="39.570185" lon="-78.259185"></trkpt>
      <trkpt lat="39.569895" lon="-78.259358"></trkpt>
      <trkpt lat="39.569737" lon="-78.259453"></trkpt>
      <trkpt lat="39.566076" lon="-78.261641"></trkpt>
      <trkpt lat="39.565875" lon="-78.261760"></trkpt>
      <trkpt lat="39.565383" lon="-78.262052"></trkpt>
      <trkpt lat="39.565203" lon="-78.262173"></trkpt>
      <trkpt lat="39.565122" lon="-78.262228"></trkpt>
      <trkpt lat="39.564904" lon="-78.262353"></trkpt>
      <trkpt lat="39.564489" lon="-78.262592"></trkpt>
      <trkpt lat="39.563817" lon="-78.262986"></trkpt>
      <trkpt lat="39.562475" lon="-78.263771"></trkpt>
      <trkpt lat="39.561689" lon="-78.264236"></trkpt>
      <trkpt lat="39.561252" lon="-78.264494"></trkpt>
      <trkpt lat="39.560713" lon="-78.264814"></trkpt>
      <trkpt lat="39.560328" lon="-78.265046"></trkpt>
      <trkpt lat="39.559688" lon="-78.265432"></trkpt>
      <trkpt lat="39.558739" lon="-78.265927"></trkpt>
      <trkpt lat="39.558498" lon="-78.266038"></trkpt>
      <trkpt lat="39.558287" lon="-78.266136"></trkpt>
      <trkpt lat="39.557615" lon="-78.266390"></trkpt>
      <trkpt lat="39.557182" lon="-78.266541"></trkpt>
      <trkpt lat="39.556661" lon="-78.266724"></trkpt>
      <trkpt lat="39.556602" lon="-78.266745"></trkpt>
      <trkpt lat="39.555835" lon="-78.267013"></trkpt>
      <trkpt lat="39.555388" lon="-78.267170"></trkpt>
      <trkpt lat="39.554697" lon="-78.267412"></trkpt>
      <trkpt lat="39.554079" lon="-78.267631"></trkpt>
      <trkpt lat="39.553848" lon="-78.267712"></trkpt>
      <trkpt lat="39.553381" lon="-78.267883"></trkpt>
      <trkpt lat="39.553032" lon="-78.268010"></trkpt>
      <trkpt lat="39.552655" lon="-78.268148"></trkpt>
      <trkpt lat="39.552374" lon="-78.268250"></trkpt>
      <trkpt lat="39.551975" lon="-78.268396"></trkpt>
      <trkpt lat="39.549665" lon="-78.269223"></trkpt>
      <trkpt lat="39.549007" lon="-78.269441"></trkpt>
      <trkpt lat="39.547982" lon="-78.269803"></trkpt>
      <trkpt lat="39.547663" lon="-78.269915"></trkpt>
      <trkpt lat="39.547314" lon="-78.270037"></trkpt>
      <trkpt lat="39.546807" lon="-78.270239"></trkpt>
      <trkpt lat="39.546395" lon="-78.270398"></trkpt>
      <trkpt lat="39.546171" lon="-78.270484"></trkpt>
      <trkpt lat="39.546001" lon="-78.270565"></trkpt>
      <trkpt lat="39.545752" lon="-78.270683"></trkpt>
      <trkpt lat="39.545739" lon="-78.270689"></trkpt>
      <trkpt lat="39.545322" lon="-78.270886"></trkpt>
      <trkpt lat="39.545039" lon="-78.271020"></trkpt>
      <trkpt lat="39.544962" lon="-78.271057"></trkpt>
      <trkpt lat="39.544774" lon="-78.271147"></trkpt>
      <trkpt lat="39.543832" lon="-78.271603"></trkpt>
      <trkpt lat="39.543595" lon="-78.271717"></trkpt>
      <trkpt lat="39.543531" lon="-78.271748"></trkpt>
      <trkpt lat="39.543182" lon="-78.271917"></trkpt>
      <trkpt lat="39.543069" lon="-78.271972"></trkpt>
      <trkpt lat="39.542829" lon="-78.272088"></trkpt>
      <trkpt lat="39.542462" lon="-78.272265"></trkpt>
      <trkpt lat="39.541809" lon="-78.272591"></trkpt>
      <trkpt lat="39.541367" lon="-78.272812"></trkpt>
      <trkpt lat="39.541046" lon="-78.272962"></trkpt>
      <trkpt lat="39.538584" lon="-78.274164"></trkpt>
      <trkpt lat="39.537444" lon="-78.274720"></trkpt>
      <trkpt lat="39.536349" lon="-78.275255"></trkpt>
      <trkpt lat="39.536228" lon="-78.275313"></trkpt>
      <trkpt lat="39.535837" lon="-78.275489"></trkpt>
      <trkpt lat="39.535363" lon="-78.275719"></trkpt>
      <trkpt lat="39.533842" lon="-78.276460"></trkpt>
      <trkpt lat="39.533240" lon="-78.276746"></trkpt>
      <trkpt lat="39.530276" lon="-78.278160"></trkpt>
      <trkpt lat="39.529856" lon="-78.278364"></trkpt>
      <trkpt lat="39.527953" lon="-78.279289"></trkpt>
      <trkpt lat="39.527344" lon="-78.279584"></trkpt>
      <trkpt lat="39.526952" lon="-78.279774"></trkpt>
      <trkpt lat="39.526551" lon="-78.279966"></trkpt>
      <trkpt lat="39.526334" lon="-78.280069"></trkpt>
      <trkpt lat="39.526152" lon="-78.280159"></trkpt>
      <trkpt lat="39.525733" lon="-78.280358"></trkpt>
      <trkpt lat="39.525367" lon="-78.280533"></trkpt>
      <trkpt lat="39.525047" lon="-78.280684"></trkpt>
      <trkpt lat="39.524884" lon="-78.280764"></trkpt>
      <trkpt lat="39.524499" lon="-78.280953"></trkpt>
      <trkpt lat="39.523604" lon="-78.281386"></trkpt>
      <trkpt lat="39.522706" lon="-78.281816"></trkpt>
      <trkpt lat="39.522592" lon="-78.281872"></trkpt>
      <trkpt lat="39.521635" lon="-78.282336"></trkpt>
      <trkpt lat="39.521422" lon="-78.282440"></trkpt>
      <trkpt lat="39.521275" lon="-78.282511"></trkpt>
      <trkpt lat="39.521008" lon="-78.282642"></trkpt>
      <trkpt lat="39.520764" lon="-78.282761"></trkpt>
      <trkpt lat="39.519761" lon="-78.283240"></trkpt>
      <trkpt lat="39.519279" lon="-78.283472"></trkpt>
      <trkpt lat="39.518820" lon="-78.283694"></trkpt>
      <trkpt lat="39.518244" lon="-78.283972"></trkpt>
      <trkpt lat="39.517731" lon="-78.284224"></trkpt>
      <trkpt lat="39.516660" lon="-78.284743"></trkpt>
      <trkpt lat="39.516619" lon="-78.284763"></trkpt>
      <trkpt lat="39.516567" lon="-78.284788"></trkpt>
      <trkpt lat="39.515619" lon="-78.285251"></trkpt>
      <trkpt lat="39.514486" lon="-78.285788"></trkpt>
      <trkpt lat="39.513164" lon="-78.286432"></trkpt>
      <trkpt lat="39.511837" lon="-78.287069"></trkpt>
      <trkpt lat="39.510290" lon="-78.287824"></trkpt>
      <trkpt lat="39.510130" lon="-78.287901"></trkpt>
      <trkpt lat="39.509219" lon="-78.288342"></trkpt>
      <trkpt lat="39.508465" lon="-78.288704"></trkpt>
      <trkpt lat="39.507717" lon="-78.289063"></trkpt>
      <trkpt lat="39.507133" lon="-78.289342"></trkpt>
      <trkpt lat="39.506853" lon="-78.289477"></trkpt>
      <trkpt lat="39.506817" lon="-78.289494"></trkpt>
      <trkpt lat="39.506413" lon="-78.289690"></trkpt>
      <trkpt lat="39.506203" lon="-78.289791"></trkpt>
      <trkpt lat="39.505597" lon="-78.290082"></trkpt>
      <trkpt lat="39.505564" lon="-78.290098"></trkpt>
      <trkpt lat="39.505033" lon="-78.290355"></trkpt>
      <trkpt lat="39.504614" lon="-78.290559"></trkpt>
      <trkpt lat="39.504040" lon="-78.290837"></trkpt>
      <trkpt lat="39.502575" lon="-78.291544"></trkpt>
      <trkpt lat="39.501615" lon="-78.292013"></trkpt>
      <trkpt lat="39.500999" lon="-78.292308"></trkpt>
      <trkpt lat="39.500244" lon="-78.292666"></trkpt>
      <trkpt lat="39.500046" lon="-78.292762"></trkpt>
      <trkpt lat="39.499738" lon="-78.292908"></trkpt>
      <trkpt lat="39.499132" lon="-78.293209"></trkpt>
      <trkpt lat="39.498815" lon="-78.293361"></trkpt>
      <trkpt lat="39.498108" lon="-78.293700"></trkpt>
      <trkpt lat="39.495631" lon="-78.294895"></trkpt>
      <trkpt lat="39.495339" lon="-78.295036"></trkpt>
      <trkpt lat="39.494845" lon="-78.295276"></trkpt>
      <trkpt lat="39.494529" lon="-78.295430"></trkpt>
      <trkpt lat="39.494238" lon="-78.295572"></trkpt>
      <trkpt lat="39.494215" lon="-78.295582"></trkpt>
      <trkpt lat="39.493463" lon="-78.295939"></trkpt>
      <trkpt lat="39.493307" lon="-78.296014"></trkpt>
      <trkpt lat="39.493000" lon="-78.296164"></trkpt>
      <trkpt lat="39.492875" lon="-78.296225"></trkpt>
      <trkpt lat="39.491029" lon="-78.297128"></trkpt>
      <trkpt lat="39.490815" lon="-78.297232"></trkpt>
      <trkpt lat="39.490566" lon="-78.297354"></trkpt>
      <trkpt lat="39.489672" lon="-78.297791"></trkpt>
      <trkpt lat="39.489479" lon="-78.297882"></trkpt>
      <trkpt lat="39.488460" lon="-78.298361"></trkpt>
      <trkpt lat="39.488440" lon="-78.298371"></trkpt>
      <trkpt lat="39.487698" lon="-78.298736"></trkpt>
      <trkpt lat="39.487289" lon="-78.298937"></trkpt>
      <trkpt lat="39.484605" lon="-78.300201"></trkpt>
      <trkpt lat="39.482162" lon="-78.301374"></trkpt>
      <trkpt lat="39.478951" lon="-78.302976"></trkpt>
      <trkpt lat="39.476651" lon="-78.304047"></trkpt>
      <trkpt lat="39.475599" lon="-78.304551"></trkpt>
      <trkpt lat="39.475351" lon="-78.304658"></trkpt>
      <trkpt lat="39.475327" lon="-78.304668"></trkpt>
      <trkpt lat="39.474498" lon="-78.305051"></trkpt>
      <trkpt lat="39.474073" lon="-78.305247"></trkpt>
      <trkpt lat="39.472493" lon="-78.306060"></trkpt>
      <trkpt lat="39.472301" lon="-78.306177"></trkpt>
      <trkpt lat="39.472277" lon="-78.306192"></trkpt>
      <trkpt lat="39.471349" lon="-78.306760"></trkpt>
      <trkpt lat="39.470674" lon="-78.307173"></trkpt>
      <trkpt lat="39.469898" lon="-78.307648"></trkpt>
      <trkpt lat="39.469840" lon="-78.307683"></trkpt>
      <trkpt lat="39.466311" lon="-78.310104"></trkpt>
      <trkpt lat="39.465422" lon="-78.310690"></trkpt>
      <trkpt lat="39.464677" lon="-78.311181"></trkpt>
      <trkpt lat="39.464664" lon="-78.311190"></trkpt>
      <trkpt lat="39.464664" lon="-78.311190"></trkpt>
      <trkpt lat="39.463686" lon="-78.311829"></trkpt>
      <trkpt lat="39.463596" lon="-78.311889"></trkpt>
      <trkpt lat="39.463447" lon="-78.311981"></trkpt>
      <trkpt lat="39.463364" lon="-78.312032"></trkpt>
      <trkpt lat="39.463250" lon="-78.312098"></trkpt>
      <trkpt lat="39.463178" lon="-78.312129"></trkpt>
      <trkpt lat="39.463068" lon="-78.312175"></trkpt>
      <trkpt lat="39.462939" lon="-78.312216"></trkpt>
      <trkpt lat="39.462808" lon="-78.312239"></trkpt>
      <trkpt lat="39.462678" lon="-78.312247"></trkpt>
      <trkpt lat="39.462564" lon="-78.312249"></trkpt>
      <trkpt lat="39.462472" lon="-78.311849"></trkpt>
      <trkpt lat="39.462452" lon="-78.311763"></trkpt>
      <trkpt lat="39.462318" lon="-78.311181"></trkpt>
      <trkpt lat="39.462305" lon="-78.311124"></trkpt>
      <trkpt lat="39.462036" lon="-78.309185"></trkpt>
      <trkpt lat="39.462000" lon="-78.308889"></trkpt>
      <trkpt lat="39.461945" lon="-78.308659"></trkpt>
      <trkpt lat="39.461864" lon="-78.308418"></trkpt>
      <trkpt lat="39.461723" lon="-78.308064"></trkpt>
      <trkpt lat="39.461599" lon="-78.307716"></trkpt>
      <trkpt lat="39.461537" lon="-78.307478"></trkpt>
      <trkpt lat="39.461456" lon="-78.307127"></trkpt>
      <trkpt lat="39.461399" lon="-78.306944"></trkpt>
      <trkpt lat="39.461347" lon="-78.306830"></trkpt>
      <trkpt lat="39.461279" lon="-78.306750"></trkpt>
      <trkpt lat="39.461235" lon="-78.306710"></trkpt>
      <trkpt lat="39.461152" lon="-78.306664"></trkpt>
      <trkpt lat="39.461074" lon="-78.306651"></trkpt>
      <trkpt lat="39.460999" lon="-78.306653"></trkpt>
      <trkpt lat="39.460916" lon="-78.306702"></trkpt>
      <trkpt lat="39.460794" lon="-78.306792"></trkpt>
      <trkpt lat="39.460712" lon="-78.306828"></trkpt>
      <trkpt lat="39.460641" lon="-78.306853"></trkpt>
      <trkpt lat="39.460525" lon="-78.306849"></trkpt>
      <trkpt lat="39.460440" lon="-78.306816"></trkpt>
      <trkpt lat="39.460337" lon="-78.306760"></trkpt>
      <trkpt lat="39.460218" lon="-78.306638"></trkpt>
      <trkpt lat="39.460091" lon="-78.306416"></trkpt>
      <trkpt lat="39.460054" lon="-78.306240"></trkpt>
      <trkpt lat="39.460036" lon="-78.306093"></trkpt>
      <trkpt lat="39.460051" lon="-78.305478"></trkpt>
      <trkpt lat="39.460077" lon="-78.305059"></trkpt>
      <trkpt lat="39.460118" lon="-78.304598"></trkpt>
      <trkpt lat="39.460207" lon="-78.303978"></trkpt>
      <trkpt lat="39.460248" lon="-78.303605"></trkpt>
      <trkpt lat="39.460265" lon="-78.303266"></trkpt>
      <trkpt lat="39.460251" lon="-78.302934"></trkpt>
      <trkpt lat="39.460239" lon="-78.302728"></trkpt>
      <trkpt lat="39.460189" lon="-78.302434"></trkpt>
      <trkpt lat="39.460160" lon="-78.302209"></trkpt>
      <trkpt lat="39.460088" lon="-78.301975"></trkpt>
      <trkpt lat="39.460001" lon="-78.301709"></trkpt>
      <trkpt lat="39.459890" lon="-78.301509"></trkpt>
      <trkpt lat="39.459778" lon="-78.301342"></trkpt>
      <trkpt lat="39.459609" lon="-78.301163"></trkpt>
      <trkpt lat="39.459379" lon="-78.300943"></trkpt>
      <trkpt lat="39.459136" lon="-78.300745"></trkpt>
      <trkpt lat="39.458321" lon="-78.300198"></trkpt>
      <trkpt lat="39.457951" lon="-78.299933"></trkpt>
      <trkpt lat="39.457581" lon="-78.299579"></trkpt>
      <trkpt lat="39.457363" lon="-78.299336"></trkpt>
      <trkpt lat="39.457286" lon="-78.299218"></trkpt>
      <trkpt lat="39.457230" lon="-78.299128"></trkpt>
      <trkpt lat="39.457114" lon="-78.298899"></trkpt>
      <trkpt lat="39.457042" lon="-78.298682"></trkpt>
      <trkpt lat="39.457009" lon="-78.298515"></trkpt>
      <trkpt lat="39.456993" lon="-78.298353"></trkpt>
      <trkpt lat="39.456999" lon="-78.298171"></trkpt>
      <trkpt lat="39.457013" lon="-78.297904"></trkpt>
      <trkpt lat="39.457031" lon="-78.297633"></trkpt>
      <trkpt lat="39.457021" lon="-78.297455"></trkpt>
      <trkpt lat="39.457002" lon="-78.297351"></trkpt>
      <trkpt lat="39.456954" lon="-78.297200"></trkpt>
      <trkpt lat="39.456863" lon="-78.297003"></trkpt>
      <trkpt lat="39.456722" lon="-78.296724"></trkpt>
      <trkpt lat="39.456609" lon="-78.296505"></trkpt>
      <trkpt lat="39.456515" lon="-78.296331"></trkpt>
      <trkpt lat="39.456374" lon="-78.296118"></trkpt>
      <trkpt lat="39.456326" lon="-78.296067"></trkpt>
      <trkpt lat="39.456303" lon="-78.296041"></trkpt>
      <trkpt lat="39.456255" lon="-78.296014"></trkpt>
      <trkpt lat="39.456213" lon="-78.296000"></trkpt>
      <trkpt lat="39.456150" lon="-78.295998"></trkpt>
      <trkpt lat="39.456019" lon="-78.296015"></trkpt>
      <trkpt lat="39.455787" lon="-78.296035"></trkpt>
      <trkpt lat="39.455489" lon="-78.296024"></trkpt>
      <trkpt lat="39.455381" lon="-78.296002"></trkpt>
      <trkpt lat="39.455307" lon="-78.295937"></trkpt>
      <trkpt lat="39.455249" lon="-78.295849"></trkpt>
      <trkpt lat="39.454904" lon="-78.294655"></trkpt>
      <trkpt lat="39.454610" lon="-78.293527"></trkpt>
      <trkpt lat="39.454332" lon="-78.292660"></trkpt>
      <trkpt lat="39.453758" lon="-78.290949"></trkpt>
      <trkpt lat="39.453625" lon="-78.290472"></trkpt>
      <trkpt lat="39.453553" lon="-78.290235"></trkpt>
      <trkpt lat="39.453476" lon="-78.290014"></trkpt>
      <trkpt lat="39.453208" lon="-78.289520"></trkpt>
      <trkpt lat="39.452578" lon="-78.288626"></trkpt>
      <trkpt lat="39.452182" lon="-78.288143"></trkpt>
      <trkpt lat="39.451686" lon="-78.287579"></trkpt>
      <trkpt lat="39.451433" lon="-78.287212"></trkpt>
      <trkpt lat="39.451044" lon="-78.286681"></trkpt>
      <trkpt lat="39.450805" lon="-78.286326"></trkpt>
      <trkpt lat="39.450567" lon="-78.285974"></trkpt>
      <trkpt lat="39.450324" lon="-78.285539"></trkpt>
      <trkpt lat="39.450262" lon="-78.285367"></trkpt>
      <trkpt lat="39.450138" lon="-78.285024"></trkpt>
      <trkpt lat="39.449972" lon="-78.284272"></trkpt>
      <trkpt lat="39.449922" lon="-78.283859"></trkpt>
      <trkpt lat="39.449894" lon="-78.283515"></trkpt>
      <trkpt lat="39.449899" lon="-78.283127"></trkpt>
      <trkpt lat="39.450007" lon="-78.282334"></trkpt>
      <trkpt lat="39.450089" lon="-78.281899"></trkpt>
      <trkpt lat="39.450143" lon="-78.281676"></trkpt>
      <trkpt lat="39.449848" lon="-78.281541"></trkpt>
      <trkpt lat="39.449666" lon="-78.281486"></trkpt>
      <trkpt lat="39.449473" lon="-78.281463"></trkpt>
      <trkpt lat="39.449279" lon="-78.281484"></trkpt>
      <trkpt lat="39.449109" lon="-78.281554"></trkpt>
      <trkpt lat="39.448811" lon="-78.281757"></trkpt>
      <trkpt lat="39.448302" lon="-78.282192"></trkpt>
      <trkpt lat="39.448043" lon="-78.282350"></trkpt>
      <trkpt lat="39.447615" lon="-78.282548"></trkpt>
      <trkpt lat="39.447351" lon="-78.282640"></trkpt>
      <trkpt lat="39.446978" lon="-78.282706"></trkpt>
      <trkpt lat="39.446311" lon="-78.282747"></trkpt>
      <trkpt lat="39.446038" lon="-78.282764"></trkpt>
      <trkpt lat="39.445425" lon="-78.282811"></trkpt>
      <trkpt lat="39.444748" lon="-78.282927"></trkpt>
      <trkpt lat="39.444403" lon="-78.283007"></trkpt>
      <trkpt lat="39.444335" lon="-78.282979"></trkpt>
      <trkpt lat="39.444301" lon="-78.282946"></trkpt>
      <trkpt lat="39.444275" lon="-78.282876"></trkpt>
      <trkpt lat="39.444270" lon="-78.282746"></trkpt>
      <trkpt lat="39.444484" lon="-78.282383"></trkpt>
      <trkpt lat="39.444751" lon="-78.281992"></trkpt>
      <trkpt lat="39.444908" lon="-78.281729"></trkpt>
      <trkpt lat="39.445040" lon="-78.281351"></trkpt>
      <trkpt lat="39.445197" lon="-78.280823"></trkpt>
      <trkpt lat="39.445319" lon="-78.280473"></trkpt>
      <trkpt lat="39.445408" lon="-78.280259"></trkpt>
      <trkpt lat="39.445437" lon="-78.280133"></trkpt>
      <trkpt lat="39.445426" lon="-78.279980"></trkpt>
      <trkpt lat="39.445372" lon="-78.279821"></trkpt>
      <trkpt lat="39.445262" lon="-78.279628"></trkpt>
      <trkpt lat="39.445212" lon="-78.279498"></trkpt>
      <trkpt lat="39.445204" lon="-78.279381"></trkpt>
      <trkpt lat="39.445223" lon="-78.279210"></trkpt>
      <trkpt lat="39.445294" lon="-78.278997"></trkpt>
      <trkpt lat="39.445354" lon="-78.278787"></trkpt>
      <trkpt lat="39.445375" lon="-78.278635"></trkpt>
      <trkpt lat="39.445359" lon="-78.278443"></trkpt>
      <trkpt lat="39.445344" lon="-78.278284"></trkpt>
      <trkpt lat="39.445350" lon="-78.278156"></trkpt>
      <trkpt lat="39.445373" lon="-78.278063"></trkpt>
      <trkpt lat="39.445418" lon="-78.277977"></trkpt>
      <trkpt lat="39.445493" lon="-78.277878"></trkpt>
      <trkpt lat="39.445678" lon="-78.277733"></trkpt>
      <trkpt lat="39.445795" lon="-78.277624"></trkpt>
      <trkpt lat="39.445871" lon="-78.277459"></trkpt>
      <trkpt lat="39.445892" lon="-78.277311"></trkpt>
      <trkpt lat="39.445880" lon="-78.276802"></trkpt>
      <trkpt lat="39.445844" lon="-78.276355"></trkpt>
      <trkpt lat="39.445766" lon="-78.275876"></trkpt>
      <trkpt lat="39.445723" lon="-78.275559"></trkpt>
      <trkpt lat="39.445700" lon="-78.275205"></trkpt>
      <trkpt lat="39.445663" lon="-78.274975"></trkpt>
      <trkpt lat="39.445615" lon="-78.274777"></trkpt>
      <trkpt lat="39.445592" lon="-78.274618"></trkpt>
      <trkpt lat="39.445593" lon="-78.274396"></trkpt>
      <trkpt lat="39.445644" lon="-78.274057"></trkpt>
      <trkpt lat="39.445667" lon="-78.273752"></trkpt>
      <trkpt lat="39.445659" lon="-78.273517"></trkpt>
      <trkpt lat="39.445631" lon="-78.273259"></trkpt>
      <trkpt lat="39.445636" lon="-78.273047"></trkpt>
      <trkpt lat="39.445679" lon="-78.272799"></trkpt>
      <trkpt lat="39.445770" lon="-78.272447"></trkpt>
      <trkpt lat="39.445933" lon="-78.272032"></trkpt>
      <trkpt lat="39.446284" lon="-78.271383"></trkpt>
      <trkpt lat="39.446620" lon="-78.270697"></trkpt>
      <trkpt lat="39.446630" lon="-78.270679"></trkpt>
      <trkpt lat="39.446852" lon="-78.270273"></trkpt>
      <trkpt lat="39.447244" lon="-78.269737"></trkpt>
      <trkpt lat="39.447504" lon="-78.269371"></trkpt>
      <trkpt lat="39.447763" lon="-78.268971"></trkpt>
      <trkpt lat="39.447882" lon="-78.268763"></trkpt>
      <trkpt lat="39.447975" lon="-78.268557"></trkpt>
      <trkpt lat="39.448007" lon="-78.268389"></trkpt>
      <trkpt lat="39.448003" lon="-78.268165"></trkpt>
      <trkpt lat="39.447980" lon="-78.267991"></trkpt>
      <trkpt lat="39.447963" lon="-78.267926"></trkpt>
      <trkpt lat="39.447892" lon="-78.267682"></trkpt>
      <trkpt lat="39.447864" lon="-78.267586"></trkpt>
      <trkpt lat="39.447776" lon="-78.267397"></trkpt>
      <trkpt lat="39.447710" lon="-78.267284"></trkpt>
      <trkpt lat="39.447594" lon="-78.267145"></trkpt>
      <trkpt lat="39.447388" lon="-78.266958"></trkpt>
      <trkpt lat="39.447079" lon="-78.266661"></trkpt>
      <trkpt lat="39.446826" lon="-78.266341"></trkpt>
      <trkpt lat="39.446533" lon="-78.265886"></trkpt>
      <trkpt lat="39.445905" lon="-78.264764"></trkpt>
      <trkpt lat="39.445699" lon="-78.264497"></trkpt>
      <trkpt lat="39.445498" lon="-78.264313"></trkpt>
      <trkpt lat="39.445159" lon="-78.264105"></trkpt>
      <trkpt lat="39.444048" lon="-78.263568"></trkpt>
      <trkpt lat="39.443537" lon="-78.263335"></trkpt>
      <trkpt lat="39.443118" lon="-78.263208"></trkpt>
      <trkpt lat="39.442968" lon="-78.263154"></trkpt>
      <trkpt lat="39.442866" lon="-78.263070"></trkpt>
      <trkpt lat="39.442736" lon="-78.262880"></trkpt>
      <trkpt lat="39.442409" lon="-78.262248"></trkpt>
      <trkpt lat="39.442136" lon="-78.261676"></trkpt>
      <trkpt lat="39.441990" lon="-78.261303"></trkpt>
      <trkpt lat="39.441872" lon="-78.260975"></trkpt>
      <trkpt lat="39.441717" lon="-78.260693"></trkpt>
      <trkpt lat="39.441477" lon="-78.260384"></trkpt>
      <trkpt lat="39.440678" lon="-78.259498"></trkpt>
      <trkpt lat="39.439743" lon="-78.258522"></trkpt>
      <trkpt lat="39.439120" lon="-78.257782"></trkpt>
      <trkpt lat="39.438684" lon="-78.257204"></trkpt>
      <trkpt lat="39.437516" lon="-78.255556"></trkpt>
      <trkpt lat="39.437075" lon="-78.254850"></trkpt>
      <trkpt lat="39.436578" lon="-78.254149"></trkpt>
      <trkpt lat="39.436401" lon="-78.253887"></trkpt>
      <trkpt lat="39.436089" lon="-78.253427"></trkpt>
      <trkpt lat="39.436065" lon="-78.253385"></trkpt>
      <trkpt lat="39.435985" lon="-78.253243"></trkpt>
      <trkpt lat="39.435938" lon="-78.253070"></trkpt>
      <trkpt lat="39.435930" lon="-78.252909"></trkpt>
      <trkpt lat="39.435967" lon="-78.252676"></trkpt>
      <trkpt lat="39.436006" lon="-78.252511"></trkpt>
      <trkpt lat="39.436070" lon="-78.252350"></trkpt>
      <trkpt lat="39.436142" lon="-78.252237"></trkpt>
      <trkpt lat="39.436246" lon="-78.252135"></trkpt>
      <trkpt lat="39.436387" lon="-78.252020"></trkpt>
      <trkpt lat="39.437166" lon="-78.251504"></trkpt>
      <trkpt lat="39.437366" lon="-78.251355"></trkpt>
      <trkpt lat="39.437564" lon="-78.251188"></trkpt>
      <trkpt lat="39.437681" lon="-78.251056"></trkpt>
      <trkpt lat="39.437827" lon="-78.250849"></trkpt>
      <trkpt lat="39.438226" lon="-78.250279"></trkpt>
      <trkpt lat="39.438335" lon="-78.250075"></trkpt>
      <trkpt lat="39.438419" lon="-78.249833"></trkpt>
      <trkpt lat="39.438464" lon="-78.249548"></trkpt>
      <trkpt lat="39.438514" lon="-78.248859"></trkpt>
      <trkpt lat="39.438568" lon="-78.248175"></trkpt>
      <trkpt lat="39.438684" lon="-78.246949"></trkpt>
      <trkpt lat="39.438756" lon="-78.246163"></trkpt>
      <trkpt lat="39.438821" lon="-78.245486"></trkpt>
      <trkpt lat="39.438835" lon="-78.245348"></trkpt>
      <trkpt lat="39.438877" lon="-78.244979"></trkpt>
      <trkpt lat="39.438916" lon="-78.244793"></trkpt>
      <trkpt lat="39.438979" lon="-78.244609"></trkpt>
      <trkpt lat="39.439069" lon="-78.244432"></trkpt>
      <trkpt lat="39.439173" lon="-78.244252"></trkpt>
      <trkpt lat="39.439397" lon="-78.243897"></trkpt>
      <trkpt lat="39.439643" lon="-78.243538"></trkpt>
      <trkpt lat="39.439877" lon="-78.243234"></trkpt>
      <trkpt lat="39.440103" lon="-78.242935"></trkpt>
      <trkpt lat="39.440283" lon="-78.242693"></trkpt>
      <trkpt lat="39.440395" lon="-78.242509"></trkpt>
      <trkpt lat="39.440456" lon="-78.242372"></trkpt>
      <trkpt lat="39.440519" lon="-78.242144"></trkpt>
      <trkpt lat="39.440556" lon="-78.241919"></trkpt>
      <trkpt lat="39.440561" lon="-78.241847"></trkpt>
      <trkpt lat="39.440572" lon="-78.241712"></trkpt>
      <trkpt lat="39.440573" lon="-78.241533"></trkpt>
      <trkpt lat="39.440553" lon="-78.241329"></trkpt>
      <trkpt lat="39.440494" lon="-78.241027"></trkpt>
      <trkpt lat="39.440402" lon="-78.240615"></trkpt>
      <trkpt lat="39.440340" lon="-78.240287"></trkpt>
      <trkpt lat="39.440326" lon="-78.240018"></trkpt>
      <trkpt lat="39.440330" lon="-78.239778"></trkpt>
      <trkpt lat="39.440365" lon="-78.239326"></trkpt>
      <trkpt lat="39.440543" lon="-78.237918"></trkpt>
      <trkpt lat="39.440609" lon="-78.237463"></trkpt>
      <trkpt lat="39.440647" lon="-78.237237"></trkpt>
      <trkpt lat="39.440692" lon="-78.237081"></trkpt>
      <trkpt lat="39.440742" lon="-78.236974"></trkpt>
      <trkpt lat="39.440921" lon="-78.236682"></trkpt>
      <trkpt lat="39.441088" lon="-78.236405"></trkpt>
      <trkpt lat="39.441145" lon="-78.236254"></trkpt>
      <trkpt lat="39.441172" lon="-78.236082"></trkpt>
      <trkpt lat="39.441175" lon="-78.235935"></trkpt>
      <trkpt lat="39.441155" lon="-78.235764"></trkpt>
      <trkpt lat="39.441098" lon="-78.235520"></trkpt>
      <trkpt lat="39.441036" lon="-78.235278"></trkpt>
      <trkpt lat="39.440987" lon="-78.235100"></trkpt>
      <trkpt lat="39.440954" lon="-78.234936"></trkpt>
      <trkpt lat="39.440943" lon="-78.234837"></trkpt>
      <trkpt lat="39.440942" lon="-78.234722"></trkpt>
      <trkpt lat="39.440961" lon="-78.234598"></trkpt>
      <trkpt lat="39.440991" lon="-78.234518"></trkpt>
      <trkpt lat="39.441070" lon="-78.234368"></trkpt>
      <trkpt lat="39.441305" lon="-78.234020"></trkpt>
      <trkpt lat="39.441514" lon="-78.233737"></trkpt>
      <trkpt lat="39.442020" lon="-78.233078"></trkpt>
      <trkpt lat="39.442118" lon="-78.232979"></trkpt>
      <trkpt lat="39.442231" lon="-78.232900"></trkpt>
      <trkpt lat="39.442385" lon="-78.232823"></trkpt>
      <trkpt lat="39.442579" lon="-78.232746"></trkpt>
      <trkpt lat="39.442808" lon="-78.232681"></trkpt>
      <trkpt lat="39.443017" lon="-78.232635"></trkpt>
      <trkpt lat="39.442972" lon="-78.232441"></trkpt>
      <trkpt lat="39.442913" lon="-78.232214"></trkpt>
      <trkpt lat="39.442837" lon="-78.232009"></trkpt>
      <trkpt lat="39.442761" lon="-78.231852"></trkpt>
      <trkpt lat="39.442695" lon="-78.231755"></trkpt>
      <trkpt lat="39.442559" lon="-78.231630"></trkpt>
      <trkpt lat="39.441790" lon="-78.230999"></trkpt>
      <trkpt lat="39.441701" lon="-78.230913"></trkpt>
      <trkpt lat="39.441641" lon="-78.230810"></trkpt>
      <trkpt lat="39.441612" lon="-78.230686"></trkpt>
      <trkpt lat="39.441611" lon="-78.230530"></trkpt>
      <trkpt lat="39.441664" lon="-78.230331"></trkpt>
      <trkpt lat="39.441748" lon="-78.230112"></trkpt>
      <trkpt lat="39.441912" lon="-78.229750"></trkpt>
      <trkpt lat="39.442151" lon="-78.229330"></trkpt>
      <trkpt lat="39.442510" lon="-78.228763"></trkpt>
      <trkpt lat="39.442593" lon="-78.228611"></trkpt>
      <trkpt lat="39.442646" lon="-78.228435"></trkpt>
      <trkpt lat="39.442719" lon="-78.228060"></trkpt>
      <trkpt lat="39.442754" lon="-78.227608"></trkpt>
      <trkpt lat="39.442762" lon="-78.227265"></trkpt>
      <trkpt lat="39.442742" lon="-78.226896"></trkpt>
      <trkpt lat="39.442708" lon="-78.226321"></trkpt>
      <trkpt lat="39.442711" lon="-78.226188"></trkpt>
      <trkpt lat="39.442726" lon="-78.226030"></trkpt>
      <trkpt lat="39.442796" lon="-78.225758"></trkpt>
      <trkpt lat="39.442956" lon="-78.225274"></trkpt>
      <trkpt lat="39.442996" lon="-78.225152"></trkpt>
      <trkpt lat="39.443014" lon="-78.225030"></trkpt>
      <trkpt lat="39.443011" lon="-78.224902"></trkpt>
      <trkpt lat="39.442985" lon="-78.224765"></trkpt>
      <trkpt lat="39.442874" lon="-78.224479"></trkpt>
      <trkpt lat="39.442694" lon="-78.224143"></trkpt>
      <trkpt lat="39.442580" lon="-78.223975"></trkpt>
      <trkpt lat="39.442466" lon="-78.223850"></trkpt>
      <trkpt lat="39.442308" lon="-78.223751"></trkpt>
      <trkpt lat="39.442130" lon="-78.223680"></trkpt>
      <trkpt lat="39.441993" lon="-78.223624"></trkpt>
      <trkpt lat="39.441881" lon="-78.223540"></trkpt>
      <trkpt lat="39.441735" lon="-78.223370"></trkpt>
      <trkpt lat="39.441587" lon="-78.223120"></trkpt>
      <trkpt lat="39.441479" lon="-78.222904"></trkpt>
      <trkpt lat="39.441430" lon="-78.222731"></trkpt>
      <trkpt lat="39.441424" lon="-78.222615"></trkpt>
      <trkpt lat="39.441458" lon="-78.222442"></trkpt>
      <trkpt lat="39.441556" lon="-78.222205"></trkpt>
      <trkpt lat="39.441603" lon="-78.222013"></trkpt>
      <trkpt lat="39.441605" lon="-78.221976"></trkpt>
      <trkpt lat="39.441614" lon="-78.221850"></trkpt>
      <trkpt lat="39.441588" lon="-78.221631"></trkpt>
      <trkpt lat="39.441531" lon="-78.221447"></trkpt>
      <trkpt lat="39.441472" lon="-78.221259"></trkpt>
      <trkpt lat="39.441239" lon="-78.220556"></trkpt>
      <trkpt lat="39.441203" lon="-78.220447"></trkpt>
      <trkpt lat="39.441073" lon="-78.220212"></trkpt>
      <trkpt lat="39.441042" lon="-78.220163"></trkpt>
      <trkpt lat="39.440949" lon="-78.220074"></trkpt>
      <trkpt lat="39.440742" lon="-78.219938"></trkpt>
      <trkpt lat="39.440452" lon="-78.219757"></trkpt>
      <trkpt lat="39.440141" lon="-78.219486"></trkpt>
      <trkpt lat="39.439986" lon="-78.219311"></trkpt>
      <trkpt lat="39.439773" lon="-78.219059"></trkpt>
      <trkpt lat="39.439465" lon="-78.218657"></trkpt>
      <trkpt lat="39.439201" lon="-78.218287"></trkpt>
      <trkpt lat="39.439067" lon="-78.218099"></trkpt>
      <trkpt lat="39.438870" lon="-78.217763"></trkpt>
      <trkpt lat="39.438783" lon="-78.217572"></trkpt>
      <trkpt lat="39.438707" lon="-78.217350"></trkpt>
      <trkpt lat="39.438666" lon="-78.217154"></trkpt>
      <trkpt lat="39.438657" lon="-78.216958"></trkpt>
      <trkpt lat="39.438691" lon="-78.216523"></trkpt>
      <trkpt lat="39.438701" lon="-78.216285"></trkpt>
      <trkpt lat="39.438689" lon="-78.215837"></trkpt>
      <trkpt lat="39.438647" lon="-78.215431"></trkpt>
      <trkpt lat="39.438632" lon="-78.215291"></trkpt>
      <trkpt lat="39.438581" lon="-78.214776"></trkpt>
      <trkpt lat="39.438582" lon="-78.214550"></trkpt>
      <trkpt lat="39.438626" lon="-78.214311"></trkpt>
      <trkpt lat="39.438683" lon="-78.214106"></trkpt>
      <trkpt lat="39.438856" lon="-78.213597"></trkpt>
      <trkpt lat="39.439031" lon="-78.213275"></trkpt>
      <trkpt lat="39.439320" lon="-78.212807"></trkpt>
      <trkpt lat="39.439586" lon="-78.212365"></trkpt>
      <trkpt lat="39.439661" lon="-78.212186"></trkpt>
      <trkpt lat="39.439841" lon="-78.211590"></trkpt>
      <trkpt lat="39.439870" lon="-78.211436"></trkpt>
      <trkpt lat="39.439912" lon="-78.211218"></trkpt>
      <trkpt lat="39.439929" lon="-78.211004"></trkpt>
      <trkpt lat="39.439904" lon="-78.210818"></trkpt>
      <trkpt lat="39.439854" lon="-78.210674"></trkpt>
      <trkpt lat="39.439758" lon="-78.210475"></trkpt>
      <trkpt lat="39.439712" lon="-78.210328"></trkpt>
      <trkpt lat="39.439704" lon="-78.210186"></trkpt>
      <trkpt lat="39.439727" lon="-78.210025"></trkpt>
      <trkpt lat="39.439793" lon="-78.209777"></trkpt>
      <trkpt lat="39.439892" lon="-78.209544"></trkpt>
      <trkpt lat="39.440020" lon="-78.209344"></trkpt>
      <trkpt lat="39.440196" lon="-78.209181"></trkpt>
      <trkpt lat="39.440266" lon="-78.209118"></trkpt>
      <trkpt lat="39.440301" lon="-78.209075"></trkpt>
      <trkpt lat="39.440316" lon="-78.209035"></trkpt>
      <trkpt lat="39.440311" lon="-78.208989"></trkpt>
      <trkpt lat="39.440285" lon="-78.208958"></trkpt>
      <trkpt lat="39.440241" lon="-78.208938"></trkpt>
      <trkpt lat="39.440176" lon="-78.208928"></trkpt>
      <trkpt lat="39.439667" lon="-78.208969"></trkpt>
      <trkpt lat="39.439212" lon="-78.209068"></trkpt>
      <trkpt lat="39.438775" lon="-78.209202"></trkpt>
      <trkpt lat="39.438480" lon="-78.209267"></trkpt>
      <trkpt lat="39.438280" lon="-78.209271"></trkpt>
      <trkpt lat="39.437513" lon="-78.209192"></trkpt>
      <trkpt lat="39.437316" lon="-78.209165"></trkpt>
      <trkpt lat="39.437230" lon="-78.209133"></trkpt>
      <trkpt lat="39.437169" lon="-78.209073"></trkpt>
      <trkpt lat="39.437154" lon="-78.209020"></trkpt>
      <trkpt lat="39.437162" lon="-78.208972"></trkpt>
      <trkpt lat="39.437202" lon="-78.208922"></trkpt>
      <trkpt lat="39.437299" lon="-78.208879"></trkpt>
      <trkpt lat="39.437415" lon="-78.208836"></trkpt>
      <trkpt lat="39.437548" lon="-78.208758"></trkpt>
      <trkpt lat="39.437655" lon="-78.208655"></trkpt>
      <trkpt lat="39.437812" lon="-78.208439"></trkpt>
      <trkpt lat="39.437980" lon="-78.208084"></trkpt>
      <trkpt lat="39.438241" lon="-78.207716"></trkpt>
      <trkpt lat="39.438701" lon="-78.207135"></trkpt>
      <trkpt lat="39.439067" lon="-78.206699"></trkpt>
      <trkpt lat="39.439420" lon="-78.206392"></trkpt>
      <trkpt lat="39.439931" lon="-78.205990"></trkpt>
      <trkpt lat="39.440368" lon="-78.205577"></trkpt>
      <trkpt lat="39.440764" lon="-78.205252"></trkpt>
      <trkpt lat="39.440990" lon="-78.205062"></trkpt>
      <trkpt lat="39.441254" lon="-78.204805"></trkpt>
      <trkpt lat="39.441904" lon="-78.204184"></trkpt>
      <trkpt lat="39.442442" lon="-78.203708"></trkpt>
      <trkpt lat="39.443008" lon="-78.203222"></trkpt>
      <trkpt lat="39.443251" lon="-78.202993"></trkpt>
      <trkpt lat="39.443494" lon="-78.202711"></trkpt>
      <trkpt lat="39.443835" lon="-78.202335"></trkpt>
      <trkpt lat="39.444155" lon="-78.202044"></trkpt>
      <trkpt lat="39.445119" lon="-78.201351"></trkpt>
      <trkpt lat="39.445473" lon="-78.201062"></trkpt>
      <trkpt lat="39.445688" lon="-78.200828"></trkpt>
      <trkpt lat="39.446163" lon="-78.200143"></trkpt>
      <trkpt lat="39.446547" lon="-78.199716"></trkpt>
      <trkpt lat="39.446723" lon="-78.199563"></trkpt>
      <trkpt lat="39.446998" lon="-78.199383"></trkpt>
      <trkpt lat="39.447064" lon="-78.199343"></trkpt>
      <trkpt lat="39.447122" lon="-78.199303"></trkpt>
      <trkpt lat="39.447134" lon="-78.199282"></trkpt>
      <trkpt lat="39.447151" lon="-78.199235"></trkpt>
      <trkpt lat="39.447154" lon="-78.199209"></trkpt>
      <trkpt lat="39.447146" lon="-78.199164"></trkpt>
      <trkpt lat="39.447127" lon="-78.199133"></trkpt>
      <trkpt lat="39.447104" lon="-78.199104"></trkpt>
      <trkpt lat="39.447079" lon="-78.199086"></trkpt>
      <trkpt lat="39.447000" lon="-78.199075"></trkpt>
      <trkpt lat="39.446652" lon="-78.198993"></trkpt>
      <trkpt lat="39.446150" lon="-78.198876"></trkpt>
      <trkpt lat="39.445839" lon="-78.198757"></trkpt>
      <trkpt lat="39.445646" lon="-78.198638"></trkpt>
      <trkpt lat="39.445457" lon="-78.198429"></trkpt>
      <trkpt lat="39.445364" lon="-78.198259"></trkpt>
      <trkpt lat="39.445324" lon="-78.198141"></trkpt>
      <trkpt lat="39.445285" lon="-78.197874"></trkpt>
      <trkpt lat="39.445294" lon="-78.197619"></trkpt>
      <trkpt lat="39.445312" lon="-78.197483"></trkpt>
      <trkpt lat="39.445382" lon="-78.197235"></trkpt>
      <trkpt lat="39.445495" lon="-78.196993"></trkpt>
      <trkpt lat="39.445701" lon="-78.196615"></trkpt>
      <trkpt lat="39.446057" lon="-78.195995"></trkpt>
      <trkpt lat="39.446265" lon="-78.195600"></trkpt>
      <trkpt lat="39.446511" lon="-78.195204"></trkpt>
      <trkpt lat="39.447230" lon="-78.194097"></trkpt>
      <trkpt lat="39.447863" lon="-78.193183"></trkpt>
      <trkpt lat="39.448031" lon="-78.192912"></trkpt>
      <trkpt lat="39.448031" lon="-78.192912"></trkpt>
      <trkpt lat="39.448796" lon="-78.191676"></trkpt>
      <trkpt lat="39.449072" lon="-78.191278"></trkpt>
      <trkpt lat="39.449395" lon="-78.190905"></trkpt>
      <trkpt lat="39.449887" lon="-78.190376"></trkpt>
      <trkpt lat="39.450080" lon="-78.190122"></trkpt>
      <trkpt lat="39.450194" lon="-78.189907"></trkpt>
      <trkpt lat="39.450300" lon="-78.189642"></trkpt>
      <trkpt lat="39.450385" lon="-78.189333"></trkpt>
      <trkpt lat="39.450435" lon="-78.189055"></trkpt>
      <trkpt lat="39.450468" lon="-78.188586"></trkpt>
      <trkpt lat="39.450447" lon="-78.187966"></trkpt>
      <trkpt lat="39.450413" lon="-78.187457"></trkpt>
      <trkpt lat="39.450379" lon="-78.186742"></trkpt>
      <trkpt lat="39.450386" lon="-78.186466"></trkpt>
      <trkpt lat="39.450404" lon="-78.186358"></trkpt>
      <trkpt lat="39.450437" lon="-78.186151"></trkpt>
      <trkpt lat="39.450561" lon="-78.185684"></trkpt>
      <trkpt lat="39.450691" lon="-78.185300"></trkpt>
      <trkpt lat="39.450849" lon="-78.184906"></trkpt>
      <trkpt lat="39.450966" lon="-78.184616"></trkpt>
      <trkpt lat="39.451500" lon="-78.183299"></trkpt>
      <trkpt lat="39.451638" lon="-78.182743"></trkpt>
      <trkpt lat="39.451729" lon="-78.182276"></trkpt>
      <trkpt lat="39.451791" lon="-78.182085"></trkpt>
      <trkpt lat="39.451853" lon="-78.181946"></trkpt>
      <trkpt lat="39.452042" lon="-78.181672"></trkpt>
      <trkpt lat="39.452215" lon="-78.181508"></trkpt>
      <trkpt lat="39.452556" lon="-78.181240"></trkpt>
      <trkpt lat="39.453204" lon="-78.180615"></trkpt>
      <trkpt lat="39.453436" lon="-78.180423"></trkpt>
      <trkpt lat="39.454351" lon="-78.179769"></trkpt>
      <trkpt lat="39.454789" lon="-78.179517"></trkpt>
      <trkpt lat="39.455046" lon="-78.179391"></trkpt>
      <trkpt lat="39.456655" lon="-78.178715"></trkpt>
      <trkpt lat="39.456764" lon="-78.178648"></trkpt>
      <trkpt lat="39.456810" lon="-78.178596"></trkpt>
      <trkpt lat="39.456855" lon="-78.178510"></trkpt>
      <trkpt lat="39.456883" lon="-78.178391"></trkpt>
      <trkpt lat="39.456883" lon="-78.178301"></trkpt>
      <trkpt lat="39.456846" lon="-78.178161"></trkpt>
      <trkpt lat="39.456754" lon="-78.177978"></trkpt>
      <trkpt lat="39.456580" lon="-78.177720"></trkpt>
      <trkpt lat="39.456450" lon="-78.177533"></trkpt>
      <trkpt lat="39.456410" lon="-78.177460"></trkpt>
      <trkpt lat="39.456388" lon="-78.177364"></trkpt>
      <trkpt lat="39.456380" lon="-78.177255"></trkpt>
      <trkpt lat="39.456388" lon="-78.177048"></trkpt>
      <trkpt lat="39.456459" lon="-78.176596"></trkpt>
      <trkpt lat="39.456670" lon="-78.175672"></trkpt>
      <trkpt lat="39.456807" lon="-78.175077"></trkpt>
      <trkpt lat="39.456951" lon="-78.174545"></trkpt>
      <trkpt lat="39.457162" lon="-78.173925"></trkpt>
      <trkpt lat="39.457340" lon="-78.173470"></trkpt>
      <trkpt lat="39.457487" lon="-78.173136"></trkpt>
      <trkpt lat="39.457585" lon="-78.172964"></trkpt>
      <trkpt lat="39.457691" lon="-78.172792"></trkpt>
      <trkpt lat="39.457891" lon="-78.172579"></trkpt>
      <trkpt lat="39.458386" lon="-78.172127"></trkpt>
      <trkpt lat="39.458548" lon="-78.171911"></trkpt>
      <trkpt lat="39.458771" lon="-78.171521"></trkpt>
      <trkpt lat="39.458966" lon="-78.171067"></trkpt>
      <trkpt lat="39.459134" lon="-78.170729"></trkpt>
      <trkpt lat="39.459613" lon="-78.169872"></trkpt>
      <trkpt lat="39.459793" lon="-78.169573"></trkpt>
      <trkpt lat="39.460091" lon="-78.169162"></trkpt>
      <trkpt lat="39.460482" lon="-78.168725"></trkpt>
      <trkpt lat="39.460557" lon="-78.168617"></trkpt>
      <trkpt lat="39.460570" lon="-78.168512"></trkpt>
      <trkpt lat="39.460525" lon="-78.168428"></trkpt>
      <trkpt lat="39.460477" lon="-78.168409"></trkpt>
      <trkpt lat="39.460405" lon="-78.168413"></trkpt>
      <trkpt lat="39.460161" lon="-78.168477"></trkpt>
      <trkpt lat="39.459563" lon="-78.168703"></trkpt>
      <trkpt lat="39.458688" lon="-78.169086"></trkpt>
      <trkpt lat="39.457613" lon="-78.169617"></trkpt>
      <trkpt lat="39.457069" lon="-78.169836"></trkpt>
      <trkpt lat="39.456731" lon="-78.169920"></trkpt>
      <trkpt lat="39.456031" lon="-78.170014"></trkpt>
      <trkpt lat="39.455645" lon="-78.170014"></trkpt>
      <trkpt lat="39.454898" lon="-78.169948"></trkpt>
      <trkpt lat="39.452592" lon="-78.169683"></trkpt>
      <trkpt lat="39.452260" lon="-78.169607"></trkpt>
      <trkpt lat="39.452158" lon="-78.169572"></trkpt>
      <trkpt lat="39.452048" lon="-78.169500"></trkpt>
      <trkpt lat="39.451903" lon="-78.169348"></trkpt>
      <trkpt lat="39.451767" lon="-78.169080"></trkpt>
      <trkpt lat="39.451711" lon="-78.168793"></trkpt>
      <trkpt lat="39.451717" lon="-78.168634"></trkpt>
      <trkpt lat="39.451745" lon="-78.168442"></trkpt>
      <trkpt lat="39.451791" lon="-78.168262"></trkpt>
      <trkpt lat="39.451814" lon="-78.168171"></trkpt>
      <trkpt lat="39.452161" lon="-78.167509"></trkpt>
      <trkpt lat="39.452689" lon="-78.166664"></trkpt>
      <trkpt lat="39.452900" lon="-78.166398"></trkpt>
      <trkpt lat="39.453098" lon="-78.166189"></trkpt>
      <trkpt lat="39.453316" lon="-78.165868"></trkpt>
      <trkpt lat="39.453476" lon="-78.165549"></trkpt>
      <trkpt lat="39.453718" lon="-78.164998"></trkpt>
      <trkpt lat="39.453745" lon="-78.164896"></trkpt>
      <trkpt lat="39.453789" lon="-78.164728"></trkpt>
      <trkpt lat="39.453795" lon="-78.164462"></trkpt>
      <trkpt lat="39.453791" lon="-78.164421"></trkpt>
      <trkpt lat="39.453782" lon="-78.164314"></trkpt>
      <trkpt lat="39.453673" lon="-78.163798"></trkpt>
      <trkpt lat="39.453440" lon="-78.162692"></trkpt>
      <trkpt lat="39.453278" lon="-78.161926"></trkpt>
      <trkpt lat="39.452796" lon="-78.158862"></trkpt>
      <trkpt lat="39.452697" lon="-78.158152"></trkpt>
      <trkpt lat="39.452667" lon="-78.157553"></trkpt>
      <trkpt lat="39.452670" lon="-78.156660"></trkpt>
      <trkpt lat="39.452670" lon="-78.156646"></trkpt>
      <trkpt lat="39.452697" lon="-78.156079"></trkpt>
      <trkpt lat="39.452694" lon="-78.155718"></trkpt>
      <trkpt lat="39.452696" lon="-78.155648"></trkpt>
      <trkpt lat="39.452727" lon="-78.154283"></trkpt>
      <trkpt lat="39.452760" lon="-78.153578"></trkpt>
      <trkpt lat="39.452753" lon="-78.152674"></trkpt>
      <trkpt lat="39.452719" lon="-78.152460"></trkpt>
      <trkpt lat="39.452639" lon="-78.152190"></trkpt>
      <trkpt lat="39.452544" lon="-78.151959"></trkpt>
      <trkpt lat="39.452467" lon="-78.151635"></trkpt>
      <trkpt lat="39.452395" lon="-78.151034"></trkpt>
      <trkpt lat="39.452403" lon="-78.150791"></trkpt>
      <trkpt lat="39.452451" lon="-78.150408"></trkpt>
      <trkpt lat="39.452628" lon="-78.149677"></trkpt>
      <trkpt lat="39.452678" lon="-78.149260"></trkpt>
      <trkpt lat="39.452678" lon="-78.148993"></trkpt>
      <trkpt lat="39.452663" lon="-78.148823"></trkpt>
      <trkpt lat="39.452580" lon="-78.148520"></trkpt>
      <trkpt lat="39.452512" lon="-78.148370"></trkpt>
      <trkpt lat="39.452305" lon="-78.148038"></trkpt>
      <trkpt lat="39.451891" lon="-78.147487"></trkpt>
      <trkpt lat="39.451631" lon="-78.147189"></trkpt>
      <trkpt lat="39.451218" lon="-78.146772"></trkpt>
      <trkpt lat="39.450878" lon="-78.146503"></trkpt>
      <trkpt lat="39.450695" lon="-78.146384"></trkpt>
      <trkpt lat="39.450022" lon="-78.146053"></trkpt>
      <trkpt lat="39.449633" lon="-78.145820"></trkpt>
      <trkpt lat="39.449207" lon="-78.145535"></trkpt>
      <trkpt lat="39.448891" lon="-78.145302"></trkpt>
      <trkpt lat="39.448675" lon="-78.145119"></trkpt>
      <trkpt lat="39.448570" lon="-78.144979"></trkpt>
      <trkpt lat="39.448284" lon="-78.144522"></trkpt>
      <trkpt lat="39.447835" lon="-78.144038"></trkpt>
      <trkpt lat="39.447556" lon="-78.143640"></trkpt>
      <trkpt lat="39.447232" lon="-78.143080"></trkpt>
      <trkpt lat="39.447097" lon="-78.142811"></trkpt>
      <trkpt lat="39.446812" lon="-78.142133"></trkpt>
      <trkpt lat="39.446685" lon="-78.141778"></trkpt>
      <trkpt lat="39.446512" lon="-78.141068"></trkpt>
      <trkpt lat="39.446392" lon="-78.140748"></trkpt>
      <trkpt lat="39.446338" lon="-78.140644"></trkpt>
      <trkpt lat="39.446134" lon="-78.140353"></trkpt>
      <trkpt lat="39.446106" lon="-78.140326"></trkpt>
      <trkpt lat="39.446046" lon="-78.140275"></trkpt>
      <trkpt lat="39.445727" lon="-78.140075"></trkpt>
      <trkpt lat="39.445382" lon="-78.139798"></trkpt>
      <trkpt lat="39.445118" lon="-78.139527"></trkpt>
      <trkpt lat="39.444853" lon="-78.139172"></trkpt>
      <trkpt lat="39.444449" lon="-78.138347"></trkpt>
      <trkpt lat="39.444411" lon="-78.138270"></trkpt>
      <trkpt lat="39.444286" lon="-78.137914"></trkpt>
      <trkpt lat="39.444182" lon="-78.137657"></trkpt>
      <trkpt lat="39.443804" lon="-78.136717"></trkpt>
      <trkpt lat="39.443717" lon="-78.136502"></trkpt>
      <trkpt lat="39.443623" lon="-78.136287"></trkpt>
      <trkpt lat="39.443554" lon="-78.136131"></trkpt>
      <trkpt lat="39.443212" lon="-78.135455"></trkpt>
      <trkpt lat="39.442902" lon="-78.134715"></trkpt>
      <trkpt lat="39.442770" lon="-78.134467"></trkpt>
      <trkpt lat="39.442511" lon="-78.133982"></trkpt>
      <trkpt lat="39.441744" lon="-78.132628"></trkpt>
      <trkpt lat="39.441564" lon="-78.132310"></trkpt>
      <trkpt lat="39.441248" lon="-78.131481"></trkpt>
      <trkpt lat="39.440797" lon="-78.130308"></trkpt>
      <trkpt lat="39.440791" lon="-78.130293"></trkpt>
      <trkpt lat="39.440153" lon="-78.128649"></trkpt>
      <trkpt lat="39.439806" lon="-78.127730"></trkpt>
      <trkpt lat="39.438956" lon="-78.125477"></trkpt>
      <trkpt lat="39.438793" lon="-78.125044"></trkpt>
      <trkpt lat="39.438529" lon="-78.124411"></trkpt>
      <trkpt lat="39.438430" lon="-78.124155"></trkpt>
      <trkpt lat="39.437025" lon="-78.120506"></trkpt>
      <trkpt lat="39.436996" lon="-78.120430"></trkpt>
      <trkpt lat="39.436027" lon="-78.118015"></trkpt>
      <trkpt lat="39.435677" lon="-78.117243"></trkpt>
      <trkpt lat="39.435601" lon="-78.117099"></trkpt>
      <trkpt lat="39.435405" lon="-78.116829"></trkpt>
      <trkpt lat="39.435238" lon="-78.116692"></trkpt>
      <trkpt lat="39.434985" lon="-78.116525"></trkpt>
      <trkpt lat="39.434627" lon="-78.116428"></trkpt>
      <trkpt lat="39.433606" lon="-78.116388"></trkpt>
      <trkpt lat="39.433464" lon="-78.116352"></trkpt>
      <trkpt lat="39.433335" lon="-78.116272"></trkpt>
      <trkpt lat="39.432786" lon="-78.115667"></trkpt>
      <trkpt lat="39.432624" lon="-78.115521"></trkpt>
      <trkpt lat="39.432418" lon="-78.115437"></trkpt>
      <trkpt lat="39.431964" lon="-78.115421"></trkpt>
      <trkpt lat="39.431745" lon="-78.115451"></trkpt>
      <trkpt lat="39.431590" lon="-78.115517"></trkpt>
      <trkpt lat="39.431075" lon="-78.115871"></trkpt>
      <trkpt lat="39.430863" lon="-78.115988"></trkpt>
      <trkpt lat="39.430706" lon="-78.115995"></trkpt>
      <trkpt lat="39.430443" lon="-78.115981"></trkpt>
      <trkpt lat="39.429827" lon="-78.115758"></trkpt>
      <trkpt lat="39.428724" lon="-78.115317"></trkpt>
      <trkpt lat="39.428572" lon="-78.115304"></trkpt>
      <trkpt lat="39.428384" lon="-78.115307"></trkpt>
      <trkpt lat="39.428059" lon="-78.115427"></trkpt>
      <trkpt lat="39.427780" lon="-78.115577"></trkpt>
      <trkpt lat="39.427645" lon="-78.115701"></trkpt>
      <trkpt lat="39.427631" lon="-78.115714"></trkpt>
      <trkpt lat="39.427327" lon="-78.115991"></trkpt>
      <trkpt lat="39.427174" lon="-78.116074"></trkpt>
      <trkpt lat="39.426984" lon="-78.116178"></trkpt>
      <trkpt lat="39.426497" lon="-78.116242"></trkpt>
      <trkpt lat="39.426438" lon="-78.116247"></trkpt>
      <trkpt lat="39.425873" lon="-78.116295"></trkpt>
      <trkpt lat="39.425553" lon="-78.116262"></trkpt>
      <trkpt lat="39.425071" lon="-78.116097"></trkpt>
      <trkpt lat="39.424484" lon="-78.115960"></trkpt>
      <trkpt lat="39.424169" lon="-78.115844"></trkpt>
      <trkpt lat="39.423973" lon="-78.115702"></trkpt>
      <trkpt lat="39.423885" lon="-78.115639"></trkpt>
      <trkpt lat="39.423536" lon="-78.115248"></trkpt>
      <trkpt lat="39.423260" lon="-78.114936"></trkpt>
      <trkpt lat="39.423180" lon="-78.114845"></trkpt>
      <trkpt lat="39.422890" lon="-78.114397"></trkpt>
      <trkpt lat="39.422800" lon="-78.114232"></trkpt>
      <trkpt lat="39.422748" lon="-78.114137"></trkpt>
      <trkpt lat="39.422645" lon="-78.113943"></trkpt>
      <trkpt lat="39.422482" lon="-78.113637"></trkpt>
      <trkpt lat="39.422334" lon="-78.113358"></trkpt>
      <trkpt lat="39.422008" lon="-78.112910"></trkpt>
      <trkpt lat="39.421162" lon="-78.112025"></trkpt>
      <trkpt lat="39.421087" lon="-78.111937"></trkpt>
      <trkpt lat="39.420828" lon="-78.111631"></trkpt>
      <trkpt lat="39.420433" lon="-78.111037"></trkpt>
      <trkpt lat="39.420297" lon="-78.110782"></trkpt>
      <trkpt lat="39.420038" lon="-78.110298"></trkpt>
      <trkpt lat="39.419734" lon="-78.109748"></trkpt>
      <trkpt lat="39.419380" lon="-78.109332"></trkpt>
      <trkpt lat="39.418819" lon="-78.108965"></trkpt>
      <trkpt lat="39.418668" lon="-78.108900"></trkpt>
      <trkpt lat="39.418495" lon="-78.108825"></trkpt>
      <trkpt lat="39.418218" lon="-78.108777"></trkpt>
      <trkpt lat="39.417894" lon="-78.108777"></trkpt>
      <trkpt lat="39.417556" lon="-78.108822"></trkpt>
      <trkpt lat="39.416873" lon="-78.108903"></trkpt>
      <trkpt lat="39.416347" lon="-78.109099"></trkpt>
      <trkpt lat="39.415703" lon="-78.109395"></trkpt>
      <trkpt lat="39.415088" lon="-78.109845"></trkpt>
      <trkpt lat="39.414891" lon="-78.110056"></trkpt>
      <trkpt lat="39.414508" lon="-78.110830"></trkpt>
      <trkpt lat="39.414321" lon="-78.111114"></trkpt>
      <trkpt lat="39.414015" lon="-78.111394"></trkpt>
      <trkpt lat="39.413318" lon="-78.112006"></trkpt>
      <trkpt lat="39.412948" lon="-78.112316"></trkpt>
      <trkpt lat="39.412906" lon="-78.112360"></trkpt>
      <trkpt lat="39.412871" lon="-78.112396"></trkpt>
      <trkpt lat="39.412740" lon="-78.112501"></trkpt>
      <trkpt lat="39.412528" lon="-78.112681"></trkpt>
      <trkpt lat="39.412480" lon="-78.112724"></trkpt>
      <trkpt lat="39.412427" lon="-78.112764"></trkpt>
      <trkpt lat="39.412373" lon="-78.112805"></trkpt>
      <trkpt lat="39.412317" lon="-78.112840"></trkpt>
      <trkpt lat="39.412140" lon="-78.112916"></trkpt>
      <trkpt lat="39.412012" lon="-78.112978"></trkpt>
      <trkpt lat="39.411674" lon="-78.113188"></trkpt>
      <trkpt lat="39.411655" lon="-78.113195"></trkpt>
      <trkpt lat="39.411634" lon="-78.113199"></trkpt>
      <trkpt lat="39.411611" lon="-78.113201"></trkpt>
      <trkpt lat="39.411567" lon="-78.113193"></trkpt>
      <trkpt lat="39.411525" lon="-78.113171"></trkpt>
      <trkpt lat="39.411486" lon="-78.113138"></trkpt>
      <trkpt lat="39.411428" lon="-78.112983"></trkpt>
      <trkpt lat="39.411234" lon="-78.112493"></trkpt>
      <trkpt lat="39.410979" lon="-78.111850"></trkpt>
      <trkpt lat="39.410950" lon="-78.111776"></trkpt>
      <trkpt lat="39.410852" lon="-78.111529"></trkpt>
      <trkpt lat="39.410727" lon="-78.111208"></trkpt>
      <trkpt lat="39.410676" lon="-78.111087"></trkpt>
      <trkpt lat="39.410648" lon="-78.111030"></trkpt>
      <trkpt lat="39.410616" lon="-78.110977"></trkpt>
      <trkpt lat="39.410574" lon="-78.110927"></trkpt>
      <trkpt lat="39.410528" lon="-78.110890"></trkpt>
      <trkpt lat="39.410472" lon="-78.110856"></trkpt>
      <trkpt lat="39.410444" lon="-78.110847"></trkpt>
      <trkpt lat="39.410415" lon="-78.110842"></trkpt>
      <trkpt lat="39.410384" lon="-78.110842"></trkpt>
      <trkpt lat="39.410352" lon="-78.110845"></trkpt>
      <trkpt lat="39.410309" lon="-78.110858"></trkpt>
      <trkpt lat="39.410267" lon="-78.110874"></trkpt>
      <trkpt lat="39.409869" lon="-78.111152"></trkpt>
      <trkpt lat="39.408688" lon="-78.112011"></trkpt>
      <trkpt lat="39.407370" lon="-78.112951"></trkpt>
      <trkpt lat="39.407141" lon="-78.113118"></trkpt>
      <trkpt lat="39.407028" lon="-78.113204"></trkpt>
      <trkpt lat="39.406919" lon="-78.113295"></trkpt>
      <trkpt lat="39.406845" lon="-78.113361"></trkpt>
      <trkpt lat="39.406077" lon="-78.114138"></trkpt>
      <trkpt lat="39.405755" lon="-78.114478"></trkpt>
      <trkpt lat="39.405490" lon="-78.114751"></trkpt>
      <trkpt lat="39.405360" lon="-78.114891"></trkpt>
      <trkpt lat="39.405232" lon="-78.115032"></trkpt>
      <trkpt lat="39.405073" lon="-78.115195"></trkpt>
      <trkpt lat="39.404899" lon="-78.115375"></trkpt>
      <trkpt lat="39.404657" lon="-78.115545"></trkpt>
      <trkpt lat="39.404562" lon="-78.115606"></trkpt>
      <trkpt lat="39.404020" lon="-78.115865"></trkpt>
      <trkpt lat="39.403868" lon="-78.115946"></trkpt>
      <trkpt lat="39.403745" lon="-78.116067"></trkpt>
      <trkpt lat="39.403533" lon="-78.116313"></trkpt>
      <trkpt lat="39.403425" lon="-78.116435"></trkpt>
      <trkpt lat="39.403312" lon="-78.116535"></trkpt>
      <trkpt lat="39.403172" lon="-78.116627"></trkpt>
      <trkpt lat="39.403058" lon="-78.116667"></trkpt>
      <trkpt lat="39.402944" lon="-78.116692"></trkpt>
      <trkpt lat="39.402693" lon="-78.116741"></trkpt>
      <trkpt lat="39.402589" lon="-78.116745"></trkpt>
      <trkpt lat="39.402260" lon="-78.116652"></trkpt>
      <trkpt lat="39.401621" lon="-78.116378"></trkpt>
      <trkpt lat="39.401274" lon="-78.116255"></trkpt>
      <trkpt lat="39.401069" lon="-78.116131"></trkpt>
      <trkpt lat="39.400955" lon="-78.116054"></trkpt>
      <trkpt lat="39.400908" lon="-78.115985"></trkpt>
      <trkpt lat="39.400855" lon="-78.115889"></trkpt>
      <trkpt lat="39.400766" lon="-78.115684"></trkpt>
      <trkpt lat="39.400662" lon="-78.115451"></trkpt>
      <trkpt lat="39.400569" lon="-78.115213"></trkpt>
      <trkpt lat="39.400514" lon="-78.115044"></trkpt>
      <trkpt lat="39.400470" lon="-78.114863"></trkpt>
      <trkpt lat="39.400455" lon="-78.114480"></trkpt>
      <trkpt lat="39.400460" lon="-78.113553"></trkpt>
      <trkpt lat="39.400302" lon="-78.113114"></trkpt>
      <trkpt lat="39.400250" lon="-78.112997"></trkpt>
      <trkpt lat="39.400040" lon="-78.112533"></trkpt>
      <trkpt lat="39.399868" lon="-78.112001"></trkpt>
      <trkpt lat="39.399830" lon="-78.111544"></trkpt>
      <trkpt lat="39.399791" lon="-78.111223"></trkpt>
      <trkpt lat="39.399724" lon="-78.111117"></trkpt>
      <trkpt lat="39.399620" lon="-78.111038"></trkpt>
      <trkpt lat="39.399328" lon="-78.111012"></trkpt>
      <trkpt lat="39.398936" lon="-78.110957"></trkpt>
      <trkpt lat="39.398220" lon="-78.110722"></trkpt>
      <trkpt lat="39.397599" lon="-78.110580"></trkpt>
      <trkpt lat="39.397222" lon="-78.110642"></trkpt>
      <trkpt lat="39.396577" lon="-78.110790"></trkpt>
      <trkpt lat="39.395649" lon="-78.110886"></trkpt>
      <trkpt lat="39.395263" lon="-78.110926"></trkpt>
      <trkpt lat="39.394123" lon="-78.111041"></trkpt>
      <trkpt lat="39.393061" lon="-78.111148"></trkpt>
      <trkpt lat="39.392359" lon="-78.111291"></trkpt>
      <trkpt lat="39.391867" lon="-78.111303"></trkpt>
      <trkpt lat="39.391308" lon="-78.111173"></trkpt>
      <trkpt lat="39.390686" lon="-78.110942"></trkpt>
      <trkpt lat="39.390038" lon="-78.110443"></trkpt>
      <trkpt lat="39.389802" lon="-78.110175"></trkpt>
      <trkpt lat="39.389705" lon="-78.110082"></trkpt>
      <trkpt lat="39.389657" lon="-78.110040"></trkpt>
      <trkpt lat="39.389607" lon="-78.110009"></trkpt>
      <trkpt lat="39.389568" lon="-78.109984"></trkpt>
      <trkpt lat="39.389527" lon="-78.109961"></trkpt>
      <trkpt lat="39.389395" lon="-78.109908"></trkpt>
      <trkpt lat="39.389201" lon="-78.109830"></trkpt>
      <trkpt lat="39.389148" lon="-78.109811"></trkpt>
      <trkpt lat="39.389148" lon="-78.109811"></trkpt>
      <trkpt lat="39.389107" lon="-78.109796"></trkpt>
      <trkpt lat="39.388944" lon="-78.109773"></trkpt>
      <trkpt lat="39.388822" lon="-78.109796"></trkpt>
      <trkpt lat="39.388685" lon="-78.109839"></trkpt>
      <trkpt lat="39.387753" lon="-78.110307"></trkpt>
      <trkpt lat="39.387489" lon="-78.110392"></trkpt>
      <trkpt lat="39.387132" lon="-78.110482"></trkpt>
      <trkpt lat="39.385850" lon="-78.110790"></trkpt>
      <trkpt lat="39.383419" lon="-78.111609"></trkpt>
      <trkpt lat="39.382390" lon="-78.111998"></trkpt>
      <trkpt lat="39.382000" lon="-78.112106"></trkpt>
      <trkpt lat="39.381925" lon="-78.112127"></trkpt>
      <trkpt lat="39.381553" lon="-78.112157"></trkpt>
      <trkpt lat="39.381334" lon="-78.112125"></trkpt>
      <trkpt lat="39.381075" lon="-78.112039"></trkpt>
      <trkpt lat="39.380881" lon="-78.111919"></trkpt>
      <trkpt lat="39.380684" lon="-78.111772"></trkpt>
      <trkpt lat="39.380442" lon="-78.111561"></trkpt>
      <trkpt lat="39.380250" lon="-78.111303"></trkpt>
      <trkpt lat="39.380072" lon="-78.111018"></trkpt>
      <trkpt lat="39.379955" lon="-78.110732"></trkpt>
      <trkpt lat="39.379907" lon="-78.110612"></trkpt>
      <trkpt lat="39.378247" lon="-78.106569"></trkpt>
      <trkpt lat="39.378159" lon="-78.106327"></trkpt>
      <trkpt lat="39.377858" lon="-78.105586"></trkpt>
      <trkpt lat="39.377315" lon="-78.104244"></trkpt>
      <trkpt lat="39.377224" lon="-78.104019"></trkpt>
      <trkpt lat="39.376480" lon="-78.102213"></trkpt>
      <trkpt lat="39.376077" lon="-78.101234"></trkpt>
      <trkpt lat="39.375828" lon="-78.100629"></trkpt>
      <trkpt lat="39.375618" lon="-78.100149"></trkpt>
      <trkpt lat="39.375404" lon="-78.099751"></trkpt>
      <trkpt lat="39.375299" lon="-78.099579"></trkpt>
      <trkpt lat="39.374976" lon="-78.099147"></trkpt>
      <trkpt lat="39.374717" lon="-78.098862"></trkpt>
      <trkpt lat="39.374463" lon="-78.098625"></trkpt>
      <trkpt lat="39.374040" lon="-78.098293"></trkpt>
      <trkpt lat="39.372533" lon="-78.097110"></trkpt>
      <trkpt lat="39.372080" lon="-78.096736"></trkpt>
      <trkpt lat="39.371983" lon="-78.096620"></trkpt>
      <trkpt lat="39.371666" lon="-78.096376"></trkpt>
      <trkpt lat="39.370957" lon="-78.095799"></trkpt>
      <trkpt lat="39.370467" lon="-78.095404"></trkpt>
      <trkpt lat="39.370131" lon="-78.095129"></trkpt>
      <trkpt lat="39.369684" lon="-78.094764"></trkpt>
      <trkpt lat="39.368410" lon="-78.093745"></trkpt>
      <trkpt lat="39.368203" lon="-78.093557"></trkpt>
      <trkpt lat="39.368058" lon="-78.093396"></trkpt>
      <trkpt lat="39.367966" lon="-78.093246"></trkpt>
      <trkpt lat="39.367896" lon="-78.093107"></trkpt>
      <trkpt lat="39.367842" lon="-78.092946"></trkpt>
      <trkpt lat="39.367796" lon="-78.092763"></trkpt>
      <trkpt lat="39.367759" lon="-78.092560"></trkpt>
      <trkpt lat="39.367757" lon="-78.092533"></trkpt>
      <trkpt lat="39.367738" lon="-78.092329"></trkpt>
      <trkpt lat="39.367688" lon="-78.090441"></trkpt>
      <trkpt lat="39.367691" lon="-78.090376"></trkpt>
      <trkpt lat="39.367701" lon="-78.090124"></trkpt>
      <trkpt lat="39.367734" lon="-78.089877"></trkpt>
      <trkpt lat="39.367792" lon="-78.089647"></trkpt>
      <trkpt lat="39.367833" lon="-78.089486"></trkpt>
      <trkpt lat="39.367954" lon="-78.089014"></trkpt>
      <trkpt lat="39.367987" lon="-78.088847"></trkpt>
      <trkpt lat="39.367999" lon="-78.088697"></trkpt>
      <trkpt lat="39.367987" lon="-78.088499"></trkpt>
      <trkpt lat="39.367705" lon="-78.087302"></trkpt>
      <trkpt lat="39.367676" lon="-78.087088"></trkpt>
      <trkpt lat="39.367647" lon="-78.086836"></trkpt>
      <trkpt lat="39.367593" lon="-78.085012"></trkpt>
      <trkpt lat="39.367564" lon="-78.084728"></trkpt>
      <trkpt lat="39.367456" lon="-78.083837"></trkpt>
      <trkpt lat="39.367386" lon="-78.083521"></trkpt>
      <trkpt lat="39.367299" lon="-78.083220"></trkpt>
      <trkpt lat="39.367195" lon="-78.082952"></trkpt>
      <trkpt lat="39.367029" lon="-78.082507"></trkpt>
      <trkpt lat="39.366847" lon="-78.081970"></trkpt>
      <trkpt lat="39.366706" lon="-78.081493"></trkpt>
      <trkpt lat="39.366357" lon="-78.080071"></trkpt>
      <trkpt lat="39.366206" lon="-78.079394"></trkpt>
      <trkpt lat="39.366005" lon="-78.078489"></trkpt>
      <trkpt lat="39.365955" lon="-78.078301"></trkpt>
      <trkpt lat="39.365876" lon="-78.078119"></trkpt>
      <trkpt lat="39.363866" lon="-78.074838"></trkpt>
      <trkpt lat="39.363765" lon="-78.074658"></trkpt>
      <trkpt lat="39.363571" lon="-78.074278"></trkpt>
      <trkpt lat="39.363451" lon="-78.074032"></trkpt>
      <trkpt lat="39.363259" lon="-78.073641"></trkpt>
      <trkpt lat="39.363029" lon="-78.073186"></trkpt>
      <trkpt lat="39.362939" lon="-78.072995"></trkpt>
      <trkpt lat="39.362826" lon="-78.072761"></trkpt>
      <trkpt lat="39.362805" lon="-78.072717"></trkpt>
      <trkpt lat="39.362751" lon="-78.072606"></trkpt>
      <trkpt lat="39.362629" lon="-78.072268"></trkpt>
      <trkpt lat="39.362612" lon="-78.072222"></trkpt>
      <trkpt lat="39.362513" lon="-78.071668"></trkpt>
      <trkpt lat="39.362495" lon="-78.070517"></trkpt>
      <trkpt lat="39.362416" lon="-78.069753"></trkpt>
      <trkpt lat="39.362283" lon="-78.068435"></trkpt>
      <trkpt lat="39.362135" lon="-78.067479"></trkpt>
      <trkpt lat="39.361836" lon="-78.066252"></trkpt>
      <trkpt lat="39.361767" lon="-78.066028"></trkpt>
      <trkpt lat="39.361577" lon="-78.065142"></trkpt>
      <trkpt lat="39.361404" lon="-78.064442"></trkpt>
      <trkpt lat="39.361139" lon="-78.063375"></trkpt>
      <trkpt lat="39.360944" lon="-78.062515"></trkpt>
      <trkpt lat="39.360918" lon="-78.062121"></trkpt>
      <trkpt lat="39.360915" lon="-78.061592"></trkpt>
      <trkpt lat="39.360887" lon="-78.061337"></trkpt>
      <trkpt lat="39.360767" lon="-78.060813"></trkpt>
      <trkpt lat="39.360687" lon="-78.060464"></trkpt>
      <trkpt lat="39.360575" lon="-78.060008"></trkpt>
      <trkpt lat="39.360376" lon="-78.059202"></trkpt>
      <trkpt lat="39.360061" lon="-78.057927"></trkpt>
      <trkpt lat="39.359993" lon="-78.057644"></trkpt>
      <trkpt lat="39.359971" lon="-78.057481"></trkpt>
      <trkpt lat="39.359952" lon="-78.057229"></trkpt>
      <trkpt lat="39.359937" lon="-78.056740"></trkpt>
      <trkpt lat="39.359936" lon="-78.056432"></trkpt>
      <trkpt lat="39.359936" lon="-78.056400"></trkpt>
      <trkpt lat="39.359938" lon="-78.055813"></trkpt>
      <trkpt lat="39.359938" lon="-78.055775"></trkpt>
      <trkpt lat="39.359939" lon="-78.055483"></trkpt>
      <trkpt lat="39.359959" lon="-78.055231"></trkpt>
      <trkpt lat="39.359966" lon="-78.055175"></trkpt>
      <trkpt lat="39.359989" lon="-78.054989"></trkpt>
      <trkpt lat="39.360111" lon="-78.054520"></trkpt>
      <trkpt lat="39.360169" lon="-78.054295"></trkpt>
      <trkpt lat="39.360952" lon="-78.052991"></trkpt>
      <trkpt lat="39.361190" lon="-78.052595"></trkpt>
      <trkpt lat="39.362012" lon="-78.051227"></trkpt>
      <trkpt lat="39.362212" lon="-78.050831"></trkpt>
      <trkpt lat="39.362325" lon="-78.050496"></trkpt>
      <trkpt lat="39.362419" lon="-78.050151"></trkpt>
      <trkpt lat="39.362436" lon="-78.049950"></trkpt>
      <trkpt lat="39.362436" lon="-78.049804"></trkpt>
      <trkpt lat="39.362403" lon="-78.049669"></trkpt>
      <trkpt lat="39.362377" lon="-78.049558"></trkpt>
      <trkpt lat="39.362350" lon="-78.049514"></trkpt>
      <trkpt lat="39.362324" lon="-78.049450"></trkpt>
      <trkpt lat="39.362312" lon="-78.049384"></trkpt>
      <trkpt lat="39.362315" lon="-78.049286"></trkpt>
      <trkpt lat="39.362342" lon="-78.049194"></trkpt>
      <trkpt lat="39.362390" lon="-78.049118"></trkpt>
      <trkpt lat="39.362445" lon="-78.048934"></trkpt>
      <trkpt lat="39.362478" lon="-78.048732"></trkpt>
      <trkpt lat="39.362491" lon="-78.048589"></trkpt>
      <trkpt lat="39.362533" lon="-78.047717"></trkpt>
      <trkpt lat="39.362533" lon="-78.047500"></trkpt>
      <trkpt lat="39.362512" lon="-78.047398"></trkpt>
      <trkpt lat="39.362482" lon="-78.047305"></trkpt>
      <trkpt lat="39.362434" lon="-78.047242"></trkpt>
      <trkpt lat="39.362404" lon="-78.047162"></trkpt>
      <trkpt lat="39.362396" lon="-78.047074"></trkpt>
      <trkpt lat="39.362409" lon="-78.046987"></trkpt>
      <trkpt lat="39.362444" lon="-78.046911"></trkpt>
      <trkpt lat="39.362484" lon="-78.046843"></trkpt>
      <trkpt lat="39.362573" lon="-78.046573"></trkpt>
      <trkpt lat="39.362664" lon="-78.046096"></trkpt>
      <trkpt lat="39.362666" lon="-78.045941"></trkpt>
      <trkpt lat="39.362669" lon="-78.045704"></trkpt>
      <trkpt lat="39.362663" lon="-78.045354"></trkpt>
      <trkpt lat="39.362650" lon="-78.045167"></trkpt>
      <trkpt lat="39.362635" lon="-78.045006"></trkpt>
      <trkpt lat="39.362611" lon="-78.044752"></trkpt>
      <trkpt lat="39.362605" lon="-78.044686"></trkpt>
      <trkpt lat="39.362578" lon="-78.044435"></trkpt>
      <trkpt lat="39.362474" lon="-78.043870"></trkpt>
      <trkpt lat="39.362466" lon="-78.043836"></trkpt>
      <trkpt lat="39.362348" lon="-78.043331"></trkpt>
      <trkpt lat="39.362272" lon="-78.042997"></trkpt>
      <trkpt lat="39.362174" lon="-78.042747"></trkpt>
      <trkpt lat="39.362091" lon="-78.042587"></trkpt>
      <trkpt lat="39.362024" lon="-78.042475"></trkpt>
      <trkpt lat="39.361965" lon="-78.042447"></trkpt>
      <trkpt lat="39.361921" lon="-78.042404"></trkpt>
      <trkpt lat="39.361889" lon="-78.042348"></trkpt>
      <trkpt lat="39.361869" lon="-78.042282"></trkpt>
      <trkpt lat="39.361864" lon="-78.042215"></trkpt>
      <trkpt lat="39.361873" lon="-78.042149"></trkpt>
      <trkpt lat="39.361895" lon="-78.042088"></trkpt>
      <trkpt lat="39.361886" lon="-78.041813"></trkpt>
      <trkpt lat="39.361851" lon="-78.041598"></trkpt>
      <trkpt lat="39.361827" lon="-78.041500"></trkpt>
      <trkpt lat="39.361802" lon="-78.041401"></trkpt>
      <trkpt lat="39.361783" lon="-78.041175"></trkpt>
      <trkpt lat="39.361754" lon="-78.041060"></trkpt>
      <trkpt lat="39.361748" lon="-78.041037"></trkpt>
      <trkpt lat="39.361549" lon="-78.040315"></trkpt>
      <trkpt lat="39.361468" lon="-78.040012"></trkpt>
      <trkpt lat="39.361330" lon="-78.039500"></trkpt>
      <trkpt lat="39.361229" lon="-78.039130"></trkpt>
      <trkpt lat="39.361211" lon="-78.039064"></trkpt>
      <trkpt lat="39.361154" lon="-78.038835"></trkpt>
      <trkpt lat="39.361088" lon="-78.038536"></trkpt>
      <trkpt lat="39.361080" lon="-78.038474"></trkpt>
      <trkpt lat="39.361028" lon="-78.038264"></trkpt>
      <trkpt lat="39.361007" lon="-78.038203"></trkpt>
      <trkpt lat="39.361007" lon="-78.038073"></trkpt>
      <trkpt lat="39.361005" lon="-78.037998"></trkpt>
      <trkpt lat="39.360988" lon="-78.037899"></trkpt>
      <trkpt lat="39.360954" lon="-78.037819"></trkpt>
      <trkpt lat="39.360908" lon="-78.037737"></trkpt>
      <trkpt lat="39.360863" lon="-78.037713"></trkpt>
      <trkpt lat="39.360824" lon="-78.037675"></trkpt>
      <trkpt lat="39.360794" lon="-78.037629"></trkpt>
      <trkpt lat="39.360772" lon="-78.037574"></trkpt>
      <trkpt lat="39.360760" lon="-78.037514"></trkpt>
      <trkpt lat="39.360759" lon="-78.037453"></trkpt>
      <trkpt lat="39.360770" lon="-78.037390"></trkpt>
      <trkpt lat="39.360766" lon="-78.037245"></trkpt>
      <trkpt lat="39.360735" lon="-78.037056"></trkpt>
      <trkpt lat="39.360649" lon="-78.036800"></trkpt>
      <trkpt lat="39.360561" lon="-78.036565"></trkpt>
      <trkpt lat="39.360343" lon="-78.036187"></trkpt>
      <trkpt lat="39.360063" lon="-78.035783"></trkpt>
      <trkpt lat="39.359778" lon="-78.035451"></trkpt>
      <trkpt lat="39.359572" lon="-78.035255"></trkpt>
      <trkpt lat="39.359498" lon="-78.035218"></trkpt>
      <trkpt lat="39.359409" lon="-78.035194"></trkpt>
      <trkpt lat="39.359360" lon="-78.035186"></trkpt>
      <trkpt lat="39.359330" lon="-78.035197"></trkpt>
      <trkpt lat="39.359270" lon="-78.035201"></trkpt>
      <trkpt lat="39.359211" lon="-78.035180"></trkpt>
      <trkpt lat="39.359161" lon="-78.035136"></trkpt>
      <trkpt lat="39.359123" lon="-78.035073"></trkpt>
      <trkpt lat="39.359109" lon="-78.035029"></trkpt>
      <trkpt lat="39.359102" lon="-78.034981"></trkpt>
      <trkpt lat="39.359048" lon="-78.034908"></trkpt>
      <trkpt lat="39.358925" lon="-78.034789"></trkpt>
      <trkpt lat="39.358669" lon="-78.034622"></trkpt>
      <trkpt lat="39.358387" lon="-78.034488"></trkpt>
      <trkpt lat="39.357815" lon="-78.034308"></trkpt>
      <trkpt lat="39.357515" lon="-78.034273"></trkpt>
      <trkpt lat="39.357210" lon="-78.034294"></trkpt>
      <trkpt lat="39.356988" lon="-78.034348"></trkpt>
      <trkpt lat="39.356842" lon="-78.034420"></trkpt>
      <trkpt lat="39.356750" lon="-78.034518"></trkpt>
      <trkpt lat="39.356712" lon="-78.034588"></trkpt>
      <trkpt lat="39.356676" lon="-78.034677"></trkpt>
      <trkpt lat="39.356671" lon="-78.034733"></trkpt>
      <trkpt lat="39.356655" lon="-78.034785"></trkpt>
      <trkpt lat="39.356630" lon="-78.034831"></trkpt>
      <trkpt lat="39.356588" lon="-78.034873"></trkpt>
      <trkpt lat="39.356538" lon="-78.034896"></trkpt>
      <trkpt lat="39.356485" lon="-78.034899"></trkpt>
      <trkpt lat="39.356435" lon="-78.034881"></trkpt>
      <trkpt lat="39.356407" lon="-78.034861"></trkpt>
      <trkpt lat="39.356383" lon="-78.034835"></trkpt>
      <trkpt lat="39.356333" lon="-78.034776"></trkpt>
      <trkpt lat="39.356218" lon="-78.034682"></trkpt>
      <trkpt lat="39.356183" lon="-78.034659"></trkpt>
      <trkpt lat="39.356068" lon="-78.034586"></trkpt>
      <trkpt lat="39.356036" lon="-78.034571"></trkpt>
      <trkpt lat="39.356008" lon="-78.034558"></trkpt>
      <trkpt lat="39.355901" lon="-78.034480"></trkpt>
      <trkpt lat="39.355362" lon="-78.033855"></trkpt>
      <trkpt lat="39.355328" lon="-78.033816"></trkpt>
      <trkpt lat="39.354871" lon="-78.033315"></trkpt>
      <trkpt lat="39.354072" lon="-78.032417"></trkpt>
      <trkpt lat="39.353978" lon="-78.032312"></trkpt>
      <trkpt lat="39.353707" lon="-78.032001"></trkpt>
      <trkpt lat="39.353524" lon="-78.031821"></trkpt>
      <trkpt lat="39.353426" lon="-78.031709"></trkpt>
      <trkpt lat="39.352803" lon="-78.030997"></trkpt>
      <trkpt lat="39.352581" lon="-78.030744"></trkpt>
      <trkpt lat="39.352048" lon="-78.030184"></trkpt>
      <trkpt lat="39.351826" lon="-78.029915"></trkpt>
      <trkpt lat="39.351653" lon="-78.029703"></trkpt>
      <trkpt lat="39.351392" lon="-78.029408"></trkpt>
      <trkpt lat="39.350955" lon="-78.028914"></trkpt>
      <trkpt lat="39.350767" lon="-78.028701"></trkpt>
      <trkpt lat="39.350583" lon="-78.028506"></trkpt>
      <trkpt lat="39.350067" lon="-78.027942"></trkpt>
      <trkpt lat="39.349867" lon="-78.027716"></trkpt>
      <trkpt lat="39.349552" lon="-78.027360"></trkpt>
      <trkpt lat="39.349388" lon="-78.027174"></trkpt>
      <trkpt lat="39.349343" lon="-78.027123"></trkpt>
      <trkpt lat="39.349141" lon="-78.026894"></trkpt>
      <trkpt lat="39.348930" lon="-78.026655"></trkpt>
      <trkpt lat="39.347581" lon="-78.025132"></trkpt>
      <trkpt lat="39.347457" lon="-78.025002"></trkpt>
      <trkpt lat="39.347263" lon="-78.024798"></trkpt>
      <trkpt lat="39.347164" lon="-78.024694"></trkpt>
      <trkpt lat="39.347141" lon="-78.024670"></trkpt>
      <trkpt lat="39.346842" lon="-78.024306"></trkpt>
      <trkpt lat="39.346157" lon="-78.023604"></trkpt>
      <trkpt lat="39.345245" lon="-78.022593"></trkpt>
      <trkpt lat="39.345134" lon="-78.022492"></trkpt>
      <trkpt lat="39.344852" lon="-78.022234"></trkpt>
      <trkpt lat="39.344804" lon="-78.022191"></trkpt>
      <trkpt lat="39.344624" lon="-78.022030"></trkpt>
      <trkpt lat="39.344207" lon="-78.021653"></trkpt>
      <trkpt lat="39.343916" lon="-78.021434"></trkpt>
      <trkpt lat="39.342853" lon="-78.020619"></trkpt>
      <trkpt lat="39.342764" lon="-78.020557"></trkpt>
      <trkpt lat="39.342277" lon="-78.020243"></trkpt>
      <trkpt lat="39.341046" lon="-78.019526"></trkpt>
      <trkpt lat="39.340936" lon="-78.019471"></trkpt>
      <trkpt lat="39.340764" lon="-78.019384"></trkpt>
      <trkpt lat="39.340642" lon="-78.019322"></trkpt>
      <trkpt lat="39.340498" lon="-78.019248"></trkpt>
      <trkpt lat="39.340167" lon="-78.019079"></trkpt>
      <trkpt lat="39.339776" lon="-78.018927"></trkpt>
      <trkpt lat="39.339190" lon="-78.018690"></trkpt>
      <trkpt lat="39.338843" lon="-78.018542"></trkpt>
      <trkpt lat="39.337219" lon="-78.017917"></trkpt>
      <trkpt lat="39.337135" lon="-78.017882"></trkpt>
      <trkpt lat="39.335949" lon="-78.017394"></trkpt>
      <trkpt lat="39.335786" lon="-78.017327"></trkpt>
      <trkpt lat="39.335316" lon="-78.017134"></trkpt>
      <trkpt lat="39.334341" lon="-78.016779"></trkpt>
      <trkpt lat="39.334161" lon="-78.016694"></trkpt>
      <trkpt lat="39.333900" lon="-78.016572"></trkpt>
      <trkpt lat="39.333034" lon="-78.016007"></trkpt>
      <trkpt lat="39.331975" lon="-78.015048"></trkpt>
      <trkpt lat="39.331659" lon="-78.014681"></trkpt>
      <trkpt lat="39.331407" lon="-78.014352"></trkpt>
      <trkpt lat="39.331292" lon="-78.014183"></trkpt>
      <trkpt lat="39.331183" lon="-78.014021"></trkpt>
      <trkpt lat="39.330800" lon="-78.013453"></trkpt>
      <trkpt lat="39.330787" lon="-78.013434"></trkpt>
      <trkpt lat="39.330561" lon="-78.013032"></trkpt>
      <trkpt lat="39.330304" lon="-78.012501"></trkpt>
      <trkpt lat="39.330194" lon="-78.012273"></trkpt>
      <trkpt lat="39.329209" lon="-78.010023"></trkpt>
      <trkpt lat="39.329141" lon="-78.009868"></trkpt>
      <trkpt lat="39.328589" lon="-78.008617"></trkpt>
      <trkpt lat="39.328268" lon="-78.007851"></trkpt>
      <trkpt lat="39.327896" lon="-78.007015"></trkpt>
      <trkpt lat="39.327781" lon="-78.006753"></trkpt>
      <trkpt lat="39.327683" lon="-78.006530"></trkpt>
      <trkpt lat="39.327428" lon="-78.005953"></trkpt>
      <trkpt lat="39.327278" lon="-78.005611"></trkpt>
      <trkpt lat="39.326743" lon="-78.004368"></trkpt>
      <trkpt lat="39.326423" lon="-78.003651"></trkpt>
      <trkpt lat="39.326345" lon="-78.003458"></trkpt>
      <trkpt lat="39.325607" lon="-78.001769"></trkpt>
      <trkpt lat="39.325457" lon="-78.001426"></trkpt>
      <trkpt lat="39.325366" lon="-78.001217"></trkpt>
      <trkpt lat="39.324991" lon="-78.000355"></trkpt>
      <trkpt lat="39.324507" lon="-77.999239"></trkpt>
      <trkpt lat="39.323934" lon="-77.997933"></trkpt>
      <trkpt lat="39.323816" lon="-77.997653"></trkpt>
      <trkpt lat="39.322904" lon="-77.995568"></trkpt>
      <trkpt lat="39.322784" lon="-77.995293"></trkpt>
      <trkpt lat="39.321813" lon="-77.993069"></trkpt>
      <trkpt lat="39.320842" lon="-77.990890"></trkpt>
      <trkpt lat="39.320761" lon="-77.990709"></trkpt>
      <trkpt lat="39.320299" lon="-77.989638"></trkpt>
      <trkpt lat="39.319908" lon="-77.988732"></trkpt>
      <trkpt lat="39.319637" lon="-77.988116"></trkpt>
      <trkpt lat="39.319563" lon="-77.987949"></trkpt>
      <trkpt lat="39.319423" lon="-77.987610"></trkpt>
      <trkpt lat="39.319068" lon="-77.986826"></trkpt>
      <trkpt lat="39.318799" lon="-77.986225"></trkpt>
      <trkpt lat="39.318629" lon="-77.985878"></trkpt>
      <trkpt lat="39.318604" lon="-77.985828"></trkpt>
      <trkpt lat="39.318468" lon="-77.985552"></trkpt>
      <trkpt lat="39.318186" lon="-77.985079"></trkpt>
      <trkpt lat="39.317712" lon="-77.984416"></trkpt>
      <trkpt lat="39.317527" lon="-77.984164"></trkpt>
      <trkpt lat="39.317273" lon="-77.983862"></trkpt>
      <trkpt lat="39.316966" lon="-77.983515"></trkpt>
      <trkpt lat="39.316518" lon="-77.983076"></trkpt>
      <trkpt lat="39.316472" lon="-77.983040"></trkpt>
      <trkpt lat="39.316374" lon="-77.982966"></trkpt>
      <trkpt lat="39.316120" lon="-77.982772"></trkpt>
      <trkpt lat="39.315736" lon="-77.982490"></trkpt>
      <trkpt lat="39.315724" lon="-77.982482"></trkpt>
      <trkpt lat="39.315050" lon="-77.981988"></trkpt>
      <trkpt lat="39.314957" lon="-77.981920"></trkpt>
      <trkpt lat="39.314814" lon="-77.981818"></trkpt>
      <trkpt lat="39.314623" lon="-77.981682"></trkpt>
      <trkpt lat="39.314555" lon="-77.981631"></trkpt>
      <trkpt lat="39.314330" lon="-77.981462"></trkpt>
      <trkpt lat="39.313725" lon="-77.981036"></trkpt>
      <trkpt lat="39.313319" lon="-77.980755"></trkpt>
      <trkpt lat="39.312895" lon="-77.980451"></trkpt>
      <trkpt lat="39.312464" lon="-77.980138"></trkpt>
      <trkpt lat="39.311960" lon="-77.979772"></trkpt>
      <trkpt lat="39.311285" lon="-77.979281"></trkpt>
      <trkpt lat="39.310842" lon="-77.978972"></trkpt>
      <trkpt lat="39.310350" lon="-77.978628"></trkpt>
      <trkpt lat="39.309801" lon="-77.978246"></trkpt>
      <trkpt lat="39.309298" lon="-77.977823"></trkpt>
      <trkpt lat="39.309271" lon="-77.977801"></trkpt>
      <trkpt lat="39.309216" lon="-77.977754"></trkpt>
      <trkpt lat="39.308864" lon="-77.977459"></trkpt>
      <trkpt lat="39.308324" lon="-77.977004"></trkpt>
      <trkpt lat="39.308200" lon="-77.976849"></trkpt>
      <trkpt lat="39.307795" lon="-77.976343"></trkpt>
      <trkpt lat="39.307675" lon="-77.976211"></trkpt>
      <trkpt lat="39.307540" lon="-77.976062"></trkpt>
      <trkpt lat="39.307402" lon="-77.975911"></trkpt>
      <trkpt lat="39.307164" lon="-77.975532"></trkpt>
      <trkpt lat="39.307042" lon="-77.975331"></trkpt>
      <trkpt lat="39.306976" lon="-77.975221"></trkpt>
      <trkpt lat="39.306736" lon="-77.974827"></trkpt>
      <trkpt lat="39.306465" lon="-77.974338"></trkpt>
      <trkpt lat="39.306309" lon="-77.974040"></trkpt>
      <trkpt lat="39.306034" lon="-77.973402"></trkpt>
      <trkpt lat="39.305873" lon="-77.972968"></trkpt>
      <trkpt lat="39.305728" lon="-77.972530"></trkpt>
      <trkpt lat="39.305550" lon="-77.972002"></trkpt>
      <trkpt lat="39.305383" lon="-77.971369"></trkpt>
      <trkpt lat="39.305342" lon="-77.971181"></trkpt>
      <trkpt lat="39.305222" lon="-77.970651"></trkpt>
      <trkpt lat="39.305143" lon="-77.970167"></trkpt>
      <trkpt lat="39.305126" lon="-77.970034"></trkpt>
      <trkpt lat="39.305073" lon="-77.969604"></trkpt>
      <trkpt lat="39.305024" lon="-77.969030"></trkpt>
      <trkpt lat="39.304968" lon="-77.968384"></trkpt>
      <trkpt lat="39.304886" lon="-77.967476"></trkpt>
      <trkpt lat="39.304861" lon="-77.967195"></trkpt>
      <trkpt lat="39.304824" lon="-77.966780"></trkpt>
      <trkpt lat="39.304787" lon="-77.966283"></trkpt>
      <trkpt lat="39.304553" lon="-77.963524"></trkpt>
      <trkpt lat="39.304522" lon="-77.963215"></trkpt>
      <trkpt lat="39.304431" lon="-77.962185"></trkpt>
      <trkpt lat="39.304409" lon="-77.961986"></trkpt>
      <trkpt lat="39.304181" lon="-77.959485"></trkpt>
      <trkpt lat="39.303822" lon="-77.955629"></trkpt>
      <trkpt lat="39.303760" lon="-77.954953"></trkpt>
      <trkpt lat="39.303735" lon="-77.954694"></trkpt>
      <trkpt lat="39.303707" lon="-77.954349"></trkpt>
      <trkpt lat="39.303536" lon="-77.952265"></trkpt>
      <trkpt lat="39.303534" lon="-77.952244"></trkpt>
      <trkpt lat="39.303448" lon="-77.951212"></trkpt>
      <trkpt lat="39.303442" lon="-77.951141"></trkpt>
      <trkpt lat="39.303388" lon="-77.950391"></trkpt>
      <trkpt lat="39.303381" lon="-77.950324"></trkpt>
      <trkpt lat="39.303350" lon="-77.949908"></trkpt>
      <trkpt lat="39.303319" lon="-77.949493"></trkpt>
      <trkpt lat="39.303311" lon="-77.949323"></trkpt>
      <trkpt lat="39.303298" lon="-77.949050"></trkpt>
      <trkpt lat="39.303314" lon="-77.947803"></trkpt>
      <trkpt lat="39.303327" lon="-77.947534"></trkpt>
      <trkpt lat="39.303379" lon="-77.944983"></trkpt>
      <trkpt lat="39.303447" lon="-77.942766"></trkpt>
      <trkpt lat="39.303448" lon="-77.942760"></trkpt>
      <trkpt lat="39.303485" lon="-77.941470"></trkpt>
      <trkpt lat="39.303514" lon="-77.940462"></trkpt>
      <trkpt lat="39.303595" lon="-77.938429"></trkpt>
      <trkpt lat="39.303602" lon="-77.938150"></trkpt>
      <trkpt lat="39.303648" lon="-77.936531"></trkpt>
      <trkpt lat="39.303695" lon="-77.934905"></trkpt>
      <trkpt lat="39.303702" lon="-77.934635"></trkpt>
      <trkpt lat="39.303716" lon="-77.934281"></trkpt>
      <trkpt lat="39.303763" lon="-77.932926"></trkpt>
      <trkpt lat="39.303913" lon="-77.928798"></trkpt>
      <trkpt lat="39.303981" lon="-77.926718"></trkpt>
      <trkpt lat="39.303989" lon="-77.926185"></trkpt>
      <trkpt lat="39.303955" lon="-77.924279"></trkpt>
      <trkpt lat="39.303952" lon="-77.924116"></trkpt>
      <trkpt lat="39.303940" lon="-77.922805"></trkpt>
      <trkpt lat="39.303909" lon="-77.919963"></trkpt>
      <trkpt lat="39.303906" lon="-77.919681"></trkpt>
      <trkpt lat="39.303880" lon="-77.917312"></trkpt>
      <trkpt lat="39.303872" lon="-77.916380"></trkpt>
      <trkpt lat="39.303866" lon="-77.916025"></trkpt>
      <trkpt lat="39.303847" lon="-77.915779"></trkpt>
      <trkpt lat="39.303827" lon="-77.915627"></trkpt>
      <trkpt lat="39.303779" lon="-77.915404"></trkpt>
      <trkpt lat="39.303727" lon="-77.915201"></trkpt>
      <trkpt lat="39.303320" lon="-77.913842"></trkpt>
      <trkpt lat="39.302514" lon="-77.911121"></trkpt>
      <trkpt lat="39.302325" lon="-77.910490"></trkpt>
      <trkpt lat="39.302231" lon="-77.910223"></trkpt>
      <trkpt lat="39.302131" lon="-77.909970"></trkpt>
      <trkpt lat="39.301706" lon="-77.909053"></trkpt>
      <trkpt lat="39.301384" lon="-77.908348"></trkpt>
      <trkpt lat="39.300795" lon="-77.907039"></trkpt>
      <trkpt lat="39.300646" lon="-77.906751"></trkpt>
      <trkpt lat="39.300389" lon="-77.906258"></trkpt>
      <trkpt lat="39.299728" lon="-77.905061"></trkpt>
      <trkpt lat="39.299642" lon="-77.904908"></trkpt>
      <trkpt lat="39.297213" lon="-77.900583"></trkpt>
      <trkpt lat="39.296912" lon="-77.900065"></trkpt>
      <trkpt lat="39.296758" lon="-77.899787"></trkpt>
      <trkpt lat="39.296650" lon="-77.899602"></trkpt>
      <trkpt lat="39.296359" lon="-77.899071"></trkpt>
      <trkpt lat="39.295613" lon="-77.897692"></trkpt>
      <trkpt lat="39.295044" lon="-77.896684"></trkpt>
      <trkpt lat="39.293685" lon="-77.894085"></trkpt>
      <trkpt lat="39.292866" lon="-77.892583"></trkpt>
      <trkpt lat="39.292441" lon="-77.891855"></trkpt>
      <trkpt lat="39.292218" lon="-77.891444"></trkpt>
      <trkpt lat="39.291866" lon="-77.890765"></trkpt>
      <trkpt lat="39.291674" lon="-77.890367"></trkpt>
      <trkpt lat="39.291354" lon="-77.889567"></trkpt>
      <trkpt lat="39.290809" lon="-77.888086"></trkpt>
      <trkpt lat="39.290074" lon="-77.885942"></trkpt>
      <trkpt lat="39.289951" lon="-77.885416"></trkpt>
      <trkpt lat="39.289870" lon="-77.884909"></trkpt>
      <trkpt lat="39.289789" lon="-77.884461"></trkpt>
      <trkpt lat="39.289695" lon="-77.883802"></trkpt>
      <trkpt lat="39.289649" lon="-77.883488"></trkpt>
      <trkpt lat="39.289513" lon="-77.882582"></trkpt>
      <trkpt lat="39.289264" lon="-77.880943"></trkpt>
      <trkpt lat="39.288988" lon="-77.879512"></trkpt>
      <trkpt lat="39.288167" lon="-77.875780"></trkpt>
      <trkpt lat="39.288160" lon="-77.875747"></trkpt>
      <trkpt lat="39.287750" lon="-77.873834"></trkpt>
      <trkpt lat="39.287272" lon="-77.871617"></trkpt>
      <trkpt lat="39.287247" lon="-77.871500"></trkpt>
      <trkpt lat="39.287238" lon="-77.871451"></trkpt>
      <trkpt lat="39.287193" lon="-77.871222"></trkpt>
      <trkpt lat="39.287152" lon="-77.871011"></trkpt>
      <trkpt lat="39.287070" lon="-77.870588"></trkpt>
      <trkpt lat="39.286909" lon="-77.869883"></trkpt>
      <trkpt lat="39.286758" lon="-77.869171"></trkpt>
      <trkpt lat="39.286473" lon="-77.867814"></trkpt>
      <trkpt lat="39.286463" lon="-77.867742"></trkpt>
      <trkpt lat="39.286461" lon="-77.867681"></trkpt>
      <trkpt lat="39.286468" lon="-77.867570"></trkpt>
      <trkpt lat="39.286796" lon="-77.866640"></trkpt>
      <trkpt lat="39.286988" lon="-77.866009"></trkpt>
      <trkpt lat="39.287295" lon="-77.865172"></trkpt>
      <trkpt lat="39.287414" lon="-77.864832"></trkpt>
      <trkpt lat="39.287796" lon="-77.863654"></trkpt>
      <trkpt lat="39.287973" lon="-77.863139"></trkpt>
      <trkpt lat="39.288011" lon="-77.863030"></trkpt>
      <trkpt lat="39.288228" lon="-77.862398"></trkpt>
      <trkpt lat="39.288661" lon="-77.861165"></trkpt>
      <trkpt lat="39.288949" lon="-77.860286"></trkpt>
      <trkpt lat="39.289066" lon="-77.859929"></trkpt>
      <trkpt lat="39.289396" lon="-77.859008"></trkpt>
      <trkpt lat="39.289522" lon="-77.858659"></trkpt>
      <trkpt lat="39.289933" lon="-77.857413"></trkpt>
      <trkpt lat="39.290348" lon="-77.856165"></trkpt>
      <trkpt lat="39.290757" lon="-77.854960"></trkpt>
      <trkpt lat="39.291113" lon="-77.853901"></trkpt>
      <trkpt lat="39.291178" lon="-77.853704"></trkpt>
      <trkpt lat="39.291525" lon="-77.852664"></trkpt>
      <trkpt lat="39.291544" lon="-77.852602"></trkpt>
      <trkpt lat="39.291673" lon="-77.852211"></trkpt>
      <trkpt lat="39.291849" lon="-77.851681"></trkpt>
      <trkpt lat="39.291866" lon="-77.851628"></trkpt>
      <trkpt lat="39.291955" lon="-77.851360"></trkpt>
      <trkpt lat="39.291986" lon="-77.851274"></trkpt>
      <trkpt lat="39.292051" lon="-77.851067"></trkpt>
      <trkpt lat="39.292157" lon="-77.850726"></trkpt>
      <trkpt lat="39.292302" lon="-77.850264"></trkpt>
      <trkpt lat="39.292351" lon="-77.850131"></trkpt>
      <trkpt lat="39.292386" lon="-77.850035"></trkpt>
      <trkpt lat="39.292471" lon="-77.849805"></trkpt>
      <trkpt lat="39.292534" lon="-77.849635"></trkpt>
      <trkpt lat="39.292536" lon="-77.849631"></trkpt>
      <trkpt lat="39.292594" lon="-77.849455"></trkpt>
      <trkpt lat="39.292629" lon="-77.849347"></trkpt>
      <trkpt lat="39.292637" lon="-77.849324"></trkpt>
      <trkpt lat="39.292691" lon="-77.849158"></trkpt>
      <trkpt lat="39.292729" lon="-77.849043"></trkpt>
      <trkpt lat="39.292802" lon="-77.848821"></trkpt>
      <trkpt lat="39.292908" lon="-77.848498"></trkpt>
      <trkpt lat="39.292984" lon="-77.848242"></trkpt>
      <trkpt lat="39.293054" lon="-77.847967"></trkpt>
      <trkpt lat="39.293089" lon="-77.847826"></trkpt>
      <trkpt lat="39.293108" lon="-77.847753"></trkpt>
      <trkpt lat="39.293231" lon="-77.847410"></trkpt>
      <trkpt lat="39.293289" lon="-77.847251"></trkpt>
      <trkpt lat="39.293338" lon="-77.847131"></trkpt>
      <trkpt lat="39.293437" lon="-77.846853"></trkpt>
      <trkpt lat="39.293527" lon="-77.846597"></trkpt>
      <trkpt lat="39.293584" lon="-77.846437"></trkpt>
      <trkpt lat="39.293617" lon="-77.846353"></trkpt>
      <trkpt lat="39.293675" lon="-77.846210"></trkpt>
      <trkpt lat="39.293836" lon="-77.845798"></trkpt>
      <trkpt lat="39.294211" lon="-77.844933"></trkpt>
      <trkpt lat="39.294572" lon="-77.844161"></trkpt>
      <trkpt lat="39.294730" lon="-77.843732"></trkpt>
      <trkpt lat="39.294793" lon="-77.843533"></trkpt>
      <trkpt lat="39.294967" lon="-77.842975"></trkpt>
      <trkpt lat="39.295133" lon="-77.842369"></trkpt>
      <trkpt lat="39.295279" lon="-77.841480"></trkpt>
      <trkpt lat="39.295419" lon="-77.840438"></trkpt>
      <trkpt lat="39.295465" lon="-77.839982"></trkpt>
      <trkpt lat="39.295563" lon="-77.839109"></trkpt>
      <trkpt lat="39.295620" lon="-77.838629"></trkpt>
      <trkpt lat="39.295731" lon="-77.837663"></trkpt>
      <trkpt lat="39.295795" lon="-77.837252"></trkpt>
      <trkpt lat="39.295890" lon="-77.836720"></trkpt>
      <trkpt lat="39.295993" lon="-77.836216"></trkpt>
      <trkpt lat="39.296168" lon="-77.835510"></trkpt>
      <trkpt lat="39.296324" lon="-77.834934"></trkpt>
      <trkpt lat="39.296773" lon="-77.833464"></trkpt>
      <trkpt lat="39.296860" lon="-77.833209"></trkpt>
      <trkpt lat="39.297532" lon="-77.831254"></trkpt>
      <trkpt lat="39.298152" lon="-77.829528"></trkpt>
      <trkpt lat="39.298687" lon="-77.828019"></trkpt>
      <trkpt lat="39.299043" lon="-77.827032"></trkpt>
      <trkpt lat="39.299175" lon="-77.826666"></trkpt>
      <trkpt lat="39.299803" lon="-77.824919"></trkpt>
      <trkpt lat="39.300555" lon="-77.822934"></trkpt>
      <trkpt lat="39.301073" lon="-77.821652"></trkpt>
      <trkpt lat="39.301796" lon="-77.819903"></trkpt>
      <trkpt lat="39.302800" lon="-77.817489"></trkpt>
      <trkpt lat="39.303249" lon="-77.816373"></trkpt>
      <trkpt lat="39.303349" lon="-77.816149"></trkpt>
      <trkpt lat="39.303161" lon="-77.816094"></trkpt>
      <trkpt lat="39.303088" lon="-77.816068"></trkpt>
      <trkpt lat="39.303128" lon="-77.815971"></trkpt>
      <trkpt lat="39.303128" lon="-77.815971"></trkpt>
      <trkpt lat="39.303088" lon="-77.816068"></trkpt>
      <trkpt lat="39.303003" lon="-77.816037"></trkpt>
      <trkpt lat="39.303003" lon="-77.816037"></trkpt>
      <trkpt lat="39.303088" lon="-77.816068"></trkpt>
      <trkpt lat="39.303161" lon="-77.816094"></trkpt>
      <trkpt lat="39.303349" lon="-77.816149"></trkpt>
      <trkpt lat="39.303521" lon="-77.816214"></trkpt>
      <trkpt lat="39.301069" lon="-77.822161"></trkpt>
      <trkpt lat="39.300289" lon="-77.824184"></trkpt>
      <trkpt lat="39.299980" lon="-77.825021"></trkpt>
      <trkpt lat="39.298862" lon="-77.828055"></trkpt>
      <trkpt lat="39.298318" lon="-77.829608"></trkpt>
      <trkpt lat="39.297658" lon="-77.831406"></trkpt>
      <trkpt lat="39.297334" lon="-77.832230"></trkpt>
      <trkpt lat="39.297046" lon="-77.833049"></trkpt>
      <trkpt lat="39.296972" lon="-77.833260"></trkpt>
      <trkpt lat="39.296848" lon="-77.833614"></trkpt>
      <trkpt lat="39.296654" lon="-77.834194"></trkpt>
      <trkpt lat="39.296370" lon="-77.835208"></trkpt>
      <trkpt lat="39.296230" lon="-77.835796"></trkpt>
      <trkpt lat="39.296071" lon="-77.836479"></trkpt>
      <trkpt lat="39.295934" lon="-77.837187"></trkpt>
      <trkpt lat="39.295860" lon="-77.837737"></trkpt>
      <trkpt lat="39.295832" lon="-77.838062"></trkpt>
      <trkpt lat="39.295845" lon="-77.838221"></trkpt>
      <trkpt lat="39.295881" lon="-77.838341"></trkpt>
      <trkpt lat="39.295939" lon="-77.838458"></trkpt>
      <trkpt lat="39.296010" lon="-77.838556"></trkpt>
      <trkpt lat="39.296104" lon="-77.838657"></trkpt>
      <trkpt lat="39.296304" lon="-77.838785"></trkpt>
      <trkpt lat="39.296873" lon="-77.839007"></trkpt>
      <trkpt lat="39.297781" lon="-77.839392"></trkpt>
      <trkpt lat="39.298628" lon="-77.839767"></trkpt>
      <trkpt lat="39.299091" lon="-77.839975"></trkpt>
      <trkpt lat="39.299844" lon="-77.840217"></trkpt>
      <trkpt lat="39.300945" lon="-77.840417"></trkpt>
      <trkpt lat="39.301912" lon="-77.840583"></trkpt>
      <trkpt lat="39.302833" lon="-77.840760"></trkpt>
      <trkpt lat="39.304043" lon="-77.840990"></trkpt>
      <trkpt lat="39.305121" lon="-77.841225"></trkpt>
      <trkpt lat="39.305463" lon="-77.841309"></trkpt>
      <trkpt lat="39.305884" lon="-77.841421"></trkpt>
      <trkpt lat="39.306473" lon="-77.841579"></trkpt>
      <trkpt lat="39.307412" lon="-77.841893"></trkpt>
      <trkpt lat="39.308370" lon="-77.842307"></trkpt>
      <trkpt lat="39.309309" lon="-77.842751"></trkpt>
      <trkpt lat="39.309696" lon="-77.842956"></trkpt>
      <trkpt lat="39.310468" lon="-77.843413"></trkpt>
      <trkpt lat="39.311764" lon="-77.844255"></trkpt>
      <trkpt lat="39.313326" lon="-77.845309"></trkpt>
      <trkpt lat="39.314049" lon="-77.845802"></trkpt>
      <trkpt lat="39.316737" lon="-77.847595"></trkpt>
      <trkpt lat="39.317388" lon="-77.848041"></trkpt>
      <trkpt lat="39.319173" lon="-77.849263"></trkpt>
      <trkpt lat="39.319337" lon="-77.849366"></trkpt>
      <trkpt lat="39.319674" lon="-77.849577"></trkpt>
      <trkpt lat="39.319804" lon="-77.849658"></trkpt>
      <trkpt lat="39.320156" lon="-77.849900"></trkpt>
      <trkpt lat="39.321293" lon="-77.850679"></trkpt>
      <trkpt lat="39.323203" lon="-77.851924"></trkpt>
      <trkpt lat="39.323900" lon="-77.852342"></trkpt>
      <trkpt lat="39.324841" lon="-77.852861"></trkpt>
      <trkpt lat="39.325346" lon="-77.853105"></trkpt>
      <trkpt lat="39.325850" lon="-77.853328"></trkpt>
      <trkpt lat="39.326318" lon="-77.853514"></trkpt>
      <trkpt lat="39.326985" lon="-77.853769"></trkpt>
      <trkpt lat="39.327719" lon="-77.853993"></trkpt>
      <trkpt lat="39.328234" lon="-77.854187"></trkpt>
      <trkpt lat="39.328630" lon="-77.854370"></trkpt>
      <trkpt lat="39.328875" lon="-77.854520"></trkpt>
      <trkpt lat="39.329211" lon="-77.854773"></trkpt>
      <trkpt lat="39.329709" lon="-77.855148"></trkpt>
      <trkpt lat="39.330601" lon="-77.855888"></trkpt>
      <trkpt lat="39.331108" lon="-77.856215"></trkpt>
      <trkpt lat="39.331510" lon="-77.856376"></trkpt>
      <trkpt lat="39.331908" lon="-77.856499"></trkpt>
      <trkpt lat="39.332340" lon="-77.856564"></trkpt>
      <trkpt lat="39.332522" lon="-77.856575"></trkpt>
      <trkpt lat="39.332655" lon="-77.856569"></trkpt>
      <trkpt lat="39.333116" lon="-77.856499"></trkpt>
      <trkpt lat="39.333489" lon="-77.856424"></trkpt>
      <trkpt lat="39.333825" lon="-77.856301"></trkpt>
      <trkpt lat="39.334838" lon="-77.855909"></trkpt>
      <trkpt lat="39.335555" lon="-77.855625"></trkpt>
      <trkpt lat="39.336045" lon="-77.855459"></trkpt>
      <trkpt lat="39.336501" lon="-77.855303"></trkpt>
      <trkpt lat="39.337120" lon="-77.855196"></trkpt>
      <trkpt lat="39.338016" lon="-77.855089"></trkpt>
      <trkpt lat="39.338775" lon="-77.855083"></trkpt>
      <trkpt lat="39.339480" lon="-77.855142"></trkpt>
      <trkpt lat="39.341215" lon="-77.855394"></trkpt>
      <trkpt lat="39.342704" lon="-77.855630"></trkpt>
      <trkpt lat="39.343575" lon="-77.855732"></trkpt>
      <trkpt lat="39.343969" lon="-77.855732"></trkpt>
      <trkpt lat="39.344488" lon="-77.855700"></trkpt>
      <trkpt lat="39.345214" lon="-77.855663"></trkpt>
      <trkpt lat="39.346056" lon="-77.855593"></trkpt>
      <trkpt lat="39.346711" lon="-77.855545"></trkpt>
      <trkpt lat="39.348255" lon="-77.855427"></trkpt>
      <trkpt lat="39.348549" lon="-77.855421"></trkpt>
      <trkpt lat="39.349744" lon="-77.855325"></trkpt>
      <trkpt lat="39.350536" lon="-77.855266"></trkpt>
      <trkpt lat="39.351208" lon="-77.855228"></trkpt>
      <trkpt lat="39.351378" lon="-77.855223"></trkpt>
      <trkpt lat="39.351768" lon="-77.855255"></trkpt>
      <trkpt lat="39.352270" lon="-77.855330"></trkpt>
      <trkpt lat="39.352959" lon="-77.855528"></trkpt>
      <trkpt lat="39.353394" lon="-77.855722"></trkpt>
      <trkpt lat="39.354182" lon="-77.856253"></trkpt>
      <trkpt lat="39.354767" lon="-77.856821"></trkpt>
      <trkpt lat="39.355456" lon="-77.857642"></trkpt>
      <trkpt lat="39.356505" lon="-77.858999"></trkpt>
      <trkpt lat="39.357455" lon="-77.860196"></trkpt>
      <trkpt lat="39.358451" lon="-77.861424"></trkpt>
      <trkpt lat="39.359037" lon="-77.862147"></trkpt>
      <trkpt lat="39.359521" lon="-77.862744"></trkpt>
      <trkpt lat="39.361491" lon="-77.865249"></trkpt>
      <trkpt lat="39.361996" lon="-77.865866"></trkpt>
      <trkpt lat="39.362231" lon="-77.866146"></trkpt>
      <trkpt lat="39.363465" lon="-77.867529"></trkpt>
      <trkpt lat="39.364277" lon="-77.868374"></trkpt>
      <trkpt lat="39.364456" lon="-77.868584"></trkpt>
      <trkpt lat="39.365275" lon="-77.869480"></trkpt>
      <trkpt lat="39.366468" lon="-77.870860"></trkpt>
      <trkpt lat="39.367061" lon="-77.871606"></trkpt>
      <trkpt lat="39.367670" lon="-77.872523"></trkpt>
      <trkpt lat="39.368309" lon="-77.873553"></trkpt>
      <trkpt lat="39.369375" lon="-77.875506"></trkpt>
      <trkpt lat="39.370764" lon="-77.878064"></trkpt>
      <trkpt lat="39.372037" lon="-77.880446"></trkpt>
      <trkpt lat="39.372908" lon="-77.882066"></trkpt>
      <trkpt lat="39.373410" lon="-77.882962"></trkpt>
      <trkpt lat="39.373588" lon="-77.883214"></trkpt>
      <trkpt lat="39.373916" lon="-77.883649"></trkpt>
      <trkpt lat="39.375172" lon="-77.884985"></trkpt>
      <trkpt lat="39.376076" lon="-77.886036"></trkpt>
      <trkpt lat="39.376346" lon="-77.886438"></trkpt>
      <trkpt lat="39.376810" lon="-77.887291"></trkpt>
      <trkpt lat="39.377078" lon="-77.887823"></trkpt>
      <trkpt lat="39.377247" lon="-77.888169"></trkpt>
      <trkpt lat="39.378139" lon="-77.889958"></trkpt>
      <trkpt lat="39.378458" lon="-77.890574"></trkpt>
      <trkpt lat="39.379111" lon="-77.891765"></trkpt>
      <trkpt lat="39.379611" lon="-77.892664"></trkpt>
      <trkpt lat="39.380000" lon="-77.893239"></trkpt>
      <trkpt lat="39.380325" lon="-77.893661"></trkpt>
      <trkpt lat="39.380614" lon="-77.893947"></trkpt>
      <trkpt lat="39.380977" lon="-77.894230"></trkpt>
      <trkpt lat="39.381444" lon="-77.894500"></trkpt>
      <trkpt lat="39.381809" lon="-77.894665"></trkpt>
      <trkpt lat="39.382189" lon="-77.894818"></trkpt>
      <trkpt lat="39.382535" lon="-77.894901"></trkpt>
      <trkpt lat="39.382934" lon="-77.894955"></trkpt>
      <trkpt lat="39.383272" lon="-77.894947"></trkpt>
      <trkpt lat="39.383655" lon="-77.894901"></trkpt>
      <trkpt lat="39.384159" lon="-77.894775"></trkpt>
      <trkpt lat="39.384431" lon="-77.894681"></trkpt>
      <trkpt lat="39.384600" lon="-77.894622"></trkpt>
      <trkpt lat="39.385652" lon="-77.894174"></trkpt>
      <trkpt lat="39.387411" lon="-77.893431"></trkpt>
      <trkpt lat="39.388390" lon="-77.893045"></trkpt>
      <trkpt lat="39.388738" lon="-77.892927"></trkpt>
      <trkpt lat="39.389044" lon="-77.892876"></trkpt>
      <trkpt lat="39.389483" lon="-77.892854"></trkpt>
      <trkpt lat="39.389956" lon="-77.892887"></trkpt>
      <trkpt lat="39.390461" lon="-77.892983"></trkpt>
      <trkpt lat="39.390910" lon="-77.893120"></trkpt>
      <trkpt lat="39.391324" lon="-77.893348"></trkpt>
      <trkpt lat="39.391764" lon="-77.893656"></trkpt>
      <trkpt lat="39.392146" lon="-77.893978"></trkpt>
      <trkpt lat="39.392561" lon="-77.894364"></trkpt>
      <trkpt lat="39.392884" lon="-77.894772"></trkpt>
      <trkpt lat="39.393174" lon="-77.895244"></trkpt>
      <trkpt lat="39.393497" lon="-77.895834"></trkpt>
      <trkpt lat="39.393705" lon="-77.896382"></trkpt>
      <trkpt lat="39.393854" lon="-77.896864"></trkpt>
      <trkpt lat="39.393978" lon="-77.897379"></trkpt>
      <trkpt lat="39.394078" lon="-77.897969"></trkpt>
      <trkpt lat="39.394119" lon="-77.898570"></trkpt>
      <trkpt lat="39.394128" lon="-77.899568"></trkpt>
      <trkpt lat="39.394103" lon="-77.903645"></trkpt>
      <trkpt lat="39.394070" lon="-77.904353"></trkpt>
      <trkpt lat="39.394036" lon="-77.905093"></trkpt>
      <trkpt lat="39.393953" lon="-77.905952"></trkpt>
      <trkpt lat="39.393887" lon="-77.906660"></trkpt>
      <trkpt lat="39.393862" lon="-77.907379"></trkpt>
      <trkpt lat="39.393837" lon="-77.909267"></trkpt>
      <trkpt lat="39.393862" lon="-77.913870"></trkpt>
      <trkpt lat="39.393862" lon="-77.914524"></trkpt>
      <trkpt lat="39.393887" lon="-77.915082"></trkpt>
      <trkpt lat="39.393937" lon="-77.915504"></trkpt>
      <trkpt lat="39.394028" lon="-77.916058"></trkpt>
      <trkpt lat="39.394043" lon="-77.916127"></trkpt>
      <trkpt lat="39.394119" lon="-77.916477"></trkpt>
      <trkpt lat="39.394277" lon="-77.916992"></trkpt>
      <trkpt lat="39.394426" lon="-77.917421"></trkpt>
      <trkpt lat="39.394683" lon="-77.917979"></trkpt>
      <trkpt lat="39.394865" lon="-77.918343"></trkpt>
      <trkpt lat="39.395139" lon="-77.918794"></trkpt>
      <trkpt lat="39.395446" lon="-77.919309"></trkpt>
      <trkpt lat="39.395695" lon="-77.919695"></trkpt>
      <trkpt lat="39.395927" lon="-77.920017"></trkpt>
      <trkpt lat="39.396192" lon="-77.920328"></trkpt>
      <trkpt lat="39.396433" lon="-77.920554"></trkpt>
      <trkpt lat="39.396636" lon="-77.920761"></trkpt>
      <trkpt lat="39.396780" lon="-77.920890"></trkpt>
      <trkpt lat="39.397047" lon="-77.921123"></trkpt>
      <trkpt lat="39.397516" lon="-77.921436"></trkpt>
      <trkpt lat="39.397825" lon="-77.921665"></trkpt>
      <trkpt lat="39.398241" lon="-77.921879"></trkpt>
      <trkpt lat="39.398738" lon="-77.922080"></trkpt>
      <trkpt lat="39.399261" lon="-77.922244"></trkpt>
      <trkpt lat="39.400181" lon="-77.922506"></trkpt>
      <trkpt lat="39.402845" lon="-77.923347"></trkpt>
      <trkpt lat="39.406519" lon="-77.924449"></trkpt>
      <trkpt lat="39.409243" lon="-77.925298"></trkpt>
      <trkpt lat="39.411535" lon="-77.925983"></trkpt>
      <trkpt lat="39.413161" lon="-77.926489"></trkpt>
      <trkpt lat="39.413850" lon="-77.926699"></trkpt>
      <trkpt lat="39.415162" lon="-77.927124"></trkpt>
      <trkpt lat="39.415551" lon="-77.927220"></trkpt>
      <trkpt lat="39.416115" lon="-77.927391"></trkpt>
      <trkpt lat="39.416545" lon="-77.927521"></trkpt>
      <trkpt lat="39.417041" lon="-77.927712"></trkpt>
      <trkpt lat="39.417480" lon="-77.927896"></trkpt>
      <trkpt lat="39.417998" lon="-77.928127"></trkpt>
      <trkpt lat="39.418370" lon="-77.928326"></trkpt>
      <trkpt lat="39.418784" lon="-77.928587"></trkpt>
      <trkpt lat="39.418894" lon="-77.928662"></trkpt>
      <trkpt lat="39.419183" lon="-77.928859"></trkpt>
      <trkpt lat="39.419296" lon="-77.928937"></trkpt>
      <trkpt lat="39.419713" lon="-77.929241"></trkpt>
      <trkpt lat="39.420060" lon="-77.929538"></trkpt>
      <trkpt lat="39.420478" lon="-77.929936"></trkpt>
      <trkpt lat="39.420901" lon="-77.930381"></trkpt>
      <trkpt lat="39.421218" lon="-77.930711"></trkpt>
      <trkpt lat="39.421540" lon="-77.931102"></trkpt>
      <trkpt lat="39.421826" lon="-77.931478"></trkpt>
      <trkpt lat="39.422133" lon="-77.931896"></trkpt>
      <trkpt lat="39.422720" lon="-77.932802"></trkpt>
      <trkpt lat="39.423094" lon="-77.933562"></trkpt>
      <trkpt lat="39.423386" lon="-77.934207"></trkpt>
      <trkpt lat="39.423609" lon="-77.934755"></trkpt>
      <trkpt lat="39.423734" lon="-77.935128"></trkpt>
      <trkpt lat="39.423884" lon="-77.935564"></trkpt>
      <trkpt lat="39.424252" lon="-77.936576"></trkpt>
      <trkpt lat="39.424464" lon="-77.937120"></trkpt>
      <trkpt lat="39.424666" lon="-77.937586"></trkpt>
      <trkpt lat="39.424738" lon="-77.937736"></trkpt>
      <trkpt lat="39.424890" lon="-77.938033"></trkpt>
      <trkpt lat="39.425018" lon="-77.938266"></trkpt>
      <trkpt lat="39.425166" lon="-77.938525"></trkpt>
      <trkpt lat="39.425390" lon="-77.938878"></trkpt>
      <trkpt lat="39.425737" lon="-77.939384"></trkpt>
      <trkpt lat="39.426314" lon="-77.940243"></trkpt>
      <trkpt lat="39.426693" lon="-77.940780"></trkpt>
      <trkpt lat="39.427352" lon="-77.941745"></trkpt>
      <trkpt lat="39.427633" lon="-77.942267"></trkpt>
      <trkpt lat="39.427822" lon="-77.942743"></trkpt>
      <trkpt lat="39.427994" lon="-77.943270"></trkpt>
      <trkpt lat="39.428594" lon="-77.945370"></trkpt>
      <trkpt lat="39.428819" lon="-77.946026"></trkpt>
      <trkpt lat="39.429004" lon="-77.946428"></trkpt>
      <trkpt lat="39.429186" lon="-77.946751"></trkpt>
      <trkpt lat="39.429751" lon="-77.947619"></trkpt>
      <trkpt lat="39.430155" lon="-77.948229"></trkpt>
      <trkpt lat="39.430367" lon="-77.948543"></trkpt>
      <trkpt lat="39.430839" lon="-77.949259"></trkpt>
      <trkpt lat="39.431081" lon="-77.949631"></trkpt>
      <trkpt lat="39.431198" lon="-77.949819"></trkpt>
      <trkpt lat="39.431312" lon="-77.950012"></trkpt>
      <trkpt lat="39.431447" lon="-77.950269"></trkpt>
      <trkpt lat="39.431572" lon="-77.950526"></trkpt>
      <trkpt lat="39.431680" lon="-77.950789"></trkpt>
      <trkpt lat="39.431777" lon="-77.951058"></trkpt>
      <trkpt lat="39.431851" lon="-77.951305"></trkpt>
      <trkpt lat="39.431912" lon="-77.951523"></trkpt>
      <trkpt lat="39.431995" lon="-77.951904"></trkpt>
      <trkpt lat="39.432061" lon="-77.952257"></trkpt>
      <trkpt lat="39.432294" lon="-77.953774"></trkpt>
      <trkpt lat="39.432369" lon="-77.954160"></trkpt>
      <trkpt lat="39.432437" lon="-77.954442"></trkpt>
      <trkpt lat="39.432467" lon="-77.954556"></trkpt>
      <trkpt lat="39.432518" lon="-77.954729"></trkpt>
      <trkpt lat="39.432572" lon="-77.954898"></trkpt>
      <trkpt lat="39.432628" lon="-77.955064"></trkpt>
      <trkpt lat="39.432721" lon="-77.955299"></trkpt>
      <trkpt lat="39.432820" lon="-77.955532"></trkpt>
      <trkpt lat="39.432919" lon="-77.955739"></trkpt>
      <trkpt lat="39.433028" lon="-77.955945"></trkpt>
      <trkpt lat="39.433180" lon="-77.956211"></trkpt>
      <trkpt lat="39.433389" lon="-77.956515"></trkpt>
      <trkpt lat="39.433576" lon="-77.956760"></trkpt>
      <trkpt lat="39.433656" lon="-77.956859"></trkpt>
      <trkpt lat="39.433904" lon="-77.957152"></trkpt>
      <trkpt lat="39.434170" lon="-77.957448"></trkpt>
      <trkpt lat="39.434869" lon="-77.958268"></trkpt>
      <trkpt lat="39.434953" lon="-77.958366"></trkpt>
      <trkpt lat="39.435419" lon="-77.958899"></trkpt>
      <trkpt lat="39.435586" lon="-77.959080"></trkpt>
      <trkpt lat="39.435832" lon="-77.959366"></trkpt>
      <trkpt lat="39.435958" lon="-77.959511"></trkpt>
      <trkpt lat="39.436531" lon="-77.960148"></trkpt>
      <trkpt lat="39.437164" lon="-77.960859"></trkpt>
      <trkpt lat="39.437408" lon="-77.961127"></trkpt>
      <trkpt lat="39.437601" lon="-77.961347"></trkpt>
      <trkpt lat="39.437765" lon="-77.961518"></trkpt>
      <trkpt lat="39.437947" lon="-77.961722"></trkpt>
      <trkpt lat="39.438556" lon="-77.962405"></trkpt>
      <trkpt lat="39.438957" lon="-77.962854"></trkpt>
      <trkpt lat="39.439305" lon="-77.963257"></trkpt>
      <trkpt lat="39.439475" lon="-77.963472"></trkpt>
      <trkpt lat="39.439614" lon="-77.963655"></trkpt>
      <trkpt lat="39.439914" lon="-77.964065"></trkpt>
      <trkpt lat="39.440034" lon="-77.964255"></trkpt>
      <trkpt lat="39.440528" lon="-77.965031"></trkpt>
      <trkpt lat="39.440987" lon="-77.965767"></trkpt>
      <trkpt lat="39.441071" lon="-77.965898"></trkpt>
      <trkpt lat="39.441138" lon="-77.966008"></trkpt>
      <trkpt lat="39.441231" lon="-77.966162"></trkpt>
      <trkpt lat="39.441319" lon="-77.966324"></trkpt>
      <trkpt lat="39.441401" lon="-77.966481"></trkpt>
      <trkpt lat="39.441488" lon="-77.966660"></trkpt>
      <trkpt lat="39.441618" lon="-77.966956"></trkpt>
      <trkpt lat="39.441745" lon="-77.967284"></trkpt>
      <trkpt lat="39.441836" lon="-77.967551"></trkpt>
      <trkpt lat="39.441933" lon="-77.967866"></trkpt>
      <trkpt lat="39.441995" lon="-77.968095"></trkpt>
      <trkpt lat="39.442059" lon="-77.968369"></trkpt>
      <trkpt lat="39.442081" lon="-77.968477"></trkpt>
      <trkpt lat="39.442154" lon="-77.968859"></trkpt>
      <trkpt lat="39.442207" lon="-77.969272"></trkpt>
      <trkpt lat="39.442236" lon="-77.969589"></trkpt>
      <trkpt lat="39.442256" lon="-77.969896"></trkpt>
      <trkpt lat="39.442261" lon="-77.970144"></trkpt>
      <trkpt lat="39.442257" lon="-77.970420"></trkpt>
      <trkpt lat="39.442247" lon="-77.970714"></trkpt>
      <trkpt lat="39.442221" lon="-77.971010"></trkpt>
      <trkpt lat="39.442205" lon="-77.971216"></trkpt>
      <trkpt lat="39.442179" lon="-77.971421"></trkpt>
      <trkpt lat="39.442140" lon="-77.971688"></trkpt>
      <trkpt lat="39.442087" lon="-77.971952"></trkpt>
      <trkpt lat="39.441965" lon="-77.972468"></trkpt>
      <trkpt lat="39.441809" lon="-77.972974"></trkpt>
      <trkpt lat="39.441726" lon="-77.973201"></trkpt>
      <trkpt lat="39.441591" lon="-77.973549"></trkpt>
      <trkpt lat="39.441036" lon="-77.974964"></trkpt>
      <trkpt lat="39.440962" lon="-77.975166"></trkpt>
      <trkpt lat="39.440914" lon="-77.975308"></trkpt>
      <trkpt lat="39.440872" lon="-77.975451"></trkpt>
      <trkpt lat="39.440836" lon="-77.975589"></trkpt>
      <trkpt lat="39.440795" lon="-77.975758"></trkpt>
      <trkpt lat="39.440771" lon="-77.975867"></trkpt>
      <trkpt lat="39.440752" lon="-77.975977"></trkpt>
      <trkpt lat="39.440719" lon="-77.976215"></trkpt>
      <trkpt lat="39.440690" lon="-77.976542"></trkpt>
      <trkpt lat="39.440681" lon="-77.976747"></trkpt>
      <trkpt lat="39.440682" lon="-77.976934"></trkpt>
      <trkpt lat="39.440692" lon="-77.977178"></trkpt>
      <trkpt lat="39.440725" lon="-77.977560"></trkpt>
      <trkpt lat="39.440757" lon="-77.977793"></trkpt>
      <trkpt lat="39.440855" lon="-77.978232"></trkpt>
      <trkpt lat="39.441251" lon="-77.979687"></trkpt>
      <trkpt lat="39.441721" lon="-77.981321"></trkpt>
      <trkpt lat="39.441908" lon="-77.981979"></trkpt>
      <trkpt lat="39.441900" lon="-77.982207"></trkpt>
      <trkpt lat="39.442122" lon="-77.982937"></trkpt>
      <trkpt lat="39.442165" lon="-77.983087"></trkpt>
      <trkpt lat="39.442312" lon="-77.983662"></trkpt>
      <trkpt lat="39.442335" lon="-77.983759"></trkpt>
      <trkpt lat="39.442575" lon="-77.984571"></trkpt>
      <trkpt lat="39.442662" lon="-77.984873"></trkpt>
      <trkpt lat="39.442765" lon="-77.985251"></trkpt>
      <trkpt lat="39.442826" lon="-77.985487"></trkpt>
      <trkpt lat="39.442895" lon="-77.985790"></trkpt>
      <trkpt lat="39.442933" lon="-77.985976"></trkpt>
      <trkpt lat="39.442956" lon="-77.986069"></trkpt>
      <trkpt lat="39.443024" lon="-77.986402"></trkpt>
      <trkpt lat="39.443051" lon="-77.986513"></trkpt>
      <trkpt lat="39.443110" lon="-77.986783"></trkpt>
      <trkpt lat="39.443153" lon="-77.987019"></trkpt>
      <trkpt lat="39.443195" lon="-77.987257"></trkpt>
      <trkpt lat="39.443230" lon="-77.987432"></trkpt>
      <trkpt lat="39.443326" lon="-77.987604"></trkpt>
      <trkpt lat="39.443361" lon="-77.987749"></trkpt>
      <trkpt lat="39.443381" lon="-77.987862"></trkpt>
      <trkpt lat="39.443405" lon="-77.987972"></trkpt>
      <trkpt lat="39.443448" lon="-77.988066"></trkpt>
      <trkpt lat="39.443488" lon="-77.988116"></trkpt>
      <trkpt lat="39.443572" lon="-77.988184"></trkpt>
      <trkpt lat="39.443810" lon="-77.988177"></trkpt>
      <trkpt lat="39.444159" lon="-77.988177"></trkpt>
      <trkpt lat="39.444411" lon="-77.988187"></trkpt>
      <trkpt lat="39.444626" lon="-77.988211"></trkpt>
      <trkpt lat="39.444827" lon="-77.988245"></trkpt>
      <trkpt lat="39.445029" lon="-77.988291"></trkpt>
      <trkpt lat="39.445253" lon="-77.988352"></trkpt>
      <trkpt lat="39.445487" lon="-77.988424"></trkpt>
      <trkpt lat="39.445804" lon="-77.988557"></trkpt>
      <trkpt lat="39.446396" lon="-77.988826"></trkpt>
      <trkpt lat="39.446633" lon="-77.988932"></trkpt>
      <trkpt lat="39.446842" lon="-77.989027"></trkpt>
      <trkpt lat="39.446998" lon="-77.989088"></trkpt>
      <trkpt lat="39.447135" lon="-77.989125"></trkpt>
      <trkpt lat="39.447308" lon="-77.989159"></trkpt>
      <trkpt lat="39.447612" lon="-77.989191"></trkpt>
      <trkpt lat="39.447888" lon="-77.989217"></trkpt>
      <trkpt lat="39.448621" lon="-77.989346"></trkpt>
      <trkpt lat="39.451159" lon="-77.989455"></trkpt>
      <trkpt lat="39.452713" lon="-77.989538"></trkpt>
      <trkpt lat="39.454245" lon="-77.989604"></trkpt>
      <trkpt lat="39.457587" lon="-77.989748"></trkpt>
      <trkpt lat="39.460244" lon="-77.989850"></trkpt>
      <trkpt lat="39.461337" lon="-77.989905"></trkpt>
      <trkpt lat="39.462430" lon="-77.989949"></trkpt>
      <trkpt lat="39.465191" lon="-77.990046"></trkpt>
      <trkpt lat="39.465923" lon="-77.990072"></trkpt>
      <trkpt lat="39.466239" lon="-77.990078"></trkpt>
      <trkpt lat="39.466604" lon="-77.990063"></trkpt>
      <trkpt lat="39.467009" lon="-77.990030"></trkpt>
      <trkpt lat="39.467325" lon="-77.989990"></trkpt>
      <trkpt lat="39.467683" lon="-77.989936"></trkpt>
      <trkpt lat="39.468167" lon="-77.989841"></trkpt>
      <trkpt lat="39.468296" lon="-77.989804"></trkpt>
      <trkpt lat="39.468517" lon="-77.989734"></trkpt>
      <trkpt lat="39.468938" lon="-77.989609"></trkpt>
      <trkpt lat="39.469452" lon="-77.989407"></trkpt>
      <trkpt lat="39.469900" lon="-77.989198"></trkpt>
      <trkpt lat="39.470367" lon="-77.988953"></trkpt>
      <trkpt lat="39.470687" lon="-77.988757"></trkpt>
      <trkpt lat="39.471296" lon="-77.988345"></trkpt>
      <trkpt lat="39.471785" lon="-77.987962"></trkpt>
      <trkpt lat="39.472379" lon="-77.987465"></trkpt>
      <trkpt lat="39.474275" lon="-77.985837"></trkpt>
      <trkpt lat="39.475222" lon="-77.985015"></trkpt>
      <trkpt lat="39.476194" lon="-77.984179"></trkpt>
      <trkpt lat="39.476404" lon="-77.984005"></trkpt>
      <trkpt lat="39.480767" lon="-77.980227"></trkpt>
      <trkpt lat="39.482515" lon="-77.978723"></trkpt>
      <trkpt lat="39.487544" lon="-77.974428"></trkpt>
      <trkpt lat="39.487997" lon="-77.974034"></trkpt>
      <trkpt lat="39.488451" lon="-77.973633"></trkpt>
      <trkpt lat="39.488913" lon="-77.973199"></trkpt>
      <trkpt lat="39.489305" lon="-77.972780"></trkpt>
      <trkpt lat="39.489758" lon="-77.972282"></trkpt>
      <trkpt lat="39.490339" lon="-77.971597"></trkpt>
      <trkpt lat="39.490803" lon="-77.970991"></trkpt>
      <trkpt lat="39.491112" lon="-77.970553"></trkpt>
      <trkpt lat="39.491536" lon="-77.969919"></trkpt>
      <trkpt lat="39.491799" lon="-77.969502"></trkpt>
      <trkpt lat="39.492081" lon="-77.969004"></trkpt>
      <trkpt lat="39.492382" lon="-77.968448"></trkpt>
      <trkpt lat="39.492685" lon="-77.967849"></trkpt>
      <trkpt lat="39.493064" lon="-77.967045"></trkpt>
      <trkpt lat="39.493483" lon="-77.966060"></trkpt>
      <trkpt lat="39.494256" lon="-77.964209"></trkpt>
      <trkpt lat="39.495909" lon="-77.960257"></trkpt>
      <trkpt lat="39.496140" lon="-77.959647"></trkpt>
      <trkpt lat="39.496285" lon="-77.959303"></trkpt>
      <trkpt lat="39.496446" lon="-77.958667"></trkpt>
      <trkpt lat="39.496527" lon="-77.958389"></trkpt>
      <trkpt lat="39.496566" lon="-77.958220"></trkpt>
      <trkpt lat="39.496590" lon="-77.958086"></trkpt>
      <trkpt lat="39.496613" lon="-77.957919"></trkpt>
      <trkpt lat="39.496624" lon="-77.957725"></trkpt>
      <trkpt lat="39.496613" lon="-77.957573"></trkpt>
      <trkpt lat="39.496588" lon="-77.957448"></trkpt>
      <trkpt lat="39.496558" lon="-77.957351"></trkpt>
      <trkpt lat="39.496514" lon="-77.957249"></trkpt>
      <trkpt lat="39.496459" lon="-77.957159"></trkpt>
      <trkpt lat="39.496406" lon="-77.957090"></trkpt>
      <trkpt lat="39.496334" lon="-77.957021"></trkpt>
      <trkpt lat="39.496264" lon="-77.956962"></trkpt>
      <trkpt lat="39.496199" lon="-77.956927"></trkpt>
      <trkpt lat="39.496125" lon="-77.956894"></trkpt>
      <trkpt lat="39.496066" lon="-77.956879"></trkpt>
      <trkpt lat="39.495989" lon="-77.956869"></trkpt>
      <trkpt lat="39.495913" lon="-77.956874"></trkpt>
      <trkpt lat="39.495800" lon="-77.956901"></trkpt>
      <trkpt lat="39.495712" lon="-77.956935"></trkpt>
      <trkpt lat="39.495618" lon="-77.956981"></trkpt>
      <trkpt lat="39.495507" lon="-77.957050"></trkpt>
      <trkpt lat="39.495395" lon="-77.957127"></trkpt>
      <trkpt lat="39.495268" lon="-77.957235"></trkpt>
      <trkpt lat="39.495157" lon="-77.957348"></trkpt>
      <trkpt lat="39.495067" lon="-77.957447"></trkpt>
      <trkpt lat="39.494989" lon="-77.957547"></trkpt>
      <trkpt lat="39.494921" lon="-77.957651"></trkpt>
      <trkpt lat="39.494858" lon="-77.957759"></trkpt>
      <trkpt lat="39.494802" lon="-77.957881"></trkpt>
      <trkpt lat="39.494767" lon="-77.957981"></trkpt>
      <trkpt lat="39.494741" lon="-77.958086"></trkpt>
      <trkpt lat="39.494727" lon="-77.958226"></trkpt>
      <trkpt lat="39.494733" lon="-77.958361"></trkpt>
      <trkpt lat="39.494749" lon="-77.958483"></trkpt>
      <trkpt lat="39.494794" lon="-77.958642"></trkpt>
      <trkpt lat="39.494837" lon="-77.958735"></trkpt>
      <trkpt lat="39.494884" lon="-77.958819"></trkpt>
      <trkpt lat="39.494946" lon="-77.958896"></trkpt>
      <trkpt lat="39.495035" lon="-77.958979"></trkpt>
      <trkpt lat="39.495162" lon="-77.959070"></trkpt>
      <trkpt lat="39.495284" lon="-77.959139"></trkpt>
      <trkpt lat="39.495383" lon="-77.959181"></trkpt>
      <trkpt lat="39.495479" lon="-77.959210"></trkpt>
      <trkpt lat="39.495628" lon="-77.959281"></trkpt>
      <trkpt lat="39.495984" lon="-77.959363"></trkpt>
      <trkpt lat="39.496809" lon="-77.959531"></trkpt>
      <trkpt lat="39.497003" lon="-77.959562"></trkpt>
      <trkpt lat="39.497763" lon="-77.959703"></trkpt>
      <trkpt lat="39.497944" lon="-77.959752"></trkpt>
      <trkpt lat="39.498143" lon="-77.959819"></trkpt>
      <trkpt lat="39.498296" lon="-77.959887"></trkpt>
      <trkpt lat="39.498429" lon="-77.959954"></trkpt>
      <trkpt lat="39.498621" lon="-77.960067"></trkpt>
      <trkpt lat="39.498888" lon="-77.960277"></trkpt>
      <trkpt lat="39.499158" lon="-77.960527"></trkpt>
      <trkpt lat="39.499342" lon="-77.960731"></trkpt>
      <trkpt lat="39.499541" lon="-77.960977"></trkpt>
      <trkpt lat="39.499702" lon="-77.961234"></trkpt>
      <trkpt lat="39.499834" lon="-77.961465"></trkpt>
      <trkpt lat="39.499969" lon="-77.961747"></trkpt>
      <trkpt lat="39.500068" lon="-77.962013"></trkpt>
      <trkpt lat="39.500128" lon="-77.962126"></trkpt>
      <trkpt lat="39.500402" lon="-77.962849"></trkpt>
      <trkpt lat="39.500593" lon="-77.963412"></trkpt>
      <trkpt lat="39.501039" lon="-77.964733"></trkpt>
      <trkpt lat="39.501129" lon="-77.964959"></trkpt>
      <trkpt lat="39.501266" lon="-77.965296"></trkpt>
      <trkpt lat="39.501404" lon="-77.965564"></trkpt>
      <trkpt lat="39.501532" lon="-77.965792"></trkpt>
      <trkpt lat="39.501547" lon="-77.965945"></trkpt>
      <trkpt lat="39.501589" lon="-77.966003"></trkpt>
      <trkpt lat="39.501748" lon="-77.966235"></trkpt>
      <trkpt lat="39.501800" lon="-77.966301"></trkpt>
      <trkpt lat="39.502098" lon="-77.966589"></trkpt>
      <trkpt lat="39.502264" lon="-77.966709"></trkpt>
      <trkpt lat="39.502431" lon="-77.966824"></trkpt>
      <trkpt lat="39.502494" lon="-77.966865"></trkpt>
      <trkpt lat="39.502553" lon="-77.966902"></trkpt>
      <trkpt lat="39.502761" lon="-77.967015"></trkpt>
      <trkpt lat="39.502862" lon="-77.967064"></trkpt>
      <trkpt lat="39.502963" lon="-77.967111"></trkpt>
      <trkpt lat="39.503092" lon="-77.967166"></trkpt>
      <trkpt lat="39.503222" lon="-77.967214"></trkpt>
      <trkpt lat="39.503633" lon="-77.967351"></trkpt>
      <trkpt lat="39.503764" lon="-77.967397"></trkpt>
      <trkpt lat="39.504043" lon="-77.967493"></trkpt>
      <trkpt lat="39.504349" lon="-77.967594"></trkpt>
      <trkpt lat="39.504455" lon="-77.967629"></trkpt>
      <trkpt lat="39.504718" lon="-77.967698"></trkpt>
      <trkpt lat="39.504787" lon="-77.967722"></trkpt>
      <trkpt lat="39.504986" lon="-77.967792"></trkpt>
      <trkpt lat="39.505039" lon="-77.967814"></trkpt>
      <trkpt lat="39.505158" lon="-77.967862"></trkpt>
      <trkpt lat="39.505358" lon="-77.967954"></trkpt>
      <trkpt lat="39.505441" lon="-77.967993"></trkpt>
      <trkpt lat="39.505819" lon="-77.968200"></trkpt>
      <trkpt lat="39.506312" lon="-77.968444"></trkpt>
      <trkpt lat="39.506848" lon="-77.968695"></trkpt>
      <trkpt lat="39.507376" lon="-77.968939"></trkpt>
      <trkpt lat="39.507655" lon="-77.969051"></trkpt>
      <trkpt lat="39.507952" lon="-77.969169"></trkpt>
      <trkpt lat="39.508259" lon="-77.969290"></trkpt>
      <trkpt lat="39.508419" lon="-77.969354"></trkpt>
      <trkpt lat="39.508871" lon="-77.969524"></trkpt>
      <trkpt lat="39.509705" lon="-77.969882"></trkpt>
      <trkpt lat="39.509997" lon="-77.970035"></trkpt>
      <trkpt lat="39.510315" lon="-77.970227"></trkpt>
      <trkpt lat="39.510732" lon="-77.970488"></trkpt>
      <trkpt lat="39.511650" lon="-77.971070"></trkpt>
      <trkpt lat="39.511952" lon="-77.971256"></trkpt>
      <trkpt lat="39.512830" lon="-77.971817"></trkpt>
      <trkpt lat="39.513107" lon="-77.972065"></trkpt>
      <trkpt lat="39.513355" lon="-77.972296"></trkpt>
      <trkpt lat="39.513860" lon="-77.972741"></trkpt>
      <trkpt lat="39.514930" lon="-77.973731"></trkpt>
      <trkpt lat="39.516580" lon="-77.975406"></trkpt>
      <trkpt lat="39.516691" lon="-77.975520"></trkpt>
      <trkpt lat="39.517031" lon="-77.975865"></trkpt>
      <trkpt lat="39.517276" lon="-77.976049"></trkpt>
      <trkpt lat="39.517549" lon="-77.976215"></trkpt>
      <trkpt lat="39.517808" lon="-77.976332"></trkpt>
      <trkpt lat="39.518012" lon="-77.976440"></trkpt>
      <trkpt lat="39.518682" lon="-77.976725"></trkpt>
      <trkpt lat="39.519030" lon="-77.976874"></trkpt>
      <trkpt lat="39.519406" lon="-77.977018"></trkpt>
      <trkpt lat="39.519510" lon="-77.977058"></trkpt>
      <trkpt lat="39.520140" lon="-77.977320"></trkpt>
      <trkpt lat="39.521935" lon="-77.978067"></trkpt>
      <trkpt lat="39.522047" lon="-77.978092"></trkpt>
      <trkpt lat="39.522331" lon="-77.978149"></trkpt>
      <trkpt lat="39.522663" lon="-77.978196"></trkpt>
      <trkpt lat="39.522762" lon="-77.978217"></trkpt>
      <trkpt lat="39.523306" lon="-77.978303"></trkpt>
      <trkpt lat="39.523376" lon="-77.978314"></trkpt>
      <trkpt lat="39.523536" lon="-77.978337"></trkpt>
      <trkpt lat="39.524073" lon="-77.978414"></trkpt>
      <trkpt lat="39.524103" lon="-77.978416"></trkpt>
      <trkpt lat="39.524151" lon="-77.978417"></trkpt>
      <trkpt lat="39.524185" lon="-77.978422"></trkpt>
      <trkpt lat="39.524295" lon="-77.978439"></trkpt>
      <trkpt lat="39.524457" lon="-77.978461"></trkpt>
      <trkpt lat="39.524959" lon="-77.978541"></trkpt>
      <trkpt lat="39.525054" lon="-77.978564"></trkpt>
      <trkpt lat="39.525147" lon="-77.978591"></trkpt>
      <trkpt lat="39.525232" lon="-77.978626"></trkpt>
      <trkpt lat="39.525376" lon="-77.978698"></trkpt>
      <trkpt lat="39.526147" lon="-77.979115"></trkpt>
      <trkpt lat="39.526260" lon="-77.979180"></trkpt>
      <trkpt lat="39.526369" lon="-77.979245"></trkpt>
      <trkpt lat="39.526485" lon="-77.979302"></trkpt>
      <trkpt lat="39.526602" lon="-77.979355"></trkpt>
      <trkpt lat="39.526717" lon="-77.979404"></trkpt>
      <trkpt lat="39.526749" lon="-77.979417"></trkpt>
      <trkpt lat="39.526782" lon="-77.979430"></trkpt>
      <trkpt lat="39.526833" lon="-77.979451"></trkpt>
      <trkpt lat="39.526852" lon="-77.979459"></trkpt>
      <trkpt lat="39.527081" lon="-77.979546"></trkpt>
      <trkpt lat="39.527693" lon="-77.979797"></trkpt>
      <trkpt lat="39.527854" lon="-77.979863"></trkpt>
      <trkpt lat="39.528100" lon="-77.979963"></trkpt>
      <trkpt lat="39.528485" lon="-77.980111"></trkpt>
      <trkpt lat="39.528899" lon="-77.980235"></trkpt>
      <trkpt lat="39.529028" lon="-77.980270"></trkpt>
      <trkpt lat="39.529356" lon="-77.980351"></trkpt>
      <trkpt lat="39.529686" lon="-77.980445"></trkpt>
      <trkpt lat="39.529915" lon="-77.980501"></trkpt>
      <trkpt lat="39.530320" lon="-77.980591"></trkpt>
      <trkpt lat="39.530385" lon="-77.980604"></trkpt>
      <trkpt lat="39.530483" lon="-77.980626"></trkpt>
      <trkpt lat="39.530888" lon="-77.980730"></trkpt>
      <trkpt lat="39.531159" lon="-77.980792"></trkpt>
      <trkpt lat="39.531847" lon="-77.980971"></trkpt>
      <trkpt lat="39.532494" lon="-77.981128"></trkpt>
      <trkpt lat="39.532783" lon="-77.981198"></trkpt>
      <trkpt lat="39.532957" lon="-77.981214"></trkpt>
      <trkpt lat="39.533120" lon="-77.981247"></trkpt>
      <trkpt lat="39.533621" lon="-77.981326"></trkpt>
      <trkpt lat="39.533689" lon="-77.981337"></trkpt>
      <trkpt lat="39.534028" lon="-77.981414"></trkpt>
      <trkpt lat="39.534098" lon="-77.981429"></trkpt>
      <trkpt lat="39.534143" lon="-77.981443"></trkpt>
      <trkpt lat="39.534342" lon="-77.981525"></trkpt>
      <trkpt lat="39.534470" lon="-77.981645"></trkpt>
      <trkpt lat="39.534668" lon="-77.981771"></trkpt>
      <trkpt lat="39.534812" lon="-77.981875"></trkpt>
      <trkpt lat="39.535046" lon="-77.982043"></trkpt>
      <trkpt lat="39.535362" lon="-77.982316"></trkpt>
      <trkpt lat="39.535837" lon="-77.982717"></trkpt>
      <trkpt lat="39.535865" lon="-77.982740"></trkpt>
      <trkpt lat="39.536215" lon="-77.983036"></trkpt>
      <trkpt lat="39.536736" lon="-77.983474"></trkpt>
      <trkpt lat="39.536981" lon="-77.983661"></trkpt>
      <trkpt lat="39.538000" lon="-77.984337"></trkpt>
      <trkpt lat="39.538696" lon="-77.984792"></trkpt>
      <trkpt lat="39.538977" lon="-77.984976"></trkpt>
      <trkpt lat="39.539170" lon="-77.985101"></trkpt>
      <trkpt lat="39.539411" lon="-77.985259"></trkpt>
      <trkpt lat="39.540045" lon="-77.985675"></trkpt>
      <trkpt lat="39.540130" lon="-77.985731"></trkpt>
      <trkpt lat="39.540323" lon="-77.985860"></trkpt>
      <trkpt lat="39.540499" lon="-77.985983"></trkpt>
      <trkpt lat="39.540688" lon="-77.986139"></trkpt>
      <trkpt lat="39.540900" lon="-77.986366"></trkpt>
      <trkpt lat="39.541086" lon="-77.986593"></trkpt>
      <trkpt lat="39.541396" lon="-77.986993"></trkpt>
      <trkpt lat="39.541652" lon="-77.987329"></trkpt>
      <trkpt lat="39.541748" lon="-77.987429"></trkpt>
      <trkpt lat="39.541866" lon="-77.987569"></trkpt>
      <trkpt lat="39.542092" lon="-77.987900"></trkpt>
      <trkpt lat="39.542429" lon="-77.988421"></trkpt>
      <trkpt lat="39.542491" lon="-77.988547"></trkpt>
      <trkpt lat="39.542558" lon="-77.988660"></trkpt>
      <trkpt lat="39.542725" lon="-77.988850"></trkpt>
      <trkpt lat="39.542820" lon="-77.988930"></trkpt>
      <trkpt lat="39.542918" lon="-77.988987"></trkpt>
      <trkpt lat="39.543029" lon="-77.989042"></trkpt>
      <trkpt lat="39.543179" lon="-77.989087"></trkpt>
      <trkpt lat="39.543312" lon="-77.989116"></trkpt>
      <trkpt lat="39.543571" lon="-77.989172"></trkpt>
      <trkpt lat="39.543701" lon="-77.989202"></trkpt>
      <trkpt lat="39.543976" lon="-77.989264"></trkpt>
      <trkpt lat="39.544243" lon="-77.989356"></trkpt>
      <trkpt lat="39.544505" lon="-77.989474"></trkpt>
      <trkpt lat="39.544811" lon="-77.989621"></trkpt>
      <trkpt lat="39.545436" lon="-77.989937"></trkpt>
      <trkpt lat="39.545677" lon="-77.990056"></trkpt>
      <trkpt lat="39.545927" lon="-77.990165"></trkpt>
      <trkpt lat="39.546129" lon="-77.990230"></trkpt>
      <trkpt lat="39.546233" lon="-77.990250"></trkpt>
      <trkpt lat="39.546393" lon="-77.990259"></trkpt>
      <trkpt lat="39.546545" lon="-77.990249"></trkpt>
      <trkpt lat="39.546648" lon="-77.990235"></trkpt>
      <trkpt lat="39.546941" lon="-77.990138"></trkpt>
      <trkpt lat="39.547047" lon="-77.990084"></trkpt>
      <trkpt lat="39.547295" lon="-77.989929"></trkpt>
      <trkpt lat="39.547761" lon="-77.989622"></trkpt>
      <trkpt lat="39.547854" lon="-77.989567"></trkpt>
      <trkpt lat="39.547954" lon="-77.989515"></trkpt>
      <trkpt lat="39.548034" lon="-77.989477"></trkpt>
      <trkpt lat="39.548118" lon="-77.989445"></trkpt>
      <trkpt lat="39.548180" lon="-77.989427"></trkpt>
      <trkpt lat="39.548242" lon="-77.989416"></trkpt>
      <trkpt lat="39.548324" lon="-77.989404"></trkpt>
      <trkpt lat="39.548406" lon="-77.989398"></trkpt>
      <trkpt lat="39.548487" lon="-77.989397"></trkpt>
      <trkpt lat="39.548555" lon="-77.989402"></trkpt>
      <trkpt lat="39.548623" lon="-77.989413"></trkpt>
      <trkpt lat="39.548691" lon="-77.989429"></trkpt>
      <trkpt lat="39.548760" lon="-77.989449"></trkpt>
      <trkpt lat="39.548821" lon="-77.989472"></trkpt>
      <trkpt lat="39.548882" lon="-77.989498"></trkpt>
      <trkpt lat="39.548944" lon="-77.989529"></trkpt>
      <trkpt lat="39.549004" lon="-77.989563"></trkpt>
      <trkpt lat="39.549076" lon="-77.989611"></trkpt>
      <trkpt lat="39.549147" lon="-77.989664"></trkpt>
      <trkpt lat="39.549196" lon="-77.989705"></trkpt>
      <trkpt lat="39.549218" lon="-77.989722"></trkpt>
      <trkpt lat="39.549286" lon="-77.989785"></trkpt>
      <trkpt lat="39.549426" lon="-77.989957"></trkpt>
      <trkpt lat="39.549947" lon="-77.990682"></trkpt>
      <trkpt lat="39.550450" lon="-77.991334"></trkpt>
      <trkpt lat="39.550829" lon="-77.991830"></trkpt>
      <trkpt lat="39.551068" lon="-77.992149"></trkpt>
      <trkpt lat="39.551355" lon="-77.992532"></trkpt>
      <trkpt lat="39.552065" lon="-77.993467"></trkpt>
      <trkpt lat="39.552231" lon="-77.993660"></trkpt>
      <trkpt lat="39.552346" lon="-77.993771"></trkpt>
      <trkpt lat="39.552483" lon="-77.993880"></trkpt>
      <trkpt lat="39.552585" lon="-77.993946"></trkpt>
      <trkpt lat="39.552896" lon="-77.994070"></trkpt>
      <trkpt lat="39.552993" lon="-77.994115"></trkpt>
      <trkpt lat="39.553061" lon="-77.994164"></trkpt>
      <trkpt lat="39.553109" lon="-77.994221"></trkpt>
      <trkpt lat="39.553212" lon="-77.994339"></trkpt>
      <trkpt lat="39.553504" lon="-77.994681"></trkpt>
      <trkpt lat="39.553601" lon="-77.994791"></trkpt>
      <trkpt lat="39.553931" lon="-77.995175"></trkpt>
      <trkpt lat="39.554113" lon="-77.995373"></trkpt>
      <trkpt lat="39.554198" lon="-77.995451"></trkpt>
      <trkpt lat="39.554279" lon="-77.995494"></trkpt>
      <trkpt lat="39.554308" lon="-77.995500"></trkpt>
      <trkpt lat="39.554357" lon="-77.995511"></trkpt>
      <trkpt lat="39.554459" lon="-77.995523"></trkpt>
      <trkpt lat="39.554524" lon="-77.995504"></trkpt>
      <trkpt lat="39.554794" lon="-77.995471"></trkpt>
      <trkpt lat="39.554937" lon="-77.995481"></trkpt>
      <trkpt lat="39.555052" lon="-77.995522"></trkpt>
      <trkpt lat="39.555162" lon="-77.995596"></trkpt>
      <trkpt lat="39.555285" lon="-77.995713"></trkpt>
      <trkpt lat="39.555666" lon="-77.996093"></trkpt>
      <trkpt lat="39.556445" lon="-77.996831"></trkpt>
      <trkpt lat="39.556504" lon="-77.996885"></trkpt>
      <trkpt lat="39.556525" lon="-77.996899"></trkpt>
      <trkpt lat="39.556888" lon="-77.997225"></trkpt>
      <trkpt lat="39.557198" lon="-77.997540"></trkpt>
      <trkpt lat="39.557302" lon="-77.997654"></trkpt>
      <trkpt lat="39.557437" lon="-77.997831"></trkpt>
      <trkpt lat="39.557567" lon="-77.998047"></trkpt>
      <trkpt lat="39.557677" lon="-77.998276"></trkpt>
      <trkpt lat="39.557802" lon="-77.998559"></trkpt>
      <trkpt lat="39.558068" lon="-77.999167"></trkpt>
      <trkpt lat="39.558089" lon="-77.999231"></trkpt>
      <trkpt lat="39.558231" lon="-77.999668"></trkpt>
      <trkpt lat="39.558272" lon="-77.999950"></trkpt>
      <trkpt lat="39.558281" lon="-78.000103"></trkpt>
      <trkpt lat="39.558277" lon="-78.000366"></trkpt>
      <trkpt lat="39.558206" lon="-78.000985"></trkpt>
      <trkpt lat="39.558089" lon="-78.002114"></trkpt>
      <trkpt lat="39.558041" lon="-78.002270"></trkpt>
      <trkpt lat="39.557974" lon="-78.002427"></trkpt>
      <trkpt lat="39.557793" lon="-78.002694"></trkpt>
      <trkpt lat="39.557663" lon="-78.002822"></trkpt>
      <trkpt lat="39.557338" lon="-78.003136"></trkpt>
      <trkpt lat="39.557135" lon="-78.003362"></trkpt>
      <trkpt lat="39.556953" lon="-78.003603"></trkpt>
      <trkpt lat="39.556786" lon="-78.003863"></trkpt>
      <trkpt lat="39.556253" lon="-78.004991"></trkpt>
      <trkpt lat="39.555648" lon="-78.006331"></trkpt>
      <trkpt lat="39.555586" lon="-78.006551"></trkpt>
      <trkpt lat="39.555545" lon="-78.006768"></trkpt>
      <trkpt lat="39.555532" lon="-78.006916"></trkpt>
      <trkpt lat="39.555576" lon="-78.007329"></trkpt>
      <trkpt lat="39.555611" lon="-78.007752"></trkpt>
      <trkpt lat="39.555586" lon="-78.008179"></trkpt>
      <trkpt lat="39.555413" lon="-78.009461"></trkpt>
      <trkpt lat="39.555401" lon="-78.010136"></trkpt>
      <trkpt lat="39.555414" lon="-78.010453"></trkpt>
      <trkpt lat="39.555462" lon="-78.010923"></trkpt>
      <trkpt lat="39.555677" lon="-78.012371"></trkpt>
      <trkpt lat="39.555756" lon="-78.012744"></trkpt>
      <trkpt lat="39.555824" lon="-78.012964"></trkpt>
      <trkpt lat="39.555919" lon="-78.013232"></trkpt>
      <trkpt lat="39.556365" lon="-78.014251"></trkpt>
      <trkpt lat="39.556451" lon="-78.014549"></trkpt>
      <trkpt lat="39.556531" lon="-78.014882"></trkpt>
      <trkpt lat="39.556583" lon="-78.015263"></trkpt>
      <trkpt lat="39.556593" lon="-78.015627"></trkpt>
      <trkpt lat="39.556564" lon="-78.016074"></trkpt>
      <trkpt lat="39.556493" lon="-78.016379"></trkpt>
      <trkpt lat="39.556171" lon="-78.017267"></trkpt>
      <trkpt lat="39.555867" lon="-78.018152"></trkpt>
      <trkpt lat="39.555585" lon="-78.018909"></trkpt>
      <trkpt lat="39.555271" lon="-78.019743"></trkpt>
      <trkpt lat="39.554942" lon="-78.020617"></trkpt>
      <trkpt lat="39.554620" lon="-78.021511"></trkpt>
      <trkpt lat="39.554554" lon="-78.021696"></trkpt>
      <trkpt lat="39.554434" lon="-78.022030"></trkpt>
      <trkpt lat="39.554340" lon="-78.022279"></trkpt>
      <trkpt lat="39.554184" lon="-78.022936"></trkpt>
      <trkpt lat="39.554164" lon="-78.023139"></trkpt>
      <trkpt lat="39.554154" lon="-78.023238"></trkpt>
      <trkpt lat="39.554232" lon="-78.024536"></trkpt>
      <trkpt lat="39.554235" lon="-78.024565"></trkpt>
      <trkpt lat="39.554238" lon="-78.024601"></trkpt>
      <trkpt lat="39.554305" lon="-78.025371"></trkpt>
      <trkpt lat="39.554319" lon="-78.025531"></trkpt>
      <trkpt lat="39.554375" lon="-78.026122"></trkpt>
      <trkpt lat="39.554427" lon="-78.026662"></trkpt>
      <trkpt lat="39.554498" lon="-78.027150"></trkpt>
      <trkpt lat="39.554523" lon="-78.027318"></trkpt>
      <trkpt lat="39.554681" lon="-78.027879"></trkpt>
      <trkpt lat="39.555058" lon="-78.028946"></trkpt>
      <trkpt lat="39.555297" lon="-78.029664"></trkpt>
      <trkpt lat="39.555566" lon="-78.030413"></trkpt>
      <trkpt lat="39.555723" lon="-78.030852"></trkpt>
      <trkpt lat="39.555855" lon="-78.031222"></trkpt>
      <trkpt lat="39.556094" lon="-78.031913"></trkpt>
      <trkpt lat="39.556217" lon="-78.032270"></trkpt>
      <trkpt lat="39.556249" lon="-78.032355"></trkpt>
      <trkpt lat="39.556318" lon="-78.032538"></trkpt>
      <trkpt lat="39.556335" lon="-78.032583"></trkpt>
      <trkpt lat="39.556494" lon="-78.032970"></trkpt>
      <trkpt lat="39.556628" lon="-78.033281"></trkpt>
      <trkpt lat="39.556805" lon="-78.033689"></trkpt>
      <trkpt lat="39.557090" lon="-78.034323"></trkpt>
      <trkpt lat="39.557234" lon="-78.034628"></trkpt>
      <trkpt lat="39.557364" lon="-78.034866"></trkpt>
      <trkpt lat="39.557520" lon="-78.035112"></trkpt>
      <trkpt lat="39.558012" lon="-78.035841"></trkpt>
      <trkpt lat="39.558102" lon="-78.035973"></trkpt>
      <trkpt lat="39.558149" lon="-78.036040"></trkpt>
      <trkpt lat="39.558299" lon="-78.036262"></trkpt>
      <trkpt lat="39.558440" lon="-78.036449"></trkpt>
      <trkpt lat="39.558555" lon="-78.036593"></trkpt>
      <trkpt lat="39.558692" lon="-78.036754"></trkpt>
      <trkpt lat="39.558721" lon="-78.036784"></trkpt>
      <trkpt lat="39.558833" lon="-78.036901"></trkpt>
      <trkpt lat="39.558846" lon="-78.036916"></trkpt>
      <trkpt lat="39.559086" lon="-78.037149"></trkpt>
      <trkpt lat="39.559224" lon="-78.037276"></trkpt>
      <trkpt lat="39.559430" lon="-78.037452"></trkpt>
      <trkpt lat="39.559717" lon="-78.037681"></trkpt>
      <trkpt lat="39.559821" lon="-78.037756"></trkpt>
      <trkpt lat="39.559917" lon="-78.037826"></trkpt>
      <trkpt lat="39.560343" lon="-78.038142"></trkpt>
      <trkpt lat="39.560485" lon="-78.038243"></trkpt>
      <trkpt lat="39.561647" lon="-78.039078"></trkpt>
      <trkpt lat="39.561801" lon="-78.039188"></trkpt>
      <trkpt lat="39.561989" lon="-78.039275"></trkpt>
      <trkpt lat="39.562119" lon="-78.039321"></trkpt>
      <trkpt lat="39.562237" lon="-78.039345"></trkpt>
      <trkpt lat="39.562394" lon="-78.039365"></trkpt>
      <trkpt lat="39.563501" lon="-78.039448"></trkpt>
      <trkpt lat="39.564771" lon="-78.039542"></trkpt>
      <trkpt lat="39.564804" lon="-78.039545"></trkpt>
      <trkpt lat="39.564970" lon="-78.039557"></trkpt>
      <trkpt lat="39.565081" lon="-78.039559"></trkpt>
      <trkpt lat="39.565128" lon="-78.039560"></trkpt>
      <trkpt lat="39.565295" lon="-78.039557"></trkpt>
      <trkpt lat="39.565450" lon="-78.039537"></trkpt>
      <trkpt lat="39.565553" lon="-78.039516"></trkpt>
      <trkpt lat="39.565618" lon="-78.039503"></trkpt>
      <trkpt lat="39.565752" lon="-78.039470"></trkpt>
      <trkpt lat="39.565902" lon="-78.039426"></trkpt>
      <trkpt lat="39.565990" lon="-78.039393"></trkpt>
      <trkpt lat="39.566018" lon="-78.039383"></trkpt>
      <trkpt lat="39.566150" lon="-78.039326"></trkpt>
      <trkpt lat="39.566258" lon="-78.039275"></trkpt>
      <trkpt lat="39.566362" lon="-78.039215"></trkpt>
      <trkpt lat="39.566495" lon="-78.039137"></trkpt>
      <trkpt lat="39.566771" lon="-78.038956"></trkpt>
      <trkpt lat="39.567077" lon="-78.038751"></trkpt>
      <trkpt lat="39.568069" lon="-78.038086"></trkpt>
      <trkpt lat="39.568475" lon="-78.037835"></trkpt>
      <trkpt lat="39.568803" lon="-78.037652"></trkpt>
      <trkpt lat="39.569079" lon="-78.037534"></trkpt>
      <trkpt lat="39.569280" lon="-78.037463"></trkpt>
      <trkpt lat="39.569501" lon="-78.037405"></trkpt>
      <trkpt lat="39.569759" lon="-78.037351"></trkpt>
      <trkpt lat="39.570283" lon="-78.037273"></trkpt>
      <trkpt lat="39.570681" lon="-78.037211"></trkpt>
      <trkpt lat="39.571335" lon="-78.037127"></trkpt>
      <trkpt lat="39.572721" lon="-78.036949"></trkpt>
      <trkpt lat="39.573044" lon="-78.036937"></trkpt>
      <trkpt lat="39.573195" lon="-78.036955"></trkpt>
      <trkpt lat="39.573281" lon="-78.036965"></trkpt>
      <trkpt lat="39.573474" lon="-78.037016"></trkpt>
      <trkpt lat="39.573698" lon="-78.037077"></trkpt>
      <trkpt lat="39.574232" lon="-78.037222"></trkpt>
      <trkpt lat="39.574726" lon="-78.037347"></trkpt>
      <trkpt lat="39.575114" lon="-78.037446"></trkpt>
      <trkpt lat="39.575283" lon="-78.037503"></trkpt>
      <trkpt lat="39.575360" lon="-78.037529"></trkpt>
      <trkpt lat="39.575575" lon="-78.037608"></trkpt>
      <trkpt lat="39.575751" lon="-78.037714"></trkpt>
      <trkpt lat="39.575958" lon="-78.037859"></trkpt>
      <trkpt lat="39.576483" lon="-78.038275"></trkpt>
      <trkpt lat="39.576873" lon="-78.038578"></trkpt>
      <trkpt lat="39.577147" lon="-78.038742"></trkpt>
      <trkpt lat="39.577373" lon="-78.038839"></trkpt>
      <trkpt lat="39.577805" lon="-78.039047"></trkpt>
      <trkpt lat="39.578205" lon="-78.039308"></trkpt>
      <trkpt lat="39.578429" lon="-78.039501"></trkpt>
      <trkpt lat="39.578652" lon="-78.039734"></trkpt>
      <trkpt lat="39.578879" lon="-78.040019"></trkpt>
      <trkpt lat="39.579439" lon="-78.040755"></trkpt>
      <trkpt lat="39.579595" lon="-78.040961"></trkpt>
      <trkpt lat="39.580047" lon="-78.041560"></trkpt>
      <trkpt lat="39.580184" lon="-78.041742"></trkpt>
      <trkpt lat="39.580237" lon="-78.041812"></trkpt>
      <trkpt lat="39.580329" lon="-78.041937"></trkpt>
      <trkpt lat="39.580371" lon="-78.041995"></trkpt>
      <trkpt lat="39.580506" lon="-78.042179"></trkpt>
      <trkpt lat="39.580578" lon="-78.042277"></trkpt>
      <trkpt lat="39.580806" lon="-78.042587"></trkpt>
      <trkpt lat="39.580826" lon="-78.042614"></trkpt>
      <trkpt lat="39.580898" lon="-78.042736"></trkpt>
      <trkpt lat="39.581388" lon="-78.043564"></trkpt>
      <trkpt lat="39.581641" lon="-78.044040"></trkpt>
      <trkpt lat="39.581936" lon="-78.044595"></trkpt>
      <trkpt lat="39.581960" lon="-78.044640"></trkpt>
      <trkpt lat="39.582105" lon="-78.044913"></trkpt>
      <trkpt lat="39.582174" lon="-78.045044"></trkpt>
      <trkpt lat="39.582182" lon="-78.045056"></trkpt>
      <trkpt lat="39.582650" lon="-78.045843"></trkpt>
      <trkpt lat="39.582706" lon="-78.045926"></trkpt>
      <trkpt lat="39.583055" lon="-78.046444"></trkpt>
      <trkpt lat="39.583104" lon="-78.046517"></trkpt>
      <trkpt lat="39.583134" lon="-78.046561"></trkpt>
      <trkpt lat="39.583291" lon="-78.046794"></trkpt>
      <trkpt lat="39.583312" lon="-78.046826"></trkpt>
      <trkpt lat="39.583548" lon="-78.047175"></trkpt>
      <trkpt lat="39.584034" lon="-78.047938"></trkpt>
      <trkpt lat="39.584137" lon="-78.048100"></trkpt>
      <trkpt lat="39.584387" lon="-78.048566"></trkpt>
      <trkpt lat="39.584470" lon="-78.048774"></trkpt>
      <trkpt lat="39.584507" lon="-78.048886"></trkpt>
      <trkpt lat="39.584567" lon="-78.049061"></trkpt>
      <trkpt lat="39.584785" lon="-78.049844"></trkpt>
      <trkpt lat="39.584994" lon="-78.050596"></trkpt>
      <trkpt lat="39.585242" lon="-78.051716"></trkpt>
      <trkpt lat="39.585381" lon="-78.052076"></trkpt>
      <trkpt lat="39.585829" lon="-78.053231"></trkpt>
      <trkpt lat="39.585991" lon="-78.053648"></trkpt>
      <trkpt lat="39.587059" lon="-78.056647"></trkpt>
      <trkpt lat="39.587277" lon="-78.057259"></trkpt>
      <trkpt lat="39.587358" lon="-78.057486"></trkpt>
      <trkpt lat="39.587453" lon="-78.057891"></trkpt>
      <trkpt lat="39.587748" lon="-78.059155"></trkpt>
      <trkpt lat="39.587893" lon="-78.059502"></trkpt>
      <trkpt lat="39.588042" lon="-78.059680"></trkpt>
      <trkpt lat="39.588302" lon="-78.060038"></trkpt>
      <trkpt lat="39.588385" lon="-78.060153"></trkpt>
      <trkpt lat="39.588449" lon="-78.060219"></trkpt>
      <trkpt lat="39.588473" lon="-78.060244"></trkpt>
      <trkpt lat="39.588854" lon="-78.060642"></trkpt>
      <trkpt lat="39.588897" lon="-78.060687"></trkpt>
      <trkpt lat="39.588980" lon="-78.060774"></trkpt>
      <trkpt lat="39.589112" lon="-78.060958"></trkpt>
      <trkpt lat="39.589855" lon="-78.061996"></trkpt>
      <trkpt lat="39.590338" lon="-78.062779"></trkpt>
      <trkpt lat="39.590482" lon="-78.063013"></trkpt>
      <trkpt lat="39.590562" lon="-78.063144"></trkpt>
      <trkpt lat="39.590684" lon="-78.063345"></trkpt>
      <trkpt lat="39.591059" lon="-78.063945"></trkpt>
      <trkpt lat="39.591126" lon="-78.064054"></trkpt>
      <trkpt lat="39.591349" lon="-78.064338"></trkpt>
      <trkpt lat="39.591724" lon="-78.064734"></trkpt>
      <trkpt lat="39.592357" lon="-78.065236"></trkpt>
      <trkpt lat="39.592529" lon="-78.065359"></trkpt>
      <trkpt lat="39.592868" lon="-78.065622"></trkpt>
      <trkpt lat="39.593526" lon="-78.066184"></trkpt>
      <trkpt lat="39.593578" lon="-78.066229"></trkpt>
      <trkpt lat="39.594542" lon="-78.066990"></trkpt>
      <trkpt lat="39.594890" lon="-78.067288"></trkpt>
      <trkpt lat="39.595039" lon="-78.067388"></trkpt>
      <trkpt lat="39.595257" lon="-78.067476"></trkpt>
      <trkpt lat="39.595443" lon="-78.067527"></trkpt>
      <trkpt lat="39.595829" lon="-78.067540"></trkpt>
      <trkpt lat="39.597714" lon="-78.067598"></trkpt>
      <trkpt lat="39.598333" lon="-78.067629"></trkpt>
      <trkpt lat="39.598644" lon="-78.067707"></trkpt>
      <trkpt lat="39.598750" lon="-78.067733"></trkpt>
      <trkpt lat="39.598946" lon="-78.067807"></trkpt>
      <trkpt lat="39.599271" lon="-78.067949"></trkpt>
      <trkpt lat="39.599337" lon="-78.067980"></trkpt>
      <trkpt lat="39.599919" lon="-78.068257"></trkpt>
      <trkpt lat="39.600405" lon="-78.068488"></trkpt>
      <trkpt lat="39.601467" lon="-78.068991"></trkpt>
      <trkpt lat="39.602093" lon="-78.069333"></trkpt>
      <trkpt lat="39.602250" lon="-78.069423"></trkpt>
      <trkpt lat="39.602425" lon="-78.069535"></trkpt>
      <trkpt lat="39.602690" lon="-78.069738"></trkpt>
      <trkpt lat="39.603139" lon="-78.070071"></trkpt>
      <trkpt lat="39.603403" lon="-78.070303"></trkpt>
      <trkpt lat="39.603599" lon="-78.070525"></trkpt>
      <trkpt lat="39.603764" lon="-78.070714"></trkpt>
      <trkpt lat="39.604067" lon="-78.071122"></trkpt>
      <trkpt lat="39.604434" lon="-78.071598"></trkpt>
      <trkpt lat="39.604476" lon="-78.071652"></trkpt>
      <trkpt lat="39.604487" lon="-78.071667"></trkpt>
      <trkpt lat="39.604779" lon="-78.072066"></trkpt>
      <trkpt lat="39.605191" lon="-78.072622"></trkpt>
      <trkpt lat="39.605506" lon="-78.073073"></trkpt>
      <trkpt lat="39.605822" lon="-78.073490"></trkpt>
      <trkpt lat="39.606223" lon="-78.074027"></trkpt>
      <trkpt lat="39.606304" lon="-78.074148"></trkpt>
      <trkpt lat="39.606662" lon="-78.074679"></trkpt>
      <trkpt lat="39.606977" lon="-78.075394"></trkpt>
      <trkpt lat="39.607678" lon="-78.077452"></trkpt>
      <trkpt lat="39.607853" lon="-78.077852"></trkpt>
      <trkpt lat="39.608167" lon="-78.078442"></trkpt>
      <trkpt lat="39.608520" lon="-78.079104"></trkpt>
      <trkpt lat="39.608817" lon="-78.079611"></trkpt>
      <trkpt lat="39.609001" lon="-78.079836"></trkpt>
      <trkpt lat="39.609170" lon="-78.080000"></trkpt>
      <trkpt lat="39.609329" lon="-78.080092"></trkpt>
      <trkpt lat="39.609356" lon="-78.080108"></trkpt>
      <trkpt lat="39.609822" lon="-78.080377"></trkpt>
      <trkpt lat="39.609896" lon="-78.080419"></trkpt>
      <trkpt lat="39.610367" lon="-78.080687"></trkpt>
      <trkpt lat="39.611291" lon="-78.081211"></trkpt>
      <trkpt lat="39.611531" lon="-78.081347"></trkpt>
      <trkpt lat="39.612016" lon="-78.081618"></trkpt>
      <trkpt lat="39.612390" lon="-78.081838"></trkpt>
      <trkpt lat="39.612408" lon="-78.081848"></trkpt>
      <trkpt lat="39.612646" lon="-78.081993"></trkpt>
      <trkpt lat="39.613313" lon="-78.082398"></trkpt>
      <trkpt lat="39.613530" lon="-78.082529"></trkpt>
      <trkpt lat="39.613894" lon="-78.082810"></trkpt>
      <trkpt lat="39.614032" lon="-78.082940"></trkpt>
      <trkpt lat="39.614223" lon="-78.083151"></trkpt>
      <trkpt lat="39.614404" lon="-78.083369"></trkpt>
      <trkpt lat="39.615029" lon="-78.084117"></trkpt>
      <trkpt lat="39.615137" lon="-78.084277"></trkpt>
      <trkpt lat="39.615181" lon="-78.084333"></trkpt>
      <trkpt lat="39.615822" lon="-78.085146"></trkpt>
      <trkpt lat="39.616848" lon="-78.086446"></trkpt>
      <trkpt lat="39.616865" lon="-78.086475"></trkpt>
      <trkpt lat="39.617069" lon="-78.086834"></trkpt>
      <trkpt lat="39.617480" lon="-78.087646"></trkpt>
      <trkpt lat="39.617701" lon="-78.088070"></trkpt>
      <trkpt lat="39.617933" lon="-78.088480"></trkpt>
      <trkpt lat="39.618045" lon="-78.088638"></trkpt>
      <trkpt lat="39.618171" lon="-78.088819"></trkpt>
      <trkpt lat="39.618217" lon="-78.088885"></trkpt>
      <trkpt lat="39.618459" lon="-78.089184"></trkpt>
      <trkpt lat="39.618764" lon="-78.089516"></trkpt>
      <trkpt lat="39.618993" lon="-78.089739"></trkpt>
      <trkpt lat="39.619032" lon="-78.089773"></trkpt>
      <trkpt lat="39.619649" lon="-78.090281"></trkpt>
      <trkpt lat="39.620184" lon="-78.090664"></trkpt>
      <trkpt lat="39.620957" lon="-78.091227"></trkpt>
      <trkpt lat="39.621469" lon="-78.091337"></trkpt>
      <trkpt lat="39.622139" lon="-78.091482"></trkpt>
      <trkpt lat="39.622319" lon="-78.091491"></trkpt>
      <trkpt lat="39.622837" lon="-78.091518"></trkpt>
      <trkpt lat="39.624319" lon="-78.091641"></trkpt>
      <trkpt lat="39.624662" lon="-78.091688"></trkpt>
      <trkpt lat="39.625081" lon="-78.091758"></trkpt>
      <trkpt lat="39.625683" lon="-78.091900"></trkpt>
      <trkpt lat="39.625696" lon="-78.091902"></trkpt>
      <trkpt lat="39.625895" lon="-78.091938"></trkpt>
      <trkpt lat="39.626128" lon="-78.092000"></trkpt>
      <trkpt lat="39.626376" lon="-78.092085"></trkpt>
      <trkpt lat="39.626535" lon="-78.092144"></trkpt>
      <trkpt lat="39.626889" lon="-78.092338"></trkpt>
      <trkpt lat="39.627155" lon="-78.092507"></trkpt>
      <trkpt lat="39.627724" lon="-78.092891"></trkpt>
      <trkpt lat="39.627823" lon="-78.092962"></trkpt>
      <trkpt lat="39.628086" lon="-78.093154"></trkpt>
      <trkpt lat="39.628115" lon="-78.093175"></trkpt>
      <trkpt lat="39.628378" lon="-78.093367"></trkpt>
      <trkpt lat="39.628613" lon="-78.093535"></trkpt>
      <trkpt lat="39.628804" lon="-78.093663"></trkpt>
      <trkpt lat="39.629183" lon="-78.093957"></trkpt>
      <trkpt lat="39.629435" lon="-78.094189"></trkpt>
      <trkpt lat="39.629749" lon="-78.094547"></trkpt>
      <trkpt lat="39.630084" lon="-78.095001"></trkpt>
      <trkpt lat="39.630217" lon="-78.095244"></trkpt>
      <trkpt lat="39.630292" lon="-78.095462"></trkpt>
      <trkpt lat="39.630309" lon="-78.095512"></trkpt>
      <trkpt lat="39.630343" lon="-78.095710"></trkpt>
      <trkpt lat="39.630347" lon="-78.095738"></trkpt>
      <trkpt lat="39.630349" lon="-78.095751"></trkpt>
      <trkpt lat="39.630481" lon="-78.096889"></trkpt>
      <trkpt lat="39.630485" lon="-78.096923"></trkpt>
      <trkpt lat="39.630521" lon="-78.097300"></trkpt>
      <trkpt lat="39.630577" lon="-78.097886"></trkpt>
      <trkpt lat="39.630600" lon="-78.098122"></trkpt>
      <trkpt lat="39.630653" lon="-78.098576"></trkpt>
      <trkpt lat="39.630689" lon="-78.098818"></trkpt>
      <trkpt lat="39.630754" lon="-78.099151"></trkpt>
      <trkpt lat="39.630878" lon="-78.099744"></trkpt>
      <trkpt lat="39.631055" lon="-78.100645"></trkpt>
      <trkpt lat="39.631085" lon="-78.100802"></trkpt>
      <trkpt lat="39.631333" lon="-78.102018"></trkpt>
      <trkpt lat="39.631462" lon="-78.102723"></trkpt>
      <trkpt lat="39.631605" lon="-78.103402"></trkpt>
      <trkpt lat="39.631658" lon="-78.103691"></trkpt>
      <trkpt lat="39.631808" lon="-78.104458"></trkpt>
      <trkpt lat="39.631939" lon="-78.105107"></trkpt>
      <trkpt lat="39.632106" lon="-78.105637"></trkpt>
      <trkpt lat="39.632224" lon="-78.105917"></trkpt>
      <trkpt lat="39.632353" lon="-78.106220"></trkpt>
      <trkpt lat="39.632511" lon="-78.106499"></trkpt>
      <trkpt lat="39.632695" lon="-78.106778"></trkpt>
      <trkpt lat="39.632811" lon="-78.106917"></trkpt>
      <trkpt lat="39.633378" lon="-78.107543"></trkpt>
      <trkpt lat="39.634113" lon="-78.108265"></trkpt>
      <trkpt lat="39.635676" lon="-78.109691"></trkpt>
      <trkpt lat="39.636153" lon="-78.110101"></trkpt>
      <trkpt lat="39.636623" lon="-78.110572"></trkpt>
      <trkpt lat="39.637176" lon="-78.111185"></trkpt>
      <trkpt lat="39.637518" lon="-78.111594"></trkpt>
      <trkpt lat="39.637660" lon="-78.111765"></trkpt>
      <trkpt lat="39.637842" lon="-78.112037"></trkpt>
      <trkpt lat="39.637953" lon="-78.112241"></trkpt>
      <trkpt lat="39.638084" lon="-78.112528"></trkpt>
      <trkpt lat="39.638187" lon="-78.112765"></trkpt>
      <trkpt lat="39.638704" lon="-78.114125"></trkpt>
      <trkpt lat="39.639021" lon="-78.114996"></trkpt>
      <trkpt lat="39.639115" lon="-78.115296"></trkpt>
      <trkpt lat="39.639151" lon="-78.115455"></trkpt>
      <trkpt lat="39.639174" lon="-78.115586"></trkpt>
      <trkpt lat="39.639182" lon="-78.115688"></trkpt>
      <trkpt lat="39.639185" lon="-78.115827"></trkpt>
      <trkpt lat="39.639179" lon="-78.115997"></trkpt>
      <trkpt lat="39.639155" lon="-78.116189"></trkpt>
      <trkpt lat="39.639041" lon="-78.116824"></trkpt>
      <trkpt lat="39.638926" lon="-78.117436"></trkpt>
      <trkpt lat="39.638765" lon="-78.118138"></trkpt>
      <trkpt lat="39.638737" lon="-78.118249"></trkpt>
      <trkpt lat="39.638698" lon="-78.118416"></trkpt>
      <trkpt lat="39.638584" lon="-78.118828"></trkpt>
      <trkpt lat="39.638526" lon="-78.118984"></trkpt>
      <trkpt lat="39.638481" lon="-78.119107"></trkpt>
      <trkpt lat="39.638411" lon="-78.119225"></trkpt>
      <trkpt lat="39.638328" lon="-78.119306"></trkpt>
      <trkpt lat="39.638233" lon="-78.119381"></trkpt>
      <trkpt lat="39.637924" lon="-78.119560"></trkpt>
      <trkpt lat="39.637725" lon="-78.119687"></trkpt>
      <trkpt lat="39.637699" lon="-78.119704"></trkpt>
      <trkpt lat="39.637489" lon="-78.119890"></trkpt>
      <trkpt lat="39.637357" lon="-78.120041"></trkpt>
      <trkpt lat="39.637242" lon="-78.120223"></trkpt>
      <trkpt lat="39.637159" lon="-78.120422"></trkpt>
      <trkpt lat="39.637114" lon="-78.120615"></trkpt>
      <trkpt lat="39.637089" lon="-78.120801"></trkpt>
      <trkpt lat="39.637081" lon="-78.120867"></trkpt>
      <trkpt lat="39.637089" lon="-78.121092"></trkpt>
      <trkpt lat="39.637108" lon="-78.121190"></trkpt>
      <trkpt lat="39.637130" lon="-78.121307"></trkpt>
      <trkpt lat="39.637228" lon="-78.121585"></trkpt>
      <trkpt lat="39.637634" lon="-78.122428"></trkpt>
      <trkpt lat="39.638002" lon="-78.123139"></trkpt>
      <trkpt lat="39.638567" lon="-78.124231"></trkpt>
      <trkpt lat="39.638660" lon="-78.124496"></trkpt>
      <trkpt lat="39.638702" lon="-78.124718"></trkpt>
      <trkpt lat="39.638711" lon="-78.124947"></trkpt>
      <trkpt lat="39.638686" lon="-78.125165"></trkpt>
      <trkpt lat="39.638620" lon="-78.125435"></trkpt>
      <trkpt lat="39.638536" lon="-78.125642"></trkpt>
      <trkpt lat="39.638419" lon="-78.125823"></trkpt>
      <trkpt lat="39.638226" lon="-78.126072"></trkpt>
      <trkpt lat="39.638173" lon="-78.126163"></trkpt>
      <trkpt lat="39.638152" lon="-78.126269"></trkpt>
      <trkpt lat="39.638154" lon="-78.126399"></trkpt>
      <trkpt lat="39.638186" lon="-78.126498"></trkpt>
      <trkpt lat="39.638248" lon="-78.126606"></trkpt>
      <trkpt lat="39.638408" lon="-78.126804"></trkpt>
      <trkpt lat="39.638564" lon="-78.126941"></trkpt>
      <trkpt lat="39.638851" lon="-78.127194"></trkpt>
      <trkpt lat="39.639319" lon="-78.127617"></trkpt>
      <trkpt lat="39.639463" lon="-78.127867"></trkpt>
      <trkpt lat="39.639510" lon="-78.128113"></trkpt>
      <trkpt lat="39.639486" lon="-78.128427"></trkpt>
      <trkpt lat="39.639386" lon="-78.128808"></trkpt>
      <trkpt lat="39.638674" lon="-78.130942"></trkpt>
      <trkpt lat="39.638523" lon="-78.131321"></trkpt>
      <trkpt lat="39.638307" lon="-78.131713"></trkpt>
      <trkpt lat="39.638098" lon="-78.132007"></trkpt>
      <trkpt lat="39.637854" lon="-78.132273"></trkpt>
      <trkpt lat="39.637137" lon="-78.132934"></trkpt>
      <trkpt lat="39.636957" lon="-78.133133"></trkpt>
      <trkpt lat="39.636818" lon="-78.133327"></trkpt>
      <trkpt lat="39.636706" lon="-78.133522"></trkpt>
      <trkpt lat="39.636619" lon="-78.133784"></trkpt>
      <trkpt lat="39.636496" lon="-78.134304"></trkpt>
      <trkpt lat="39.636398" lon="-78.134856"></trkpt>
      <trkpt lat="39.636379" lon="-78.135171"></trkpt>
      <trkpt lat="39.636398" lon="-78.135394"></trkpt>
      <trkpt lat="39.636463" lon="-78.135663"></trkpt>
      <trkpt lat="39.636589" lon="-78.135950"></trkpt>
      <trkpt lat="39.636976" lon="-78.136793"></trkpt>
      <trkpt lat="39.637055" lon="-78.136965"></trkpt>
      <trkpt lat="39.637118" lon="-78.137125"></trkpt>
      <trkpt lat="39.637210" lon="-78.137464"></trkpt>
      <trkpt lat="39.637259" lon="-78.137783"></trkpt>
      <trkpt lat="39.637265" lon="-78.138038"></trkpt>
      <trkpt lat="39.637246" lon="-78.138289"></trkpt>
      <trkpt lat="39.637188" lon="-78.138611"></trkpt>
      <trkpt lat="39.637085" lon="-78.138930"></trkpt>
      <trkpt lat="39.636883" lon="-78.139395"></trkpt>
      <trkpt lat="39.636878" lon="-78.139407"></trkpt>
      <trkpt lat="39.636599" lon="-78.140053"></trkpt>
      <trkpt lat="39.636174" lon="-78.140990"></trkpt>
      <trkpt lat="39.635965" lon="-78.141375"></trkpt>
      <trkpt lat="39.635794" lon="-78.141624"></trkpt>
      <trkpt lat="39.635741" lon="-78.141701"></trkpt>
      <trkpt lat="39.635520" lon="-78.141945"></trkpt>
      <trkpt lat="39.635084" lon="-78.142345"></trkpt>
      <trkpt lat="39.633847" lon="-78.143422"></trkpt>
      <trkpt lat="39.633483" lon="-78.143770"></trkpt>
      <trkpt lat="39.633429" lon="-78.143845"></trkpt>
      <trkpt lat="39.633370" lon="-78.143950"></trkpt>
      <trkpt lat="39.633278" lon="-78.144116"></trkpt>
      <trkpt lat="39.633201" lon="-78.144338"></trkpt>
      <trkpt lat="39.633147" lon="-78.144552"></trkpt>
      <trkpt lat="39.633093" lon="-78.144809"></trkpt>
      <trkpt lat="39.632958" lon="-78.145921"></trkpt>
      <trkpt lat="39.632940" lon="-78.146143"></trkpt>
      <trkpt lat="39.632944" lon="-78.146269"></trkpt>
      <trkpt lat="39.632960" lon="-78.146411"></trkpt>
      <trkpt lat="39.632989" lon="-78.146490"></trkpt>
      <trkpt lat="39.633037" lon="-78.146594"></trkpt>
      <trkpt lat="39.633127" lon="-78.146731"></trkpt>
      <trkpt lat="39.633451" lon="-78.147057"></trkpt>
      <trkpt lat="39.634021" lon="-78.147674"></trkpt>
      <trkpt lat="39.634177" lon="-78.147868"></trkpt>
      <trkpt lat="39.634339" lon="-78.148111"></trkpt>
      <trkpt lat="39.634446" lon="-78.148340"></trkpt>
      <trkpt lat="39.634556" lon="-78.148719"></trkpt>
      <trkpt lat="39.634642" lon="-78.149136"></trkpt>
      <trkpt lat="39.634664" lon="-78.149326"></trkpt>
      <trkpt lat="39.634666" lon="-78.149487"></trkpt>
      <trkpt lat="39.634641" lon="-78.149623"></trkpt>
      <trkpt lat="39.634571" lon="-78.149876"></trkpt>
      <trkpt lat="39.634514" lon="-78.150061"></trkpt>
      <trkpt lat="39.634508" lon="-78.150226"></trkpt>
      <trkpt lat="39.634546" lon="-78.150423"></trkpt>
      <trkpt lat="39.634627" lon="-78.150577"></trkpt>
      <trkpt lat="39.634780" lon="-78.150726"></trkpt>
      <trkpt lat="39.634954" lon="-78.150871"></trkpt>
      <trkpt lat="39.635328" lon="-78.151149"></trkpt>
      <trkpt lat="39.635602" lon="-78.151340"></trkpt>
      <trkpt lat="39.635693" lon="-78.151396"></trkpt>
      <trkpt lat="39.635823" lon="-78.151459"></trkpt>
      <trkpt lat="39.635898" lon="-78.151484"></trkpt>
      <trkpt lat="39.635974" lon="-78.151492"></trkpt>
      <trkpt lat="39.636136" lon="-78.151500"></trkpt>
      <trkpt lat="39.636315" lon="-78.151466"></trkpt>
      <trkpt lat="39.636724" lon="-78.151380"></trkpt>
      <trkpt lat="39.636972" lon="-78.151322"></trkpt>
      <trkpt lat="39.637164" lon="-78.151287"></trkpt>
      <trkpt lat="39.637366" lon="-78.151261"></trkpt>
      <trkpt lat="39.637563" lon="-78.151270"></trkpt>
      <trkpt lat="39.637736" lon="-78.151300"></trkpt>
      <trkpt lat="39.637888" lon="-78.151351"></trkpt>
      <trkpt lat="39.638271" lon="-78.151503"></trkpt>
      <trkpt lat="39.639809" lon="-78.152133"></trkpt>
      <trkpt lat="39.640028" lon="-78.152235"></trkpt>
      <trkpt lat="39.640189" lon="-78.152346"></trkpt>
      <trkpt lat="39.640294" lon="-78.152466"></trkpt>
      <trkpt lat="39.640377" lon="-78.152611"></trkpt>
      <trkpt lat="39.640438" lon="-78.152777"></trkpt>
      <trkpt lat="39.640474" lon="-78.152942"></trkpt>
      <trkpt lat="39.640583" lon="-78.153765"></trkpt>
      <trkpt lat="39.640596" lon="-78.153989"></trkpt>
      <trkpt lat="39.640595" lon="-78.154054"></trkpt>
      <trkpt lat="39.640593" lon="-78.154174"></trkpt>
      <trkpt lat="39.640569" lon="-78.154363"></trkpt>
      <trkpt lat="39.640529" lon="-78.154542"></trkpt>
      <trkpt lat="39.640389" lon="-78.154969"></trkpt>
      <trkpt lat="39.640239" lon="-78.155367"></trkpt>
      <trkpt lat="39.640131" lon="-78.155585"></trkpt>
      <trkpt lat="39.639970" lon="-78.155784"></trkpt>
      <trkpt lat="39.639782" lon="-78.155944"></trkpt>
      <trkpt lat="39.638968" lon="-78.156587"></trkpt>
      <trkpt lat="39.638844" lon="-78.156684"></trkpt>
      <trkpt lat="39.638765" lon="-78.156759"></trkpt>
      <trkpt lat="39.638630" lon="-78.156885"></trkpt>
      <trkpt lat="39.638359" lon="-78.157211"></trkpt>
      <trkpt lat="39.638315" lon="-78.157271"></trkpt>
      <trkpt lat="39.638041" lon="-78.157644"></trkpt>
      <trkpt lat="39.637810" lon="-78.157955"></trkpt>
      <trkpt lat="39.637600" lon="-78.158237"></trkpt>
      <trkpt lat="39.637574" lon="-78.158267"></trkpt>
      <trkpt lat="39.637536" lon="-78.158311"></trkpt>
      <trkpt lat="39.637202" lon="-78.158695"></trkpt>
      <trkpt lat="39.637057" lon="-78.158848"></trkpt>
      <trkpt lat="39.636813" lon="-78.159106"></trkpt>
      <trkpt lat="39.636296" lon="-78.159652"></trkpt>
      <trkpt lat="39.636152" lon="-78.159795"></trkpt>
      <trkpt lat="39.635971" lon="-78.159975"></trkpt>
      <trkpt lat="39.635915" lon="-78.160030"></trkpt>
      <trkpt lat="39.635670" lon="-78.160260"></trkpt>
      <trkpt lat="39.635602" lon="-78.160323"></trkpt>
      <trkpt lat="39.635304" lon="-78.160577"></trkpt>
      <trkpt lat="39.635178" lon="-78.160685"></trkpt>
      <trkpt lat="39.635055" lon="-78.160790"></trkpt>
      <trkpt lat="39.634832" lon="-78.160980"></trkpt>
      <trkpt lat="39.634673" lon="-78.161125"></trkpt>
      <trkpt lat="39.634432" lon="-78.161338"></trkpt>
      <trkpt lat="39.634156" lon="-78.161679"></trkpt>
      <trkpt lat="39.633941" lon="-78.162057"></trkpt>
      <trkpt lat="39.633790" lon="-78.162445"></trkpt>
      <trkpt lat="39.633692" lon="-78.162842"></trkpt>
      <trkpt lat="39.633660" lon="-78.163294"></trkpt>
      <trkpt lat="39.633704" lon="-78.163757"></trkpt>
      <trkpt lat="39.633730" lon="-78.163998"></trkpt>
      <trkpt lat="39.633771" lon="-78.164364"></trkpt>
      <trkpt lat="39.633816" lon="-78.164782"></trkpt>
      <trkpt lat="39.633824" lon="-78.165438"></trkpt>
      <trkpt lat="39.633760" lon="-78.166451"></trkpt>
      <trkpt lat="39.633642" lon="-78.167102"></trkpt>
      <trkpt lat="39.633527" lon="-78.167639"></trkpt>
      <trkpt lat="39.633485" lon="-78.167773"></trkpt>
      <trkpt lat="39.633474" lon="-78.167827"></trkpt>
      <trkpt lat="39.633223" lon="-78.168387"></trkpt>
      <trkpt lat="39.632622" lon="-78.169294"></trkpt>
      <trkpt lat="39.632549" lon="-78.169421"></trkpt>
      <trkpt lat="39.632360" lon="-78.169750"></trkpt>
      <trkpt lat="39.632258" lon="-78.170050"></trkpt>
      <trkpt lat="39.632194" lon="-78.170294"></trkpt>
      <trkpt lat="39.632132" lon="-78.170616"></trkpt>
      <trkpt lat="39.632089" lon="-78.171126"></trkpt>
      <trkpt lat="39.631880" lon="-78.171971"></trkpt>
      <trkpt lat="39.631730" lon="-78.172381"></trkpt>
      <trkpt lat="39.631465" lon="-78.173003"></trkpt>
      <trkpt lat="39.631168" lon="-78.173685"></trkpt>
      <trkpt lat="39.630973" lon="-78.174114"></trkpt>
      <trkpt lat="39.630851" lon="-78.174391"></trkpt>
      <trkpt lat="39.630618" lon="-78.174918"></trkpt>
      <trkpt lat="39.630362" lon="-78.175466"></trkpt>
      <trkpt lat="39.630042" lon="-78.175951"></trkpt>
      <trkpt lat="39.629913" lon="-78.176108"></trkpt>
      <trkpt lat="39.629913" lon="-78.176108"></trkpt>
      <trkpt lat="39.629850" lon="-78.176184"></trkpt>
      <trkpt lat="39.629479" lon="-78.176551"></trkpt>
      <trkpt lat="39.629419" lon="-78.176597"></trkpt>
      <trkpt lat="39.629344" lon="-78.176654"></trkpt>
      <trkpt lat="39.628986" lon="-78.176925"></trkpt>
      <trkpt lat="39.628547" lon="-78.177377"></trkpt>
      <trkpt lat="39.628312" lon="-78.177639"></trkpt>
      <trkpt lat="39.628172" lon="-78.177853"></trkpt>
      <trkpt lat="39.628116" lon="-78.177955"></trkpt>
      <trkpt lat="39.628057" lon="-78.178116"></trkpt>
      <trkpt lat="39.627965" lon="-78.178440"></trkpt>
      <trkpt lat="39.627830" lon="-78.178910"></trkpt>
      <trkpt lat="39.627685" lon="-78.179415"></trkpt>
      <trkpt lat="39.627575" lon="-78.179754"></trkpt>
      <trkpt lat="39.627443" lon="-78.180064"></trkpt>
      <trkpt lat="39.627118" lon="-78.180692"></trkpt>
      <trkpt lat="39.626797" lon="-78.181311"></trkpt>
      <trkpt lat="39.626529" lon="-78.181854"></trkpt>
      <trkpt lat="39.626392" lon="-78.182150"></trkpt>
      <trkpt lat="39.626060" lon="-78.182908"></trkpt>
      <trkpt lat="39.625856" lon="-78.183343"></trkpt>
      <trkpt lat="39.625807" lon="-78.183447"></trkpt>
      <trkpt lat="39.625597" lon="-78.183841"></trkpt>
      <trkpt lat="39.625464" lon="-78.184071"></trkpt>
      <trkpt lat="39.625065" lon="-78.184758"></trkpt>
      <trkpt lat="39.624689" lon="-78.185437"></trkpt>
      <trkpt lat="39.624518" lon="-78.185747"></trkpt>
      <trkpt lat="39.624413" lon="-78.185987"></trkpt>
      <trkpt lat="39.624321" lon="-78.186196"></trkpt>
      <trkpt lat="39.624208" lon="-78.186501"></trkpt>
      <trkpt lat="39.624146" lon="-78.186762"></trkpt>
      <trkpt lat="39.624078" lon="-78.187248"></trkpt>
      <trkpt lat="39.624002" lon="-78.188620"></trkpt>
      <trkpt lat="39.623938" lon="-78.189705"></trkpt>
      <trkpt lat="39.623955" lon="-78.189942"></trkpt>
      <trkpt lat="39.623972" lon="-78.190164"></trkpt>
      <trkpt lat="39.624046" lon="-78.190662"></trkpt>
      <trkpt lat="39.624159" lon="-78.191300"></trkpt>
      <trkpt lat="39.624237" lon="-78.191784"></trkpt>
      <trkpt lat="39.624248" lon="-78.192174"></trkpt>
      <trkpt lat="39.624261" lon="-78.192619"></trkpt>
      <trkpt lat="39.624272" lon="-78.193372"></trkpt>
      <trkpt lat="39.624274" lon="-78.193793"></trkpt>
      <trkpt lat="39.624275" lon="-78.193879"></trkpt>
      <trkpt lat="39.624275" lon="-78.194108"></trkpt>
      <trkpt lat="39.624277" lon="-78.194627"></trkpt>
      <trkpt lat="39.624307" lon="-78.196590"></trkpt>
      <trkpt lat="39.624311" lon="-78.198090"></trkpt>
      <trkpt lat="39.624323" lon="-78.198415"></trkpt>
      <trkpt lat="39.624345" lon="-78.198610"></trkpt>
      <trkpt lat="39.624380" lon="-78.198825"></trkpt>
      <trkpt lat="39.624419" lon="-78.199000"></trkpt>
      <trkpt lat="39.624494" lon="-78.199235"></trkpt>
      <trkpt lat="39.624588" lon="-78.199478"></trkpt>
      <trkpt lat="39.624657" lon="-78.199702"></trkpt>
      <trkpt lat="39.624697" lon="-78.199881"></trkpt>
      <trkpt lat="39.624731" lon="-78.200153"></trkpt>
      <trkpt lat="39.624739" lon="-78.200510"></trkpt>
      <trkpt lat="39.624735" lon="-78.200862"></trkpt>
      <trkpt lat="39.624727" lon="-78.201066"></trkpt>
      <trkpt lat="39.624709" lon="-78.201699"></trkpt>
      <trkpt lat="39.624705" lon="-78.201989"></trkpt>
      <trkpt lat="39.624701" lon="-78.202203"></trkpt>
      <trkpt lat="39.624734" lon="-78.203139"></trkpt>
      <trkpt lat="39.624741" lon="-78.203557"></trkpt>
      <trkpt lat="39.624727" lon="-78.203907"></trkpt>
      <trkpt lat="39.624655" lon="-78.204251"></trkpt>
      <trkpt lat="39.624328" lon="-78.205263"></trkpt>
      <trkpt lat="39.624090" lon="-78.206073"></trkpt>
      <trkpt lat="39.624061" lon="-78.206160"></trkpt>
      <trkpt lat="39.623998" lon="-78.206318"></trkpt>
      <trkpt lat="39.623558" lon="-78.207179"></trkpt>
      <trkpt lat="39.623466" lon="-78.207358"></trkpt>
      <trkpt lat="39.623229" lon="-78.207774"></trkpt>
      <trkpt lat="39.623155" lon="-78.207903"></trkpt>
      <trkpt lat="39.622974" lon="-78.208232"></trkpt>
      <trkpt lat="39.622727" lon="-78.208683"></trkpt>
      <trkpt lat="39.622528" lon="-78.209045"></trkpt>
      <trkpt lat="39.622103" lon="-78.209766"></trkpt>
      <trkpt lat="39.621872" lon="-78.210051"></trkpt>
      <trkpt lat="39.621682" lon="-78.210242"></trkpt>
      <trkpt lat="39.621483" lon="-78.210410"></trkpt>
      <trkpt lat="39.621276" lon="-78.210625"></trkpt>
      <trkpt lat="39.621111" lon="-78.210816"></trkpt>
      <trkpt lat="39.620896" lon="-78.211131"></trkpt>
      <trkpt lat="39.620501" lon="-78.211796"></trkpt>
      <trkpt lat="39.620107" lon="-78.212346"></trkpt>
      <trkpt lat="39.619793" lon="-78.212785"></trkpt>
      <trkpt lat="39.619633" lon="-78.213009"></trkpt>
      <trkpt lat="39.619081" lon="-78.213778"></trkpt>
      <trkpt lat="39.618693" lon="-78.214332"></trkpt>
      <trkpt lat="39.618509" lon="-78.214679"></trkpt>
      <trkpt lat="39.618440" lon="-78.214873"></trkpt>
      <trkpt lat="39.618420" lon="-78.214988"></trkpt>
      <trkpt lat="39.618413" lon="-78.215139"></trkpt>
      <trkpt lat="39.618422" lon="-78.215215"></trkpt>
      <trkpt lat="39.618455" lon="-78.215407"></trkpt>
      <trkpt lat="39.618503" lon="-78.215587"></trkpt>
      <trkpt lat="39.618589" lon="-78.215852"></trkpt>
      <trkpt lat="39.618703" lon="-78.216160"></trkpt>
      <trkpt lat="39.618940" lon="-78.216852"></trkpt>
      <trkpt lat="39.619156" lon="-78.217516"></trkpt>
      <trkpt lat="39.619243" lon="-78.217782"></trkpt>
      <trkpt lat="39.619330" lon="-78.218049"></trkpt>
      <trkpt lat="39.619457" lon="-78.218465"></trkpt>
      <trkpt lat="39.619585" lon="-78.218953"></trkpt>
      <trkpt lat="39.619865" lon="-78.220179"></trkpt>
      <trkpt lat="39.619909" lon="-78.220380"></trkpt>
      <trkpt lat="39.619923" lon="-78.220469"></trkpt>
      <trkpt lat="39.619949" lon="-78.220624"></trkpt>
      <trkpt lat="39.619990" lon="-78.220898"></trkpt>
      <trkpt lat="39.620140" lon="-78.221911"></trkpt>
      <trkpt lat="39.620387" lon="-78.223254"></trkpt>
      <trkpt lat="39.620450" lon="-78.223573"></trkpt>
      <trkpt lat="39.620527" lon="-78.223903"></trkpt>
      <trkpt lat="39.620957" lon="-78.225420"></trkpt>
      <trkpt lat="39.621062" lon="-78.225788"></trkpt>
      <trkpt lat="39.621095" lon="-78.225902"></trkpt>
      <trkpt lat="39.621206" lon="-78.226205"></trkpt>
      <trkpt lat="39.621289" lon="-78.226390"></trkpt>
      <trkpt lat="39.621387" lon="-78.226563"></trkpt>
      <trkpt lat="39.621560" lon="-78.226815"></trkpt>
      <trkpt lat="39.622458" lon="-78.227962"></trkpt>
      <trkpt lat="39.622595" lon="-78.228103"></trkpt>
      <trkpt lat="39.622703" lon="-78.228181"></trkpt>
      <trkpt lat="39.622799" lon="-78.228233"></trkpt>
      <trkpt lat="39.622938" lon="-78.228284"></trkpt>
      <trkpt lat="39.623085" lon="-78.228318"></trkpt>
      <trkpt lat="39.623169" lon="-78.228338"></trkpt>
      <trkpt lat="39.623231" lon="-78.228354"></trkpt>
      <trkpt lat="39.623295" lon="-78.228398"></trkpt>
      <trkpt lat="39.623349" lon="-78.228447"></trkpt>
      <trkpt lat="39.623420" lon="-78.228547"></trkpt>
      <trkpt lat="39.623481" lon="-78.228660"></trkpt>
      <trkpt lat="39.623567" lon="-78.228853"></trkpt>
      <trkpt lat="39.623760" lon="-78.229294"></trkpt>
      <trkpt lat="39.623855" lon="-78.229514"></trkpt>
      <trkpt lat="39.623874" lon="-78.229556"></trkpt>
      <trkpt lat="39.623892" lon="-78.229597"></trkpt>
      <trkpt lat="39.623967" lon="-78.229769"></trkpt>
      <trkpt lat="39.624015" lon="-78.229754"></trkpt>
      <trkpt lat="39.624069" lon="-78.229731"></trkpt>
      <trkpt lat="39.624124" lon="-78.229696"></trkpt>
      <trkpt lat="39.624436" lon="-78.229472"></trkpt>
      <trkpt lat="39.625244" lon="-78.228902"></trkpt>
      <trkpt lat="39.625272" lon="-78.228883"></trkpt>
      <trkpt lat="39.625643" lon="-78.228621"></trkpt>
      <trkpt lat="39.625888" lon="-78.228449"></trkpt>
      <trkpt lat="39.626043" lon="-78.228348"></trkpt>
      <trkpt lat="39.626104" lon="-78.228297"></trkpt>
      <trkpt lat="39.626402" lon="-78.228086"></trkpt>
      <trkpt lat="39.626446" lon="-78.228055"></trkpt>
      <trkpt lat="39.626777" lon="-78.227822"></trkpt>
      <trkpt lat="39.626877" lon="-78.227751"></trkpt>
      <trkpt lat="39.626973" lon="-78.227683"></trkpt>
      <trkpt lat="39.627295" lon="-78.227452"></trkpt>
      <trkpt lat="39.627491" lon="-78.227311"></trkpt>
      <trkpt lat="39.627654" lon="-78.227195"></trkpt>
      <trkpt lat="39.627714" lon="-78.227151"></trkpt>
      <trkpt lat="39.627776" lon="-78.227108"></trkpt>
      <trkpt lat="39.628141" lon="-78.226846"></trkpt>
      <trkpt lat="39.628160" lon="-78.226832"></trkpt>
      <trkpt lat="39.628442" lon="-78.226630"></trkpt>
      <trkpt lat="39.628508" lon="-78.226582"></trkpt>
      <trkpt lat="39.628593" lon="-78.226523"></trkpt>
      <trkpt lat="39.628805" lon="-78.226370"></trkpt>
      <trkpt lat="39.628968" lon="-78.226253"></trkpt>
      <trkpt lat="39.629220" lon="-78.226073"></trkpt>
      <trkpt lat="39.629293" lon="-78.226020"></trkpt>
      <trkpt lat="39.629338" lon="-78.226121"></trkpt>
      <trkpt lat="39.629580" lon="-78.226673"></trkpt>
      <trkpt lat="39.629675" lon="-78.226899"></trkpt>
      <trkpt lat="39.629712" lon="-78.226995"></trkpt>
      <trkpt lat="39.629759" lon="-78.227139"></trkpt>
      <trkpt lat="39.629765" lon="-78.227204"></trkpt>
      <trkpt lat="39.629770" lon="-78.227251"></trkpt>
      <trkpt lat="39.629761" lon="-78.227350"></trkpt>
      <trkpt lat="39.629725" lon="-78.227457"></trkpt>
      <trkpt lat="39.629663" lon="-78.227560"></trkpt>
      <trkpt lat="39.629507" lon="-78.227741"></trkpt>
      <trkpt lat="39.629310" lon="-78.227975"></trkpt>
      <trkpt lat="39.629180" lon="-78.228138"></trkpt>
      <trkpt lat="39.629057" lon="-78.228276"></trkpt>
      <trkpt lat="39.628818" lon="-78.228477"></trkpt>
      <trkpt lat="39.628533" lon="-78.228701"></trkpt>
      <trkpt lat="39.628251" lon="-78.228941"></trkpt>
      <trkpt lat="39.627907" lon="-78.229239"></trkpt>
      <trkpt lat="39.627623" lon="-78.229457"></trkpt>
      <trkpt lat="39.627275" lon="-78.229710"></trkpt>
      <trkpt lat="39.626910" lon="-78.229989"></trkpt>
      <trkpt lat="39.626674" lon="-78.230177"></trkpt>
      <trkpt lat="39.626531" lon="-78.230292"></trkpt>
      <trkpt lat="39.626336" lon="-78.230441"></trkpt>
      <trkpt lat="39.626068" lon="-78.230632"></trkpt>
      <trkpt lat="39.625895" lon="-78.230764"></trkpt>
      <trkpt lat="39.625722" lon="-78.230932"></trkpt>
      <trkpt lat="39.625507" lon="-78.231158"></trkpt>
      <trkpt lat="39.625382" lon="-78.231287"></trkpt>
      <trkpt lat="39.625273" lon="-78.231400"></trkpt>
      <trkpt lat="39.625185" lon="-78.231480"></trkpt>
      <trkpt lat="39.624974" lon="-78.231669"></trkpt>
      <trkpt lat="39.624760" lon="-78.231861"></trkpt>
      <trkpt lat="39.624441" lon="-78.232144"></trkpt>
      <trkpt lat="39.624195" lon="-78.232377"></trkpt>
      <trkpt lat="39.624152" lon="-78.232419"></trkpt>
      <trkpt lat="39.624046" lon="-78.232524"></trkpt>
      <trkpt lat="39.623916" lon="-78.232652"></trkpt>
      <trkpt lat="39.623845" lon="-78.232726"></trkpt>
      <trkpt lat="39.623786" lon="-78.232796"></trkpt>
      <trkpt lat="39.623738" lon="-78.232863"></trkpt>
      <trkpt lat="39.623700" lon="-78.232927"></trkpt>
      <trkpt lat="39.623659" lon="-78.233011"></trkpt>
      <trkpt lat="39.623639" lon="-78.233080"></trkpt>
      <trkpt lat="39.623627" lon="-78.233135"></trkpt>
      <trkpt lat="39.623622" lon="-78.233192"></trkpt>
      <trkpt lat="39.623627" lon="-78.233262"></trkpt>
      <trkpt lat="39.623639" lon="-78.233334"></trkpt>
      <trkpt lat="39.623660" lon="-78.233398"></trkpt>
      <trkpt lat="39.623687" lon="-78.233464"></trkpt>
      <trkpt lat="39.623738" lon="-78.233560"></trkpt>
      <trkpt lat="39.623799" lon="-78.233666"></trkpt>
      <trkpt lat="39.623833" lon="-78.233725"></trkpt>
      <trkpt lat="39.623874" lon="-78.233821"></trkpt>
      <trkpt lat="39.623906" lon="-78.233918"></trkpt>
      <trkpt lat="39.623923" lon="-78.233994"></trkpt>
      <trkpt lat="39.623935" lon="-78.234055"></trkpt>
      <trkpt lat="39.623938" lon="-78.234117"></trkpt>
      <trkpt lat="39.623940" lon="-78.234182"></trkpt>
      <trkpt lat="39.623934" lon="-78.234247"></trkpt>
      <trkpt lat="39.623920" lon="-78.234313"></trkpt>
      <trkpt lat="39.623898" lon="-78.234384"></trkpt>
      <trkpt lat="39.623847" lon="-78.234520"></trkpt>
      <trkpt lat="39.623688" lon="-78.234880"></trkpt>
      <trkpt lat="39.623573" lon="-78.235166"></trkpt>
      <trkpt lat="39.623495" lon="-78.235375"></trkpt>
      <trkpt lat="39.623451" lon="-78.235512"></trkpt>
      <trkpt lat="39.623411" lon="-78.235654"></trkpt>
      <trkpt lat="39.623380" lon="-78.235771"></trkpt>
      <trkpt lat="39.623357" lon="-78.235874"></trkpt>
      <trkpt lat="39.623340" lon="-78.235985"></trkpt>
      <trkpt lat="39.623334" lon="-78.236168"></trkpt>
    </trkseg>
  </trk>
</gpx>
