<?xml version="1.0" encoding="utf-8" ?>
<gpx xmlns="http://www.topografix.com/GPX/1/1" creator="http://furkot.com/" version="1.1" xmlns:xsi="http://www.w3.org/2001/XMLSchema-instance" xsi:schemaLocation="http://www.topografix.com/GPX/1/1 http://www.topografix.com/GPX/1/1/gpx.xsd">
  <metadata>
    <name>Summersville loop</name>
    <author>
      <name>Furkot - road trip planner</name>
      <email id="trips" domain="furkot.com"></email>
      <link href="https://trips.furkot.com">
        <text>Furkot</text>
      </link>
    </author>
  </metadata>
  <wpt lat="38.223373" lon="-80.887608">
    <time>2026-07-13T13:00:00.000Z</time>
    <name>Sommersville Lake Dam Overlook</name>
    <cmt>West Virginia, USA</cmt>
    <desc>West Virginia, USA</desc>
    <link href="https://www.openstreetmap.org/node/2925512101"></link>
    <sym>Scenic Area</sym>
  </wpt>
  <wpt lat="38.122083" lon="-81.117865">
    <time>2026-07-13T13:46:11.000Z</time>
    <name>Hawks Nest State Park</name>
    <cmt>49 Hawks Nest Park Road, Ansted</cmt>
    <desc>49 Hawks Nest Park Road, Ansted</desc>
    <link href="https://trips.furkot.com/book/expedia?alt=hotelsdotcom*537741%3A3907736&amp;id=537741%3A3907736&amp;currency=USD"></link>
    <sym>Lodging</sym>
  </wpt>
  <wpt lat="38.142608" lon="-81.206497">
    <time>2026-07-14T13:15:52.000Z</time>
    <name>Kanawha Falls</name>
    <cmt>Glen Ferris, WV</cmt>
    <desc>Glen Ferris, WV</desc>
  </wpt>
  <wpt lat="38.064092" lon="-81.077166">
    <time>2026-07-14T14:51:09.000Z</time>
    <name>Fayette Station Road</name>
    <cmt>Fayette Station Road, WV
Tunney Hunsaker Bridge</cmt>
    <desc>Fayette Station Road, WV
Tunney Hunsaker Bridge</desc>
  </wpt>
  <wpt lat="37.959860" lon="-81.148640">
    <time>2026-07-14T16:12:32.000Z</time>
    <name>Coal Heritage Trail</name>
    <cmt>West Virginia, USA</cmt>
    <desc>West Virginia, USA</desc>
    <link href="https://scenicbyways.info/byway/10346.html"></link>
    <sym>Mile Marker</sym>
  </wpt>
  <wpt lat="37.928890" lon="-81.156190">
    <time>2026-07-14T16:31:33.010Z</time>
    <name>Coal Heritage Trail</name>
    <cmt>West Virginia, USA</cmt>
    <desc>West Virginia, USA</desc>
    <link href="https://scenicbyways.info/byway/10346.html"></link>
    <sym>Mile Marker</sym>
  </wpt>
  <wpt lat="38.004280" lon="-80.943985">
    <time>2026-07-14T17:37:07.010Z</time>
    <name>486 Babcock State Pk, Maplewood, WV 25831</name>
    <cmt>West Virginia, USA</cmt>
    <desc>West Virginia, USA</desc>
  </wpt>
  <trk>
    <name>Day 1 - Mon, Jul 13, 2026</name>
    <trkseg>
      <trkpt lat="38.222965" lon="-80.887554"></trkpt>
      <trkpt lat="38.222966" lon="-80.887541"></trkpt>
      <trkpt lat="38.222974" lon="-80.887344"></trkpt>
      <trkpt lat="38.222988" lon="-80.886966"></trkpt>
      <trkpt lat="38.222988" lon="-80.886917"></trkpt>
      <trkpt lat="38.222951" lon="-80.884030"></trkpt>
      <trkpt lat="38.222900" lon="-80.883738"></trkpt>
      <trkpt lat="38.222822" lon="-80.883462"></trkpt>
      <trkpt lat="38.222376" lon="-80.882292"></trkpt>
      <trkpt lat="38.222085" lon="-80.881589"></trkpt>
      <trkpt lat="38.221895" lon="-80.881265"></trkpt>
      <trkpt lat="38.221775" lon="-80.881063"></trkpt>
      <trkpt lat="38.221430" lon="-80.880742"></trkpt>
      <trkpt lat="38.221386" lon="-80.880708"></trkpt>
      <trkpt lat="38.221240" lon="-80.880594"></trkpt>
      <trkpt lat="38.221013" lon="-80.880495"></trkpt>
      <trkpt lat="38.220823" lon="-80.880428"></trkpt>
      <trkpt lat="38.219993" lon="-80.880182"></trkpt>
      <trkpt lat="38.219044" lon="-80.879928"></trkpt>
      <trkpt lat="38.218540" lon="-80.879793"></trkpt>
      <trkpt lat="38.217832" lon="-80.879557"></trkpt>
      <trkpt lat="38.217276" lon="-80.879235"></trkpt>
      <trkpt lat="38.216787" lon="-80.878849"></trkpt>
      <trkpt lat="38.216298" lon="-80.878205"></trkpt>
      <trkpt lat="38.215671" lon="-80.877119"></trkpt>
      <trkpt lat="38.215403" lon="-80.876651"></trkpt>
      <trkpt lat="38.215186" lon="-80.876370"></trkpt>
      <trkpt lat="38.214962" lon="-80.876118"></trkpt>
      <trkpt lat="38.214832" lon="-80.876001"></trkpt>
      <trkpt lat="38.214819" lon="-80.875991"></trkpt>
      <trkpt lat="38.214646" lon="-80.875855"></trkpt>
      <trkpt lat="38.214503" lon="-80.875769"></trkpt>
      <trkpt lat="38.214402" lon="-80.875708"></trkpt>
      <trkpt lat="38.214170" lon="-80.875599"></trkpt>
      <trkpt lat="38.213875" lon="-80.875512"></trkpt>
      <trkpt lat="38.213241" lon="-80.875381"></trkpt>
      <trkpt lat="38.212149" lon="-80.875154"></trkpt>
      <trkpt lat="38.210578" lon="-80.874640"></trkpt>
      <trkpt lat="38.209786" lon="-80.874368"></trkpt>
      <trkpt lat="38.209657" lon="-80.874315"></trkpt>
      <trkpt lat="38.209570" lon="-80.874280"></trkpt>
      <trkpt lat="38.209295" lon="-80.874101"></trkpt>
      <trkpt lat="38.209049" lon="-80.873918"></trkpt>
      <trkpt lat="38.208855" lon="-80.873708"></trkpt>
      <trkpt lat="38.208081" lon="-80.872762"></trkpt>
      <trkpt lat="38.207889" lon="-80.872575"></trkpt>
      <trkpt lat="38.207688" lon="-80.872460"></trkpt>
      <trkpt lat="38.207493" lon="-80.872385"></trkpt>
      <trkpt lat="38.207279" lon="-80.872339"></trkpt>
      <trkpt lat="38.207077" lon="-80.872350"></trkpt>
      <trkpt lat="38.206901" lon="-80.872378"></trkpt>
      <trkpt lat="38.206737" lon="-80.872427"></trkpt>
      <trkpt lat="38.206081" lon="-80.872719"></trkpt>
      <trkpt lat="38.205624" lon="-80.872904"></trkpt>
      <trkpt lat="38.205346" lon="-80.872947"></trkpt>
      <trkpt lat="38.205120" lon="-80.872974"></trkpt>
      <trkpt lat="38.204809" lon="-80.872945"></trkpt>
      <trkpt lat="38.204637" lon="-80.872883"></trkpt>
      <trkpt lat="38.204400" lon="-80.872773"></trkpt>
      <trkpt lat="38.204289" lon="-80.872695"></trkpt>
      <trkpt lat="38.204022" lon="-80.872503"></trkpt>
      <trkpt lat="38.203839" lon="-80.872353"></trkpt>
      <trkpt lat="38.203109" lon="-80.871702"></trkpt>
      <trkpt lat="38.202479" lon="-80.871000"></trkpt>
      <trkpt lat="38.202076" lon="-80.870481"></trkpt>
      <trkpt lat="38.201018" lon="-80.868999"></trkpt>
      <trkpt lat="38.200189" lon="-80.867798"></trkpt>
      <trkpt lat="38.199756" lon="-80.867091"></trkpt>
      <trkpt lat="38.199195" lon="-80.866133"></trkpt>
      <trkpt lat="38.198724" lon="-80.865329"></trkpt>
      <trkpt lat="38.197875" lon="-80.863932"></trkpt>
      <trkpt lat="38.197507" lon="-80.863282"></trkpt>
      <trkpt lat="38.197473" lon="-80.863220"></trkpt>
      <trkpt lat="38.197040" lon="-80.862500"></trkpt>
      <trkpt lat="38.196756" lon="-80.862043"></trkpt>
      <trkpt lat="38.196703" lon="-80.861942"></trkpt>
      <trkpt lat="38.196594" lon="-80.862083"></trkpt>
      <trkpt lat="38.196101" lon="-80.862790"></trkpt>
      <trkpt lat="38.195982" lon="-80.862969"></trkpt>
      <trkpt lat="38.195852" lon="-80.863168"></trkpt>
      <trkpt lat="38.195682" lon="-80.863451"></trkpt>
      <trkpt lat="38.195503" lon="-80.863742"></trkpt>
      <trkpt lat="38.195305" lon="-80.864094"></trkpt>
      <trkpt lat="38.195061" lon="-80.864523"></trkpt>
      <trkpt lat="38.194780" lon="-80.865041"></trkpt>
      <trkpt lat="38.194231" lon="-80.866017"></trkpt>
      <trkpt lat="38.193359" lon="-80.867569"></trkpt>
      <trkpt lat="38.191186" lon="-80.871470"></trkpt>
      <trkpt lat="38.190034" lon="-80.873545"></trkpt>
      <trkpt lat="38.189642" lon="-80.874276"></trkpt>
      <trkpt lat="38.189579" lon="-80.874395"></trkpt>
      <trkpt lat="38.189450" lon="-80.874627"></trkpt>
      <trkpt lat="38.187186" lon="-80.878665"></trkpt>
      <trkpt lat="38.185198" lon="-80.882231"></trkpt>
      <trkpt lat="38.184088" lon="-80.884224"></trkpt>
      <trkpt lat="38.183369" lon="-80.885526"></trkpt>
      <trkpt lat="38.181581" lon="-80.888724"></trkpt>
      <trkpt lat="38.181119" lon="-80.889527"></trkpt>
      <trkpt lat="38.180851" lon="-80.889962"></trkpt>
      <trkpt lat="38.180637" lon="-80.890303"></trkpt>
      <trkpt lat="38.180322" lon="-80.890783"></trkpt>
      <trkpt lat="38.180084" lon="-80.891132"></trkpt>
      <trkpt lat="38.179777" lon="-80.891536"></trkpt>
      <trkpt lat="38.179516" lon="-80.891874"></trkpt>
      <trkpt lat="38.179272" lon="-80.892168"></trkpt>
      <trkpt lat="38.178934" lon="-80.892556"></trkpt>
      <trkpt lat="38.178622" lon="-80.892900"></trkpt>
      <trkpt lat="38.178344" lon="-80.893205"></trkpt>
      <trkpt lat="38.178039" lon="-80.893496"></trkpt>
      <trkpt lat="38.177697" lon="-80.893817"></trkpt>
      <trkpt lat="38.177331" lon="-80.894133"></trkpt>
      <trkpt lat="38.176858" lon="-80.894507"></trkpt>
      <trkpt lat="38.176394" lon="-80.894853"></trkpt>
      <trkpt lat="38.176187" lon="-80.895007"></trkpt>
      <trkpt lat="38.175923" lon="-80.895196"></trkpt>
      <trkpt lat="38.175640" lon="-80.895381"></trkpt>
      <trkpt lat="38.175420" lon="-80.895520"></trkpt>
      <trkpt lat="38.175161" lon="-80.895681"></trkpt>
      <trkpt lat="38.174895" lon="-80.895830"></trkpt>
      <trkpt lat="38.174612" lon="-80.895988"></trkpt>
      <trkpt lat="38.173948" lon="-80.896346"></trkpt>
      <trkpt lat="38.173085" lon="-80.896820"></trkpt>
      <trkpt lat="38.172301" lon="-80.897229"></trkpt>
      <trkpt lat="38.169915" lon="-80.898466"></trkpt>
      <trkpt lat="38.168794" lon="-80.899067"></trkpt>
      <trkpt lat="38.167252" lon="-80.899868"></trkpt>
      <trkpt lat="38.165544" lon="-80.900777"></trkpt>
      <trkpt lat="38.163655" lon="-80.901767"></trkpt>
      <trkpt lat="38.162136" lon="-80.902556"></trkpt>
      <trkpt lat="38.161526" lon="-80.902850"></trkpt>
      <trkpt lat="38.161047" lon="-80.903127"></trkpt>
      <trkpt lat="38.160537" lon="-80.903449"></trkpt>
      <trkpt lat="38.160332" lon="-80.903578"></trkpt>
      <trkpt lat="38.160112" lon="-80.903747"></trkpt>
      <trkpt lat="38.159816" lon="-80.903991"></trkpt>
      <trkpt lat="38.159672" lon="-80.904113"></trkpt>
      <trkpt lat="38.159360" lon="-80.904401"></trkpt>
      <trkpt lat="38.158837" lon="-80.904914"></trkpt>
      <trkpt lat="38.158747" lon="-80.905003"></trkpt>
      <trkpt lat="38.158604" lon="-80.905169"></trkpt>
      <trkpt lat="38.158338" lon="-80.905472"></trkpt>
      <trkpt lat="38.158163" lon="-80.905685"></trkpt>
      <trkpt lat="38.157964" lon="-80.905940"></trkpt>
      <trkpt lat="38.157758" lon="-80.906215"></trkpt>
      <trkpt lat="38.157610" lon="-80.906421"></trkpt>
      <trkpt lat="38.157448" lon="-80.906662"></trkpt>
      <trkpt lat="38.157292" lon="-80.906899"></trkpt>
      <trkpt lat="38.157126" lon="-80.907176"></trkpt>
      <trkpt lat="38.156991" lon="-80.907412"></trkpt>
      <trkpt lat="38.156827" lon="-80.907719"></trkpt>
      <trkpt lat="38.156695" lon="-80.907971"></trkpt>
      <trkpt lat="38.156568" lon="-80.908229"></trkpt>
      <trkpt lat="38.156427" lon="-80.908531"></trkpt>
      <trkpt lat="38.156291" lon="-80.908847"></trkpt>
      <trkpt lat="38.156159" lon="-80.909174"></trkpt>
      <trkpt lat="38.156026" lon="-80.909515"></trkpt>
      <trkpt lat="38.155921" lon="-80.909810"></trkpt>
      <trkpt lat="38.155803" lon="-80.910156"></trkpt>
      <trkpt lat="38.155703" lon="-80.910479"></trkpt>
      <trkpt lat="38.155615" lon="-80.910811"></trkpt>
      <trkpt lat="38.155515" lon="-80.911199"></trkpt>
      <trkpt lat="38.155438" lon="-80.911545"></trkpt>
      <trkpt lat="38.155401" lon="-80.911721"></trkpt>
      <trkpt lat="38.155347" lon="-80.911998"></trkpt>
      <trkpt lat="38.155298" lon="-80.912280"></trkpt>
      <trkpt lat="38.155275" lon="-80.912415"></trkpt>
      <trkpt lat="38.155253" lon="-80.912543"></trkpt>
      <trkpt lat="38.155225" lon="-80.912757"></trkpt>
      <trkpt lat="38.155145" lon="-80.913302"></trkpt>
      <trkpt lat="38.155051" lon="-80.914009"></trkpt>
      <trkpt lat="38.154679" lon="-80.916842"></trkpt>
      <trkpt lat="38.154581" lon="-80.917605"></trkpt>
      <trkpt lat="38.154564" lon="-80.917761"></trkpt>
      <trkpt lat="38.154543" lon="-80.917924"></trkpt>
      <trkpt lat="38.154278" lon="-80.919919"></trkpt>
      <trkpt lat="38.154180" lon="-80.920679"></trkpt>
      <trkpt lat="38.154125" lon="-80.921024"></trkpt>
      <trkpt lat="38.154067" lon="-80.921339"></trkpt>
      <trkpt lat="38.153994" lon="-80.921674"></trkpt>
      <trkpt lat="38.153917" lon="-80.921982"></trkpt>
      <trkpt lat="38.153847" lon="-80.922237"></trkpt>
      <trkpt lat="38.153793" lon="-80.922417"></trkpt>
      <trkpt lat="38.153721" lon="-80.922633"></trkpt>
      <trkpt lat="38.153645" lon="-80.922852"></trkpt>
      <trkpt lat="38.153550" lon="-80.923099"></trkpt>
      <trkpt lat="38.153465" lon="-80.923300"></trkpt>
      <trkpt lat="38.153385" lon="-80.923480"></trkpt>
      <trkpt lat="38.153298" lon="-80.923659"></trkpt>
      <trkpt lat="38.153205" lon="-80.923841"></trkpt>
      <trkpt lat="38.153090" lon="-80.924061"></trkpt>
      <trkpt lat="38.152949" lon="-80.924302"></trkpt>
      <trkpt lat="38.152834" lon="-80.924493"></trkpt>
      <trkpt lat="38.152708" lon="-80.924686"></trkpt>
      <trkpt lat="38.152576" lon="-80.924884"></trkpt>
      <trkpt lat="38.152427" lon="-80.925099"></trkpt>
      <trkpt lat="38.152262" lon="-80.925324"></trkpt>
      <trkpt lat="38.152107" lon="-80.925523"></trkpt>
      <trkpt lat="38.151893" lon="-80.925786"></trkpt>
      <trkpt lat="38.149559" lon="-80.929003"></trkpt>
      <trkpt lat="38.149394" lon="-80.929227"></trkpt>
      <trkpt lat="38.149272" lon="-80.929397"></trkpt>
      <trkpt lat="38.149126" lon="-80.929585"></trkpt>
      <trkpt lat="38.148953" lon="-80.929797"></trkpt>
      <trkpt lat="38.148792" lon="-80.929981"></trkpt>
      <trkpt lat="38.148670" lon="-80.930119"></trkpt>
      <trkpt lat="38.148512" lon="-80.930286"></trkpt>
      <trkpt lat="38.148389" lon="-80.930410"></trkpt>
      <trkpt lat="38.148255" lon="-80.930541"></trkpt>
      <trkpt lat="38.148123" lon="-80.930660"></trkpt>
      <trkpt lat="38.147995" lon="-80.930779"></trkpt>
      <trkpt lat="38.147848" lon="-80.930906"></trkpt>
      <trkpt lat="38.147703" lon="-80.931022"></trkpt>
      <trkpt lat="38.147550" lon="-80.931141"></trkpt>
      <trkpt lat="38.147406" lon="-80.931245"></trkpt>
      <trkpt lat="38.147257" lon="-80.931348"></trkpt>
      <trkpt lat="38.147062" lon="-80.931480"></trkpt>
      <trkpt lat="38.146886" lon="-80.931588"></trkpt>
      <trkpt lat="38.146751" lon="-80.931670"></trkpt>
      <trkpt lat="38.146596" lon="-80.931758"></trkpt>
      <trkpt lat="38.146407" lon="-80.931859"></trkpt>
      <trkpt lat="38.146280" lon="-80.931925"></trkpt>
      <trkpt lat="38.146026" lon="-80.932039"></trkpt>
      <trkpt lat="38.145751" lon="-80.932152"></trkpt>
      <trkpt lat="38.145328" lon="-80.932329"></trkpt>
      <trkpt lat="38.145087" lon="-80.932425"></trkpt>
      <trkpt lat="38.143947" lon="-80.932876"></trkpt>
      <trkpt lat="38.143148" lon="-80.933215"></trkpt>
      <trkpt lat="38.142993" lon="-80.933291"></trkpt>
      <trkpt lat="38.142819" lon="-80.933377"></trkpt>
      <trkpt lat="38.142679" lon="-80.933456"></trkpt>
      <trkpt lat="38.142535" lon="-80.933538"></trkpt>
      <trkpt lat="38.142417" lon="-80.933612"></trkpt>
      <trkpt lat="38.142285" lon="-80.933692"></trkpt>
      <trkpt lat="38.142146" lon="-80.933783"></trkpt>
      <trkpt lat="38.141965" lon="-80.933914"></trkpt>
      <trkpt lat="38.141819" lon="-80.934026"></trkpt>
      <trkpt lat="38.141685" lon="-80.934130"></trkpt>
      <trkpt lat="38.141541" lon="-80.934248"></trkpt>
      <trkpt lat="38.141391" lon="-80.934379"></trkpt>
      <trkpt lat="38.141285" lon="-80.934470"></trkpt>
      <trkpt lat="38.141170" lon="-80.934582"></trkpt>
      <trkpt lat="38.141046" lon="-80.934705"></trkpt>
      <trkpt lat="38.140944" lon="-80.934802"></trkpt>
      <trkpt lat="38.140823" lon="-80.934935"></trkpt>
      <trkpt lat="38.140698" lon="-80.935070"></trkpt>
      <trkpt lat="38.140527" lon="-80.935269"></trkpt>
      <trkpt lat="38.140425" lon="-80.935395"></trkpt>
      <trkpt lat="38.140313" lon="-80.935538"></trkpt>
      <trkpt lat="38.140210" lon="-80.935673"></trkpt>
      <trkpt lat="38.140079" lon="-80.935857"></trkpt>
      <trkpt lat="38.139963" lon="-80.936024"></trkpt>
      <trkpt lat="38.139866" lon="-80.936170"></trkpt>
      <trkpt lat="38.139760" lon="-80.936339"></trkpt>
      <trkpt lat="38.139662" lon="-80.936500"></trkpt>
      <trkpt lat="38.139572" lon="-80.936654"></trkpt>
      <trkpt lat="38.139474" lon="-80.936832"></trkpt>
      <trkpt lat="38.139379" lon="-80.937009"></trkpt>
      <trkpt lat="38.139246" lon="-80.937273"></trkpt>
      <trkpt lat="38.139062" lon="-80.937654"></trkpt>
      <trkpt lat="38.137528" lon="-80.940894"></trkpt>
      <trkpt lat="38.135679" lon="-80.944786"></trkpt>
      <trkpt lat="38.133775" lon="-80.948778"></trkpt>
      <trkpt lat="38.131858" lon="-80.952813"></trkpt>
      <trkpt lat="38.130319" lon="-80.956059"></trkpt>
      <trkpt lat="38.130049" lon="-80.956623"></trkpt>
      <trkpt lat="38.129984" lon="-80.956765"></trkpt>
      <trkpt lat="38.130060" lon="-80.956823"></trkpt>
      <trkpt lat="38.130369" lon="-80.957054"></trkpt>
      <trkpt lat="38.131126" lon="-80.957636"></trkpt>
      <trkpt lat="38.131584" lon="-80.957984"></trkpt>
      <trkpt lat="38.133851" lon="-80.955318"></trkpt>
      <trkpt lat="38.134331" lon="-80.955405"></trkpt>
      <trkpt lat="38.134927" lon="-80.954681"></trkpt>
      <trkpt lat="38.135362" lon="-80.953956"></trkpt>
      <trkpt lat="38.135476" lon="-80.953927"></trkpt>
      <trkpt lat="38.136277" lon="-80.954362"></trkpt>
      <trkpt lat="38.136827" lon="-80.954536"></trkpt>
      <trkpt lat="38.137124" lon="-80.954826"></trkpt>
      <trkpt lat="38.137445" lon="-80.956652"></trkpt>
      <trkpt lat="38.137742" lon="-80.957522"></trkpt>
      <trkpt lat="38.138131" lon="-80.958131"></trkpt>
      <trkpt lat="38.138337" lon="-80.958247"></trkpt>
      <trkpt lat="38.139001" lon="-80.958131"></trkpt>
      <trkpt lat="38.139070" lon="-80.958044"></trkpt>
      <trkpt lat="38.139450" lon="-80.957975"></trkpt>
      <trkpt lat="38.139871" lon="-80.957899"></trkpt>
      <trkpt lat="38.140260" lon="-80.958015"></trkpt>
      <trkpt lat="38.141313" lon="-80.958595"></trkpt>
      <trkpt lat="38.141656" lon="-80.959030"></trkpt>
      <trkpt lat="38.141931" lon="-80.960219"></trkpt>
      <trkpt lat="38.142160" lon="-80.960480"></trkpt>
      <trkpt lat="38.142343" lon="-80.960538"></trkpt>
      <trkpt lat="38.143579" lon="-80.960451"></trkpt>
      <trkpt lat="38.143945" lon="-80.960567"></trkpt>
      <trkpt lat="38.145639" lon="-80.961873"></trkpt>
      <trkpt lat="38.145900" lon="-80.962067"></trkpt>
      <trkpt lat="38.147540" lon="-80.963285"></trkpt>
      <trkpt lat="38.148002" lon="-80.963626"></trkpt>
      <trkpt lat="38.148402" lon="-80.963874"></trkpt>
      <trkpt lat="38.148696" lon="-80.964131"></trkpt>
      <trkpt lat="38.148945" lon="-80.964332"></trkpt>
      <trkpt lat="38.149000" lon="-80.964487"></trkpt>
      <trkpt lat="38.148972" lon="-80.964708"></trkpt>
      <trkpt lat="38.148870" lon="-80.964967"></trkpt>
      <trkpt lat="38.148778" lon="-80.965213"></trkpt>
      <trkpt lat="38.148815" lon="-80.965412"></trkpt>
      <trkpt lat="38.148975" lon="-80.965562"></trkpt>
      <trkpt lat="38.149527" lon="-80.965960"></trkpt>
      <trkpt lat="38.150021" lon="-80.965475"></trkpt>
      <trkpt lat="38.150459" lon="-80.965011"></trkpt>
      <trkpt lat="38.150630" lon="-80.964869"></trkpt>
      <trkpt lat="38.150948" lon="-80.964674"></trkpt>
      <trkpt lat="38.151199" lon="-80.964579"></trkpt>
      <trkpt lat="38.151829" lon="-80.964468"></trkpt>
      <trkpt lat="38.151973" lon="-80.964469"></trkpt>
      <trkpt lat="38.152219" lon="-80.964504"></trkpt>
      <trkpt lat="38.152442" lon="-80.964561"></trkpt>
      <trkpt lat="38.152707" lon="-80.964598"></trkpt>
      <trkpt lat="38.153899" lon="-80.964576"></trkpt>
      <trkpt lat="38.154068" lon="-80.964559"></trkpt>
      <trkpt lat="38.154921" lon="-80.964378"></trkpt>
      <trkpt lat="38.155651" lon="-80.964128"></trkpt>
      <trkpt lat="38.155989" lon="-80.963933"></trkpt>
      <trkpt lat="38.156193" lon="-80.963758"></trkpt>
      <trkpt lat="38.157166" lon="-80.962718"></trkpt>
      <trkpt lat="38.157386" lon="-80.962437"></trkpt>
      <trkpt lat="38.157545" lon="-80.962261"></trkpt>
      <trkpt lat="38.157672" lon="-80.962072"></trkpt>
      <trkpt lat="38.157834" lon="-80.961876"></trkpt>
      <trkpt lat="38.158045" lon="-80.961689"></trkpt>
      <trkpt lat="38.158172" lon="-80.961533"></trkpt>
      <trkpt lat="38.158414" lon="-80.961372"></trkpt>
      <trkpt lat="38.158573" lon="-80.961307"></trkpt>
      <trkpt lat="38.159045" lon="-80.961203"></trkpt>
      <trkpt lat="38.159227" lon="-80.961118"></trkpt>
      <trkpt lat="38.159355" lon="-80.961014"></trkpt>
      <trkpt lat="38.159395" lon="-80.960999"></trkpt>
      <trkpt lat="38.159598" lon="-80.960984"></trkpt>
      <trkpt lat="38.159801" lon="-80.960986"></trkpt>
      <trkpt lat="38.160028" lon="-80.961098"></trkpt>
      <trkpt lat="38.160360" lon="-80.961215"></trkpt>
      <trkpt lat="38.160508" lon="-80.961240"></trkpt>
      <trkpt lat="38.160647" lon="-80.961229"></trkpt>
      <trkpt lat="38.160703" lon="-80.961256"></trkpt>
      <trkpt lat="38.160818" lon="-80.961353"></trkpt>
      <trkpt lat="38.160890" lon="-80.961490"></trkpt>
      <trkpt lat="38.160909" lon="-80.961588"></trkpt>
      <trkpt lat="38.160930" lon="-80.961992"></trkpt>
      <trkpt lat="38.160914" lon="-80.962341"></trkpt>
      <trkpt lat="38.160844" lon="-80.962482"></trkpt>
      <trkpt lat="38.160738" lon="-80.962603"></trkpt>
      <trkpt lat="38.160484" lon="-80.962825"></trkpt>
      <trkpt lat="38.160381" lon="-80.962950"></trkpt>
      <trkpt lat="38.160283" lon="-80.963176"></trkpt>
      <trkpt lat="38.160260" lon="-80.963341"></trkpt>
      <trkpt lat="38.160274" lon="-80.963540"></trkpt>
      <trkpt lat="38.160318" lon="-80.963710"></trkpt>
      <trkpt lat="38.160365" lon="-80.963818"></trkpt>
      <trkpt lat="38.160422" lon="-80.963904"></trkpt>
      <trkpt lat="38.160889" lon="-80.964406"></trkpt>
      <trkpt lat="38.161180" lon="-80.964802"></trkpt>
      <trkpt lat="38.161271" lon="-80.964891"></trkpt>
      <trkpt lat="38.161621" lon="-80.965075"></trkpt>
      <trkpt lat="38.161743" lon="-80.965161"></trkpt>
      <trkpt lat="38.161902" lon="-80.965371"></trkpt>
      <trkpt lat="38.161938" lon="-80.965427"></trkpt>
      <trkpt lat="38.161980" lon="-80.965537"></trkpt>
      <trkpt lat="38.162121" lon="-80.965867"></trkpt>
      <trkpt lat="38.162362" lon="-80.966273"></trkpt>
      <trkpt lat="38.162471" lon="-80.966364"></trkpt>
      <trkpt lat="38.162700" lon="-80.966483"></trkpt>
      <trkpt lat="38.163058" lon="-80.966645"></trkpt>
      <trkpt lat="38.163210" lon="-80.966688"></trkpt>
      <trkpt lat="38.163362" lon="-80.966841"></trkpt>
      <trkpt lat="38.163619" lon="-80.967048"></trkpt>
      <trkpt lat="38.163778" lon="-80.967170"></trkpt>
      <trkpt lat="38.163876" lon="-80.967219"></trkpt>
      <trkpt lat="38.164121" lon="-80.967239"></trkpt>
      <trkpt lat="38.164380" lon="-80.967191"></trkpt>
      <trkpt lat="38.164506" lon="-80.967167"></trkpt>
      <trkpt lat="38.164832" lon="-80.967200"></trkpt>
      <trkpt lat="38.165068" lon="-80.967297"></trkpt>
      <trkpt lat="38.165349" lon="-80.967486"></trkpt>
      <trkpt lat="38.165489" lon="-80.967548"></trkpt>
      <trkpt lat="38.165724" lon="-80.967594"></trkpt>
      <trkpt lat="38.166446" lon="-80.967553"></trkpt>
      <trkpt lat="38.166873" lon="-80.967587"></trkpt>
      <trkpt lat="38.166977" lon="-80.967579"></trkpt>
      <trkpt lat="38.167346" lon="-80.967475"></trkpt>
      <trkpt lat="38.167683" lon="-80.967337"></trkpt>
      <trkpt lat="38.167819" lon="-80.967231"></trkpt>
      <trkpt lat="38.167945" lon="-80.967073"></trkpt>
      <trkpt lat="38.168031" lon="-80.966908"></trkpt>
      <trkpt lat="38.168252" lon="-80.966565"></trkpt>
      <trkpt lat="38.168431" lon="-80.966417"></trkpt>
      <trkpt lat="38.168754" lon="-80.966244"></trkpt>
      <trkpt lat="38.169225" lon="-80.966094"></trkpt>
      <trkpt lat="38.169736" lon="-80.965970"></trkpt>
      <trkpt lat="38.169984" lon="-80.965941"></trkpt>
      <trkpt lat="38.170035" lon="-80.965940"></trkpt>
      <trkpt lat="38.170688" lon="-80.965930"></trkpt>
      <trkpt lat="38.170851" lon="-80.965881"></trkpt>
      <trkpt lat="38.170915" lon="-80.965844"></trkpt>
      <trkpt lat="38.171083" lon="-80.965696"></trkpt>
      <trkpt lat="38.171537" lon="-80.965228"></trkpt>
      <trkpt lat="38.171797" lon="-80.965085"></trkpt>
      <trkpt lat="38.172221" lon="-80.964924"></trkpt>
      <trkpt lat="38.172577" lon="-80.964835"></trkpt>
      <trkpt lat="38.172782" lon="-80.964825"></trkpt>
      <trkpt lat="38.172861" lon="-80.964836"></trkpt>
      <trkpt lat="38.173487" lon="-80.965062"></trkpt>
      <trkpt lat="38.173552" lon="-80.965056"></trkpt>
      <trkpt lat="38.173793" lon="-80.964868"></trkpt>
      <trkpt lat="38.173858" lon="-80.964848"></trkpt>
      <trkpt lat="38.173906" lon="-80.964862"></trkpt>
      <trkpt lat="38.173968" lon="-80.964918"></trkpt>
      <trkpt lat="38.174119" lon="-80.965141"></trkpt>
      <trkpt lat="38.174284" lon="-80.965331"></trkpt>
      <trkpt lat="38.174476" lon="-80.965497"></trkpt>
      <trkpt lat="38.174711" lon="-80.965664"></trkpt>
      <trkpt lat="38.174873" lon="-80.965752"></trkpt>
      <trkpt lat="38.175039" lon="-80.965885"></trkpt>
      <trkpt lat="38.175095" lon="-80.965956"></trkpt>
      <trkpt lat="38.175157" lon="-80.966079"></trkpt>
      <trkpt lat="38.175278" lon="-80.966393"></trkpt>
      <trkpt lat="38.175334" lon="-80.966496"></trkpt>
      <trkpt lat="38.175483" lon="-80.966690"></trkpt>
      <trkpt lat="38.175625" lon="-80.966828"></trkpt>
      <trkpt lat="38.175801" lon="-80.966959"></trkpt>
      <trkpt lat="38.175895" lon="-80.967030"></trkpt>
      <trkpt lat="38.176049" lon="-80.967116"></trkpt>
      <trkpt lat="38.176092" lon="-80.967133"></trkpt>
      <trkpt lat="38.176383" lon="-80.967252"></trkpt>
      <trkpt lat="38.176565" lon="-80.967325"></trkpt>
      <trkpt lat="38.176858" lon="-80.967471"></trkpt>
      <trkpt lat="38.176995" lon="-80.967613"></trkpt>
      <trkpt lat="38.177067" lon="-80.967754"></trkpt>
      <trkpt lat="38.177082" lon="-80.967817"></trkpt>
      <trkpt lat="38.177082" lon="-80.967939"></trkpt>
      <trkpt lat="38.177044" lon="-80.968147"></trkpt>
      <trkpt lat="38.176929" lon="-80.968550"></trkpt>
      <trkpt lat="38.176879" lon="-80.968903"></trkpt>
      <trkpt lat="38.176877" lon="-80.969071"></trkpt>
      <trkpt lat="38.176973" lon="-80.970305"></trkpt>
      <trkpt lat="38.176966" lon="-80.970647"></trkpt>
      <trkpt lat="38.176879" lon="-80.971211"></trkpt>
      <trkpt lat="38.176835" lon="-80.971380"></trkpt>
      <trkpt lat="38.176731" lon="-80.971633"></trkpt>
      <trkpt lat="38.176682" lon="-80.971815"></trkpt>
      <trkpt lat="38.176599" lon="-80.972264"></trkpt>
      <trkpt lat="38.176548" lon="-80.972686"></trkpt>
      <trkpt lat="38.176549" lon="-80.972983"></trkpt>
      <trkpt lat="38.176567" lon="-80.973208"></trkpt>
      <trkpt lat="38.176695" lon="-80.973768"></trkpt>
      <trkpt lat="38.176868" lon="-80.974417"></trkpt>
      <trkpt lat="38.176949" lon="-80.974909"></trkpt>
      <trkpt lat="38.176967" lon="-80.975215"></trkpt>
      <trkpt lat="38.177001" lon="-80.975896"></trkpt>
      <trkpt lat="38.177034" lon="-80.976034"></trkpt>
      <trkpt lat="38.177457" lon="-80.976956"></trkpt>
      <trkpt lat="38.177484" lon="-80.977015"></trkpt>
      <trkpt lat="38.177579" lon="-80.977251"></trkpt>
      <trkpt lat="38.177890" lon="-80.978021"></trkpt>
      <trkpt lat="38.177945" lon="-80.978147"></trkpt>
      <trkpt lat="38.178100" lon="-80.978496"></trkpt>
      <trkpt lat="38.178242" lon="-80.978888"></trkpt>
      <trkpt lat="38.178345" lon="-80.979173"></trkpt>
      <trkpt lat="38.178427" lon="-80.979563"></trkpt>
      <trkpt lat="38.178427" lon="-80.979756"></trkpt>
      <trkpt lat="38.178346" lon="-80.980858"></trkpt>
      <trkpt lat="38.178311" lon="-80.981618"></trkpt>
      <trkpt lat="38.178311" lon="-80.982155"></trkpt>
      <trkpt lat="38.178336" lon="-80.982527"></trkpt>
      <trkpt lat="38.178407" lon="-80.983001"></trkpt>
      <trkpt lat="38.178428" lon="-80.983317"></trkpt>
      <trkpt lat="38.178430" lon="-80.983740"></trkpt>
      <trkpt lat="38.178425" lon="-80.983852"></trkpt>
      <trkpt lat="38.178357" lon="-80.984310"></trkpt>
      <trkpt lat="38.178280" lon="-80.984656"></trkpt>
      <trkpt lat="38.178187" lon="-80.985292"></trkpt>
      <trkpt lat="38.178193" lon="-80.985401"></trkpt>
      <trkpt lat="38.178298" lon="-80.985921"></trkpt>
      <trkpt lat="38.178350" lon="-80.986088"></trkpt>
      <trkpt lat="38.178418" lon="-80.986235"></trkpt>
      <trkpt lat="38.178570" lon="-80.986483"></trkpt>
      <trkpt lat="38.178757" lon="-80.986711"></trkpt>
      <trkpt lat="38.178959" lon="-80.986913"></trkpt>
      <trkpt lat="38.179210" lon="-80.987112"></trkpt>
      <trkpt lat="38.179253" lon="-80.987131"></trkpt>
      <trkpt lat="38.179354" lon="-80.987123"></trkpt>
      <trkpt lat="38.179419" lon="-80.987138"></trkpt>
      <trkpt lat="38.179596" lon="-80.987230"></trkpt>
      <trkpt lat="38.179710" lon="-80.987318"></trkpt>
      <trkpt lat="38.179863" lon="-80.987508"></trkpt>
      <trkpt lat="38.179940" lon="-80.987645"></trkpt>
      <trkpt lat="38.180031" lon="-80.987892"></trkpt>
      <trkpt lat="38.180211" lon="-80.988223"></trkpt>
      <trkpt lat="38.180286" lon="-80.988309"></trkpt>
      <trkpt lat="38.180445" lon="-80.988364"></trkpt>
      <trkpt lat="38.180577" lon="-80.988459"></trkpt>
      <trkpt lat="38.180700" lon="-80.988571"></trkpt>
      <trkpt lat="38.180753" lon="-80.988644"></trkpt>
      <trkpt lat="38.180787" lon="-80.988744"></trkpt>
      <trkpt lat="38.180788" lon="-80.988842"></trkpt>
      <trkpt lat="38.180741" lon="-80.989025"></trkpt>
      <trkpt lat="38.180525" lon="-80.989504"></trkpt>
      <trkpt lat="38.180478" lon="-80.989649"></trkpt>
      <trkpt lat="38.180457" lon="-80.989770"></trkpt>
      <trkpt lat="38.180456" lon="-80.989948"></trkpt>
      <trkpt lat="38.180495" lon="-80.990083"></trkpt>
      <trkpt lat="38.180705" lon="-80.990578"></trkpt>
      <trkpt lat="38.180744" lon="-80.990701"></trkpt>
      <trkpt lat="38.180813" lon="-80.990922"></trkpt>
      <trkpt lat="38.180851" lon="-80.991404"></trkpt>
      <trkpt lat="38.181028" lon="-80.992170"></trkpt>
      <trkpt lat="38.181089" lon="-80.992333"></trkpt>
      <trkpt lat="38.181207" lon="-80.992575"></trkpt>
      <trkpt lat="38.181363" lon="-80.992838"></trkpt>
      <trkpt lat="38.181643" lon="-80.993187"></trkpt>
      <trkpt lat="38.182000" lon="-80.993571"></trkpt>
      <trkpt lat="38.182049" lon="-80.993653"></trkpt>
      <trkpt lat="38.182082" lon="-80.993708"></trkpt>
      <trkpt lat="38.182247" lon="-80.993876"></trkpt>
      <trkpt lat="38.182402" lon="-80.994092"></trkpt>
      <trkpt lat="38.182679" lon="-80.994656"></trkpt>
      <trkpt lat="38.182929" lon="-80.995083"></trkpt>
      <trkpt lat="38.183171" lon="-80.995649"></trkpt>
      <trkpt lat="38.183260" lon="-80.995944"></trkpt>
      <trkpt lat="38.183319" lon="-80.996081"></trkpt>
      <trkpt lat="38.183473" lon="-80.996396"></trkpt>
      <trkpt lat="38.183673" lon="-80.996730"></trkpt>
      <trkpt lat="38.183736" lon="-80.996865"></trkpt>
      <trkpt lat="38.183978" lon="-80.997910"></trkpt>
      <trkpt lat="38.184089" lon="-80.998218"></trkpt>
      <trkpt lat="38.184154" lon="-80.998338"></trkpt>
      <trkpt lat="38.184330" lon="-80.998558"></trkpt>
      <trkpt lat="38.184675" lon="-80.998862"></trkpt>
      <trkpt lat="38.185022" lon="-80.999138"></trkpt>
      <trkpt lat="38.185334" lon="-80.999300"></trkpt>
      <trkpt lat="38.185514" lon="-80.999316"></trkpt>
      <trkpt lat="38.185971" lon="-80.999270"></trkpt>
      <trkpt lat="38.186564" lon="-80.999038"></trkpt>
      <trkpt lat="38.186842" lon="-80.998973"></trkpt>
      <trkpt lat="38.187155" lon="-80.999045"></trkpt>
      <trkpt lat="38.187634" lon="-80.999248"></trkpt>
      <trkpt lat="38.187928" lon="-80.999400"></trkpt>
      <trkpt lat="38.188027" lon="-80.999472"></trkpt>
      <trkpt lat="38.188108" lon="-80.999557"></trkpt>
      <trkpt lat="38.188201" lon="-80.999736"></trkpt>
      <trkpt lat="38.188269" lon="-80.999838"></trkpt>
      <trkpt lat="38.188388" lon="-80.999951"></trkpt>
      <trkpt lat="38.188453" lon="-81.000092"></trkpt>
      <trkpt lat="38.188535" lon="-81.000174"></trkpt>
      <trkpt lat="38.188857" lon="-81.000345"></trkpt>
      <trkpt lat="38.189221" lon="-81.000399"></trkpt>
      <trkpt lat="38.189533" lon="-81.000415"></trkpt>
      <trkpt lat="38.189859" lon="-81.000457"></trkpt>
      <trkpt lat="38.190028" lon="-81.000442"></trkpt>
      <trkpt lat="38.190440" lon="-81.000316"></trkpt>
      <trkpt lat="38.190915" lon="-81.000098"></trkpt>
      <trkpt lat="38.191044" lon="-81.000058"></trkpt>
      <trkpt lat="38.191150" lon="-81.000047"></trkpt>
      <trkpt lat="38.191295" lon="-81.000096"></trkpt>
      <trkpt lat="38.191523" lon="-81.000272"></trkpt>
      <trkpt lat="38.191803" lon="-81.001242"></trkpt>
      <trkpt lat="38.192062" lon="-81.001764"></trkpt>
      <trkpt lat="38.192184" lon="-81.002061"></trkpt>
      <trkpt lat="38.192255" lon="-81.002367"></trkpt>
      <trkpt lat="38.192417" lon="-81.003422"></trkpt>
      <trkpt lat="38.192465" lon="-81.003642"></trkpt>
      <trkpt lat="38.192463" lon="-81.003832"></trkpt>
      <trkpt lat="38.192436" lon="-81.003960"></trkpt>
      <trkpt lat="38.192115" lon="-81.004926"></trkpt>
      <trkpt lat="38.191997" lon="-81.005216"></trkpt>
      <trkpt lat="38.191946" lon="-81.005293"></trkpt>
      <trkpt lat="38.191842" lon="-81.005378"></trkpt>
      <trkpt lat="38.191706" lon="-81.005424"></trkpt>
      <trkpt lat="38.191526" lon="-81.005426"></trkpt>
      <trkpt lat="38.191395" lon="-81.005399"></trkpt>
      <trkpt lat="38.191167" lon="-81.005318"></trkpt>
      <trkpt lat="38.190830" lon="-81.005159"></trkpt>
      <trkpt lat="38.190525" lon="-81.005079"></trkpt>
      <trkpt lat="38.190303" lon="-81.005041"></trkpt>
      <trkpt lat="38.189913" lon="-81.005122"></trkpt>
      <trkpt lat="38.189913" lon="-81.005122"></trkpt>
      <trkpt lat="38.189765" lon="-81.005153"></trkpt>
      <trkpt lat="38.189231" lon="-81.005366"></trkpt>
      <trkpt lat="38.189169" lon="-81.005402"></trkpt>
      <trkpt lat="38.188963" lon="-81.005503"></trkpt>
      <trkpt lat="38.188538" lon="-81.005772"></trkpt>
      <trkpt lat="38.188307" lon="-81.006003"></trkpt>
      <trkpt lat="38.187925" lon="-81.006474"></trkpt>
      <trkpt lat="38.187718" lon="-81.006671"></trkpt>
      <trkpt lat="38.187182" lon="-81.007139"></trkpt>
      <trkpt lat="38.186490" lon="-81.007684"></trkpt>
      <trkpt lat="38.186264" lon="-81.007800"></trkpt>
      <trkpt lat="38.185918" lon="-81.007926"></trkpt>
      <trkpt lat="38.185682" lon="-81.008007"></trkpt>
      <trkpt lat="38.185546" lon="-81.008054"></trkpt>
      <trkpt lat="38.184989" lon="-81.008192"></trkpt>
      <trkpt lat="38.184774" lon="-81.008283"></trkpt>
      <trkpt lat="38.184287" lon="-81.008636"></trkpt>
      <trkpt lat="38.183741" lon="-81.008889"></trkpt>
      <trkpt lat="38.183625" lon="-81.009008"></trkpt>
      <trkpt lat="38.183575" lon="-81.009125"></trkpt>
      <trkpt lat="38.183530" lon="-81.009280"></trkpt>
      <trkpt lat="38.183421" lon="-81.009966"></trkpt>
      <trkpt lat="38.183389" lon="-81.010082"></trkpt>
      <trkpt lat="38.183308" lon="-81.010327"></trkpt>
      <trkpt lat="38.182981" lon="-81.011016"></trkpt>
      <trkpt lat="38.182920" lon="-81.011201"></trkpt>
      <trkpt lat="38.182902" lon="-81.011311"></trkpt>
      <trkpt lat="38.182898" lon="-81.011653"></trkpt>
      <trkpt lat="38.182977" lon="-81.012226"></trkpt>
      <trkpt lat="38.183055" lon="-81.012599"></trkpt>
      <trkpt lat="38.183229" lon="-81.013071"></trkpt>
      <trkpt lat="38.183266" lon="-81.013241"></trkpt>
      <trkpt lat="38.183268" lon="-81.013355"></trkpt>
      <trkpt lat="38.183203" lon="-81.013874"></trkpt>
      <trkpt lat="38.183198" lon="-81.014206"></trkpt>
      <trkpt lat="38.183206" lon="-81.014280"></trkpt>
      <trkpt lat="38.183223" lon="-81.014428"></trkpt>
      <trkpt lat="38.183354" lon="-81.014991"></trkpt>
      <trkpt lat="38.183822" lon="-81.016518"></trkpt>
      <trkpt lat="38.184077" lon="-81.017245"></trkpt>
      <trkpt lat="38.184231" lon="-81.017911"></trkpt>
      <trkpt lat="38.184379" lon="-81.018349"></trkpt>
      <trkpt lat="38.184464" lon="-81.018676"></trkpt>
      <trkpt lat="38.184513" lon="-81.019166"></trkpt>
      <trkpt lat="38.184522" lon="-81.019999"></trkpt>
      <trkpt lat="38.184649" lon="-81.020741"></trkpt>
      <trkpt lat="38.184657" lon="-81.020945"></trkpt>
      <trkpt lat="38.184730" lon="-81.021440"></trkpt>
      <trkpt lat="38.184836" lon="-81.021903"></trkpt>
      <trkpt lat="38.185053" lon="-81.023267"></trkpt>
      <trkpt lat="38.185056" lon="-81.024078"></trkpt>
      <trkpt lat="38.185085" lon="-81.024313"></trkpt>
      <trkpt lat="38.185092" lon="-81.024564"></trkpt>
      <trkpt lat="38.185039" lon="-81.025123"></trkpt>
      <trkpt lat="38.184958" lon="-81.025430"></trkpt>
      <trkpt lat="38.184545" lon="-81.026326"></trkpt>
      <trkpt lat="38.184518" lon="-81.026465"></trkpt>
      <trkpt lat="38.184517" lon="-81.026636"></trkpt>
      <trkpt lat="38.184493" lon="-81.026825"></trkpt>
      <trkpt lat="38.184468" lon="-81.026976"></trkpt>
      <trkpt lat="38.184419" lon="-81.027129"></trkpt>
      <trkpt lat="38.184199" lon="-81.027577"></trkpt>
      <trkpt lat="38.184081" lon="-81.027764"></trkpt>
      <trkpt lat="38.183977" lon="-81.027867"></trkpt>
      <trkpt lat="38.183688" lon="-81.028061"></trkpt>
      <trkpt lat="38.183575" lon="-81.028168"></trkpt>
      <trkpt lat="38.183427" lon="-81.028393"></trkpt>
      <trkpt lat="38.183327" lon="-81.028503"></trkpt>
      <trkpt lat="38.183196" lon="-81.028591"></trkpt>
      <trkpt lat="38.182973" lon="-81.028647"></trkpt>
      <trkpt lat="38.182619" lon="-81.028624"></trkpt>
      <trkpt lat="38.182191" lon="-81.028704"></trkpt>
      <trkpt lat="38.181877" lon="-81.028703"></trkpt>
      <trkpt lat="38.181708" lon="-81.028729"></trkpt>
      <trkpt lat="38.181596" lon="-81.028791"></trkpt>
      <trkpt lat="38.181511" lon="-81.028918"></trkpt>
      <trkpt lat="38.181423" lon="-81.029225"></trkpt>
      <trkpt lat="38.181390" lon="-81.029278"></trkpt>
      <trkpt lat="38.181333" lon="-81.029326"></trkpt>
      <trkpt lat="38.181265" lon="-81.029348"></trkpt>
      <trkpt lat="38.180923" lon="-81.029308"></trkpt>
      <trkpt lat="38.180594" lon="-81.029226"></trkpt>
      <trkpt lat="38.180111" lon="-81.029230"></trkpt>
      <trkpt lat="38.179975" lon="-81.029303"></trkpt>
      <trkpt lat="38.179541" lon="-81.029690"></trkpt>
      <trkpt lat="38.179366" lon="-81.029784"></trkpt>
      <trkpt lat="38.179198" lon="-81.029847"></trkpt>
      <trkpt lat="38.179130" lon="-81.029855"></trkpt>
      <trkpt lat="38.179018" lon="-81.029830"></trkpt>
      <trkpt lat="38.178857" lon="-81.029823"></trkpt>
      <trkpt lat="38.177734" lon="-81.029640"></trkpt>
      <trkpt lat="38.177343" lon="-81.029537"></trkpt>
      <trkpt lat="38.177105" lon="-81.029497"></trkpt>
      <trkpt lat="38.176918" lon="-81.029427"></trkpt>
      <trkpt lat="38.176082" lon="-81.029184"></trkpt>
      <trkpt lat="38.175867" lon="-81.029173"></trkpt>
      <trkpt lat="38.175723" lon="-81.029216"></trkpt>
      <trkpt lat="38.175581" lon="-81.029330"></trkpt>
      <trkpt lat="38.175122" lon="-81.029801"></trkpt>
      <trkpt lat="38.174842" lon="-81.030061"></trkpt>
      <trkpt lat="38.174500" lon="-81.030260"></trkpt>
      <trkpt lat="38.174380" lon="-81.030293"></trkpt>
      <trkpt lat="38.174282" lon="-81.030295"></trkpt>
      <trkpt lat="38.173904" lon="-81.030225"></trkpt>
      <trkpt lat="38.173435" lon="-81.030328"></trkpt>
      <trkpt lat="38.173167" lon="-81.030340"></trkpt>
      <trkpt lat="38.172659" lon="-81.030256"></trkpt>
      <trkpt lat="38.172327" lon="-81.030248"></trkpt>
      <trkpt lat="38.172029" lon="-81.030194"></trkpt>
      <trkpt lat="38.171904" lon="-81.030118"></trkpt>
      <trkpt lat="38.171639" lon="-81.029849"></trkpt>
      <trkpt lat="38.171562" lon="-81.029793"></trkpt>
      <trkpt lat="38.171342" lon="-81.029684"></trkpt>
      <trkpt lat="38.171205" lon="-81.029649"></trkpt>
      <trkpt lat="38.171044" lon="-81.029645"></trkpt>
      <trkpt lat="38.170667" lon="-81.029712"></trkpt>
      <trkpt lat="38.170399" lon="-81.029796"></trkpt>
      <trkpt lat="38.170135" lon="-81.029954"></trkpt>
      <trkpt lat="38.169832" lon="-81.030238"></trkpt>
      <trkpt lat="38.169765" lon="-81.030282"></trkpt>
      <trkpt lat="38.169833" lon="-81.030883"></trkpt>
      <trkpt lat="38.169839" lon="-81.031097"></trkpt>
      <trkpt lat="38.169763" lon="-81.031446"></trkpt>
      <trkpt lat="38.169640" lon="-81.031764"></trkpt>
      <trkpt lat="38.169254" lon="-81.032473"></trkpt>
      <trkpt lat="38.169100" lon="-81.032707"></trkpt>
      <trkpt lat="38.169021" lon="-81.032774"></trkpt>
      <trkpt lat="38.168819" lon="-81.032873"></trkpt>
      <trkpt lat="38.168710" lon="-81.032907"></trkpt>
      <trkpt lat="38.168596" lon="-81.033034"></trkpt>
      <trkpt lat="38.168411" lon="-81.033164"></trkpt>
      <trkpt lat="38.168326" lon="-81.033243"></trkpt>
      <trkpt lat="38.168263" lon="-81.033351"></trkpt>
      <trkpt lat="38.168210" lon="-81.033531"></trkpt>
      <trkpt lat="38.168145" lon="-81.034012"></trkpt>
      <trkpt lat="38.168075" lon="-81.034288"></trkpt>
      <trkpt lat="38.168003" lon="-81.034482"></trkpt>
      <trkpt lat="38.167834" lon="-81.034772"></trkpt>
      <trkpt lat="38.167746" lon="-81.034856"></trkpt>
      <trkpt lat="38.167596" lon="-81.034999"></trkpt>
      <trkpt lat="38.167511" lon="-81.035036"></trkpt>
      <trkpt lat="38.167017" lon="-81.035079"></trkpt>
      <trkpt lat="38.166838" lon="-81.035094"></trkpt>
      <trkpt lat="38.166762" lon="-81.035145"></trkpt>
      <trkpt lat="38.166502" lon="-81.035467"></trkpt>
      <trkpt lat="38.166446" lon="-81.035498"></trkpt>
      <trkpt lat="38.166278" lon="-81.035536"></trkpt>
      <trkpt lat="38.165794" lon="-81.035710"></trkpt>
      <trkpt lat="38.165518" lon="-81.035864"></trkpt>
      <trkpt lat="38.165428" lon="-81.035942"></trkpt>
      <trkpt lat="38.165253" lon="-81.036344"></trkpt>
      <trkpt lat="38.165062" lon="-81.036784"></trkpt>
      <trkpt lat="38.164823" lon="-81.037174"></trkpt>
      <trkpt lat="38.164713" lon="-81.037323"></trkpt>
      <trkpt lat="38.164639" lon="-81.037516"></trkpt>
      <trkpt lat="38.164450" lon="-81.037843"></trkpt>
      <trkpt lat="38.164382" lon="-81.037893"></trkpt>
      <trkpt lat="38.164274" lon="-81.037910"></trkpt>
      <trkpt lat="38.164129" lon="-81.037908"></trkpt>
      <trkpt lat="38.164066" lon="-81.037870"></trkpt>
      <trkpt lat="38.163742" lon="-81.037548"></trkpt>
      <trkpt lat="38.163590" lon="-81.037342"></trkpt>
      <trkpt lat="38.163317" lon="-81.037031"></trkpt>
      <trkpt lat="38.163127" lon="-81.036860"></trkpt>
      <trkpt lat="38.162987" lon="-81.036789"></trkpt>
      <trkpt lat="38.162736" lon="-81.036723"></trkpt>
      <trkpt lat="38.162621" lon="-81.036714"></trkpt>
      <trkpt lat="38.162395" lon="-81.036742"></trkpt>
      <trkpt lat="38.162121" lon="-81.036722"></trkpt>
      <trkpt lat="38.161982" lon="-81.036677"></trkpt>
      <trkpt lat="38.161634" lon="-81.036500"></trkpt>
      <trkpt lat="38.161169" lon="-81.036164"></trkpt>
      <trkpt lat="38.161053" lon="-81.036109"></trkpt>
      <trkpt lat="38.160856" lon="-81.036045"></trkpt>
      <trkpt lat="38.160363" lon="-81.035971"></trkpt>
      <trkpt lat="38.160231" lon="-81.035912"></trkpt>
      <trkpt lat="38.160007" lon="-81.035643"></trkpt>
      <trkpt lat="38.159688" lon="-81.035111"></trkpt>
      <trkpt lat="38.159542" lon="-81.034819"></trkpt>
      <trkpt lat="38.159428" lon="-81.034651"></trkpt>
      <trkpt lat="38.159259" lon="-81.034337"></trkpt>
      <trkpt lat="38.159208" lon="-81.034196"></trkpt>
      <trkpt lat="38.159069" lon="-81.033996"></trkpt>
      <trkpt lat="38.158823" lon="-81.033536"></trkpt>
      <trkpt lat="38.158768" lon="-81.033464"></trkpt>
      <trkpt lat="38.158642" lon="-81.033357"></trkpt>
      <trkpt lat="38.158550" lon="-81.033317"></trkpt>
      <trkpt lat="38.158453" lon="-81.033301"></trkpt>
      <trkpt lat="38.158203" lon="-81.033350"></trkpt>
      <trkpt lat="38.158087" lon="-81.033306"></trkpt>
      <trkpt lat="38.157984" lon="-81.033308"></trkpt>
      <trkpt lat="38.157858" lon="-81.033373"></trkpt>
      <trkpt lat="38.157333" lon="-81.033515"></trkpt>
      <trkpt lat="38.157091" lon="-81.033549"></trkpt>
      <trkpt lat="38.156671" lon="-81.033574"></trkpt>
      <trkpt lat="38.156558" lon="-81.033546"></trkpt>
      <trkpt lat="38.156443" lon="-81.033543"></trkpt>
      <trkpt lat="38.156188" lon="-81.033592"></trkpt>
      <trkpt lat="38.156010" lon="-81.033575"></trkpt>
      <trkpt lat="38.155808" lon="-81.033642"></trkpt>
      <trkpt lat="38.155740" lon="-81.033726"></trkpt>
      <trkpt lat="38.155554" lon="-81.033856"></trkpt>
      <trkpt lat="38.155372" lon="-81.033943"></trkpt>
      <trkpt lat="38.155155" lon="-81.034099"></trkpt>
      <trkpt lat="38.155078" lon="-81.034192"></trkpt>
      <trkpt lat="38.154809" lon="-81.034697"></trkpt>
      <trkpt lat="38.154718" lon="-81.034824"></trkpt>
      <trkpt lat="38.154504" lon="-81.035007"></trkpt>
      <trkpt lat="38.154336" lon="-81.035100"></trkpt>
      <trkpt lat="38.154015" lon="-81.035335"></trkpt>
      <trkpt lat="38.153958" lon="-81.035402"></trkpt>
      <trkpt lat="38.153931" lon="-81.035514"></trkpt>
      <trkpt lat="38.153942" lon="-81.035610"></trkpt>
      <trkpt lat="38.154005" lon="-81.035783"></trkpt>
      <trkpt lat="38.154008" lon="-81.036026"></trkpt>
      <trkpt lat="38.153961" lon="-81.036230"></trkpt>
      <trkpt lat="38.153869" lon="-81.036488"></trkpt>
      <trkpt lat="38.153720" lon="-81.036863"></trkpt>
      <trkpt lat="38.153655" lon="-81.036967"></trkpt>
      <trkpt lat="38.153587" lon="-81.037013"></trkpt>
      <trkpt lat="38.153493" lon="-81.037040"></trkpt>
      <trkpt lat="38.153075" lon="-81.037074"></trkpt>
      <trkpt lat="38.152706" lon="-81.037075"></trkpt>
      <trkpt lat="38.152432" lon="-81.037046"></trkpt>
      <trkpt lat="38.152290" lon="-81.036988"></trkpt>
      <trkpt lat="38.152196" lon="-81.036904"></trkpt>
      <trkpt lat="38.152129" lon="-81.036814"></trkpt>
      <trkpt lat="38.151447" lon="-81.035757"></trkpt>
      <trkpt lat="38.151231" lon="-81.035456"></trkpt>
      <trkpt lat="38.151109" lon="-81.035367"></trkpt>
      <trkpt lat="38.151032" lon="-81.035368"></trkpt>
      <trkpt lat="38.150984" lon="-81.035393"></trkpt>
      <trkpt lat="38.150908" lon="-81.035468"></trkpt>
      <trkpt lat="38.150853" lon="-81.035556"></trkpt>
      <trkpt lat="38.150620" lon="-81.036039"></trkpt>
      <trkpt lat="38.150450" lon="-81.036323"></trkpt>
      <trkpt lat="38.149613" lon="-81.037516"></trkpt>
      <trkpt lat="38.149285" lon="-81.038022"></trkpt>
      <trkpt lat="38.149231" lon="-81.038080"></trkpt>
      <trkpt lat="38.149134" lon="-81.038135"></trkpt>
      <trkpt lat="38.149056" lon="-81.038157"></trkpt>
      <trkpt lat="38.148529" lon="-81.038233"></trkpt>
      <trkpt lat="38.148338" lon="-81.038322"></trkpt>
      <trkpt lat="38.148216" lon="-81.038435"></trkpt>
      <trkpt lat="38.147650" lon="-81.039052"></trkpt>
      <trkpt lat="38.147484" lon="-81.039185"></trkpt>
      <trkpt lat="38.147139" lon="-81.039421"></trkpt>
      <trkpt lat="38.146960" lon="-81.039568"></trkpt>
      <trkpt lat="38.146855" lon="-81.039687"></trkpt>
      <trkpt lat="38.146777" lon="-81.039866"></trkpt>
      <trkpt lat="38.146734" lon="-81.039964"></trkpt>
      <trkpt lat="38.146616" lon="-81.040363"></trkpt>
      <trkpt lat="38.146337" lon="-81.041136"></trkpt>
      <trkpt lat="38.146212" lon="-81.041546"></trkpt>
      <trkpt lat="38.146192" lon="-81.041734"></trkpt>
      <trkpt lat="38.146201" lon="-81.041880"></trkpt>
      <trkpt lat="38.146224" lon="-81.042035"></trkpt>
      <trkpt lat="38.146325" lon="-81.042409"></trkpt>
      <trkpt lat="38.146336" lon="-81.042553"></trkpt>
      <trkpt lat="38.146309" lon="-81.042644"></trkpt>
      <trkpt lat="38.146237" lon="-81.042718"></trkpt>
      <trkpt lat="38.146160" lon="-81.042739"></trkpt>
      <trkpt lat="38.146089" lon="-81.042735"></trkpt>
      <trkpt lat="38.145325" lon="-81.042556"></trkpt>
      <trkpt lat="38.144753" lon="-81.042465"></trkpt>
      <trkpt lat="38.144343" lon="-81.042448"></trkpt>
      <trkpt lat="38.144275" lon="-81.042463"></trkpt>
      <trkpt lat="38.144208" lon="-81.042524"></trkpt>
      <trkpt lat="38.144177" lon="-81.042590"></trkpt>
      <trkpt lat="38.144160" lon="-81.042719"></trkpt>
      <trkpt lat="38.144165" lon="-81.042912"></trkpt>
      <trkpt lat="38.144217" lon="-81.043297"></trkpt>
      <trkpt lat="38.144328" lon="-81.043815"></trkpt>
      <trkpt lat="38.144411" lon="-81.044353"></trkpt>
      <trkpt lat="38.144416" lon="-81.044649"></trkpt>
      <trkpt lat="38.144374" lon="-81.044756"></trkpt>
      <trkpt lat="38.144335" lon="-81.044799"></trkpt>
      <trkpt lat="38.144271" lon="-81.044832"></trkpt>
      <trkpt lat="38.144015" lon="-81.044868"></trkpt>
      <trkpt lat="38.143818" lon="-81.044875"></trkpt>
      <trkpt lat="38.143725" lon="-81.044912"></trkpt>
      <trkpt lat="38.143664" lon="-81.044958"></trkpt>
      <trkpt lat="38.143597" lon="-81.045059"></trkpt>
      <trkpt lat="38.143378" lon="-81.045551"></trkpt>
      <trkpt lat="38.143158" lon="-81.046118"></trkpt>
      <trkpt lat="38.143145" lon="-81.046215"></trkpt>
      <trkpt lat="38.143173" lon="-81.046367"></trkpt>
      <trkpt lat="38.143302" lon="-81.046618"></trkpt>
      <trkpt lat="38.143322" lon="-81.046715"></trkpt>
      <trkpt lat="38.143312" lon="-81.046802"></trkpt>
      <trkpt lat="38.143277" lon="-81.046891"></trkpt>
      <trkpt lat="38.143113" lon="-81.047129"></trkpt>
      <trkpt lat="38.142896" lon="-81.047343"></trkpt>
      <trkpt lat="38.142598" lon="-81.047547"></trkpt>
      <trkpt lat="38.142315" lon="-81.047901"></trkpt>
      <trkpt lat="38.142259" lon="-81.047959"></trkpt>
      <trkpt lat="38.142196" lon="-81.047995"></trkpt>
      <trkpt lat="38.142093" lon="-81.047986"></trkpt>
      <trkpt lat="38.141965" lon="-81.047907"></trkpt>
      <trkpt lat="38.141597" lon="-81.047589"></trkpt>
      <trkpt lat="38.141352" lon="-81.047494"></trkpt>
      <trkpt lat="38.141293" lon="-81.047501"></trkpt>
      <trkpt lat="38.141022" lon="-81.047635"></trkpt>
      <trkpt lat="38.140906" lon="-81.047741"></trkpt>
      <trkpt lat="38.140815" lon="-81.047893"></trkpt>
      <trkpt lat="38.140718" lon="-81.048121"></trkpt>
      <trkpt lat="38.140644" lon="-81.048247"></trkpt>
      <trkpt lat="38.140530" lon="-81.048353"></trkpt>
      <trkpt lat="38.140433" lon="-81.048411"></trkpt>
      <trkpt lat="38.140178" lon="-81.048497"></trkpt>
      <trkpt lat="38.140070" lon="-81.048549"></trkpt>
      <trkpt lat="38.140003" lon="-81.048605"></trkpt>
      <trkpt lat="38.139942" lon="-81.048699"></trkpt>
      <trkpt lat="38.139892" lon="-81.048843"></trkpt>
      <trkpt lat="38.139854" lon="-81.049061"></trkpt>
      <trkpt lat="38.139811" lon="-81.049668"></trkpt>
      <trkpt lat="38.139815" lon="-81.049974"></trkpt>
      <trkpt lat="38.139855" lon="-81.050138"></trkpt>
      <trkpt lat="38.139916" lon="-81.050300"></trkpt>
      <trkpt lat="38.140474" lon="-81.050807"></trkpt>
      <trkpt lat="38.140609" lon="-81.050956"></trkpt>
      <trkpt lat="38.140773" lon="-81.051194"></trkpt>
      <trkpt lat="38.141299" lon="-81.052049"></trkpt>
      <trkpt lat="38.141524" lon="-81.052370"></trkpt>
      <trkpt lat="38.141707" lon="-81.052584"></trkpt>
      <trkpt lat="38.142481" lon="-81.053141"></trkpt>
      <trkpt lat="38.142671" lon="-81.053326"></trkpt>
      <trkpt lat="38.142760" lon="-81.053466"></trkpt>
      <trkpt lat="38.142813" lon="-81.053617"></trkpt>
      <trkpt lat="38.142823" lon="-81.053739"></trkpt>
      <trkpt lat="38.142784" lon="-81.054061"></trkpt>
      <trkpt lat="38.142719" lon="-81.054233"></trkpt>
      <trkpt lat="38.142592" lon="-81.054387"></trkpt>
      <trkpt lat="38.142162" lon="-81.054626"></trkpt>
      <trkpt lat="38.142015" lon="-81.054734"></trkpt>
      <trkpt lat="38.141841" lon="-81.054893"></trkpt>
      <trkpt lat="38.141811" lon="-81.054938"></trkpt>
      <trkpt lat="38.141733" lon="-81.055056"></trkpt>
      <trkpt lat="38.141552" lon="-81.055421"></trkpt>
      <trkpt lat="38.141492" lon="-81.055519"></trkpt>
      <trkpt lat="38.141388" lon="-81.055642"></trkpt>
      <trkpt lat="38.141217" lon="-81.055779"></trkpt>
      <trkpt lat="38.140955" lon="-81.055943"></trkpt>
      <trkpt lat="38.140523" lon="-81.056180"></trkpt>
      <trkpt lat="38.140312" lon="-81.056256"></trkpt>
      <trkpt lat="38.140084" lon="-81.056297"></trkpt>
      <trkpt lat="38.139959" lon="-81.056301"></trkpt>
      <trkpt lat="38.139837" lon="-81.056280"></trkpt>
      <trkpt lat="38.139687" lon="-81.056212"></trkpt>
      <trkpt lat="38.139614" lon="-81.056148"></trkpt>
      <trkpt lat="38.139330" lon="-81.055818"></trkpt>
      <trkpt lat="38.139211" lon="-81.055772"></trkpt>
      <trkpt lat="38.139088" lon="-81.055824"></trkpt>
      <trkpt lat="38.138813" lon="-81.056034"></trkpt>
      <trkpt lat="38.138403" lon="-81.056392"></trkpt>
      <trkpt lat="38.137618" lon="-81.057176"></trkpt>
      <trkpt lat="38.137266" lon="-81.057500"></trkpt>
      <trkpt lat="38.136865" lon="-81.057834"></trkpt>
      <trkpt lat="38.136712" lon="-81.058015"></trkpt>
      <trkpt lat="38.136579" lon="-81.058173"></trkpt>
      <trkpt lat="38.136432" lon="-81.058400"></trkpt>
      <trkpt lat="38.136326" lon="-81.058596"></trkpt>
      <trkpt lat="38.136168" lon="-81.058923"></trkpt>
      <trkpt lat="38.136038" lon="-81.059267"></trkpt>
      <trkpt lat="38.136001" lon="-81.059429"></trkpt>
      <trkpt lat="38.135958" lon="-81.059620"></trkpt>
      <trkpt lat="38.135904" lon="-81.060304"></trkpt>
      <trkpt lat="38.135807" lon="-81.060747"></trkpt>
      <trkpt lat="38.135748" lon="-81.060944"></trkpt>
      <trkpt lat="38.135730" lon="-81.060982"></trkpt>
      <trkpt lat="38.135665" lon="-81.061116"></trkpt>
      <trkpt lat="38.135559" lon="-81.061252"></trkpt>
      <trkpt lat="38.135473" lon="-81.061331"></trkpt>
      <trkpt lat="38.135073" lon="-81.061613"></trkpt>
      <trkpt lat="38.134744" lon="-81.061903"></trkpt>
      <trkpt lat="38.134582" lon="-81.062126"></trkpt>
      <trkpt lat="38.134512" lon="-81.062281"></trkpt>
      <trkpt lat="38.134368" lon="-81.062871"></trkpt>
      <trkpt lat="38.134231" lon="-81.063610"></trkpt>
      <trkpt lat="38.134170" lon="-81.063994"></trkpt>
      <trkpt lat="38.134148" lon="-81.064435"></trkpt>
      <trkpt lat="38.134081" lon="-81.064632"></trkpt>
      <trkpt lat="38.134037" lon="-81.064699"></trkpt>
      <trkpt lat="38.133978" lon="-81.064743"></trkpt>
      <trkpt lat="38.133830" lon="-81.064779"></trkpt>
      <trkpt lat="38.133509" lon="-81.064792"></trkpt>
      <trkpt lat="38.133304" lon="-81.064856"></trkpt>
      <trkpt lat="38.133186" lon="-81.064930"></trkpt>
      <trkpt lat="38.133114" lon="-81.065000"></trkpt>
      <trkpt lat="38.132969" lon="-81.065270"></trkpt>
      <trkpt lat="38.132872" lon="-81.065535"></trkpt>
      <trkpt lat="38.132780" lon="-81.065978"></trkpt>
      <trkpt lat="38.132755" lon="-81.066177"></trkpt>
      <trkpt lat="38.132724" lon="-81.066685"></trkpt>
      <trkpt lat="38.132725" lon="-81.067016"></trkpt>
      <trkpt lat="38.132711" lon="-81.067195"></trkpt>
      <trkpt lat="38.132687" lon="-81.067303"></trkpt>
      <trkpt lat="38.132619" lon="-81.067446"></trkpt>
      <trkpt lat="38.132556" lon="-81.067505"></trkpt>
      <trkpt lat="38.132151" lon="-81.067693"></trkpt>
      <trkpt lat="38.132023" lon="-81.067813"></trkpt>
      <trkpt lat="38.131713" lon="-81.068233"></trkpt>
      <trkpt lat="38.131612" lon="-81.068347"></trkpt>
      <trkpt lat="38.131294" lon="-81.068613"></trkpt>
      <trkpt lat="38.131083" lon="-81.068856"></trkpt>
      <trkpt lat="38.131006" lon="-81.068979"></trkpt>
      <trkpt lat="38.130903" lon="-81.069202"></trkpt>
      <trkpt lat="38.130862" lon="-81.069326"></trkpt>
      <trkpt lat="38.130727" lon="-81.069896"></trkpt>
      <trkpt lat="38.130702" lon="-81.069968"></trkpt>
      <trkpt lat="38.130647" lon="-81.070052"></trkpt>
      <trkpt lat="38.130609" lon="-81.070079"></trkpt>
      <trkpt lat="38.130497" lon="-81.070106"></trkpt>
      <trkpt lat="38.130418" lon="-81.070094"></trkpt>
      <trkpt lat="38.129845" lon="-81.069763"></trkpt>
      <trkpt lat="38.129758" lon="-81.069746"></trkpt>
      <trkpt lat="38.129636" lon="-81.069759"></trkpt>
      <trkpt lat="38.129399" lon="-81.069842"></trkpt>
      <trkpt lat="38.129190" lon="-81.069968"></trkpt>
      <trkpt lat="38.128968" lon="-81.070174"></trkpt>
      <trkpt lat="38.128834" lon="-81.070324"></trkpt>
      <trkpt lat="38.128762" lon="-81.070437"></trkpt>
      <trkpt lat="38.128655" lon="-81.070684"></trkpt>
      <trkpt lat="38.128293" lon="-81.071689"></trkpt>
      <trkpt lat="38.128226" lon="-81.072025"></trkpt>
      <trkpt lat="38.128201" lon="-81.072316"></trkpt>
      <trkpt lat="38.128196" lon="-81.072691"></trkpt>
      <trkpt lat="38.128220" lon="-81.072867"></trkpt>
      <trkpt lat="38.128445" lon="-81.073683"></trkpt>
      <trkpt lat="38.128490" lon="-81.074027"></trkpt>
      <trkpt lat="38.128521" lon="-81.074135"></trkpt>
      <trkpt lat="38.129455" lon="-81.074728"></trkpt>
      <trkpt lat="38.130039" lon="-81.075019"></trkpt>
      <trkpt lat="38.130425" lon="-81.075096"></trkpt>
      <trkpt lat="38.131525" lon="-81.075315"></trkpt>
      <trkpt lat="38.131534" lon="-81.075317"></trkpt>
      <trkpt lat="38.131597" lon="-81.075350"></trkpt>
      <trkpt lat="38.132032" lon="-81.075579"></trkpt>
      <trkpt lat="38.132170" lon="-81.075687"></trkpt>
      <trkpt lat="38.132399" lon="-81.075866"></trkpt>
      <trkpt lat="38.132615" lon="-81.076035"></trkpt>
      <trkpt lat="38.133175" lon="-81.076928"></trkpt>
      <trkpt lat="38.133345" lon="-81.077353"></trkpt>
      <trkpt lat="38.133478" lon="-81.077809"></trkpt>
      <trkpt lat="38.133557" lon="-81.078205"></trkpt>
      <trkpt lat="38.133589" lon="-81.078634"></trkpt>
      <trkpt lat="38.133584" lon="-81.079349"></trkpt>
      <trkpt lat="38.133526" lon="-81.080929"></trkpt>
      <trkpt lat="38.133521" lon="-81.081071"></trkpt>
      <trkpt lat="38.133520" lon="-81.081196"></trkpt>
      <trkpt lat="38.133485" lon="-81.082008"></trkpt>
      <trkpt lat="38.133426" lon="-81.083424"></trkpt>
      <trkpt lat="38.133366" lon="-81.084761"></trkpt>
      <trkpt lat="38.133353" lon="-81.085525"></trkpt>
      <trkpt lat="38.133344" lon="-81.086420"></trkpt>
      <trkpt lat="38.133367" lon="-81.088591"></trkpt>
      <trkpt lat="38.133400" lon="-81.090743"></trkpt>
      <trkpt lat="38.133426" lon="-81.092534"></trkpt>
      <trkpt lat="38.133443" lon="-81.092975"></trkpt>
      <trkpt lat="38.133466" lon="-81.093234"></trkpt>
      <trkpt lat="38.133488" lon="-81.093499"></trkpt>
      <trkpt lat="38.133529" lon="-81.093758"></trkpt>
      <trkpt lat="38.133597" lon="-81.094123"></trkpt>
      <trkpt lat="38.133685" lon="-81.094479"></trkpt>
      <trkpt lat="38.133797" lon="-81.094871"></trkpt>
      <trkpt lat="38.133957" lon="-81.095335"></trkpt>
      <trkpt lat="38.134050" lon="-81.095563"></trkpt>
      <trkpt lat="38.134112" lon="-81.095695"></trkpt>
      <trkpt lat="38.134299" lon="-81.096104"></trkpt>
      <trkpt lat="38.134503" lon="-81.096502"></trkpt>
      <trkpt lat="38.134656" lon="-81.096805"></trkpt>
      <trkpt lat="38.135097" lon="-81.097522"></trkpt>
      <trkpt lat="38.135340" lon="-81.097950"></trkpt>
      <trkpt lat="38.135672" lon="-81.098492"></trkpt>
      <trkpt lat="38.136010" lon="-81.099059"></trkpt>
      <trkpt lat="38.136107" lon="-81.099259"></trkpt>
      <trkpt lat="38.136187" lon="-81.099460"></trkpt>
      <trkpt lat="38.136247" lon="-81.099662"></trkpt>
      <trkpt lat="38.136285" lon="-81.099870"></trkpt>
      <trkpt lat="38.136299" lon="-81.100098"></trkpt>
      <trkpt lat="38.136301" lon="-81.100236"></trkpt>
      <trkpt lat="38.136297" lon="-81.100404"></trkpt>
      <trkpt lat="38.136280" lon="-81.100535"></trkpt>
      <trkpt lat="38.136247" lon="-81.100711"></trkpt>
      <trkpt lat="38.136207" lon="-81.100873"></trkpt>
      <trkpt lat="38.136156" lon="-81.101023"></trkpt>
      <trkpt lat="38.136093" lon="-81.101146"></trkpt>
      <trkpt lat="38.136010" lon="-81.101310"></trkpt>
      <trkpt lat="38.135903" lon="-81.101462"></trkpt>
      <trkpt lat="38.135776" lon="-81.101618"></trkpt>
      <trkpt lat="38.135599" lon="-81.101790"></trkpt>
      <trkpt lat="38.135431" lon="-81.101921"></trkpt>
      <trkpt lat="38.134804" lon="-81.102397"></trkpt>
      <trkpt lat="38.134607" lon="-81.102544"></trkpt>
      <trkpt lat="38.134521" lon="-81.102608"></trkpt>
      <trkpt lat="38.134180" lon="-81.102851"></trkpt>
      <trkpt lat="38.133799" lon="-81.103169"></trkpt>
      <trkpt lat="38.133470" lon="-81.103466"></trkpt>
      <trkpt lat="38.133254" lon="-81.103707"></trkpt>
      <trkpt lat="38.133140" lon="-81.103854"></trkpt>
      <trkpt lat="38.133027" lon="-81.104006"></trkpt>
      <trkpt lat="38.132924" lon="-81.104176"></trkpt>
      <trkpt lat="38.132816" lon="-81.104383"></trkpt>
      <trkpt lat="38.132713" lon="-81.104578"></trkpt>
      <trkpt lat="38.132417" lon="-81.105231"></trkpt>
      <trkpt lat="38.132318" lon="-81.105465"></trkpt>
      <trkpt lat="38.132232" lon="-81.105700"></trkpt>
      <trkpt lat="38.132124" lon="-81.106063"></trkpt>
      <trkpt lat="38.131954" lon="-81.106658"></trkpt>
      <trkpt lat="38.131883" lon="-81.106858"></trkpt>
      <trkpt lat="38.131781" lon="-81.107077"></trkpt>
      <trkpt lat="38.131668" lon="-81.107294"></trkpt>
      <trkpt lat="38.131576" lon="-81.107450"></trkpt>
      <trkpt lat="38.131319" lon="-81.107780"></trkpt>
      <trkpt lat="38.131025" lon="-81.108093"></trkpt>
      <trkpt lat="38.130862" lon="-81.108235"></trkpt>
      <trkpt lat="38.130688" lon="-81.108353"></trkpt>
      <trkpt lat="38.130213" lon="-81.108593"></trkpt>
      <trkpt lat="38.129690" lon="-81.108828"></trkpt>
      <trkpt lat="38.129545" lon="-81.108885"></trkpt>
      <trkpt lat="38.129406" lon="-81.108938"></trkpt>
      <trkpt lat="38.129198" lon="-81.108986"></trkpt>
      <trkpt lat="38.128969" lon="-81.109007"></trkpt>
      <trkpt lat="38.128760" lon="-81.108993"></trkpt>
      <trkpt lat="38.128168" lon="-81.108813"></trkpt>
      <trkpt lat="38.127970" lon="-81.108777"></trkpt>
      <trkpt lat="38.127794" lon="-81.108790"></trkpt>
      <trkpt lat="38.127643" lon="-81.108839"></trkpt>
      <trkpt lat="38.127461" lon="-81.108945"></trkpt>
      <trkpt lat="38.126881" lon="-81.109382"></trkpt>
      <trkpt lat="38.126058" lon="-81.109957"></trkpt>
      <trkpt lat="38.125316" lon="-81.110534"></trkpt>
      <trkpt lat="38.124777" lon="-81.110958"></trkpt>
      <trkpt lat="38.124562" lon="-81.111105"></trkpt>
      <trkpt lat="38.124361" lon="-81.111275"></trkpt>
      <trkpt lat="38.124220" lon="-81.111435"></trkpt>
      <trkpt lat="38.124077" lon="-81.111674"></trkpt>
      <trkpt lat="38.123944" lon="-81.111965"></trkpt>
      <trkpt lat="38.123824" lon="-81.112256"></trkpt>
      <trkpt lat="38.123775" lon="-81.112393"></trkpt>
      <trkpt lat="38.123732" lon="-81.112515"></trkpt>
      <trkpt lat="38.123685" lon="-81.112697"></trkpt>
      <trkpt lat="38.123486" lon="-81.113836"></trkpt>
      <trkpt lat="38.123442" lon="-81.114089"></trkpt>
      <trkpt lat="38.123425" lon="-81.114189"></trkpt>
      <trkpt lat="38.123338" lon="-81.114656"></trkpt>
      <trkpt lat="38.123207" lon="-81.115358"></trkpt>
      <trkpt lat="38.123145" lon="-81.115695"></trkpt>
      <trkpt lat="38.122976" lon="-81.116586"></trkpt>
      <trkpt lat="38.122843" lon="-81.117325"></trkpt>
      <trkpt lat="38.122528" lon="-81.117639"></trkpt>
      <trkpt lat="38.122210" lon="-81.117827"></trkpt>
      <trkpt lat="38.122100" lon="-81.117881"></trkpt>
    </trkseg>
  </trk>
  <trk>
    <name>Day 2 - Tue, Jul 14, 2026</name>
    <trkseg>
      <trkpt lat="38.122100" lon="-81.117881"></trkpt>
      <trkpt lat="38.122210" lon="-81.117827"></trkpt>
      <trkpt lat="38.122528" lon="-81.117639"></trkpt>
      <trkpt lat="38.122594" lon="-81.117663"></trkpt>
      <trkpt lat="38.122649" lon="-81.117689"></trkpt>
      <trkpt lat="38.122685" lon="-81.117723"></trkpt>
      <trkpt lat="38.122709" lon="-81.117769"></trkpt>
      <trkpt lat="38.122735" lon="-81.117878"></trkpt>
      <trkpt lat="38.122401" lon="-81.119725"></trkpt>
      <trkpt lat="38.122264" lon="-81.120471"></trkpt>
      <trkpt lat="38.122151" lon="-81.121071"></trkpt>
      <trkpt lat="38.121896" lon="-81.122450"></trkpt>
      <trkpt lat="38.121883" lon="-81.122604"></trkpt>
      <trkpt lat="38.121894" lon="-81.122844"></trkpt>
      <trkpt lat="38.121929" lon="-81.123037"></trkpt>
      <trkpt lat="38.121993" lon="-81.123223"></trkpt>
      <trkpt lat="38.122123" lon="-81.123457"></trkpt>
      <trkpt lat="38.122212" lon="-81.123665"></trkpt>
      <trkpt lat="38.122258" lon="-81.123908"></trkpt>
      <trkpt lat="38.122293" lon="-81.124430"></trkpt>
      <trkpt lat="38.122314" lon="-81.124639"></trkpt>
      <trkpt lat="38.122360" lon="-81.124850"></trkpt>
      <trkpt lat="38.122424" lon="-81.125104"></trkpt>
      <trkpt lat="38.122484" lon="-81.125432"></trkpt>
      <trkpt lat="38.122478" lon="-81.125692"></trkpt>
      <trkpt lat="38.122462" lon="-81.125888"></trkpt>
      <trkpt lat="38.122368" lon="-81.126131"></trkpt>
      <trkpt lat="38.122307" lon="-81.126279"></trkpt>
      <trkpt lat="38.122290" lon="-81.126571"></trkpt>
      <trkpt lat="38.122401" lon="-81.126875"></trkpt>
      <trkpt lat="38.122612" lon="-81.127278"></trkpt>
      <trkpt lat="38.122649" lon="-81.127337"></trkpt>
      <trkpt lat="38.122674" lon="-81.127383"></trkpt>
      <trkpt lat="38.122771" lon="-81.127537"></trkpt>
      <trkpt lat="38.122885" lon="-81.127672"></trkpt>
      <trkpt lat="38.122960" lon="-81.127744"></trkpt>
      <trkpt lat="38.123017" lon="-81.127805"></trkpt>
      <trkpt lat="38.123128" lon="-81.127892"></trkpt>
      <trkpt lat="38.123240" lon="-81.127997"></trkpt>
      <trkpt lat="38.123341" lon="-81.128072"></trkpt>
      <trkpt lat="38.123500" lon="-81.128189"></trkpt>
      <trkpt lat="38.123615" lon="-81.128257"></trkpt>
      <trkpt lat="38.123744" lon="-81.128311"></trkpt>
      <trkpt lat="38.123866" lon="-81.128356"></trkpt>
      <trkpt lat="38.124001" lon="-81.128389"></trkpt>
      <trkpt lat="38.124225" lon="-81.128407"></trkpt>
      <trkpt lat="38.124978" lon="-81.128388"></trkpt>
      <trkpt lat="38.125526" lon="-81.128374"></trkpt>
      <trkpt lat="38.125740" lon="-81.128330"></trkpt>
      <trkpt lat="38.126242" lon="-81.128165"></trkpt>
      <trkpt lat="38.126344" lon="-81.128165"></trkpt>
      <trkpt lat="38.126437" lon="-81.128185"></trkpt>
      <trkpt lat="38.126505" lon="-81.128244"></trkpt>
      <trkpt lat="38.126536" lon="-81.128342"></trkpt>
      <trkpt lat="38.126539" lon="-81.128445"></trkpt>
      <trkpt lat="38.126499" lon="-81.128535"></trkpt>
      <trkpt lat="38.126382" lon="-81.128700"></trkpt>
      <trkpt lat="38.125761" lon="-81.129362"></trkpt>
      <trkpt lat="38.125662" lon="-81.129454"></trkpt>
      <trkpt lat="38.124453" lon="-81.130417"></trkpt>
      <trkpt lat="38.124242" lon="-81.130570"></trkpt>
      <trkpt lat="38.123889" lon="-81.130822"></trkpt>
      <trkpt lat="38.123649" lon="-81.131246"></trkpt>
      <trkpt lat="38.123590" lon="-81.131696"></trkpt>
      <trkpt lat="38.123691" lon="-81.132297"></trkpt>
      <trkpt lat="38.123807" lon="-81.132841"></trkpt>
      <trkpt lat="38.123921" lon="-81.133548"></trkpt>
      <trkpt lat="38.123926" lon="-81.134096"></trkpt>
      <trkpt lat="38.123870" lon="-81.134652"></trkpt>
      <trkpt lat="38.123820" lon="-81.134889"></trkpt>
      <trkpt lat="38.123668" lon="-81.135446"></trkpt>
      <trkpt lat="38.123439" lon="-81.136045"></trkpt>
      <trkpt lat="38.123355" lon="-81.136258"></trkpt>
      <trkpt lat="38.123309" lon="-81.136413"></trkpt>
      <trkpt lat="38.123285" lon="-81.136536"></trkpt>
      <trkpt lat="38.123278" lon="-81.136664"></trkpt>
      <trkpt lat="38.123292" lon="-81.136778"></trkpt>
      <trkpt lat="38.123316" lon="-81.136871"></trkpt>
      <trkpt lat="38.123355" lon="-81.136972"></trkpt>
      <trkpt lat="38.123407" lon="-81.137046"></trkpt>
      <trkpt lat="38.123552" lon="-81.137193"></trkpt>
      <trkpt lat="38.123699" lon="-81.137351"></trkpt>
      <trkpt lat="38.123730" lon="-81.137412"></trkpt>
      <trkpt lat="38.123742" lon="-81.137473"></trkpt>
      <trkpt lat="38.123750" lon="-81.137549"></trkpt>
      <trkpt lat="38.123746" lon="-81.137621"></trkpt>
      <trkpt lat="38.123727" lon="-81.137739"></trkpt>
      <trkpt lat="38.123681" lon="-81.137886"></trkpt>
      <trkpt lat="38.123620" lon="-81.138080"></trkpt>
      <trkpt lat="38.123552" lon="-81.138359"></trkpt>
      <trkpt lat="38.123525" lon="-81.138624"></trkpt>
      <trkpt lat="38.123487" lon="-81.138757"></trkpt>
      <trkpt lat="38.123316" lon="-81.139130"></trkpt>
      <trkpt lat="38.123282" lon="-81.139249"></trkpt>
      <trkpt lat="38.123268" lon="-81.139377"></trkpt>
      <trkpt lat="38.123282" lon="-81.139541"></trkpt>
      <trkpt lat="38.123340" lon="-81.139675"></trkpt>
      <trkpt lat="38.123488" lon="-81.139967"></trkpt>
      <trkpt lat="38.123604" lon="-81.140177"></trkpt>
      <trkpt lat="38.123765" lon="-81.140452"></trkpt>
      <trkpt lat="38.123943" lon="-81.140764"></trkpt>
      <trkpt lat="38.124070" lon="-81.140984"></trkpt>
      <trkpt lat="38.124178" lon="-81.141085"></trkpt>
      <trkpt lat="38.124277" lon="-81.141139"></trkpt>
      <trkpt lat="38.124391" lon="-81.141140"></trkpt>
      <trkpt lat="38.124614" lon="-81.141104"></trkpt>
      <trkpt lat="38.124695" lon="-81.141104"></trkpt>
      <trkpt lat="38.124749" lon="-81.141116"></trkpt>
      <trkpt lat="38.124838" lon="-81.141167"></trkpt>
      <trkpt lat="38.124982" lon="-81.141304"></trkpt>
      <trkpt lat="38.125127" lon="-81.141455"></trkpt>
      <trkpt lat="38.125288" lon="-81.141612"></trkpt>
      <trkpt lat="38.125557" lon="-81.141817"></trkpt>
      <trkpt lat="38.125739" lon="-81.141872"></trkpt>
      <trkpt lat="38.125979" lon="-81.141876"></trkpt>
      <trkpt lat="38.126273" lon="-81.141928"></trkpt>
      <trkpt lat="38.126405" lon="-81.141994"></trkpt>
      <trkpt lat="38.126483" lon="-81.142083"></trkpt>
      <trkpt lat="38.126662" lon="-81.142329"></trkpt>
      <trkpt lat="38.126794" lon="-81.142445"></trkpt>
      <trkpt lat="38.126851" lon="-81.142473"></trkpt>
      <trkpt lat="38.126912" lon="-81.142477"></trkpt>
      <trkpt lat="38.126973" lon="-81.142470"></trkpt>
      <trkpt lat="38.127026" lon="-81.142450"></trkpt>
      <trkpt lat="38.127097" lon="-81.142406"></trkpt>
      <trkpt lat="38.127159" lon="-81.142348"></trkpt>
      <trkpt lat="38.127333" lon="-81.142100"></trkpt>
      <trkpt lat="38.127580" lon="-81.141695"></trkpt>
      <trkpt lat="38.127813" lon="-81.141417"></trkpt>
      <trkpt lat="38.127913" lon="-81.141368"></trkpt>
      <trkpt lat="38.127995" lon="-81.141365"></trkpt>
      <trkpt lat="38.128068" lon="-81.141397"></trkpt>
      <trkpt lat="38.128144" lon="-81.141456"></trkpt>
      <trkpt lat="38.128225" lon="-81.141583"></trkpt>
      <trkpt lat="38.128430" lon="-81.142165"></trkpt>
      <trkpt lat="38.129062" lon="-81.143892"></trkpt>
      <trkpt lat="38.129164" lon="-81.144151"></trkpt>
      <trkpt lat="38.129265" lon="-81.144256"></trkpt>
      <trkpt lat="38.129383" lon="-81.144340"></trkpt>
      <trkpt lat="38.129530" lon="-81.144379"></trkpt>
      <trkpt lat="38.129669" lon="-81.144386"></trkpt>
      <trkpt lat="38.129809" lon="-81.144360"></trkpt>
      <trkpt lat="38.130295" lon="-81.144203"></trkpt>
      <trkpt lat="38.130480" lon="-81.144189"></trkpt>
      <trkpt lat="38.130571" lon="-81.144201"></trkpt>
      <trkpt lat="38.130651" lon="-81.144242"></trkpt>
      <trkpt lat="38.130722" lon="-81.144312"></trkpt>
      <trkpt lat="38.130777" lon="-81.144406"></trkpt>
      <trkpt lat="38.130921" lon="-81.144738"></trkpt>
      <trkpt lat="38.130988" lon="-81.145156"></trkpt>
      <trkpt lat="38.131000" lon="-81.145350"></trkpt>
      <trkpt lat="38.131015" lon="-81.145519"></trkpt>
      <trkpt lat="38.131052" lon="-81.145638"></trkpt>
      <trkpt lat="38.131105" lon="-81.145753"></trkpt>
      <trkpt lat="38.131215" lon="-81.145873"></trkpt>
      <trkpt lat="38.131340" lon="-81.145950"></trkpt>
      <trkpt lat="38.131439" lon="-81.145989"></trkpt>
      <trkpt lat="38.131555" lon="-81.146004"></trkpt>
      <trkpt lat="38.131981" lon="-81.145940"></trkpt>
      <trkpt lat="38.132119" lon="-81.145922"></trkpt>
      <trkpt lat="38.132272" lon="-81.145931"></trkpt>
      <trkpt lat="38.132320" lon="-81.145945"></trkpt>
      <trkpt lat="38.132372" lon="-81.145965"></trkpt>
      <trkpt lat="38.132456" lon="-81.146026"></trkpt>
      <trkpt lat="38.132734" lon="-81.146277"></trkpt>
      <trkpt lat="38.132814" lon="-81.146338"></trkpt>
      <trkpt lat="38.132896" lon="-81.146376"></trkpt>
      <trkpt lat="38.132977" lon="-81.146378"></trkpt>
      <trkpt lat="38.133026" lon="-81.146366"></trkpt>
      <trkpt lat="38.133076" lon="-81.146339"></trkpt>
      <trkpt lat="38.133141" lon="-81.146288"></trkpt>
      <trkpt lat="38.133214" lon="-81.146194"></trkpt>
      <trkpt lat="38.133510" lon="-81.145556"></trkpt>
      <trkpt lat="38.133688" lon="-81.145145"></trkpt>
      <trkpt lat="38.133933" lon="-81.144713"></trkpt>
      <trkpt lat="38.134048" lon="-81.144482"></trkpt>
      <trkpt lat="38.134096" lon="-81.144438"></trkpt>
      <trkpt lat="38.134148" lon="-81.144414"></trkpt>
      <trkpt lat="38.134254" lon="-81.144402"></trkpt>
      <trkpt lat="38.134346" lon="-81.144447"></trkpt>
      <trkpt lat="38.134412" lon="-81.144501"></trkpt>
      <trkpt lat="38.134525" lon="-81.144683"></trkpt>
      <trkpt lat="38.134574" lon="-81.144808"></trkpt>
      <trkpt lat="38.134620" lon="-81.144994"></trkpt>
      <trkpt lat="38.134709" lon="-81.145615"></trkpt>
      <trkpt lat="38.134917" lon="-81.146616"></trkpt>
      <trkpt lat="38.134981" lon="-81.146841"></trkpt>
      <trkpt lat="38.135047" lon="-81.146929"></trkpt>
      <trkpt lat="38.135124" lon="-81.146986"></trkpt>
      <trkpt lat="38.135202" lon="-81.147016"></trkpt>
      <trkpt lat="38.135304" lon="-81.147024"></trkpt>
      <trkpt lat="38.135411" lon="-81.147014"></trkpt>
      <trkpt lat="38.135618" lon="-81.146945"></trkpt>
      <trkpt lat="38.136408" lon="-81.146677"></trkpt>
      <trkpt lat="38.137665" lon="-81.146338"></trkpt>
      <trkpt lat="38.137812" lon="-81.146313"></trkpt>
      <trkpt lat="38.137947" lon="-81.146311"></trkpt>
      <trkpt lat="38.138119" lon="-81.146344"></trkpt>
      <trkpt lat="38.138276" lon="-81.146396"></trkpt>
      <trkpt lat="38.138426" lon="-81.146470"></trkpt>
      <trkpt lat="38.138534" lon="-81.146554"></trkpt>
      <trkpt lat="38.138616" lon="-81.146664"></trkpt>
      <trkpt lat="38.138690" lon="-81.146794"></trkpt>
      <trkpt lat="38.138745" lon="-81.146873"></trkpt>
      <trkpt lat="38.138819" lon="-81.146976"></trkpt>
      <trkpt lat="38.138905" lon="-81.147047"></trkpt>
      <trkpt lat="38.139003" lon="-81.147105"></trkpt>
      <trkpt lat="38.139103" lon="-81.147129"></trkpt>
      <trkpt lat="38.139274" lon="-81.147116"></trkpt>
      <trkpt lat="38.139521" lon="-81.147067"></trkpt>
      <trkpt lat="38.140147" lon="-81.146883"></trkpt>
      <trkpt lat="38.140762" lon="-81.146662"></trkpt>
      <trkpt lat="38.141195" lon="-81.146454"></trkpt>
      <trkpt lat="38.141341" lon="-81.146413"></trkpt>
      <trkpt lat="38.141419" lon="-81.146425"></trkpt>
      <trkpt lat="38.141468" lon="-81.146479"></trkpt>
      <trkpt lat="38.141492" lon="-81.146549"></trkpt>
      <trkpt lat="38.141480" lon="-81.146654"></trkpt>
      <trkpt lat="38.141435" lon="-81.146725"></trkpt>
      <trkpt lat="38.141255" lon="-81.146864"></trkpt>
      <trkpt lat="38.141051" lon="-81.147056"></trkpt>
      <trkpt lat="38.140796" lon="-81.147369"></trkpt>
      <trkpt lat="38.140616" lon="-81.147593"></trkpt>
      <trkpt lat="38.140512" lon="-81.147724"></trkpt>
      <trkpt lat="38.140432" lon="-81.147866"></trkpt>
      <trkpt lat="38.140366" lon="-81.148104"></trkpt>
      <trkpt lat="38.140340" lon="-81.148356"></trkpt>
      <trkpt lat="38.140346" lon="-81.148639"></trkpt>
      <trkpt lat="38.140388" lon="-81.148846"></trkpt>
      <trkpt lat="38.140468" lon="-81.149008"></trkpt>
      <trkpt lat="38.140793" lon="-81.149439"></trkpt>
      <trkpt lat="38.141292" lon="-81.150070"></trkpt>
      <trkpt lat="38.141520" lon="-81.150293"></trkpt>
      <trkpt lat="38.142321" lon="-81.150856"></trkpt>
      <trkpt lat="38.142490" lon="-81.151005"></trkpt>
      <trkpt lat="38.142604" lon="-81.151164"></trkpt>
      <trkpt lat="38.142687" lon="-81.151342"></trkpt>
      <trkpt lat="38.142743" lon="-81.151492"></trkpt>
      <trkpt lat="38.142785" lon="-81.151686"></trkpt>
      <trkpt lat="38.142793" lon="-81.151836"></trkpt>
      <trkpt lat="38.142775" lon="-81.151953"></trkpt>
      <trkpt lat="38.142727" lon="-81.152050"></trkpt>
      <trkpt lat="38.142668" lon="-81.152110"></trkpt>
      <trkpt lat="38.142581" lon="-81.152155"></trkpt>
      <trkpt lat="38.142374" lon="-81.152197"></trkpt>
      <trkpt lat="38.142281" lon="-81.152240"></trkpt>
      <trkpt lat="38.142176" lon="-81.152320"></trkpt>
      <trkpt lat="38.142123" lon="-81.152426"></trkpt>
      <trkpt lat="38.142085" lon="-81.152563"></trkpt>
      <trkpt lat="38.142088" lon="-81.152727"></trkpt>
      <trkpt lat="38.142130" lon="-81.152873"></trkpt>
      <trkpt lat="38.142223" lon="-81.153034"></trkpt>
      <trkpt lat="38.142413" lon="-81.153237"></trkpt>
      <trkpt lat="38.142498" lon="-81.153383"></trkpt>
      <trkpt lat="38.142551" lon="-81.153511"></trkpt>
      <trkpt lat="38.142591" lon="-81.153722"></trkpt>
      <trkpt lat="38.142568" lon="-81.153961"></trkpt>
      <trkpt lat="38.142540" lon="-81.154137"></trkpt>
      <trkpt lat="38.142539" lon="-81.154294"></trkpt>
      <trkpt lat="38.142588" lon="-81.154434"></trkpt>
      <trkpt lat="38.142671" lon="-81.154554"></trkpt>
      <trkpt lat="38.142763" lon="-81.154663"></trkpt>
      <trkpt lat="38.142880" lon="-81.154767"></trkpt>
      <trkpt lat="38.143960" lon="-81.155531"></trkpt>
      <trkpt lat="38.144120" lon="-81.155714"></trkpt>
      <trkpt lat="38.144259" lon="-81.155913"></trkpt>
      <trkpt lat="38.144337" lon="-81.156060"></trkpt>
      <trkpt lat="38.144377" lon="-81.156207"></trkpt>
      <trkpt lat="38.144374" lon="-81.156329"></trkpt>
      <trkpt lat="38.144332" lon="-81.156427"></trkpt>
      <trkpt lat="38.144267" lon="-81.156513"></trkpt>
      <trkpt lat="38.143792" lon="-81.156800"></trkpt>
      <trkpt lat="38.143671" lon="-81.156893"></trkpt>
      <trkpt lat="38.143556" lon="-81.156997"></trkpt>
      <trkpt lat="38.143376" lon="-81.157171"></trkpt>
      <trkpt lat="38.143147" lon="-81.157333"></trkpt>
      <trkpt lat="38.142934" lon="-81.157437"></trkpt>
      <trkpt lat="38.142733" lon="-81.157500"></trkpt>
      <trkpt lat="38.142527" lon="-81.157535"></trkpt>
      <trkpt lat="38.142415" lon="-81.157562"></trkpt>
      <trkpt lat="38.142331" lon="-81.157617"></trkpt>
      <trkpt lat="38.142263" lon="-81.157715"></trkpt>
      <trkpt lat="38.142193" lon="-81.157842"></trkpt>
      <trkpt lat="38.142014" lon="-81.158273"></trkpt>
      <trkpt lat="38.141889" lon="-81.158595"></trkpt>
      <trkpt lat="38.141802" lon="-81.158779"></trkpt>
      <trkpt lat="38.141614" lon="-81.159034"></trkpt>
      <trkpt lat="38.141528" lon="-81.159219"></trkpt>
      <trkpt lat="38.141519" lon="-81.159345"></trkpt>
      <trkpt lat="38.141558" lon="-81.159512"></trkpt>
      <trkpt lat="38.141657" lon="-81.159821"></trkpt>
      <trkpt lat="38.141676" lon="-81.159967"></trkpt>
      <trkpt lat="38.141657" lon="-81.160085"></trkpt>
      <trkpt lat="38.141614" lon="-81.160203"></trkpt>
      <trkpt lat="38.141523" lon="-81.160325"></trkpt>
      <trkpt lat="38.141385" lon="-81.160534"></trkpt>
      <trkpt lat="38.141324" lon="-81.160645"></trkpt>
      <trkpt lat="38.141280" lon="-81.160772"></trkpt>
      <trkpt lat="38.141212" lon="-81.161018"></trkpt>
      <trkpt lat="38.141191" lon="-81.161265"></trkpt>
      <trkpt lat="38.141200" lon="-81.161451"></trkpt>
      <trkpt lat="38.141345" lon="-81.161942"></trkpt>
      <trkpt lat="38.141371" lon="-81.162120"></trkpt>
      <trkpt lat="38.141358" lon="-81.162264"></trkpt>
      <trkpt lat="38.141313" lon="-81.162386"></trkpt>
      <trkpt lat="38.141233" lon="-81.162493"></trkpt>
      <trkpt lat="38.140894" lon="-81.162695"></trkpt>
      <trkpt lat="38.140735" lon="-81.162828"></trkpt>
      <trkpt lat="38.140619" lon="-81.162966"></trkpt>
      <trkpt lat="38.140550" lon="-81.163113"></trkpt>
      <trkpt lat="38.140494" lon="-81.163262"></trkpt>
      <trkpt lat="38.140151" lon="-81.164352"></trkpt>
      <trkpt lat="38.140094" lon="-81.164506"></trkpt>
      <trkpt lat="38.140020" lon="-81.164643"></trkpt>
      <trkpt lat="38.139893" lon="-81.164840"></trkpt>
      <trkpt lat="38.139769" lon="-81.165051"></trkpt>
      <trkpt lat="38.139686" lon="-81.165234"></trkpt>
      <trkpt lat="38.139626" lon="-81.165431"></trkpt>
      <trkpt lat="38.139566" lon="-81.165625"></trkpt>
      <trkpt lat="38.139497" lon="-81.165783"></trkpt>
      <trkpt lat="38.139396" lon="-81.165927"></trkpt>
      <trkpt lat="38.139287" lon="-81.166063"></trkpt>
      <trkpt lat="38.139202" lon="-81.166206"></trkpt>
      <trkpt lat="38.139151" lon="-81.166310"></trkpt>
      <trkpt lat="38.139120" lon="-81.166440"></trkpt>
      <trkpt lat="38.139100" lon="-81.166596"></trkpt>
      <trkpt lat="38.139085" lon="-81.166833"></trkpt>
      <trkpt lat="38.139052" lon="-81.166990"></trkpt>
      <trkpt lat="38.138984" lon="-81.167123"></trkpt>
      <trkpt lat="38.138889" lon="-81.167229"></trkpt>
      <trkpt lat="38.138713" lon="-81.167341"></trkpt>
      <trkpt lat="38.138535" lon="-81.167445"></trkpt>
      <trkpt lat="38.138381" lon="-81.167580"></trkpt>
      <trkpt lat="38.138260" lon="-81.167726"></trkpt>
      <trkpt lat="38.138188" lon="-81.167844"></trkpt>
      <trkpt lat="38.138111" lon="-81.168013"></trkpt>
      <trkpt lat="38.138054" lon="-81.168221"></trkpt>
      <trkpt lat="38.137957" lon="-81.168627"></trkpt>
      <trkpt lat="38.137865" lon="-81.168953"></trkpt>
      <trkpt lat="38.137785" lon="-81.169186"></trkpt>
      <trkpt lat="38.137670" lon="-81.169444"></trkpt>
      <trkpt lat="38.137237" lon="-81.170286"></trkpt>
      <trkpt lat="38.137101" lon="-81.170535"></trkpt>
      <trkpt lat="38.136985" lon="-81.170718"></trkpt>
      <trkpt lat="38.136881" lon="-81.170847"></trkpt>
      <trkpt lat="38.136777" lon="-81.170930"></trkpt>
      <trkpt lat="38.136673" lon="-81.170997"></trkpt>
      <trkpt lat="38.136430" lon="-81.171083"></trkpt>
      <trkpt lat="38.136111" lon="-81.171206"></trkpt>
      <trkpt lat="38.135909" lon="-81.171318"></trkpt>
      <trkpt lat="38.135753" lon="-81.171439"></trkpt>
      <trkpt lat="38.135623" lon="-81.171567"></trkpt>
      <trkpt lat="38.135528" lon="-81.171703"></trkpt>
      <trkpt lat="38.135447" lon="-81.171863"></trkpt>
      <trkpt lat="38.135405" lon="-81.171998"></trkpt>
      <trkpt lat="38.135394" lon="-81.172130"></trkpt>
      <trkpt lat="38.135419" lon="-81.172295"></trkpt>
      <trkpt lat="38.135458" lon="-81.172402"></trkpt>
      <trkpt lat="38.135538" lon="-81.172494"></trkpt>
      <trkpt lat="38.135654" lon="-81.172558"></trkpt>
      <trkpt lat="38.135777" lon="-81.172572"></trkpt>
      <trkpt lat="38.135998" lon="-81.172593"></trkpt>
      <trkpt lat="38.136310" lon="-81.172599"></trkpt>
      <trkpt lat="38.136596" lon="-81.172597"></trkpt>
      <trkpt lat="38.136813" lon="-81.172620"></trkpt>
      <trkpt lat="38.136945" lon="-81.172653"></trkpt>
      <trkpt lat="38.137086" lon="-81.172735"></trkpt>
      <trkpt lat="38.137236" lon="-81.172848"></trkpt>
      <trkpt lat="38.137326" lon="-81.172924"></trkpt>
      <trkpt lat="38.137444" lon="-81.173000"></trkpt>
      <trkpt lat="38.137554" lon="-81.173037"></trkpt>
      <trkpt lat="38.137669" lon="-81.173037"></trkpt>
      <trkpt lat="38.137851" lon="-81.172992"></trkpt>
      <trkpt lat="38.138225" lon="-81.172856"></trkpt>
      <trkpt lat="38.138618" lon="-81.172668"></trkpt>
      <trkpt lat="38.140603" lon="-81.172366"></trkpt>
      <trkpt lat="38.141359" lon="-81.172350"></trkpt>
      <trkpt lat="38.141758" lon="-81.172203"></trkpt>
      <trkpt lat="38.142244" lon="-81.172041"></trkpt>
      <trkpt lat="38.142599" lon="-81.172089"></trkpt>
      <trkpt lat="38.143469" lon="-81.172440"></trkpt>
      <trkpt lat="38.144504" lon="-81.172495"></trkpt>
      <trkpt lat="38.145108" lon="-81.172600"></trkpt>
      <trkpt lat="38.145523" lon="-81.172747"></trkpt>
      <trkpt lat="38.147067" lon="-81.173042"></trkpt>
      <trkpt lat="38.147307" lon="-81.173146"></trkpt>
      <trkpt lat="38.147604" lon="-81.173425"></trkpt>
      <trkpt lat="38.148110" lon="-81.173953"></trkpt>
      <trkpt lat="38.149168" lon="-81.174962"></trkpt>
      <trkpt lat="38.149378" lon="-81.175268"></trkpt>
      <trkpt lat="38.149592" lon="-81.175890"></trkpt>
      <trkpt lat="38.149784" lon="-81.176233"></trkpt>
      <trkpt lat="38.150038" lon="-81.176504"></trkpt>
      <trkpt lat="38.150494" lon="-81.176778"></trkpt>
      <trkpt lat="38.150766" lon="-81.177066"></trkpt>
      <trkpt lat="38.151329" lon="-81.177966"></trkpt>
      <trkpt lat="38.151403" lon="-81.178121"></trkpt>
      <trkpt lat="38.151807" lon="-81.178611"></trkpt>
      <trkpt lat="38.152245" lon="-81.179012"></trkpt>
      <trkpt lat="38.152399" lon="-81.179124"></trkpt>
      <trkpt lat="38.153168" lon="-81.179463"></trkpt>
      <trkpt lat="38.153506" lon="-81.179718"></trkpt>
      <trkpt lat="38.153787" lon="-81.179951"></trkpt>
      <trkpt lat="38.153927" lon="-81.180072"></trkpt>
      <trkpt lat="38.153991" lon="-81.180145"></trkpt>
      <trkpt lat="38.154038" lon="-81.180215"></trkpt>
      <trkpt lat="38.154071" lon="-81.180290"></trkpt>
      <trkpt lat="38.154099" lon="-81.180371"></trkpt>
      <trkpt lat="38.154119" lon="-81.180466"></trkpt>
      <trkpt lat="38.154134" lon="-81.180595"></trkpt>
      <trkpt lat="38.154144" lon="-81.180721"></trkpt>
      <trkpt lat="38.154141" lon="-81.180853"></trkpt>
      <trkpt lat="38.154113" lon="-81.181217"></trkpt>
      <trkpt lat="38.154107" lon="-81.181338"></trkpt>
      <trkpt lat="38.154107" lon="-81.181446"></trkpt>
      <trkpt lat="38.154115" lon="-81.181536"></trkpt>
      <trkpt lat="38.154134" lon="-81.181633"></trkpt>
      <trkpt lat="38.154159" lon="-81.181736"></trkpt>
      <trkpt lat="38.154194" lon="-81.181820"></trkpt>
      <trkpt lat="38.154308" lon="-81.182044"></trkpt>
      <trkpt lat="38.154399" lon="-81.182215"></trkpt>
      <trkpt lat="38.154491" lon="-81.182374"></trkpt>
      <trkpt lat="38.154595" lon="-81.182512"></trkpt>
      <trkpt lat="38.154745" lon="-81.182688"></trkpt>
      <trkpt lat="38.155544" lon="-81.183559"></trkpt>
      <trkpt lat="38.155915" lon="-81.183958"></trkpt>
      <trkpt lat="38.156101" lon="-81.184128"></trkpt>
      <trkpt lat="38.156258" lon="-81.184243"></trkpt>
      <trkpt lat="38.156493" lon="-81.184416"></trkpt>
      <trkpt lat="38.156941" lon="-81.184735"></trkpt>
      <trkpt lat="38.157015" lon="-81.184799"></trkpt>
      <trkpt lat="38.157284" lon="-81.185030"></trkpt>
      <trkpt lat="38.157643" lon="-81.185473"></trkpt>
      <trkpt lat="38.157954" lon="-81.185922"></trkpt>
      <trkpt lat="38.158958" lon="-81.187631"></trkpt>
      <trkpt lat="38.159340" lon="-81.188261"></trkpt>
      <trkpt lat="38.159426" lon="-81.188403"></trkpt>
      <trkpt lat="38.159781" lon="-81.188920"></trkpt>
      <trkpt lat="38.160235" lon="-81.189579"></trkpt>
      <trkpt lat="38.160257" lon="-81.189616"></trkpt>
      <trkpt lat="38.160734" lon="-81.190424"></trkpt>
      <trkpt lat="38.161011" lon="-81.191167"></trkpt>
      <trkpt lat="38.161394" lon="-81.192193"></trkpt>
      <trkpt lat="38.162189" lon="-81.194327"></trkpt>
      <trkpt lat="38.162445" lon="-81.194895"></trkpt>
      <trkpt lat="38.163338" lon="-81.197057"></trkpt>
      <trkpt lat="38.163428" lon="-81.197299"></trkpt>
      <trkpt lat="38.163582" lon="-81.197673"></trkpt>
      <trkpt lat="38.163641" lon="-81.197851"></trkpt>
      <trkpt lat="38.163652" lon="-81.197888"></trkpt>
      <trkpt lat="38.163694" lon="-81.198037"></trkpt>
      <trkpt lat="38.163735" lon="-81.198205"></trkpt>
      <trkpt lat="38.163758" lon="-81.198355"></trkpt>
      <trkpt lat="38.163803" lon="-81.198710"></trkpt>
      <trkpt lat="38.163806" lon="-81.198946"></trkpt>
      <trkpt lat="38.163802" lon="-81.199191"></trkpt>
      <trkpt lat="38.163788" lon="-81.199385"></trkpt>
      <trkpt lat="38.163771" lon="-81.199543"></trkpt>
      <trkpt lat="38.163737" lon="-81.199776"></trkpt>
      <trkpt lat="38.163691" lon="-81.200051"></trkpt>
      <trkpt lat="38.163666" lon="-81.200196"></trkpt>
      <trkpt lat="38.163636" lon="-81.200371"></trkpt>
      <trkpt lat="38.163621" lon="-81.200467"></trkpt>
      <trkpt lat="38.163530" lon="-81.200984"></trkpt>
      <trkpt lat="38.163480" lon="-81.201272"></trkpt>
      <trkpt lat="38.163368" lon="-81.201949"></trkpt>
      <trkpt lat="38.163245" lon="-81.202609"></trkpt>
      <trkpt lat="38.163123" lon="-81.203248"></trkpt>
      <trkpt lat="38.162971" lon="-81.203966"></trkpt>
      <trkpt lat="38.162634" lon="-81.205589"></trkpt>
      <trkpt lat="38.162490" lon="-81.206252"></trkpt>
      <trkpt lat="38.162362" lon="-81.206745"></trkpt>
      <trkpt lat="38.162246" lon="-81.207148"></trkpt>
      <trkpt lat="38.162083" lon="-81.207628"></trkpt>
      <trkpt lat="38.161896" lon="-81.208140"></trkpt>
      <trkpt lat="38.161632" lon="-81.208746"></trkpt>
      <trkpt lat="38.161406" lon="-81.209213"></trkpt>
      <trkpt lat="38.161193" lon="-81.209604"></trkpt>
      <trkpt lat="38.160875" lon="-81.210136"></trkpt>
      <trkpt lat="38.160225" lon="-81.211182"></trkpt>
      <trkpt lat="38.159905" lon="-81.211689"></trkpt>
      <trkpt lat="38.159690" lon="-81.211973"></trkpt>
      <trkpt lat="38.159517" lon="-81.212187"></trkpt>
      <trkpt lat="38.159396" lon="-81.212319"></trkpt>
      <trkpt lat="38.159239" lon="-81.212385"></trkpt>
      <trkpt lat="38.158467" lon="-81.213172"></trkpt>
      <trkpt lat="38.157484" lon="-81.214006"></trkpt>
      <trkpt lat="38.156848" lon="-81.214271"></trkpt>
      <trkpt lat="38.156017" lon="-81.214500"></trkpt>
      <trkpt lat="38.154233" lon="-81.214926"></trkpt>
      <trkpt lat="38.153265" lon="-81.215054"></trkpt>
      <trkpt lat="38.152837" lon="-81.215045"></trkpt>
      <trkpt lat="38.151581" lon="-81.214997"></trkpt>
      <trkpt lat="38.151102" lon="-81.214991"></trkpt>
      <trkpt lat="38.150460" lon="-81.214982"></trkpt>
      <trkpt lat="38.150129" lon="-81.214977"></trkpt>
      <trkpt lat="38.149849" lon="-81.214973"></trkpt>
      <trkpt lat="38.149797" lon="-81.214972"></trkpt>
      <trkpt lat="38.149616" lon="-81.214966"></trkpt>
      <trkpt lat="38.149089" lon="-81.214962"></trkpt>
      <trkpt lat="38.148712" lon="-81.214994"></trkpt>
      <trkpt lat="38.148642" lon="-81.214990"></trkpt>
      <trkpt lat="38.148552" lon="-81.214969"></trkpt>
      <trkpt lat="38.147219" lon="-81.214442"></trkpt>
      <trkpt lat="38.146681" lon="-81.214221"></trkpt>
      <trkpt lat="38.146268" lon="-81.213946"></trkpt>
      <trkpt lat="38.145631" lon="-81.213511"></trkpt>
      <trkpt lat="38.144327" lon="-81.212575"></trkpt>
      <trkpt lat="38.143656" lon="-81.212175"></trkpt>
      <trkpt lat="38.143376" lon="-81.212040"></trkpt>
      <trkpt lat="38.143034" lon="-81.211935"></trkpt>
      <trkpt lat="38.142600" lon="-81.211921"></trkpt>
      <trkpt lat="38.142118" lon="-81.211999"></trkpt>
      <trkpt lat="38.141774" lon="-81.212077"></trkpt>
      <trkpt lat="38.141639" lon="-81.212131"></trkpt>
      <trkpt lat="38.141531" lon="-81.212197"></trkpt>
      <trkpt lat="38.141421" lon="-81.212272"></trkpt>
      <trkpt lat="38.141327" lon="-81.212346"></trkpt>
      <trkpt lat="38.141271" lon="-81.212385"></trkpt>
      <trkpt lat="38.140976" lon="-81.212526"></trkpt>
      <trkpt lat="38.140449" lon="-81.212782"></trkpt>
      <trkpt lat="38.140223" lon="-81.212913"></trkpt>
      <trkpt lat="38.139900" lon="-81.213158"></trkpt>
      <trkpt lat="38.139492" lon="-81.213579"></trkpt>
      <trkpt lat="38.139188" lon="-81.213939"></trkpt>
      <trkpt lat="38.138844" lon="-81.214372"></trkpt>
      <trkpt lat="38.138786" lon="-81.214291"></trkpt>
      <trkpt lat="38.138320" lon="-81.213601"></trkpt>
      <trkpt lat="38.137580" lon="-81.212531"></trkpt>
      <trkpt lat="38.136977" lon="-81.211722"></trkpt>
      <trkpt lat="38.136904" lon="-81.211634"></trkpt>
      <trkpt lat="38.136822" lon="-81.211763"></trkpt>
      <trkpt lat="38.136728" lon="-81.211907"></trkpt>
      <trkpt lat="38.136663" lon="-81.212038"></trkpt>
      <trkpt lat="38.136590" lon="-81.212207"></trkpt>
      <trkpt lat="38.136460" lon="-81.212416"></trkpt>
      <trkpt lat="38.136335" lon="-81.212609"></trkpt>
      <trkpt lat="38.136220" lon="-81.212840"></trkpt>
      <trkpt lat="38.136124" lon="-81.213036"></trkpt>
      <trkpt lat="38.136027" lon="-81.213307"></trkpt>
      <trkpt lat="38.136180" lon="-81.213059"></trkpt>
      <trkpt lat="38.136340" lon="-81.212775"></trkpt>
      <trkpt lat="38.136651" lon="-81.212306"></trkpt>
      <trkpt lat="38.136857" lon="-81.211989"></trkpt>
      <trkpt lat="38.136943" lon="-81.211906"></trkpt>
      <trkpt lat="38.137010" lon="-81.211841"></trkpt>
      <trkpt lat="38.137139" lon="-81.211749"></trkpt>
      <trkpt lat="38.137200" lon="-81.211699"></trkpt>
      <trkpt lat="38.137280" lon="-81.211576"></trkpt>
      <trkpt lat="38.137375" lon="-81.211436"></trkpt>
      <trkpt lat="38.137471" lon="-81.211326"></trkpt>
      <trkpt lat="38.137579" lon="-81.211257"></trkpt>
      <trkpt lat="38.137696" lon="-81.211200"></trkpt>
      <trkpt lat="38.137821" lon="-81.211152"></trkpt>
      <trkpt lat="38.137963" lon="-81.211134"></trkpt>
      <trkpt lat="38.138074" lon="-81.211096"></trkpt>
      <trkpt lat="38.138231" lon="-81.210991"></trkpt>
      <trkpt lat="38.138352" lon="-81.210892"></trkpt>
      <trkpt lat="38.138461" lon="-81.210747"></trkpt>
      <trkpt lat="38.138951" lon="-81.210119"></trkpt>
      <trkpt lat="38.139206" lon="-81.209792"></trkpt>
      <trkpt lat="38.139434" lon="-81.209533"></trkpt>
      <trkpt lat="38.139632" lon="-81.209331"></trkpt>
      <trkpt lat="38.139801" lon="-81.209151"></trkpt>
      <trkpt lat="38.139967" lon="-81.208949"></trkpt>
      <trkpt lat="38.140083" lon="-81.208754"></trkpt>
      <trkpt lat="38.140288" lon="-81.208381"></trkpt>
      <trkpt lat="38.140432" lon="-81.208148"></trkpt>
      <trkpt lat="38.140609" lon="-81.207932"></trkpt>
      <trkpt lat="38.140920" lon="-81.207537"></trkpt>
      <trkpt lat="38.141236" lon="-81.207176"></trkpt>
      <trkpt lat="38.141438" lon="-81.207000"></trkpt>
      <trkpt lat="38.141606" lon="-81.206871"></trkpt>
      <trkpt lat="38.141866" lon="-81.206689"></trkpt>
      <trkpt lat="38.142100" lon="-81.206558"></trkpt>
      <trkpt lat="38.142245" lon="-81.206482"></trkpt>
      <trkpt lat="38.142344" lon="-81.206440"></trkpt>
      <trkpt lat="38.142440" lon="-81.206410"></trkpt>
      <trkpt lat="38.142551" lon="-81.206390"></trkpt>
      <trkpt lat="38.142563" lon="-81.206504"></trkpt>
      <trkpt lat="38.142563" lon="-81.206504"></trkpt>
      <trkpt lat="38.142551" lon="-81.206390"></trkpt>
      <trkpt lat="38.142440" lon="-81.206410"></trkpt>
      <trkpt lat="38.142344" lon="-81.206440"></trkpt>
      <trkpt lat="38.142245" lon="-81.206482"></trkpt>
      <trkpt lat="38.142100" lon="-81.206558"></trkpt>
      <trkpt lat="38.141866" lon="-81.206689"></trkpt>
      <trkpt lat="38.141606" lon="-81.206871"></trkpt>
      <trkpt lat="38.141438" lon="-81.207000"></trkpt>
      <trkpt lat="38.141236" lon="-81.207176"></trkpt>
      <trkpt lat="38.140920" lon="-81.207537"></trkpt>
      <trkpt lat="38.140609" lon="-81.207932"></trkpt>
      <trkpt lat="38.140432" lon="-81.208148"></trkpt>
      <trkpt lat="38.140288" lon="-81.208381"></trkpt>
      <trkpt lat="38.140083" lon="-81.208754"></trkpt>
      <trkpt lat="38.139967" lon="-81.208949"></trkpt>
      <trkpt lat="38.139801" lon="-81.209151"></trkpt>
      <trkpt lat="38.139632" lon="-81.209331"></trkpt>
      <trkpt lat="38.139434" lon="-81.209533"></trkpt>
      <trkpt lat="38.139206" lon="-81.209792"></trkpt>
      <trkpt lat="38.138951" lon="-81.210119"></trkpt>
      <trkpt lat="38.138461" lon="-81.210747"></trkpt>
      <trkpt lat="38.138352" lon="-81.210892"></trkpt>
      <trkpt lat="38.138231" lon="-81.210991"></trkpt>
      <trkpt lat="38.138074" lon="-81.211096"></trkpt>
      <trkpt lat="38.137963" lon="-81.211134"></trkpt>
      <trkpt lat="38.137821" lon="-81.211152"></trkpt>
      <trkpt lat="38.137696" lon="-81.211200"></trkpt>
      <trkpt lat="38.137579" lon="-81.211257"></trkpt>
      <trkpt lat="38.137471" lon="-81.211326"></trkpt>
      <trkpt lat="38.137375" lon="-81.211436"></trkpt>
      <trkpt lat="38.137280" lon="-81.211576"></trkpt>
      <trkpt lat="38.137200" lon="-81.211699"></trkpt>
      <trkpt lat="38.137139" lon="-81.211749"></trkpt>
      <trkpt lat="38.137010" lon="-81.211841"></trkpt>
      <trkpt lat="38.136943" lon="-81.211906"></trkpt>
      <trkpt lat="38.136857" lon="-81.211989"></trkpt>
      <trkpt lat="38.136651" lon="-81.212306"></trkpt>
      <trkpt lat="38.136340" lon="-81.212775"></trkpt>
      <trkpt lat="38.136180" lon="-81.213059"></trkpt>
      <trkpt lat="38.136027" lon="-81.213307"></trkpt>
      <trkpt lat="38.136124" lon="-81.213036"></trkpt>
      <trkpt lat="38.136220" lon="-81.212840"></trkpt>
      <trkpt lat="38.136335" lon="-81.212609"></trkpt>
      <trkpt lat="38.136460" lon="-81.212416"></trkpt>
      <trkpt lat="38.136590" lon="-81.212207"></trkpt>
      <trkpt lat="38.136663" lon="-81.212038"></trkpt>
      <trkpt lat="38.136728" lon="-81.211907"></trkpt>
      <trkpt lat="38.136822" lon="-81.211763"></trkpt>
      <trkpt lat="38.136904" lon="-81.211634"></trkpt>
      <trkpt lat="38.136977" lon="-81.211722"></trkpt>
      <trkpt lat="38.137580" lon="-81.212531"></trkpt>
      <trkpt lat="38.138320" lon="-81.213601"></trkpt>
      <trkpt lat="38.138786" lon="-81.214291"></trkpt>
      <trkpt lat="38.138844" lon="-81.214372"></trkpt>
      <trkpt lat="38.139188" lon="-81.213939"></trkpt>
      <trkpt lat="38.139492" lon="-81.213579"></trkpt>
      <trkpt lat="38.139900" lon="-81.213158"></trkpt>
      <trkpt lat="38.140223" lon="-81.212913"></trkpt>
      <trkpt lat="38.140449" lon="-81.212782"></trkpt>
      <trkpt lat="38.140976" lon="-81.212526"></trkpt>
      <trkpt lat="38.141271" lon="-81.212385"></trkpt>
      <trkpt lat="38.141327" lon="-81.212346"></trkpt>
      <trkpt lat="38.141421" lon="-81.212272"></trkpt>
      <trkpt lat="38.141531" lon="-81.212197"></trkpt>
      <trkpt lat="38.141639" lon="-81.212131"></trkpt>
      <trkpt lat="38.141774" lon="-81.212077"></trkpt>
      <trkpt lat="38.142118" lon="-81.211999"></trkpt>
      <trkpt lat="38.142600" lon="-81.211921"></trkpt>
      <trkpt lat="38.143034" lon="-81.211935"></trkpt>
      <trkpt lat="38.143376" lon="-81.212040"></trkpt>
      <trkpt lat="38.143656" lon="-81.212175"></trkpt>
      <trkpt lat="38.144327" lon="-81.212575"></trkpt>
      <trkpt lat="38.145631" lon="-81.213511"></trkpt>
      <trkpt lat="38.146268" lon="-81.213946"></trkpt>
      <trkpt lat="38.146681" lon="-81.214221"></trkpt>
      <trkpt lat="38.147219" lon="-81.214442"></trkpt>
      <trkpt lat="38.148552" lon="-81.214969"></trkpt>
      <trkpt lat="38.148642" lon="-81.214990"></trkpt>
      <trkpt lat="38.148712" lon="-81.214994"></trkpt>
      <trkpt lat="38.149089" lon="-81.214962"></trkpt>
      <trkpt lat="38.149616" lon="-81.214966"></trkpt>
      <trkpt lat="38.149797" lon="-81.214972"></trkpt>
      <trkpt lat="38.149849" lon="-81.214973"></trkpt>
      <trkpt lat="38.150129" lon="-81.214977"></trkpt>
      <trkpt lat="38.150460" lon="-81.214982"></trkpt>
      <trkpt lat="38.151102" lon="-81.214991"></trkpt>
      <trkpt lat="38.151581" lon="-81.214997"></trkpt>
      <trkpt lat="38.152837" lon="-81.215045"></trkpt>
      <trkpt lat="38.153265" lon="-81.215054"></trkpt>
      <trkpt lat="38.154233" lon="-81.214926"></trkpt>
      <trkpt lat="38.156017" lon="-81.214500"></trkpt>
      <trkpt lat="38.156848" lon="-81.214271"></trkpt>
      <trkpt lat="38.157484" lon="-81.214006"></trkpt>
      <trkpt lat="38.158467" lon="-81.213172"></trkpt>
      <trkpt lat="38.159239" lon="-81.212385"></trkpt>
      <trkpt lat="38.159337" lon="-81.212225"></trkpt>
      <trkpt lat="38.159443" lon="-81.212115"></trkpt>
      <trkpt lat="38.159609" lon="-81.211922"></trkpt>
      <trkpt lat="38.159831" lon="-81.211632"></trkpt>
      <trkpt lat="38.160358" lon="-81.210809"></trkpt>
      <trkpt lat="38.161130" lon="-81.209545"></trkpt>
      <trkpt lat="38.161360" lon="-81.209122"></trkpt>
      <trkpt lat="38.161638" lon="-81.208542"></trkpt>
      <trkpt lat="38.161853" lon="-81.208030"></trkpt>
      <trkpt lat="38.162020" lon="-81.207585"></trkpt>
      <trkpt lat="38.162187" lon="-81.207075"></trkpt>
      <trkpt lat="38.162315" lon="-81.206630"></trkpt>
      <trkpt lat="38.162444" lon="-81.206115"></trkpt>
      <trkpt lat="38.162687" lon="-81.204967"></trkpt>
      <trkpt lat="38.162902" lon="-81.203929"></trkpt>
      <trkpt lat="38.163077" lon="-81.203089"></trkpt>
      <trkpt lat="38.163226" lon="-81.202298"></trkpt>
      <trkpt lat="38.163353" lon="-81.201579"></trkpt>
      <trkpt lat="38.163475" lon="-81.200844"></trkpt>
      <trkpt lat="38.163556" lon="-81.200356"></trkpt>
      <trkpt lat="38.163585" lon="-81.200171"></trkpt>
      <trkpt lat="38.163627" lon="-81.199825"></trkpt>
      <trkpt lat="38.163646" lon="-81.199638"></trkpt>
      <trkpt lat="38.163669" lon="-81.199294"></trkpt>
      <trkpt lat="38.163679" lon="-81.198999"></trkpt>
      <trkpt lat="38.163677" lon="-81.198747"></trkpt>
      <trkpt lat="38.163660" lon="-81.198424"></trkpt>
      <trkpt lat="38.163626" lon="-81.198147"></trkpt>
      <trkpt lat="38.163602" lon="-81.198006"></trkpt>
      <trkpt lat="38.163556" lon="-81.197817"></trkpt>
      <trkpt lat="38.163542" lon="-81.197761"></trkpt>
      <trkpt lat="38.163428" lon="-81.197299"></trkpt>
      <trkpt lat="38.163338" lon="-81.197057"></trkpt>
      <trkpt lat="38.162445" lon="-81.194895"></trkpt>
      <trkpt lat="38.162189" lon="-81.194327"></trkpt>
      <trkpt lat="38.161394" lon="-81.192193"></trkpt>
      <trkpt lat="38.161011" lon="-81.191167"></trkpt>
      <trkpt lat="38.160734" lon="-81.190424"></trkpt>
      <trkpt lat="38.160257" lon="-81.189616"></trkpt>
      <trkpt lat="38.160235" lon="-81.189579"></trkpt>
      <trkpt lat="38.159781" lon="-81.188920"></trkpt>
      <trkpt lat="38.159426" lon="-81.188403"></trkpt>
      <trkpt lat="38.159340" lon="-81.188261"></trkpt>
      <trkpt lat="38.158958" lon="-81.187631"></trkpt>
      <trkpt lat="38.157954" lon="-81.185922"></trkpt>
      <trkpt lat="38.157643" lon="-81.185473"></trkpt>
      <trkpt lat="38.157284" lon="-81.185030"></trkpt>
      <trkpt lat="38.157015" lon="-81.184799"></trkpt>
      <trkpt lat="38.156941" lon="-81.184735"></trkpt>
      <trkpt lat="38.156493" lon="-81.184416"></trkpt>
      <trkpt lat="38.156258" lon="-81.184243"></trkpt>
      <trkpt lat="38.156101" lon="-81.184128"></trkpt>
      <trkpt lat="38.155915" lon="-81.183958"></trkpt>
      <trkpt lat="38.155544" lon="-81.183559"></trkpt>
      <trkpt lat="38.154745" lon="-81.182688"></trkpt>
      <trkpt lat="38.154595" lon="-81.182512"></trkpt>
      <trkpt lat="38.154491" lon="-81.182374"></trkpt>
      <trkpt lat="38.154399" lon="-81.182215"></trkpt>
      <trkpt lat="38.154308" lon="-81.182044"></trkpt>
      <trkpt lat="38.154194" lon="-81.181820"></trkpt>
      <trkpt lat="38.154159" lon="-81.181736"></trkpt>
      <trkpt lat="38.154134" lon="-81.181633"></trkpt>
      <trkpt lat="38.154115" lon="-81.181536"></trkpt>
      <trkpt lat="38.154107" lon="-81.181446"></trkpt>
      <trkpt lat="38.154107" lon="-81.181338"></trkpt>
      <trkpt lat="38.154113" lon="-81.181217"></trkpt>
      <trkpt lat="38.154141" lon="-81.180853"></trkpt>
      <trkpt lat="38.154144" lon="-81.180721"></trkpt>
      <trkpt lat="38.154134" lon="-81.180595"></trkpt>
      <trkpt lat="38.154119" lon="-81.180466"></trkpt>
      <trkpt lat="38.154099" lon="-81.180371"></trkpt>
      <trkpt lat="38.154071" lon="-81.180290"></trkpt>
      <trkpt lat="38.154038" lon="-81.180215"></trkpt>
      <trkpt lat="38.153991" lon="-81.180145"></trkpt>
      <trkpt lat="38.153927" lon="-81.180072"></trkpt>
      <trkpt lat="38.153787" lon="-81.179951"></trkpt>
      <trkpt lat="38.153506" lon="-81.179718"></trkpt>
      <trkpt lat="38.153168" lon="-81.179463"></trkpt>
      <trkpt lat="38.152399" lon="-81.179124"></trkpt>
      <trkpt lat="38.152245" lon="-81.179012"></trkpt>
      <trkpt lat="38.151807" lon="-81.178611"></trkpt>
      <trkpt lat="38.151403" lon="-81.178121"></trkpt>
      <trkpt lat="38.151329" lon="-81.177966"></trkpt>
      <trkpt lat="38.150766" lon="-81.177066"></trkpt>
      <trkpt lat="38.150494" lon="-81.176778"></trkpt>
      <trkpt lat="38.150038" lon="-81.176504"></trkpt>
      <trkpt lat="38.149784" lon="-81.176233"></trkpt>
      <trkpt lat="38.149592" lon="-81.175890"></trkpt>
      <trkpt lat="38.149378" lon="-81.175268"></trkpt>
      <trkpt lat="38.149168" lon="-81.174962"></trkpt>
      <trkpt lat="38.148110" lon="-81.173953"></trkpt>
      <trkpt lat="38.147604" lon="-81.173425"></trkpt>
      <trkpt lat="38.147307" lon="-81.173146"></trkpt>
      <trkpt lat="38.147067" lon="-81.173042"></trkpt>
      <trkpt lat="38.145523" lon="-81.172747"></trkpt>
      <trkpt lat="38.145108" lon="-81.172600"></trkpt>
      <trkpt lat="38.144504" lon="-81.172495"></trkpt>
      <trkpt lat="38.143469" lon="-81.172440"></trkpt>
      <trkpt lat="38.142599" lon="-81.172089"></trkpt>
      <trkpt lat="38.142244" lon="-81.172041"></trkpt>
      <trkpt lat="38.141758" lon="-81.172203"></trkpt>
      <trkpt lat="38.141359" lon="-81.172350"></trkpt>
      <trkpt lat="38.140603" lon="-81.172366"></trkpt>
      <trkpt lat="38.138618" lon="-81.172668"></trkpt>
      <trkpt lat="38.138225" lon="-81.172856"></trkpt>
      <trkpt lat="38.137851" lon="-81.172992"></trkpt>
      <trkpt lat="38.137669" lon="-81.173037"></trkpt>
      <trkpt lat="38.137554" lon="-81.173037"></trkpt>
      <trkpt lat="38.137444" lon="-81.173000"></trkpt>
      <trkpt lat="38.137326" lon="-81.172924"></trkpt>
      <trkpt lat="38.137236" lon="-81.172848"></trkpt>
      <trkpt lat="38.137086" lon="-81.172735"></trkpt>
      <trkpt lat="38.136945" lon="-81.172653"></trkpt>
      <trkpt lat="38.136813" lon="-81.172620"></trkpt>
      <trkpt lat="38.136596" lon="-81.172597"></trkpt>
      <trkpt lat="38.136310" lon="-81.172599"></trkpt>
      <trkpt lat="38.135998" lon="-81.172593"></trkpt>
      <trkpt lat="38.135777" lon="-81.172572"></trkpt>
      <trkpt lat="38.135654" lon="-81.172558"></trkpt>
      <trkpt lat="38.135538" lon="-81.172494"></trkpt>
      <trkpt lat="38.135458" lon="-81.172402"></trkpt>
      <trkpt lat="38.135419" lon="-81.172295"></trkpt>
      <trkpt lat="38.135394" lon="-81.172130"></trkpt>
      <trkpt lat="38.135405" lon="-81.171998"></trkpt>
      <trkpt lat="38.135447" lon="-81.171863"></trkpt>
      <trkpt lat="38.135528" lon="-81.171703"></trkpt>
      <trkpt lat="38.135623" lon="-81.171567"></trkpt>
      <trkpt lat="38.135753" lon="-81.171439"></trkpt>
      <trkpt lat="38.135909" lon="-81.171318"></trkpt>
      <trkpt lat="38.136111" lon="-81.171206"></trkpt>
      <trkpt lat="38.136430" lon="-81.171083"></trkpt>
      <trkpt lat="38.136673" lon="-81.170997"></trkpt>
      <trkpt lat="38.136777" lon="-81.170930"></trkpt>
      <trkpt lat="38.136881" lon="-81.170847"></trkpt>
      <trkpt lat="38.136985" lon="-81.170718"></trkpt>
      <trkpt lat="38.137101" lon="-81.170535"></trkpt>
      <trkpt lat="38.137237" lon="-81.170286"></trkpt>
      <trkpt lat="38.137670" lon="-81.169444"></trkpt>
      <trkpt lat="38.137785" lon="-81.169186"></trkpt>
      <trkpt lat="38.137865" lon="-81.168953"></trkpt>
      <trkpt lat="38.137957" lon="-81.168627"></trkpt>
      <trkpt lat="38.138054" lon="-81.168221"></trkpt>
      <trkpt lat="38.138111" lon="-81.168013"></trkpt>
      <trkpt lat="38.138188" lon="-81.167844"></trkpt>
      <trkpt lat="38.138260" lon="-81.167726"></trkpt>
      <trkpt lat="38.138381" lon="-81.167580"></trkpt>
      <trkpt lat="38.138535" lon="-81.167445"></trkpt>
      <trkpt lat="38.138713" lon="-81.167341"></trkpt>
      <trkpt lat="38.138889" lon="-81.167229"></trkpt>
      <trkpt lat="38.138984" lon="-81.167123"></trkpt>
      <trkpt lat="38.139052" lon="-81.166990"></trkpt>
      <trkpt lat="38.139085" lon="-81.166833"></trkpt>
      <trkpt lat="38.139100" lon="-81.166596"></trkpt>
      <trkpt lat="38.139120" lon="-81.166440"></trkpt>
      <trkpt lat="38.139151" lon="-81.166310"></trkpt>
      <trkpt lat="38.139202" lon="-81.166206"></trkpt>
      <trkpt lat="38.139287" lon="-81.166063"></trkpt>
      <trkpt lat="38.139396" lon="-81.165927"></trkpt>
      <trkpt lat="38.139497" lon="-81.165783"></trkpt>
      <trkpt lat="38.139566" lon="-81.165625"></trkpt>
      <trkpt lat="38.139626" lon="-81.165431"></trkpt>
      <trkpt lat="38.139686" lon="-81.165234"></trkpt>
      <trkpt lat="38.139769" lon="-81.165051"></trkpt>
      <trkpt lat="38.139893" lon="-81.164840"></trkpt>
      <trkpt lat="38.140020" lon="-81.164643"></trkpt>
      <trkpt lat="38.140094" lon="-81.164506"></trkpt>
      <trkpt lat="38.140151" lon="-81.164352"></trkpt>
      <trkpt lat="38.140494" lon="-81.163262"></trkpt>
      <trkpt lat="38.140550" lon="-81.163113"></trkpt>
      <trkpt lat="38.140619" lon="-81.162966"></trkpt>
      <trkpt lat="38.140735" lon="-81.162828"></trkpt>
      <trkpt lat="38.140894" lon="-81.162695"></trkpt>
      <trkpt lat="38.141233" lon="-81.162493"></trkpt>
      <trkpt lat="38.141313" lon="-81.162386"></trkpt>
      <trkpt lat="38.141358" lon="-81.162264"></trkpt>
      <trkpt lat="38.141371" lon="-81.162120"></trkpt>
      <trkpt lat="38.141345" lon="-81.161942"></trkpt>
      <trkpt lat="38.141200" lon="-81.161451"></trkpt>
      <trkpt lat="38.141191" lon="-81.161265"></trkpt>
      <trkpt lat="38.141212" lon="-81.161018"></trkpt>
      <trkpt lat="38.141280" lon="-81.160772"></trkpt>
      <trkpt lat="38.141324" lon="-81.160645"></trkpt>
      <trkpt lat="38.141385" lon="-81.160534"></trkpt>
      <trkpt lat="38.141523" lon="-81.160325"></trkpt>
      <trkpt lat="38.141614" lon="-81.160203"></trkpt>
      <trkpt lat="38.141657" lon="-81.160085"></trkpt>
      <trkpt lat="38.141676" lon="-81.159967"></trkpt>
      <trkpt lat="38.141657" lon="-81.159821"></trkpt>
      <trkpt lat="38.141558" lon="-81.159512"></trkpt>
      <trkpt lat="38.141519" lon="-81.159345"></trkpt>
      <trkpt lat="38.141528" lon="-81.159219"></trkpt>
      <trkpt lat="38.141614" lon="-81.159034"></trkpt>
      <trkpt lat="38.141802" lon="-81.158779"></trkpt>
      <trkpt lat="38.141889" lon="-81.158595"></trkpt>
      <trkpt lat="38.142014" lon="-81.158273"></trkpt>
      <trkpt lat="38.142193" lon="-81.157842"></trkpt>
      <trkpt lat="38.142263" lon="-81.157715"></trkpt>
      <trkpt lat="38.142331" lon="-81.157617"></trkpt>
      <trkpt lat="38.142415" lon="-81.157562"></trkpt>
      <trkpt lat="38.142527" lon="-81.157535"></trkpt>
      <trkpt lat="38.142733" lon="-81.157500"></trkpt>
      <trkpt lat="38.142934" lon="-81.157437"></trkpt>
      <trkpt lat="38.143147" lon="-81.157333"></trkpt>
      <trkpt lat="38.143376" lon="-81.157171"></trkpt>
      <trkpt lat="38.143556" lon="-81.156997"></trkpt>
      <trkpt lat="38.143671" lon="-81.156893"></trkpt>
      <trkpt lat="38.143792" lon="-81.156800"></trkpt>
      <trkpt lat="38.144267" lon="-81.156513"></trkpt>
      <trkpt lat="38.144332" lon="-81.156427"></trkpt>
      <trkpt lat="38.144374" lon="-81.156329"></trkpt>
      <trkpt lat="38.144377" lon="-81.156207"></trkpt>
      <trkpt lat="38.144337" lon="-81.156060"></trkpt>
      <trkpt lat="38.144259" lon="-81.155913"></trkpt>
      <trkpt lat="38.144120" lon="-81.155714"></trkpt>
      <trkpt lat="38.143960" lon="-81.155531"></trkpt>
      <trkpt lat="38.142880" lon="-81.154767"></trkpt>
      <trkpt lat="38.142763" lon="-81.154663"></trkpt>
      <trkpt lat="38.142671" lon="-81.154554"></trkpt>
      <trkpt lat="38.142588" lon="-81.154434"></trkpt>
      <trkpt lat="38.142539" lon="-81.154294"></trkpt>
      <trkpt lat="38.142540" lon="-81.154137"></trkpt>
      <trkpt lat="38.142568" lon="-81.153961"></trkpt>
      <trkpt lat="38.142591" lon="-81.153722"></trkpt>
      <trkpt lat="38.142551" lon="-81.153511"></trkpt>
      <trkpt lat="38.142498" lon="-81.153383"></trkpt>
      <trkpt lat="38.142413" lon="-81.153237"></trkpt>
      <trkpt lat="38.142223" lon="-81.153034"></trkpt>
      <trkpt lat="38.142130" lon="-81.152873"></trkpt>
      <trkpt lat="38.142088" lon="-81.152727"></trkpt>
      <trkpt lat="38.142085" lon="-81.152563"></trkpt>
      <trkpt lat="38.142123" lon="-81.152426"></trkpt>
      <trkpt lat="38.142176" lon="-81.152320"></trkpt>
      <trkpt lat="38.142281" lon="-81.152240"></trkpt>
      <trkpt lat="38.142374" lon="-81.152197"></trkpt>
      <trkpt lat="38.142581" lon="-81.152155"></trkpt>
      <trkpt lat="38.142668" lon="-81.152110"></trkpt>
      <trkpt lat="38.142727" lon="-81.152050"></trkpt>
      <trkpt lat="38.142775" lon="-81.151953"></trkpt>
      <trkpt lat="38.142793" lon="-81.151836"></trkpt>
      <trkpt lat="38.142785" lon="-81.151686"></trkpt>
      <trkpt lat="38.142743" lon="-81.151492"></trkpt>
      <trkpt lat="38.142687" lon="-81.151342"></trkpt>
      <trkpt lat="38.142604" lon="-81.151164"></trkpt>
      <trkpt lat="38.142490" lon="-81.151005"></trkpt>
      <trkpt lat="38.142321" lon="-81.150856"></trkpt>
      <trkpt lat="38.141520" lon="-81.150293"></trkpt>
      <trkpt lat="38.141292" lon="-81.150070"></trkpt>
      <trkpt lat="38.140793" lon="-81.149439"></trkpt>
      <trkpt lat="38.140468" lon="-81.149008"></trkpt>
      <trkpt lat="38.140388" lon="-81.148846"></trkpt>
      <trkpt lat="38.140346" lon="-81.148639"></trkpt>
      <trkpt lat="38.140340" lon="-81.148356"></trkpt>
      <trkpt lat="38.140366" lon="-81.148104"></trkpt>
      <trkpt lat="38.140432" lon="-81.147866"></trkpt>
      <trkpt lat="38.140512" lon="-81.147724"></trkpt>
      <trkpt lat="38.140616" lon="-81.147593"></trkpt>
      <trkpt lat="38.140796" lon="-81.147369"></trkpt>
      <trkpt lat="38.141051" lon="-81.147056"></trkpt>
      <trkpt lat="38.141255" lon="-81.146864"></trkpt>
      <trkpt lat="38.141435" lon="-81.146725"></trkpt>
      <trkpt lat="38.141480" lon="-81.146654"></trkpt>
      <trkpt lat="38.141492" lon="-81.146549"></trkpt>
      <trkpt lat="38.141468" lon="-81.146479"></trkpt>
      <trkpt lat="38.141419" lon="-81.146425"></trkpt>
      <trkpt lat="38.141341" lon="-81.146413"></trkpt>
      <trkpt lat="38.141195" lon="-81.146454"></trkpt>
      <trkpt lat="38.140762" lon="-81.146662"></trkpt>
      <trkpt lat="38.140147" lon="-81.146883"></trkpt>
      <trkpt lat="38.139521" lon="-81.147067"></trkpt>
      <trkpt lat="38.139274" lon="-81.147116"></trkpt>
      <trkpt lat="38.139103" lon="-81.147129"></trkpt>
      <trkpt lat="38.138933" lon="-81.147175"></trkpt>
      <trkpt lat="38.138754" lon="-81.147208"></trkpt>
      <trkpt lat="38.138585" lon="-81.147214"></trkpt>
      <trkpt lat="38.138466" lon="-81.147211"></trkpt>
      <trkpt lat="38.138398" lon="-81.147205"></trkpt>
      <trkpt lat="38.137840" lon="-81.147110"></trkpt>
      <trkpt lat="38.137468" lon="-81.147180"></trkpt>
      <trkpt lat="38.137191" lon="-81.147356"></trkpt>
      <trkpt lat="38.136828" lon="-81.147532"></trkpt>
      <trkpt lat="38.136466" lon="-81.147575"></trkpt>
      <trkpt lat="38.136005" lon="-81.147731"></trkpt>
      <trkpt lat="38.135591" lon="-81.148055"></trkpt>
      <trkpt lat="38.135119" lon="-81.148544"></trkpt>
      <trkpt lat="38.134893" lon="-81.148757"></trkpt>
      <trkpt lat="38.134800" lon="-81.148818"></trkpt>
      <trkpt lat="38.134691" lon="-81.148870"></trkpt>
      <trkpt lat="38.134557" lon="-81.148915"></trkpt>
      <trkpt lat="38.134473" lon="-81.148929"></trkpt>
      <trkpt lat="38.134372" lon="-81.148934"></trkpt>
      <trkpt lat="38.133666" lon="-81.148909"></trkpt>
      <trkpt lat="38.133494" lon="-81.148874"></trkpt>
      <trkpt lat="38.133284" lon="-81.148790"></trkpt>
      <trkpt lat="38.133042" lon="-81.148706"></trkpt>
      <trkpt lat="38.132736" lon="-81.148566"></trkpt>
      <trkpt lat="38.132123" lon="-81.148309"></trkpt>
      <trkpt lat="38.131966" lon="-81.148241"></trkpt>
      <trkpt lat="38.131794" lon="-81.148152"></trkpt>
      <trkpt lat="38.131623" lon="-81.148042"></trkpt>
      <trkpt lat="38.131404" lon="-81.147886"></trkpt>
      <trkpt lat="38.131288" lon="-81.147816"></trkpt>
      <trkpt lat="38.131152" lon="-81.147777"></trkpt>
      <trkpt lat="38.131055" lon="-81.147755"></trkpt>
      <trkpt lat="38.130912" lon="-81.147730"></trkpt>
      <trkpt lat="38.130784" lon="-81.147688"></trkpt>
      <trkpt lat="38.130688" lon="-81.147642"></trkpt>
      <trkpt lat="38.130594" lon="-81.147578"></trkpt>
      <trkpt lat="38.130473" lon="-81.147502"></trkpt>
      <trkpt lat="38.130361" lon="-81.147442"></trkpt>
      <trkpt lat="38.130199" lon="-81.147377"></trkpt>
      <trkpt lat="38.130040" lon="-81.147324"></trkpt>
      <trkpt lat="38.129919" lon="-81.147279"></trkpt>
      <trkpt lat="38.129816" lon="-81.147221"></trkpt>
      <trkpt lat="38.129693" lon="-81.147126"></trkpt>
      <trkpt lat="38.129593" lon="-81.147019"></trkpt>
      <trkpt lat="38.129439" lon="-81.146863"></trkpt>
      <trkpt lat="38.129318" lon="-81.146776"></trkpt>
      <trkpt lat="38.129201" lon="-81.146712"></trkpt>
      <trkpt lat="38.129030" lon="-81.146647"></trkpt>
      <trkpt lat="38.128874" lon="-81.146591"></trkpt>
      <trkpt lat="38.128761" lon="-81.146536"></trkpt>
      <trkpt lat="38.128663" lon="-81.146487"></trkpt>
      <trkpt lat="38.128446" lon="-81.146314"></trkpt>
      <trkpt lat="38.128356" lon="-81.146241"></trkpt>
      <trkpt lat="38.128252" lon="-81.146136"></trkpt>
      <trkpt lat="38.128163" lon="-81.146083"></trkpt>
      <trkpt lat="38.128052" lon="-81.146029"></trkpt>
      <trkpt lat="38.127948" lon="-81.146004"></trkpt>
      <trkpt lat="38.127873" lon="-81.145981"></trkpt>
      <trkpt lat="38.127606" lon="-81.145906"></trkpt>
      <trkpt lat="38.127342" lon="-81.145739"></trkpt>
      <trkpt lat="38.127141" lon="-81.145616"></trkpt>
      <trkpt lat="38.126935" lon="-81.145501"></trkpt>
      <trkpt lat="38.126839" lon="-81.145479"></trkpt>
      <trkpt lat="38.126735" lon="-81.145461"></trkpt>
      <trkpt lat="38.126519" lon="-81.145438"></trkpt>
      <trkpt lat="38.126202" lon="-81.145442"></trkpt>
      <trkpt lat="38.126046" lon="-81.145411"></trkpt>
      <trkpt lat="38.125971" lon="-81.145391"></trkpt>
      <trkpt lat="38.125882" lon="-81.145352"></trkpt>
      <trkpt lat="38.125692" lon="-81.145237"></trkpt>
      <trkpt lat="38.125516" lon="-81.145085"></trkpt>
      <trkpt lat="38.125349" lon="-81.144874"></trkpt>
      <trkpt lat="38.125197" lon="-81.144637"></trkpt>
      <trkpt lat="38.125073" lon="-81.144475"></trkpt>
      <trkpt lat="38.124924" lon="-81.144328"></trkpt>
      <trkpt lat="38.124710" lon="-81.144219"></trkpt>
      <trkpt lat="38.124486" lon="-81.144132"></trkpt>
      <trkpt lat="38.124246" lon="-81.144055"></trkpt>
      <trkpt lat="38.123961" lon="-81.143981"></trkpt>
      <trkpt lat="38.123547" lon="-81.143942"></trkpt>
      <trkpt lat="38.123125" lon="-81.143916"></trkpt>
      <trkpt lat="38.121620" lon="-81.143865"></trkpt>
      <trkpt lat="38.120406" lon="-81.143818"></trkpt>
      <trkpt lat="38.118482" lon="-81.143737"></trkpt>
      <trkpt lat="38.117377" lon="-81.143685"></trkpt>
      <trkpt lat="38.116967" lon="-81.143660"></trkpt>
      <trkpt lat="38.116748" lon="-81.143649"></trkpt>
      <trkpt lat="38.116500" lon="-81.143631"></trkpt>
      <trkpt lat="38.116298" lon="-81.143586"></trkpt>
      <trkpt lat="38.116160" lon="-81.143523"></trkpt>
      <trkpt lat="38.116037" lon="-81.143462"></trkpt>
      <trkpt lat="38.115858" lon="-81.143364"></trkpt>
      <trkpt lat="38.115461" lon="-81.143141"></trkpt>
      <trkpt lat="38.115201" lon="-81.142981"></trkpt>
      <trkpt lat="38.115075" lon="-81.142914"></trkpt>
      <trkpt lat="38.114996" lon="-81.142879"></trkpt>
      <trkpt lat="38.114934" lon="-81.142860"></trkpt>
      <trkpt lat="38.114880" lon="-81.142847"></trkpt>
      <trkpt lat="38.114851" lon="-81.142844"></trkpt>
      <trkpt lat="38.114827" lon="-81.142844"></trkpt>
      <trkpt lat="38.114772" lon="-81.142850"></trkpt>
      <trkpt lat="38.114719" lon="-81.142858"></trkpt>
      <trkpt lat="38.114640" lon="-81.142884"></trkpt>
      <trkpt lat="38.114592" lon="-81.142904"></trkpt>
      <trkpt lat="38.114528" lon="-81.142934"></trkpt>
      <trkpt lat="38.114475" lon="-81.142970"></trkpt>
      <trkpt lat="38.114413" lon="-81.143021"></trkpt>
      <trkpt lat="38.114355" lon="-81.143081"></trkpt>
      <trkpt lat="38.114298" lon="-81.143151"></trkpt>
      <trkpt lat="38.113590" lon="-81.144283"></trkpt>
      <trkpt lat="38.113176" lon="-81.144922"></trkpt>
      <trkpt lat="38.112950" lon="-81.145291"></trkpt>
      <trkpt lat="38.112785" lon="-81.145537"></trkpt>
      <trkpt lat="38.112636" lon="-81.145737"></trkpt>
      <trkpt lat="38.112487" lon="-81.145888"></trkpt>
      <trkpt lat="38.112308" lon="-81.146019"></trkpt>
      <trkpt lat="38.112088" lon="-81.146148"></trkpt>
      <trkpt lat="38.111906" lon="-81.146276"></trkpt>
      <trkpt lat="38.111723" lon="-81.146387"></trkpt>
      <trkpt lat="38.111502" lon="-81.146482"></trkpt>
      <trkpt lat="38.111392" lon="-81.146502"></trkpt>
      <trkpt lat="38.111282" lon="-81.146501"></trkpt>
      <trkpt lat="38.111081" lon="-81.146472"></trkpt>
      <trkpt lat="38.110879" lon="-81.146454"></trkpt>
      <trkpt lat="38.110706" lon="-81.146451"></trkpt>
      <trkpt lat="38.110484" lon="-81.146453"></trkpt>
      <trkpt lat="38.109954" lon="-81.146476"></trkpt>
      <trkpt lat="38.109723" lon="-81.146493"></trkpt>
      <trkpt lat="38.109493" lon="-81.146536"></trkpt>
      <trkpt lat="38.109006" lon="-81.146677"></trkpt>
      <trkpt lat="38.108872" lon="-81.146725"></trkpt>
      <trkpt lat="38.108740" lon="-81.146802"></trkpt>
      <trkpt lat="38.108593" lon="-81.146912"></trkpt>
      <trkpt lat="38.108453" lon="-81.147050"></trkpt>
      <trkpt lat="38.108351" lon="-81.147176"></trkpt>
      <trkpt lat="38.108277" lon="-81.147329"></trkpt>
      <trkpt lat="38.108224" lon="-81.147467"></trkpt>
      <trkpt lat="38.108183" lon="-81.147609"></trkpt>
      <trkpt lat="38.108127" lon="-81.147868"></trkpt>
      <trkpt lat="38.108082" lon="-81.148021"></trkpt>
      <trkpt lat="38.108034" lon="-81.148154"></trkpt>
      <trkpt lat="38.107946" lon="-81.148313"></trkpt>
      <trkpt lat="38.107848" lon="-81.148458"></trkpt>
      <trkpt lat="38.107753" lon="-81.148642"></trkpt>
      <trkpt lat="38.107696" lon="-81.148833"></trkpt>
      <trkpt lat="38.107588" lon="-81.149097"></trkpt>
      <trkpt lat="38.107500" lon="-81.149223"></trkpt>
      <trkpt lat="38.107409" lon="-81.149327"></trkpt>
      <trkpt lat="38.107281" lon="-81.149396"></trkpt>
      <trkpt lat="38.107143" lon="-81.149399"></trkpt>
      <trkpt lat="38.107007" lon="-81.149393"></trkpt>
      <trkpt lat="38.106892" lon="-81.149327"></trkpt>
      <trkpt lat="38.106690" lon="-81.149087"></trkpt>
      <trkpt lat="38.106436" lon="-81.148705"></trkpt>
      <trkpt lat="38.106286" lon="-81.148473"></trkpt>
      <trkpt lat="38.106166" lon="-81.148367"></trkpt>
      <trkpt lat="38.106053" lon="-81.148292"></trkpt>
      <trkpt lat="38.105928" lon="-81.148250"></trkpt>
      <trkpt lat="38.105795" lon="-81.148222"></trkpt>
      <trkpt lat="38.105550" lon="-81.148228"></trkpt>
      <trkpt lat="38.105406" lon="-81.148245"></trkpt>
      <trkpt lat="38.105219" lon="-81.148272"></trkpt>
      <trkpt lat="38.104936" lon="-81.148305"></trkpt>
      <trkpt lat="38.104663" lon="-81.148340"></trkpt>
      <trkpt lat="38.104438" lon="-81.148337"></trkpt>
      <trkpt lat="38.104248" lon="-81.148304"></trkpt>
      <trkpt lat="38.104036" lon="-81.148237"></trkpt>
      <trkpt lat="38.103855" lon="-81.148185"></trkpt>
      <trkpt lat="38.103641" lon="-81.148120"></trkpt>
      <trkpt lat="38.103392" lon="-81.148078"></trkpt>
      <trkpt lat="38.103148" lon="-81.148095"></trkpt>
      <trkpt lat="38.102906" lon="-81.148143"></trkpt>
      <trkpt lat="38.102356" lon="-81.148299"></trkpt>
      <trkpt lat="38.102007" lon="-81.148350"></trkpt>
      <trkpt lat="38.101620" lon="-81.148365"></trkpt>
      <trkpt lat="38.101288" lon="-81.148383"></trkpt>
      <trkpt lat="38.101118" lon="-81.148407"></trkpt>
      <trkpt lat="38.100929" lon="-81.148488"></trkpt>
      <trkpt lat="38.100825" lon="-81.148567"></trkpt>
      <trkpt lat="38.100725" lon="-81.148661"></trkpt>
      <trkpt lat="38.100527" lon="-81.148904"></trkpt>
      <trkpt lat="38.100366" lon="-81.149102"></trkpt>
      <trkpt lat="38.100226" lon="-81.149312"></trkpt>
      <trkpt lat="38.100141" lon="-81.149468"></trkpt>
      <trkpt lat="38.100080" lon="-81.149645"></trkpt>
      <trkpt lat="38.100062" lon="-81.149834"></trkpt>
      <trkpt lat="38.100047" lon="-81.150044"></trkpt>
      <trkpt lat="38.100106" lon="-81.150576"></trkpt>
      <trkpt lat="38.100278" lon="-81.151662"></trkpt>
      <trkpt lat="38.100304" lon="-81.151936"></trkpt>
      <trkpt lat="38.100298" lon="-81.152241"></trkpt>
      <trkpt lat="38.100246" lon="-81.152469"></trkpt>
      <trkpt lat="38.100208" lon="-81.152596"></trkpt>
      <trkpt lat="38.100073" lon="-81.152762"></trkpt>
      <trkpt lat="38.099825" lon="-81.153001"></trkpt>
      <trkpt lat="38.099598" lon="-81.153148"></trkpt>
      <trkpt lat="38.099290" lon="-81.153369"></trkpt>
      <trkpt lat="38.099028" lon="-81.153541"></trkpt>
      <trkpt lat="38.098746" lon="-81.153661"></trkpt>
      <trkpt lat="38.098431" lon="-81.153718"></trkpt>
      <trkpt lat="38.098254" lon="-81.153722"></trkpt>
      <trkpt lat="38.098116" lon="-81.153698"></trkpt>
      <trkpt lat="38.097970" lon="-81.153667"></trkpt>
      <trkpt lat="38.097748" lon="-81.153598"></trkpt>
      <trkpt lat="38.097651" lon="-81.153541"></trkpt>
      <trkpt lat="38.097504" lon="-81.153441"></trkpt>
      <trkpt lat="38.097315" lon="-81.153265"></trkpt>
      <trkpt lat="38.097205" lon="-81.153143"></trkpt>
      <trkpt lat="38.097059" lon="-81.152938"></trkpt>
      <trkpt lat="38.096915" lon="-81.152669"></trkpt>
      <trkpt lat="38.096756" lon="-81.152231"></trkpt>
      <trkpt lat="38.096606" lon="-81.151815"></trkpt>
      <trkpt lat="38.096507" lon="-81.151594"></trkpt>
      <trkpt lat="38.096386" lon="-81.151380"></trkpt>
      <trkpt lat="38.096275" lon="-81.151222"></trkpt>
      <trkpt lat="38.096132" lon="-81.151072"></trkpt>
      <trkpt lat="38.095482" lon="-81.150425"></trkpt>
      <trkpt lat="38.095222" lon="-81.150125"></trkpt>
      <trkpt lat="38.094980" lon="-81.149787"></trkpt>
      <trkpt lat="38.094773" lon="-81.149486"></trkpt>
      <trkpt lat="38.094447" lon="-81.149007"></trkpt>
      <trkpt lat="38.094393" lon="-81.148926"></trkpt>
      <trkpt lat="38.093742" lon="-81.147977"></trkpt>
      <trkpt lat="38.093388" lon="-81.147491"></trkpt>
      <trkpt lat="38.093151" lon="-81.147138"></trkpt>
      <trkpt lat="38.092951" lon="-81.146748"></trkpt>
      <trkpt lat="38.092729" lon="-81.146250"></trkpt>
      <trkpt lat="38.092534" lon="-81.145696"></trkpt>
      <trkpt lat="38.092339" lon="-81.145106"></trkpt>
      <trkpt lat="38.092267" lon="-81.144889"></trkpt>
      <trkpt lat="38.092113" lon="-81.144020"></trkpt>
      <trkpt lat="38.092039" lon="-81.143369"></trkpt>
      <trkpt lat="38.091988" lon="-81.142806"></trkpt>
      <trkpt lat="38.091949" lon="-81.142369"></trkpt>
      <trkpt lat="38.091896" lon="-81.141529"></trkpt>
      <trkpt lat="38.091879" lon="-81.141004"></trkpt>
      <trkpt lat="38.091869" lon="-81.140538"></trkpt>
      <trkpt lat="38.091873" lon="-81.139995"></trkpt>
      <trkpt lat="38.091900" lon="-81.139459"></trkpt>
      <trkpt lat="38.091911" lon="-81.139350"></trkpt>
      <trkpt lat="38.091938" lon="-81.139064"></trkpt>
      <trkpt lat="38.092093" lon="-81.137449"></trkpt>
      <trkpt lat="38.092293" lon="-81.135320"></trkpt>
      <trkpt lat="38.092339" lon="-81.134832"></trkpt>
      <trkpt lat="38.092368" lon="-81.134541"></trkpt>
      <trkpt lat="38.092417" lon="-81.134286"></trkpt>
      <trkpt lat="38.092481" lon="-81.134069"></trkpt>
      <trkpt lat="38.092578" lon="-81.133839"></trkpt>
      <trkpt lat="38.092715" lon="-81.133573"></trkpt>
      <trkpt lat="38.092900" lon="-81.133238"></trkpt>
      <trkpt lat="38.094099" lon="-81.130963"></trkpt>
      <trkpt lat="38.094265" lon="-81.130640"></trkpt>
      <trkpt lat="38.094411" lon="-81.130330"></trkpt>
      <trkpt lat="38.094597" lon="-81.129908"></trkpt>
      <trkpt lat="38.094753" lon="-81.129492"></trkpt>
      <trkpt lat="38.095425" lon="-81.127222"></trkpt>
      <trkpt lat="38.095467" lon="-81.127081"></trkpt>
      <trkpt lat="38.095795" lon="-81.125966"></trkpt>
      <trkpt lat="38.095820" lon="-81.125883"></trkpt>
      <trkpt lat="38.095954" lon="-81.125434"></trkpt>
      <trkpt lat="38.096195" lon="-81.124682"></trkpt>
      <trkpt lat="38.096213" lon="-81.124630"></trkpt>
      <trkpt lat="38.096358" lon="-81.124141"></trkpt>
      <trkpt lat="38.096611" lon="-81.123233"></trkpt>
      <trkpt lat="38.096650" lon="-81.122992"></trkpt>
      <trkpt lat="38.096668" lon="-81.122813"></trkpt>
      <trkpt lat="38.096683" lon="-81.122655"></trkpt>
      <trkpt lat="38.096687" lon="-81.122428"></trkpt>
      <trkpt lat="38.096673" lon="-81.122198"></trkpt>
      <trkpt lat="38.096651" lon="-81.121968"></trkpt>
      <trkpt lat="38.096634" lon="-81.121678"></trkpt>
      <trkpt lat="38.096565" lon="-81.120972"></trkpt>
      <trkpt lat="38.096500" lon="-81.120355"></trkpt>
      <trkpt lat="38.096403" lon="-81.119373"></trkpt>
      <trkpt lat="38.096193" lon="-81.117367"></trkpt>
      <trkpt lat="38.096180" lon="-81.117254"></trkpt>
      <trkpt lat="38.096134" lon="-81.116866"></trkpt>
      <trkpt lat="38.096101" lon="-81.116548"></trkpt>
      <trkpt lat="38.096067" lon="-81.116262"></trkpt>
      <trkpt lat="38.096035" lon="-81.116053"></trkpt>
      <trkpt lat="38.096009" lon="-81.115883"></trkpt>
      <trkpt lat="38.095930" lon="-81.115677"></trkpt>
      <trkpt lat="38.095864" lon="-81.115530"></trkpt>
      <trkpt lat="38.095781" lon="-81.115404"></trkpt>
      <trkpt lat="38.095670" lon="-81.115276"></trkpt>
      <trkpt lat="38.095563" lon="-81.115173"></trkpt>
      <trkpt lat="38.095422" lon="-81.115072"></trkpt>
      <trkpt lat="38.095265" lon="-81.114976"></trkpt>
      <trkpt lat="38.094923" lon="-81.114843"></trkpt>
      <trkpt lat="38.094593" lon="-81.114673"></trkpt>
      <trkpt lat="38.094315" lon="-81.114502"></trkpt>
      <trkpt lat="38.094135" lon="-81.114349"></trkpt>
      <trkpt lat="38.094005" lon="-81.114239"></trkpt>
      <trkpt lat="38.093868" lon="-81.114096"></trkpt>
      <trkpt lat="38.093481" lon="-81.113576"></trkpt>
      <trkpt lat="38.093069" lon="-81.112995"></trkpt>
      <trkpt lat="38.092855" lon="-81.112705"></trkpt>
      <trkpt lat="38.092569" lon="-81.112335"></trkpt>
      <trkpt lat="38.092312" lon="-81.111996"></trkpt>
      <trkpt lat="38.092070" lon="-81.111726"></trkpt>
      <trkpt lat="38.091932" lon="-81.111607"></trkpt>
      <trkpt lat="38.091780" lon="-81.111493"></trkpt>
      <trkpt lat="38.091565" lon="-81.111379"></trkpt>
      <trkpt lat="38.091307" lon="-81.111286"></trkpt>
      <trkpt lat="38.091062" lon="-81.111232"></trkpt>
      <trkpt lat="38.090815" lon="-81.111226"></trkpt>
      <trkpt lat="38.090283" lon="-81.111218"></trkpt>
      <trkpt lat="38.090043" lon="-81.111215"></trkpt>
      <trkpt lat="38.089255" lon="-81.111206"></trkpt>
      <trkpt lat="38.088393" lon="-81.111201"></trkpt>
      <trkpt lat="38.087953" lon="-81.111196"></trkpt>
      <trkpt lat="38.084437" lon="-81.111152"></trkpt>
      <trkpt lat="38.079625" lon="-81.111084"></trkpt>
      <trkpt lat="38.079242" lon="-81.111080"></trkpt>
      <trkpt lat="38.078899" lon="-81.111047"></trkpt>
      <trkpt lat="38.078635" lon="-81.110989"></trkpt>
      <trkpt lat="38.078201" lon="-81.110882"></trkpt>
      <trkpt lat="38.077855" lon="-81.110767"></trkpt>
      <trkpt lat="38.077283" lon="-81.110579"></trkpt>
      <trkpt lat="38.076356" lon="-81.110241"></trkpt>
      <trkpt lat="38.075092" lon="-81.109808"></trkpt>
      <trkpt lat="38.075047" lon="-81.109800"></trkpt>
      <trkpt lat="38.074853" lon="-81.109726"></trkpt>
      <trkpt lat="38.073825" lon="-81.109340"></trkpt>
      <trkpt lat="38.073574" lon="-81.109248"></trkpt>
      <trkpt lat="38.072762" lon="-81.108957"></trkpt>
      <trkpt lat="38.071567" lon="-81.108530"></trkpt>
      <trkpt lat="38.070853" lon="-81.108260"></trkpt>
      <trkpt lat="38.070440" lon="-81.108114"></trkpt>
      <trkpt lat="38.069861" lon="-81.107925"></trkpt>
      <trkpt lat="38.069240" lon="-81.107688"></trkpt>
      <trkpt lat="38.068992" lon="-81.107612"></trkpt>
      <trkpt lat="38.068535" lon="-81.107438"></trkpt>
      <trkpt lat="38.067983" lon="-81.107253"></trkpt>
      <trkpt lat="38.067208" lon="-81.106964"></trkpt>
      <trkpt lat="38.067100" lon="-81.106925"></trkpt>
      <trkpt lat="38.066343" lon="-81.106652"></trkpt>
      <trkpt lat="38.066022" lon="-81.106535"></trkpt>
      <trkpt lat="38.065781" lon="-81.106455"></trkpt>
      <trkpt lat="38.065616" lon="-81.106396"></trkpt>
      <trkpt lat="38.065382" lon="-81.106315"></trkpt>
      <trkpt lat="38.065259" lon="-81.106275"></trkpt>
      <trkpt lat="38.064556" lon="-81.106018"></trkpt>
      <trkpt lat="38.064108" lon="-81.105867"></trkpt>
      <trkpt lat="38.063849" lon="-81.105861"></trkpt>
      <trkpt lat="38.063650" lon="-81.105865"></trkpt>
      <trkpt lat="38.063379" lon="-81.105902"></trkpt>
      <trkpt lat="38.063312" lon="-81.105905"></trkpt>
      <trkpt lat="38.062742" lon="-81.106003"></trkpt>
      <trkpt lat="38.062562" lon="-81.106032"></trkpt>
      <trkpt lat="38.062337" lon="-81.106062"></trkpt>
      <trkpt lat="38.061053" lon="-81.106286"></trkpt>
      <trkpt lat="38.060662" lon="-81.106339"></trkpt>
      <trkpt lat="38.060321" lon="-81.106326"></trkpt>
      <trkpt lat="38.060047" lon="-81.106302"></trkpt>
      <trkpt lat="38.059892" lon="-81.106280"></trkpt>
      <trkpt lat="38.059682" lon="-81.106235"></trkpt>
      <trkpt lat="38.059515" lon="-81.106189"></trkpt>
      <trkpt lat="38.059337" lon="-81.106111"></trkpt>
      <trkpt lat="38.059177" lon="-81.106042"></trkpt>
      <trkpt lat="38.058979" lon="-81.105932"></trkpt>
      <trkpt lat="38.058673" lon="-81.105795"></trkpt>
      <trkpt lat="38.057834" lon="-81.105359"></trkpt>
      <trkpt lat="38.057608" lon="-81.105238"></trkpt>
      <trkpt lat="38.057438" lon="-81.105159"></trkpt>
      <trkpt lat="38.057504" lon="-81.105028"></trkpt>
      <trkpt lat="38.058763" lon="-81.102470"></trkpt>
      <trkpt lat="38.060064" lon="-81.099821"></trkpt>
      <trkpt lat="38.060361" lon="-81.099220"></trkpt>
      <trkpt lat="38.060695" lon="-81.098560"></trkpt>
      <trkpt lat="38.060805" lon="-81.098334"></trkpt>
      <trkpt lat="38.060853" lon="-81.098233"></trkpt>
      <trkpt lat="38.061616" lon="-81.096691"></trkpt>
      <trkpt lat="38.062186" lon="-81.095526"></trkpt>
      <trkpt lat="38.063053" lon="-81.093782"></trkpt>
      <trkpt lat="38.063888" lon="-81.092161"></trkpt>
      <trkpt lat="38.064643" lon="-81.090766"></trkpt>
      <trkpt lat="38.065055" lon="-81.089996"></trkpt>
      <trkpt lat="38.065555" lon="-81.089024"></trkpt>
      <trkpt lat="38.066399" lon="-81.087363"></trkpt>
      <trkpt lat="38.070987" lon="-81.078445"></trkpt>
      <trkpt lat="38.071494" lon="-81.077499"></trkpt>
      <trkpt lat="38.071825" lon="-81.076841"></trkpt>
      <trkpt lat="38.072165" lon="-81.076216"></trkpt>
      <trkpt lat="38.072455" lon="-81.075716"></trkpt>
      <trkpt lat="38.072698" lon="-81.075317"></trkpt>
      <trkpt lat="38.072836" lon="-81.075118"></trkpt>
      <trkpt lat="38.072972" lon="-81.074905"></trkpt>
      <trkpt lat="38.073117" lon="-81.074691"></trkpt>
      <trkpt lat="38.073230" lon="-81.074531"></trkpt>
      <trkpt lat="38.073158" lon="-81.074446"></trkpt>
      <trkpt lat="38.073108" lon="-81.074398"></trkpt>
      <trkpt lat="38.073051" lon="-81.074358"></trkpt>
      <trkpt lat="38.072993" lon="-81.074322"></trkpt>
      <trkpt lat="38.072931" lon="-81.074301"></trkpt>
      <trkpt lat="38.072864" lon="-81.074288"></trkpt>
      <trkpt lat="38.072799" lon="-81.074286"></trkpt>
      <trkpt lat="38.072738" lon="-81.074291"></trkpt>
      <trkpt lat="38.072684" lon="-81.074303"></trkpt>
      <trkpt lat="38.072641" lon="-81.074320"></trkpt>
      <trkpt lat="38.072596" lon="-81.074341"></trkpt>
      <trkpt lat="38.072539" lon="-81.074374"></trkpt>
      <trkpt lat="38.072486" lon="-81.074409"></trkpt>
      <trkpt lat="38.072313" lon="-81.074547"></trkpt>
      <trkpt lat="38.072102" lon="-81.074716"></trkpt>
      <trkpt lat="38.071925" lon="-81.074852"></trkpt>
      <trkpt lat="38.071855" lon="-81.074903"></trkpt>
      <trkpt lat="38.071808" lon="-81.074930"></trkpt>
      <trkpt lat="38.071757" lon="-81.074956"></trkpt>
      <trkpt lat="38.071703" lon="-81.074982"></trkpt>
      <trkpt lat="38.071579" lon="-81.075019"></trkpt>
      <trkpt lat="38.071485" lon="-81.075043"></trkpt>
      <trkpt lat="38.071389" lon="-81.075058"></trkpt>
      <trkpt lat="38.071256" lon="-81.075073"></trkpt>
      <trkpt lat="38.071101" lon="-81.075081"></trkpt>
      <trkpt lat="38.070926" lon="-81.075097"></trkpt>
      <trkpt lat="38.070724" lon="-81.075110"></trkpt>
      <trkpt lat="38.070689" lon="-81.075106"></trkpt>
      <trkpt lat="38.070631" lon="-81.075080"></trkpt>
      <trkpt lat="38.070607" lon="-81.075061"></trkpt>
      <trkpt lat="38.070584" lon="-81.075031"></trkpt>
      <trkpt lat="38.070562" lon="-81.074986"></trkpt>
      <trkpt lat="38.070533" lon="-81.074894"></trkpt>
      <trkpt lat="38.070505" lon="-81.074787"></trkpt>
      <trkpt lat="38.070435" lon="-81.074415"></trkpt>
      <trkpt lat="38.070370" lon="-81.073856"></trkpt>
      <trkpt lat="38.070240" lon="-81.072807"></trkpt>
      <trkpt lat="38.070121" lon="-81.073054"></trkpt>
      <trkpt lat="38.069991" lon="-81.073405"></trkpt>
      <trkpt lat="38.069768" lon="-81.073752"></trkpt>
      <trkpt lat="38.069620" lon="-81.074004"></trkpt>
      <trkpt lat="38.069536" lon="-81.074100"></trkpt>
      <trkpt lat="38.069460" lon="-81.074153"></trkpt>
      <trkpt lat="38.069381" lon="-81.074179"></trkpt>
      <trkpt lat="38.069238" lon="-81.074194"></trkpt>
      <trkpt lat="38.069103" lon="-81.074190"></trkpt>
      <trkpt lat="38.069042" lon="-81.074172"></trkpt>
      <trkpt lat="38.069007" lon="-81.074152"></trkpt>
      <trkpt lat="38.068976" lon="-81.074118"></trkpt>
      <trkpt lat="38.068953" lon="-81.074052"></trkpt>
      <trkpt lat="38.068948" lon="-81.073986"></trkpt>
      <trkpt lat="38.068961" lon="-81.073701"></trkpt>
      <trkpt lat="38.068928" lon="-81.073518"></trkpt>
      <trkpt lat="38.068879" lon="-81.073415"></trkpt>
      <trkpt lat="38.068836" lon="-81.073355"></trkpt>
      <trkpt lat="38.068786" lon="-81.073308"></trkpt>
      <trkpt lat="38.068720" lon="-81.073312"></trkpt>
      <trkpt lat="38.068597" lon="-81.073376"></trkpt>
      <trkpt lat="38.068510" lon="-81.073477"></trkpt>
      <trkpt lat="38.068615" lon="-81.073480"></trkpt>
      <trkpt lat="38.068675" lon="-81.073498"></trkpt>
      <trkpt lat="38.068736" lon="-81.073544"></trkpt>
      <trkpt lat="38.068786" lon="-81.073621"></trkpt>
      <trkpt lat="38.068810" lon="-81.073703"></trkpt>
      <trkpt lat="38.068816" lon="-81.073872"></trkpt>
      <trkpt lat="38.068775" lon="-81.074213"></trkpt>
      <trkpt lat="38.068797" lon="-81.074315"></trkpt>
      <trkpt lat="38.068851" lon="-81.074356"></trkpt>
      <trkpt lat="38.068911" lon="-81.074376"></trkpt>
      <trkpt lat="38.069176" lon="-81.074418"></trkpt>
      <trkpt lat="38.069426" lon="-81.074429"></trkpt>
      <trkpt lat="38.069484" lon="-81.074454"></trkpt>
      <trkpt lat="38.069540" lon="-81.074526"></trkpt>
      <trkpt lat="38.069583" lon="-81.074632"></trkpt>
      <trkpt lat="38.069582" lon="-81.074746"></trkpt>
      <trkpt lat="38.069566" lon="-81.074888"></trkpt>
      <trkpt lat="38.069540" lon="-81.075075"></trkpt>
      <trkpt lat="38.069460" lon="-81.075404"></trkpt>
      <trkpt lat="38.069372" lon="-81.075666"></trkpt>
      <trkpt lat="38.069269" lon="-81.075892"></trkpt>
      <trkpt lat="38.069216" lon="-81.076048"></trkpt>
      <trkpt lat="38.069200" lon="-81.076136"></trkpt>
      <trkpt lat="38.069222" lon="-81.076205"></trkpt>
      <trkpt lat="38.069335" lon="-81.076319"></trkpt>
      <trkpt lat="38.069455" lon="-81.076485"></trkpt>
      <trkpt lat="38.069485" lon="-81.076674"></trkpt>
      <trkpt lat="38.069462" lon="-81.076819"></trkpt>
      <trkpt lat="38.069427" lon="-81.076954"></trkpt>
      <trkpt lat="38.069373" lon="-81.077219"></trkpt>
      <trkpt lat="38.069407" lon="-81.077366"></trkpt>
      <trkpt lat="38.069541" lon="-81.077540"></trkpt>
      <trkpt lat="38.069732" lon="-81.077708"></trkpt>
      <trkpt lat="38.069854" lon="-81.077982"></trkpt>
      <trkpt lat="38.069865" lon="-81.078288"></trkpt>
      <trkpt lat="38.069962" lon="-81.078624"></trkpt>
      <trkpt lat="38.070078" lon="-81.078843"></trkpt>
      <trkpt lat="38.070151" lon="-81.078924"></trkpt>
      <trkpt lat="38.070264" lon="-81.078989"></trkpt>
      <trkpt lat="38.070529" lon="-81.079163"></trkpt>
      <trkpt lat="38.070568" lon="-81.079201"></trkpt>
      <trkpt lat="38.070601" lon="-81.079314"></trkpt>
      <trkpt lat="38.070664" lon="-81.079430"></trkpt>
      <trkpt lat="38.070751" lon="-81.079528"></trkpt>
      <trkpt lat="38.070849" lon="-81.079700"></trkpt>
      <trkpt lat="38.070998" lon="-81.079826"></trkpt>
      <trkpt lat="38.071370" lon="-81.080054"></trkpt>
      <trkpt lat="38.071628" lon="-81.080237"></trkpt>
      <trkpt lat="38.071647" lon="-81.080251"></trkpt>
      <trkpt lat="38.071827" lon="-81.080384"></trkpt>
      <trkpt lat="38.071968" lon="-81.080394"></trkpt>
      <trkpt lat="38.072066" lon="-81.080364"></trkpt>
      <trkpt lat="38.072222" lon="-81.080209"></trkpt>
      <trkpt lat="38.072356" lon="-81.079928"></trkpt>
      <trkpt lat="38.072514" lon="-81.079756"></trkpt>
      <trkpt lat="38.072671" lon="-81.079727"></trkpt>
      <trkpt lat="38.072852" lon="-81.079813"></trkpt>
      <trkpt lat="38.073676" lon="-81.080042"></trkpt>
      <trkpt lat="38.073905" lon="-81.080210"></trkpt>
      <trkpt lat="38.074065" lon="-81.080378"></trkpt>
      <trkpt lat="38.074172" lon="-81.080424"></trkpt>
      <trkpt lat="38.074340" lon="-81.080424"></trkpt>
      <trkpt lat="38.074607" lon="-81.080378"></trkpt>
      <trkpt lat="38.074990" lon="-81.080395"></trkpt>
      <trkpt lat="38.075135" lon="-81.080375"></trkpt>
      <trkpt lat="38.075567" lon="-81.080076"></trkpt>
      <trkpt lat="38.075797" lon="-81.079981"></trkpt>
      <trkpt lat="38.076064" lon="-81.079981"></trkpt>
      <trkpt lat="38.076408" lon="-81.080210"></trkpt>
      <trkpt lat="38.076621" lon="-81.080469"></trkpt>
      <trkpt lat="38.076843" lon="-81.080637"></trkpt>
      <trkpt lat="38.077026" lon="-81.080698"></trkpt>
      <trkpt lat="38.077331" lon="-81.080698"></trkpt>
      <trkpt lat="38.077590" lon="-81.080637"></trkpt>
      <trkpt lat="38.077703" lon="-81.080599"></trkpt>
      <trkpt lat="38.077856" lon="-81.080529"></trkpt>
      <trkpt lat="38.077930" lon="-81.080513"></trkpt>
      <trkpt lat="38.078002" lon="-81.080557"></trkpt>
      <trkpt lat="38.077974" lon="-81.080617"></trkpt>
      <trkpt lat="38.077926" lon="-81.080658"></trkpt>
      <trkpt lat="38.077886" lon="-81.080680"></trkpt>
      <trkpt lat="38.077737" lon="-81.080735"></trkpt>
      <trkpt lat="38.077157" lon="-81.080954"></trkpt>
      <trkpt lat="38.076970" lon="-81.080970"></trkpt>
      <trkpt lat="38.076766" lon="-81.080912"></trkpt>
      <trkpt lat="38.076362" lon="-81.080744"></trkpt>
      <trkpt lat="38.076057" lon="-81.080744"></trkpt>
      <trkpt lat="38.075797" lon="-81.080820"></trkpt>
      <trkpt lat="38.075530" lon="-81.080959"></trkpt>
      <trkpt lat="38.075267" lon="-81.081132"></trkpt>
      <trkpt lat="38.075144" lon="-81.081238"></trkpt>
      <trkpt lat="38.074994" lon="-81.081331"></trkpt>
      <trkpt lat="38.074614" lon="-81.081345"></trkpt>
      <trkpt lat="38.074249" lon="-81.081583"></trkpt>
      <trkpt lat="38.073812" lon="-81.081743"></trkpt>
      <trkpt lat="38.073441" lon="-81.081782"></trkpt>
      <trkpt lat="38.073309" lon="-81.081771"></trkpt>
      <trkpt lat="38.073180" lon="-81.081711"></trkpt>
      <trkpt lat="38.073051" lon="-81.081608"></trkpt>
      <trkpt lat="38.072952" lon="-81.081612"></trkpt>
      <trkpt lat="38.072739" lon="-81.081782"></trkpt>
      <trkpt lat="38.072569" lon="-81.081964"></trkpt>
      <trkpt lat="38.072364" lon="-81.082055"></trkpt>
      <trkpt lat="38.072240" lon="-81.082055"></trkpt>
      <trkpt lat="38.071899" lon="-81.081973"></trkpt>
      <trkpt lat="38.071682" lon="-81.081883"></trkpt>
      <trkpt lat="38.071356" lon="-81.081833"></trkpt>
      <trkpt lat="38.071043" lon="-81.081829"></trkpt>
      <trkpt lat="38.070505" lon="-81.081605"></trkpt>
      <trkpt lat="38.070152" lon="-81.081263"></trkpt>
      <trkpt lat="38.069816" lon="-81.081034"></trkpt>
      <trkpt lat="38.069626" lon="-81.080842"></trkpt>
      <trkpt lat="38.069363" lon="-81.080630"></trkpt>
      <trkpt lat="38.069132" lon="-81.080372"></trkpt>
      <trkpt lat="38.068965" lon="-81.080148"></trkpt>
      <trkpt lat="38.068580" lon="-81.079813"></trkpt>
      <trkpt lat="38.068366" lon="-81.079523"></trkpt>
      <trkpt lat="38.068195" lon="-81.079185"></trkpt>
      <trkpt lat="38.068096" lon="-81.079109"></trkpt>
      <trkpt lat="38.068049" lon="-81.079134"></trkpt>
      <trkpt lat="38.068040" lon="-81.079182"></trkpt>
      <trkpt lat="38.068063" lon="-81.079238"></trkpt>
      <trkpt lat="38.068129" lon="-81.079334"></trkpt>
      <trkpt lat="38.068184" lon="-81.079445"></trkpt>
      <trkpt lat="38.068335" lon="-81.079830"></trkpt>
      <trkpt lat="38.068425" lon="-81.080067"></trkpt>
      <trkpt lat="38.068545" lon="-81.080285"></trkpt>
      <trkpt lat="38.068623" lon="-81.080415"></trkpt>
      <trkpt lat="38.068698" lon="-81.080517"></trkpt>
      <trkpt lat="38.068734" lon="-81.080607"></trkpt>
      <trkpt lat="38.068744" lon="-81.080654"></trkpt>
      <trkpt lat="38.068720" lon="-81.080682"></trkpt>
      <trkpt lat="38.068694" lon="-81.080680"></trkpt>
      <trkpt lat="38.068644" lon="-81.080675"></trkpt>
      <trkpt lat="38.068601" lon="-81.080631"></trkpt>
      <trkpt lat="38.068544" lon="-81.080569"></trkpt>
      <trkpt lat="38.068407" lon="-81.080335"></trkpt>
      <trkpt lat="38.068267" lon="-81.080160"></trkpt>
      <trkpt lat="38.068120" lon="-81.079936"></trkpt>
      <trkpt lat="38.067883" lon="-81.079595"></trkpt>
      <trkpt lat="38.067785" lon="-81.079430"></trkpt>
      <trkpt lat="38.067591" lon="-81.079238"></trkpt>
      <trkpt lat="38.067494" lon="-81.078994"></trkpt>
      <trkpt lat="38.067448" lon="-81.078751"></trkpt>
      <trkpt lat="38.067321" lon="-81.078548"></trkpt>
      <trkpt lat="38.066816" lon="-81.078100"></trkpt>
      <trkpt lat="38.066423" lon="-81.077648"></trkpt>
      <trkpt lat="38.066054" lon="-81.077136"></trkpt>
      <trkpt lat="38.065789" lon="-81.076769"></trkpt>
      <trkpt lat="38.065580" lon="-81.076507"></trkpt>
      <trkpt lat="38.065534" lon="-81.076467"></trkpt>
      <trkpt lat="38.065498" lon="-81.076453"></trkpt>
      <trkpt lat="38.065449" lon="-81.076460"></trkpt>
      <trkpt lat="38.065408" lon="-81.076478"></trkpt>
      <trkpt lat="38.065329" lon="-81.076529"></trkpt>
      <trkpt lat="38.065272" lon="-81.076578"></trkpt>
      <trkpt lat="38.064384" lon="-81.077517"></trkpt>
      <trkpt lat="38.064384" lon="-81.077517"></trkpt>
      <trkpt lat="38.064336" lon="-81.077582"></trkpt>
      <trkpt lat="38.064329" lon="-81.077648"></trkpt>
      <trkpt lat="38.064358" lon="-81.077720"></trkpt>
      <trkpt lat="38.064473" lon="-81.077869"></trkpt>
      <trkpt lat="38.064636" lon="-81.078104"></trkpt>
      <trkpt lat="38.064979" lon="-81.078699"></trkpt>
      <trkpt lat="38.065292" lon="-81.079310"></trkpt>
      <trkpt lat="38.065492" lon="-81.079833"></trkpt>
      <trkpt lat="38.065523" lon="-81.079967"></trkpt>
      <trkpt lat="38.065551" lon="-81.080088"></trkpt>
      <trkpt lat="38.065562" lon="-81.080189"></trkpt>
      <trkpt lat="38.065529" lon="-81.080236"></trkpt>
      <trkpt lat="38.065438" lon="-81.080307"></trkpt>
      <trkpt lat="38.065277" lon="-81.080413"></trkpt>
      <trkpt lat="38.064941" lon="-81.080653"></trkpt>
      <trkpt lat="38.064666" lon="-81.080866"></trkpt>
      <trkpt lat="38.064464" lon="-81.081059"></trkpt>
      <trkpt lat="38.064314" lon="-81.081183"></trkpt>
      <trkpt lat="38.064214" lon="-81.081363"></trkpt>
      <trkpt lat="38.064250" lon="-81.081535"></trkpt>
      <trkpt lat="38.064356" lon="-81.081682"></trkpt>
      <trkpt lat="38.064455" lon="-81.081791"></trkpt>
      <trkpt lat="38.064562" lon="-81.081834"></trkpt>
      <trkpt lat="38.064796" lon="-81.081797"></trkpt>
      <trkpt lat="38.065023" lon="-81.081722"></trkpt>
      <trkpt lat="38.065316" lon="-81.081643"></trkpt>
      <trkpt lat="38.065727" lon="-81.081629"></trkpt>
      <trkpt lat="38.065899" lon="-81.081680"></trkpt>
      <trkpt lat="38.066066" lon="-81.081964"></trkpt>
      <trkpt lat="38.066245" lon="-81.082300"></trkpt>
      <trkpt lat="38.066604" lon="-81.082682"></trkpt>
      <trkpt lat="38.066871" lon="-81.082972"></trkpt>
      <trkpt lat="38.067115" lon="-81.083247"></trkpt>
      <trkpt lat="38.067225" lon="-81.083407"></trkpt>
      <trkpt lat="38.067254" lon="-81.083452"></trkpt>
      <trkpt lat="38.067250" lon="-81.083499"></trkpt>
      <trkpt lat="38.067226" lon="-81.083543"></trkpt>
      <trkpt lat="38.067181" lon="-81.083551"></trkpt>
      <trkpt lat="38.067102" lon="-81.083486"></trkpt>
      <trkpt lat="38.067058" lon="-81.083407"></trkpt>
      <trkpt lat="38.066917" lon="-81.083193"></trkpt>
      <trkpt lat="38.066478" lon="-81.082790"></trkpt>
      <trkpt lat="38.066344" lon="-81.082682"></trkpt>
      <trkpt lat="38.065986" lon="-81.082362"></trkpt>
      <trkpt lat="38.065727" lon="-81.082239"></trkpt>
      <trkpt lat="38.065505" lon="-81.082239"></trkpt>
      <trkpt lat="38.065025" lon="-81.082362"></trkpt>
      <trkpt lat="38.064582" lon="-81.082468"></trkpt>
      <trkpt lat="38.064109" lon="-81.082514"></trkpt>
      <trkpt lat="38.063837" lon="-81.082505"></trkpt>
      <trkpt lat="38.063722" lon="-81.082529"></trkpt>
      <trkpt lat="38.063563" lon="-81.082565"></trkpt>
      <trkpt lat="38.063315" lon="-81.082606"></trkpt>
      <trkpt lat="38.063087" lon="-81.082514"></trkpt>
      <trkpt lat="38.062789" lon="-81.082362"></trkpt>
      <trkpt lat="38.062400" lon="-81.082273"></trkpt>
      <trkpt lat="38.062196" lon="-81.082191"></trkpt>
      <trkpt lat="38.061951" lon="-81.082133"></trkpt>
      <trkpt lat="38.061670" lon="-81.082021"></trkpt>
      <trkpt lat="38.061365" lon="-81.081793"></trkpt>
      <trkpt lat="38.061111" lon="-81.081644"></trkpt>
      <trkpt lat="38.060612" lon="-81.081381"></trkpt>
      <trkpt lat="38.060394" lon="-81.081231"></trkpt>
      <trkpt lat="38.060170" lon="-81.080992"></trkpt>
      <trkpt lat="38.059985" lon="-81.080754"></trkpt>
      <trkpt lat="38.059800" lon="-81.080548"></trkpt>
      <trkpt lat="38.059699" lon="-81.080472"></trkpt>
      <trkpt lat="38.059642" lon="-81.080448"></trkpt>
      <trkpt lat="38.059584" lon="-81.080452"></trkpt>
      <trkpt lat="38.059554" lon="-81.080483"></trkpt>
      <trkpt lat="38.059537" lon="-81.080538"></trkpt>
      <trkpt lat="38.059555" lon="-81.080602"></trkpt>
      <trkpt lat="38.059642" lon="-81.080676"></trkpt>
      <trkpt lat="38.059793" lon="-81.080879"></trkpt>
      <trkpt lat="38.059937" lon="-81.081091"></trkpt>
      <trkpt lat="38.060047" lon="-81.081245"></trkpt>
      <trkpt lat="38.060293" lon="-81.081490"></trkpt>
      <trkpt lat="38.060577" lon="-81.081729"></trkpt>
      <trkpt lat="38.060865" lon="-81.081976"></trkpt>
      <trkpt lat="38.061110" lon="-81.082196"></trkpt>
      <trkpt lat="38.061441" lon="-81.082500"></trkpt>
      <trkpt lat="38.061820" lon="-81.082761"></trkpt>
      <trkpt lat="38.062034" lon="-81.082883"></trkpt>
      <trkpt lat="38.062390" lon="-81.083000"></trkpt>
      <trkpt lat="38.062530" lon="-81.083155"></trkpt>
      <trkpt lat="38.062782" lon="-81.083414"></trkpt>
      <trkpt lat="38.063003" lon="-81.083521"></trkpt>
      <trkpt lat="38.063216" lon="-81.083545"></trkpt>
      <trkpt lat="38.063400" lon="-81.083527"></trkpt>
      <trkpt lat="38.063583" lon="-81.083460"></trkpt>
      <trkpt lat="38.063732" lon="-81.083406"></trkpt>
      <trkpt lat="38.063880" lon="-81.083390"></trkpt>
      <trkpt lat="38.064063" lon="-81.083433"></trkpt>
      <trkpt lat="38.064289" lon="-81.083517"></trkpt>
      <trkpt lat="38.064499" lon="-81.083455"></trkpt>
      <trkpt lat="38.064801" lon="-81.083413"></trkpt>
      <trkpt lat="38.064979" lon="-81.083430"></trkpt>
      <trkpt lat="38.065156" lon="-81.083464"></trkpt>
      <trkpt lat="38.065271" lon="-81.083523"></trkpt>
      <trkpt lat="38.065373" lon="-81.083619"></trkpt>
      <trkpt lat="38.065568" lon="-81.083855"></trkpt>
      <trkpt lat="38.065817" lon="-81.084217"></trkpt>
      <trkpt lat="38.065986" lon="-81.084508"></trkpt>
      <trkpt lat="38.065995" lon="-81.084597"></trkpt>
      <trkpt lat="38.066066" lon="-81.084720"></trkpt>
      <trkpt lat="38.066289" lon="-81.085098"></trkpt>
      <trkpt lat="38.066376" lon="-81.085158"></trkpt>
      <trkpt lat="38.066654" lon="-81.085308"></trkpt>
      <trkpt lat="38.066899" lon="-81.085410"></trkpt>
      <trkpt lat="38.067537" lon="-81.085892"></trkpt>
      <trkpt lat="38.067850" lon="-81.086054"></trkpt>
      <trkpt lat="38.067984" lon="-81.086258"></trkpt>
      <trkpt lat="38.068064" lon="-81.086446"></trkpt>
      <trkpt lat="38.068220" lon="-81.086621"></trkpt>
      <trkpt lat="38.068370" lon="-81.086698"></trkpt>
      <trkpt lat="38.068535" lon="-81.086675"></trkpt>
      <trkpt lat="38.068734" lon="-81.086642"></trkpt>
      <trkpt lat="38.068966" lon="-81.086655"></trkpt>
      <trkpt lat="38.069132" lon="-81.086741"></trkpt>
      <trkpt lat="38.069253" lon="-81.087008"></trkpt>
      <trkpt lat="38.069543" lon="-81.087495"></trkpt>
      <trkpt lat="38.069734" lon="-81.087617"></trkpt>
      <trkpt lat="38.069969" lon="-81.087654"></trkpt>
      <trkpt lat="38.070296" lon="-81.087575"></trkpt>
      <trkpt lat="38.070505" lon="-81.087703"></trkpt>
      <trkpt lat="38.070708" lon="-81.087924"></trkpt>
      <trkpt lat="38.070863" lon="-81.087944"></trkpt>
      <trkpt lat="38.071105" lon="-81.087876"></trkpt>
      <trkpt lat="38.071323" lon="-81.088029"></trkpt>
      <trkpt lat="38.071403" lon="-81.088205"></trkpt>
      <trkpt lat="38.071532" lon="-81.088345"></trkpt>
      <trkpt lat="38.071712" lon="-81.088373"></trkpt>
      <trkpt lat="38.071842" lon="-81.088372"></trkpt>
      <trkpt lat="38.072102" lon="-81.088288"></trkpt>
      <trkpt lat="38.072296" lon="-81.088163"></trkpt>
      <trkpt lat="38.072440" lon="-81.088138"></trkpt>
      <trkpt lat="38.072804" lon="-81.088369"></trkpt>
      <trkpt lat="38.073165" lon="-81.088656"></trkpt>
      <trkpt lat="38.073319" lon="-81.088655"></trkpt>
      <trkpt lat="38.073555" lon="-81.088659"></trkpt>
      <trkpt lat="38.073924" lon="-81.088644"></trkpt>
      <trkpt lat="38.074926" lon="-81.088565"></trkpt>
      <trkpt lat="38.075467" lon="-81.088483"></trkpt>
      <trkpt lat="38.075898" lon="-81.088361"></trkpt>
      <trkpt lat="38.076072" lon="-81.088449"></trkpt>
      <trkpt lat="38.076177" lon="-81.088584"></trkpt>
      <trkpt lat="38.076202" lon="-81.088866"></trkpt>
      <trkpt lat="38.076215" lon="-81.089724"></trkpt>
      <trkpt lat="38.076212" lon="-81.090999"></trkpt>
      <trkpt lat="38.076145" lon="-81.091132"></trkpt>
      <trkpt lat="38.075883" lon="-81.091361"></trkpt>
      <trkpt lat="38.075623" lon="-81.091620"></trkpt>
      <trkpt lat="38.075173" lon="-81.092017"></trkpt>
      <trkpt lat="38.074830" lon="-81.092292"></trkpt>
      <trkpt lat="38.074652" lon="-81.092506"></trkpt>
      <trkpt lat="38.074482" lon="-81.092822"></trkpt>
      <trkpt lat="38.074341" lon="-81.093343"></trkpt>
      <trkpt lat="38.074341" lon="-81.093618"></trkpt>
      <trkpt lat="38.074350" lon="-81.094071"></trkpt>
      <trkpt lat="38.074353" lon="-81.094119"></trkpt>
      <trkpt lat="38.074340" lon="-81.094154"></trkpt>
      <trkpt lat="38.074293" lon="-81.094604"></trkpt>
      <trkpt lat="38.074211" lon="-81.094950"></trkpt>
      <trkpt lat="38.074097" lon="-81.095076"></trkpt>
      <trkpt lat="38.073908" lon="-81.095274"></trkpt>
      <trkpt lat="38.073641" lon="-81.095517"></trkpt>
      <trkpt lat="38.073515" lon="-81.095705"></trkpt>
      <trkpt lat="38.073443" lon="-81.095853"></trkpt>
      <trkpt lat="38.073197" lon="-81.096044"></trkpt>
      <trkpt lat="38.072977" lon="-81.096052"></trkpt>
      <trkpt lat="38.072721" lon="-81.095923"></trkpt>
      <trkpt lat="38.072419" lon="-81.095791"></trkpt>
      <trkpt lat="38.072158" lon="-81.095776"></trkpt>
      <trkpt lat="38.071942" lon="-81.095855"></trkpt>
      <trkpt lat="38.071777" lon="-81.095984"></trkpt>
      <trkpt lat="38.071349" lon="-81.096270"></trkpt>
      <trkpt lat="38.071084" lon="-81.096333"></trkpt>
      <trkpt lat="38.070848" lon="-81.096391"></trkpt>
      <trkpt lat="38.070534" lon="-81.096401"></trkpt>
      <trkpt lat="38.070291" lon="-81.096485"></trkpt>
      <trkpt lat="38.070148" lon="-81.096593"></trkpt>
      <trkpt lat="38.070066" lon="-81.096666"></trkpt>
      <trkpt lat="38.069848" lon="-81.097104"></trkpt>
      <trkpt lat="38.069706" lon="-81.097493"></trkpt>
      <trkpt lat="38.069366" lon="-81.098028"></trkpt>
      <trkpt lat="38.068976" lon="-81.098661"></trkpt>
      <trkpt lat="38.068357" lon="-81.099188"></trkpt>
      <trkpt lat="38.068279" lon="-81.099213"></trkpt>
      <trkpt lat="38.068009" lon="-81.099316"></trkpt>
      <trkpt lat="38.067594" lon="-81.099464"></trkpt>
      <trkpt lat="38.067368" lon="-81.099599"></trkpt>
      <trkpt lat="38.067276" lon="-81.099741"></trkpt>
      <trkpt lat="38.066978" lon="-81.100172"></trkpt>
      <trkpt lat="38.066490" lon="-81.100714"></trkpt>
      <trkpt lat="38.066312" lon="-81.100862"></trkpt>
      <trkpt lat="38.066150" lon="-81.100944"></trkpt>
      <trkpt lat="38.066039" lon="-81.100962"></trkpt>
      <trkpt lat="38.065799" lon="-81.100965"></trkpt>
      <trkpt lat="38.065312" lon="-81.100753"></trkpt>
      <trkpt lat="38.065078" lon="-81.100647"></trkpt>
      <trkpt lat="38.064966" lon="-81.100562"></trkpt>
      <trkpt lat="38.064576" lon="-81.100073"></trkpt>
      <trkpt lat="38.064392" lon="-81.099797"></trkpt>
      <trkpt lat="38.064164" lon="-81.099578"></trkpt>
      <trkpt lat="38.063974" lon="-81.099433"></trkpt>
      <trkpt lat="38.063818" lon="-81.099351"></trkpt>
      <trkpt lat="38.063646" lon="-81.099316"></trkpt>
      <trkpt lat="38.063072" lon="-81.099316"></trkpt>
      <trkpt lat="38.062782" lon="-81.099344"></trkpt>
      <trkpt lat="38.062138" lon="-81.099344"></trkpt>
      <trkpt lat="38.061848" lon="-81.099266"></trkpt>
      <trkpt lat="38.061639" lon="-81.099174"></trkpt>
      <trkpt lat="38.061392" lon="-81.098982"></trkpt>
      <trkpt lat="38.061059" lon="-81.098629"></trkpt>
      <trkpt lat="38.060930" lon="-81.098490"></trkpt>
      <trkpt lat="38.060575" lon="-81.099205"></trkpt>
      <trkpt lat="38.060224" lon="-81.099937"></trkpt>
      <trkpt lat="38.058919" lon="-81.102588"></trkpt>
      <trkpt lat="38.058249" lon="-81.103937"></trkpt>
      <trkpt lat="38.057835" lon="-81.104770"></trkpt>
      <trkpt lat="38.057649" lon="-81.105152"></trkpt>
      <trkpt lat="38.057608" lon="-81.105238"></trkpt>
      <trkpt lat="38.057438" lon="-81.105159"></trkpt>
      <trkpt lat="38.057304" lon="-81.105099"></trkpt>
      <trkpt lat="38.057167" lon="-81.105028"></trkpt>
      <trkpt lat="38.056957" lon="-81.104916"></trkpt>
      <trkpt lat="38.056830" lon="-81.104856"></trkpt>
      <trkpt lat="38.056750" lon="-81.104827"></trkpt>
      <trkpt lat="38.056629" lon="-81.104803"></trkpt>
      <trkpt lat="38.056509" lon="-81.104790"></trkpt>
      <trkpt lat="38.056242" lon="-81.104793"></trkpt>
      <trkpt lat="38.055488" lon="-81.105055"></trkpt>
      <trkpt lat="38.055239" lon="-81.105102"></trkpt>
      <trkpt lat="38.054950" lon="-81.105091"></trkpt>
      <trkpt lat="38.053869" lon="-81.104683"></trkpt>
      <trkpt lat="38.053520" lon="-81.104580"></trkpt>
      <trkpt lat="38.053349" lon="-81.104503"></trkpt>
      <trkpt lat="38.053301" lon="-81.104461"></trkpt>
      <trkpt lat="38.053260" lon="-81.104412"></trkpt>
      <trkpt lat="38.052792" lon="-81.103780"></trkpt>
      <trkpt lat="38.052291" lon="-81.103063"></trkpt>
      <trkpt lat="38.051894" lon="-81.102474"></trkpt>
      <trkpt lat="38.051659" lon="-81.102076"></trkpt>
      <trkpt lat="38.051380" lon="-81.101581"></trkpt>
      <trkpt lat="38.051034" lon="-81.101003"></trkpt>
      <trkpt lat="38.050853" lon="-81.100822"></trkpt>
      <trkpt lat="38.050662" lon="-81.100665"></trkpt>
      <trkpt lat="38.050523" lon="-81.100594"></trkpt>
      <trkpt lat="38.050384" lon="-81.100538"></trkpt>
      <trkpt lat="38.050184" lon="-81.100484"></trkpt>
      <trkpt lat="38.049989" lon="-81.100460"></trkpt>
      <trkpt lat="38.049781" lon="-81.100463"></trkpt>
      <trkpt lat="38.049595" lon="-81.100477"></trkpt>
      <trkpt lat="38.049488" lon="-81.100510"></trkpt>
      <trkpt lat="38.049360" lon="-81.100565"></trkpt>
      <trkpt lat="38.049184" lon="-81.100678"></trkpt>
      <trkpt lat="38.049005" lon="-81.100798"></trkpt>
      <trkpt lat="38.048908" lon="-81.100868"></trkpt>
      <trkpt lat="38.048722" lon="-81.101012"></trkpt>
      <trkpt lat="38.047903" lon="-81.101607"></trkpt>
      <trkpt lat="38.047351" lon="-81.102034"></trkpt>
      <trkpt lat="38.041316" lon="-81.106355"></trkpt>
      <trkpt lat="38.040641" lon="-81.106832"></trkpt>
      <trkpt lat="38.039800" lon="-81.107482"></trkpt>
      <trkpt lat="38.039011" lon="-81.108041"></trkpt>
      <trkpt lat="38.038878" lon="-81.108143"></trkpt>
      <trkpt lat="38.037810" lon="-81.108887"></trkpt>
      <trkpt lat="38.037715" lon="-81.108948"></trkpt>
      <trkpt lat="38.037340" lon="-81.109212"></trkpt>
      <trkpt lat="38.037132" lon="-81.109367"></trkpt>
      <trkpt lat="38.036945" lon="-81.109505"></trkpt>
      <trkpt lat="38.036702" lon="-81.109683"></trkpt>
      <trkpt lat="38.035482" lon="-81.110551"></trkpt>
      <trkpt lat="38.034843" lon="-81.111024"></trkpt>
      <trkpt lat="38.034404" lon="-81.111339"></trkpt>
      <trkpt lat="38.034087" lon="-81.111574"></trkpt>
      <trkpt lat="38.033647" lon="-81.111888"></trkpt>
      <trkpt lat="38.033067" lon="-81.112290"></trkpt>
      <trkpt lat="38.032693" lon="-81.112491"></trkpt>
      <trkpt lat="38.032478" lon="-81.112588"></trkpt>
      <trkpt lat="38.031989" lon="-81.112801"></trkpt>
      <trkpt lat="38.031029" lon="-81.113136"></trkpt>
      <trkpt lat="38.030057" lon="-81.113432"></trkpt>
      <trkpt lat="38.030122" lon="-81.113243"></trkpt>
      <trkpt lat="38.030151" lon="-81.113067"></trkpt>
      <trkpt lat="38.030164" lon="-81.112898"></trkpt>
      <trkpt lat="38.030162" lon="-81.112859"></trkpt>
      <trkpt lat="38.030158" lon="-81.112763"></trkpt>
      <trkpt lat="38.030123" lon="-81.112566"></trkpt>
      <trkpt lat="38.029918" lon="-81.111805"></trkpt>
      <trkpt lat="38.029898" lon="-81.111672"></trkpt>
      <trkpt lat="38.029892" lon="-81.111433"></trkpt>
      <trkpt lat="38.029892" lon="-81.111433"></trkpt>
      <trkpt lat="38.029892" lon="-81.111433"></trkpt>
      <trkpt lat="38.029898" lon="-81.111672"></trkpt>
      <trkpt lat="38.029918" lon="-81.111805"></trkpt>
      <trkpt lat="38.030123" lon="-81.112566"></trkpt>
      <trkpt lat="38.030158" lon="-81.112763"></trkpt>
      <trkpt lat="38.030162" lon="-81.112859"></trkpt>
      <trkpt lat="38.030164" lon="-81.112898"></trkpt>
      <trkpt lat="38.030151" lon="-81.113067"></trkpt>
      <trkpt lat="38.030122" lon="-81.113243"></trkpt>
      <trkpt lat="38.030057" lon="-81.113432"></trkpt>
      <trkpt lat="38.027560" lon="-81.114256"></trkpt>
      <trkpt lat="38.026381" lon="-81.114651"></trkpt>
      <trkpt lat="38.025965" lon="-81.114784"></trkpt>
      <trkpt lat="38.025209" lon="-81.115086"></trkpt>
      <trkpt lat="38.024406" lon="-81.115360"></trkpt>
      <trkpt lat="38.023874" lon="-81.115531"></trkpt>
      <trkpt lat="38.021030" lon="-81.116430"></trkpt>
      <trkpt lat="38.020768" lon="-81.116540"></trkpt>
      <trkpt lat="38.020489" lon="-81.116662"></trkpt>
      <trkpt lat="38.020171" lon="-81.116797"></trkpt>
      <trkpt lat="38.019851" lon="-81.116969"></trkpt>
      <trkpt lat="38.019616" lon="-81.117117"></trkpt>
      <trkpt lat="38.019182" lon="-81.117390"></trkpt>
      <trkpt lat="38.018857" lon="-81.117606"></trkpt>
      <trkpt lat="38.018681" lon="-81.117728"></trkpt>
      <trkpt lat="38.018605" lon="-81.117791"></trkpt>
      <trkpt lat="38.018374" lon="-81.117991"></trkpt>
      <trkpt lat="38.018124" lon="-81.118228"></trkpt>
      <trkpt lat="38.017680" lon="-81.118699"></trkpt>
      <trkpt lat="38.017429" lon="-81.118980"></trkpt>
      <trkpt lat="38.016890" lon="-81.119594"></trkpt>
      <trkpt lat="38.016815" lon="-81.119682"></trkpt>
      <trkpt lat="38.016130" lon="-81.120449"></trkpt>
      <trkpt lat="38.015812" lon="-81.120810"></trkpt>
      <trkpt lat="38.014805" lon="-81.121916"></trkpt>
      <trkpt lat="38.014515" lon="-81.122240"></trkpt>
      <trkpt lat="38.014211" lon="-81.122570"></trkpt>
      <trkpt lat="38.014051" lon="-81.122743"></trkpt>
      <trkpt lat="38.013872" lon="-81.122942"></trkpt>
      <trkpt lat="38.013709" lon="-81.123092"></trkpt>
      <trkpt lat="38.013220" lon="-81.123518"></trkpt>
      <trkpt lat="38.012887" lon="-81.123810"></trkpt>
      <trkpt lat="38.012552" lon="-81.124101"></trkpt>
      <trkpt lat="38.012232" lon="-81.124383"></trkpt>
      <trkpt lat="38.011888" lon="-81.124703"></trkpt>
      <trkpt lat="38.011689" lon="-81.124917"></trkpt>
      <trkpt lat="38.011489" lon="-81.125147"></trkpt>
      <trkpt lat="38.011239" lon="-81.125471"></trkpt>
      <trkpt lat="38.010978" lon="-81.125831"></trkpt>
      <trkpt lat="38.010631" lon="-81.126333"></trkpt>
      <trkpt lat="38.010369" lon="-81.126701"></trkpt>
      <trkpt lat="38.010051" lon="-81.127154"></trkpt>
      <trkpt lat="38.009420" lon="-81.127963"></trkpt>
      <trkpt lat="38.009072" lon="-81.128352"></trkpt>
      <trkpt lat="38.008778" lon="-81.128674"></trkpt>
      <trkpt lat="38.008479" lon="-81.128937"></trkpt>
      <trkpt lat="38.008020" lon="-81.129339"></trkpt>
      <trkpt lat="38.007533" lon="-81.129689"></trkpt>
      <trkpt lat="38.007046" lon="-81.130000"></trkpt>
      <trkpt lat="38.006937" lon="-81.130048"></trkpt>
      <trkpt lat="38.006583" lon="-81.130242"></trkpt>
      <trkpt lat="38.006179" lon="-81.130427"></trkpt>
      <trkpt lat="38.006015" lon="-81.130575"></trkpt>
      <trkpt lat="38.005830" lon="-81.130904"></trkpt>
      <trkpt lat="38.005763" lon="-81.131005"></trkpt>
      <trkpt lat="38.005653" lon="-81.130973"></trkpt>
      <trkpt lat="38.005477" lon="-81.130925"></trkpt>
      <trkpt lat="38.005168" lon="-81.130867"></trkpt>
      <trkpt lat="38.004922" lon="-81.130858"></trkpt>
      <trkpt lat="38.004616" lon="-81.130856"></trkpt>
      <trkpt lat="38.004331" lon="-81.130872"></trkpt>
      <trkpt lat="38.003992" lon="-81.130915"></trkpt>
      <trkpt lat="38.003820" lon="-81.130941"></trkpt>
      <trkpt lat="38.003592" lon="-81.130966"></trkpt>
      <trkpt lat="38.001932" lon="-81.131177"></trkpt>
      <trkpt lat="38.001380" lon="-81.131254"></trkpt>
      <trkpt lat="38.000729" lon="-81.131332"></trkpt>
      <trkpt lat="38.000059" lon="-81.131413"></trkpt>
      <trkpt lat="37.998535" lon="-81.131622"></trkpt>
      <trkpt lat="37.997475" lon="-81.131753"></trkpt>
      <trkpt lat="37.996466" lon="-81.131879"></trkpt>
      <trkpt lat="37.995679" lon="-81.131974"></trkpt>
      <trkpt lat="37.995545" lon="-81.131992"></trkpt>
      <trkpt lat="37.995425" lon="-81.132008"></trkpt>
      <trkpt lat="37.995366" lon="-81.132016"></trkpt>
      <trkpt lat="37.994447" lon="-81.132129"></trkpt>
      <trkpt lat="37.994054" lon="-81.132183"></trkpt>
      <trkpt lat="37.993698" lon="-81.132227"></trkpt>
      <trkpt lat="37.993441" lon="-81.132283"></trkpt>
      <trkpt lat="37.993112" lon="-81.132370"></trkpt>
      <trkpt lat="37.992402" lon="-81.132594"></trkpt>
      <trkpt lat="37.992312" lon="-81.132635"></trkpt>
      <trkpt lat="37.992312" lon="-81.132635"></trkpt>
      <trkpt lat="37.991950" lon="-81.132801"></trkpt>
      <trkpt lat="37.991557" lon="-81.133006"></trkpt>
      <trkpt lat="37.991472" lon="-81.133049"></trkpt>
      <trkpt lat="37.991365" lon="-81.133104"></trkpt>
      <trkpt lat="37.991317" lon="-81.133129"></trkpt>
      <trkpt lat="37.991181" lon="-81.133208"></trkpt>
      <trkpt lat="37.991116" lon="-81.133250"></trkpt>
      <trkpt lat="37.990997" lon="-81.133317"></trkpt>
      <trkpt lat="37.990906" lon="-81.133377"></trkpt>
      <trkpt lat="37.990810" lon="-81.133420"></trkpt>
      <trkpt lat="37.989844" lon="-81.133982"></trkpt>
      <trkpt lat="37.988456" lon="-81.134814"></trkpt>
      <trkpt lat="37.988314" lon="-81.134890"></trkpt>
      <trkpt lat="37.987221" lon="-81.135533"></trkpt>
      <trkpt lat="37.986574" lon="-81.135903"></trkpt>
      <trkpt lat="37.986202" lon="-81.136115"></trkpt>
      <trkpt lat="37.985409" lon="-81.136576"></trkpt>
      <trkpt lat="37.985088" lon="-81.136748"></trkpt>
      <trkpt lat="37.984712" lon="-81.136957"></trkpt>
      <trkpt lat="37.984410" lon="-81.137139"></trkpt>
      <trkpt lat="37.984274" lon="-81.137201"></trkpt>
      <trkpt lat="37.983990" lon="-81.137360"></trkpt>
      <trkpt lat="37.983674" lon="-81.137542"></trkpt>
      <trkpt lat="37.983542" lon="-81.137607"></trkpt>
      <trkpt lat="37.983297" lon="-81.137709"></trkpt>
      <trkpt lat="37.983011" lon="-81.137818"></trkpt>
      <trkpt lat="37.982901" lon="-81.137866"></trkpt>
      <trkpt lat="37.982586" lon="-81.137971"></trkpt>
      <trkpt lat="37.982468" lon="-81.137995"></trkpt>
      <trkpt lat="37.982303" lon="-81.138046"></trkpt>
      <trkpt lat="37.982144" lon="-81.138089"></trkpt>
      <trkpt lat="37.981974" lon="-81.138132"></trkpt>
      <trkpt lat="37.981559" lon="-81.138240"></trkpt>
      <trkpt lat="37.981372" lon="-81.138289"></trkpt>
      <trkpt lat="37.981242" lon="-81.138325"></trkpt>
      <trkpt lat="37.980855" lon="-81.138432"></trkpt>
      <trkpt lat="37.980375" lon="-81.138560"></trkpt>
      <trkpt lat="37.979964" lon="-81.138670"></trkpt>
      <trkpt lat="37.979609" lon="-81.138741"></trkpt>
      <trkpt lat="37.979292" lon="-81.138820"></trkpt>
      <trkpt lat="37.978474" lon="-81.139046"></trkpt>
      <trkpt lat="37.977712" lon="-81.139290"></trkpt>
      <trkpt lat="37.977403" lon="-81.139422"></trkpt>
      <trkpt lat="37.977284" lon="-81.139507"></trkpt>
      <trkpt lat="37.977157" lon="-81.139600"></trkpt>
      <trkpt lat="37.976981" lon="-81.139766"></trkpt>
      <trkpt lat="37.976865" lon="-81.139918"></trkpt>
      <trkpt lat="37.976786" lon="-81.140027"></trkpt>
      <trkpt lat="37.976706" lon="-81.140140"></trkpt>
      <trkpt lat="37.976628" lon="-81.140257"></trkpt>
      <trkpt lat="37.976595" lon="-81.140307"></trkpt>
      <trkpt lat="37.976175" lon="-81.140954"></trkpt>
      <trkpt lat="37.976012" lon="-81.141219"></trkpt>
      <trkpt lat="37.975887" lon="-81.141256"></trkpt>
      <trkpt lat="37.975762" lon="-81.141300"></trkpt>
      <trkpt lat="37.975540" lon="-81.141400"></trkpt>
      <trkpt lat="37.975362" lon="-81.141493"></trkpt>
      <trkpt lat="37.975066" lon="-81.141631"></trkpt>
      <trkpt lat="37.974944" lon="-81.141695"></trkpt>
      <trkpt lat="37.974865" lon="-81.141741"></trkpt>
      <trkpt lat="37.974791" lon="-81.141790"></trkpt>
      <trkpt lat="37.974715" lon="-81.141839"></trkpt>
      <trkpt lat="37.974622" lon="-81.141912"></trkpt>
      <trkpt lat="37.974514" lon="-81.142010"></trkpt>
      <trkpt lat="37.974427" lon="-81.142107"></trkpt>
      <trkpt lat="37.974306" lon="-81.142251"></trkpt>
      <trkpt lat="37.974228" lon="-81.142356"></trkpt>
      <trkpt lat="37.974119" lon="-81.142527"></trkpt>
      <trkpt lat="37.973783" lon="-81.143101"></trkpt>
      <trkpt lat="37.973429" lon="-81.143716"></trkpt>
      <trkpt lat="37.973284" lon="-81.143964"></trkpt>
      <trkpt lat="37.973203" lon="-81.144114"></trkpt>
      <trkpt lat="37.973104" lon="-81.144322"></trkpt>
      <trkpt lat="37.972696" lon="-81.145168"></trkpt>
      <trkpt lat="37.972556" lon="-81.145503"></trkpt>
      <trkpt lat="37.972459" lon="-81.145722"></trkpt>
      <trkpt lat="37.972381" lon="-81.145899"></trkpt>
      <trkpt lat="37.972314" lon="-81.146030"></trkpt>
      <trkpt lat="37.972235" lon="-81.146172"></trkpt>
      <trkpt lat="37.972177" lon="-81.146276"></trkpt>
      <trkpt lat="37.972117" lon="-81.146380"></trkpt>
      <trkpt lat="37.972052" lon="-81.146478"></trkpt>
      <trkpt lat="37.971998" lon="-81.146564"></trkpt>
      <trkpt lat="37.971933" lon="-81.146655"></trkpt>
      <trkpt lat="37.971840" lon="-81.146773"></trkpt>
      <trkpt lat="37.971736" lon="-81.146895"></trkpt>
      <trkpt lat="37.971659" lon="-81.146975"></trkpt>
      <trkpt lat="37.971589" lon="-81.147045"></trkpt>
      <trkpt lat="37.971517" lon="-81.147116"></trkpt>
      <trkpt lat="37.971438" lon="-81.147192"></trkpt>
      <trkpt lat="37.971342" lon="-81.147276"></trkpt>
      <trkpt lat="37.971198" lon="-81.147385"></trkpt>
      <trkpt lat="37.971112" lon="-81.147444"></trkpt>
      <trkpt lat="37.971014" lon="-81.147505"></trkpt>
      <trkpt lat="37.970932" lon="-81.147555"></trkpt>
      <trkpt lat="37.970828" lon="-81.147610"></trkpt>
      <trkpt lat="37.970721" lon="-81.147664"></trkpt>
      <trkpt lat="37.970619" lon="-81.147711"></trkpt>
      <trkpt lat="37.970520" lon="-81.147750"></trkpt>
      <trkpt lat="37.970406" lon="-81.147788"></trkpt>
      <trkpt lat="37.970285" lon="-81.147827"></trkpt>
      <trkpt lat="37.970173" lon="-81.147855"></trkpt>
      <trkpt lat="37.970050" lon="-81.147881"></trkpt>
      <trkpt lat="37.969928" lon="-81.147897"></trkpt>
      <trkpt lat="37.969780" lon="-81.147913"></trkpt>
      <trkpt lat="37.969645" lon="-81.147928"></trkpt>
      <trkpt lat="37.969523" lon="-81.147928"></trkpt>
      <trkpt lat="37.969377" lon="-81.147917"></trkpt>
      <trkpt lat="37.969217" lon="-81.147899"></trkpt>
      <trkpt lat="37.969082" lon="-81.147879"></trkpt>
      <trkpt lat="37.968953" lon="-81.147855"></trkpt>
      <trkpt lat="37.968755" lon="-81.147808"></trkpt>
      <trkpt lat="37.968025" lon="-81.147616"></trkpt>
      <trkpt lat="37.967805" lon="-81.147554"></trkpt>
      <trkpt lat="37.967610" lon="-81.147514"></trkpt>
      <trkpt lat="37.967409" lon="-81.147465"></trkpt>
      <trkpt lat="37.967189" lon="-81.147421"></trkpt>
      <trkpt lat="37.967032" lon="-81.147396"></trkpt>
      <trkpt lat="37.966837" lon="-81.147372"></trkpt>
      <trkpt lat="37.966639" lon="-81.147352"></trkpt>
      <trkpt lat="37.966443" lon="-81.147336"></trkpt>
      <trkpt lat="37.966287" lon="-81.147328"></trkpt>
      <trkpt lat="37.966053" lon="-81.147321"></trkpt>
      <trkpt lat="37.965740" lon="-81.147324"></trkpt>
      <trkpt lat="37.964605" lon="-81.147321"></trkpt>
      <trkpt lat="37.963750" lon="-81.147317"></trkpt>
      <trkpt lat="37.963562" lon="-81.147320"></trkpt>
      <trkpt lat="37.963372" lon="-81.147331"></trkpt>
      <trkpt lat="37.963160" lon="-81.147351"></trkpt>
      <trkpt lat="37.962957" lon="-81.147374"></trkpt>
      <trkpt lat="37.962869" lon="-81.147386"></trkpt>
      <trkpt lat="37.962618" lon="-81.147429"></trkpt>
      <trkpt lat="37.962350" lon="-81.147484"></trkpt>
      <trkpt lat="37.962127" lon="-81.147536"></trkpt>
      <trkpt lat="37.961934" lon="-81.147585"></trkpt>
      <trkpt lat="37.961717" lon="-81.147647"></trkpt>
      <trkpt lat="37.961514" lon="-81.147708"></trkpt>
      <trkpt lat="37.961329" lon="-81.147779"></trkpt>
      <trkpt lat="37.961121" lon="-81.147868"></trkpt>
      <trkpt lat="37.960941" lon="-81.147950"></trkpt>
      <trkpt lat="37.960798" lon="-81.148028"></trkpt>
      <trkpt lat="37.960629" lon="-81.148136"></trkpt>
      <trkpt lat="37.960501" lon="-81.148227"></trkpt>
      <trkpt lat="37.960335" lon="-81.148375"></trkpt>
      <trkpt lat="37.960205" lon="-81.148501"></trkpt>
      <trkpt lat="37.960106" lon="-81.148609"></trkpt>
      <trkpt lat="37.960037" lon="-81.148683"></trkpt>
      <trkpt lat="37.959949" lon="-81.148785"></trkpt>
      <trkpt lat="37.959840" lon="-81.148648"></trkpt>
      <trkpt lat="37.959840" lon="-81.148648"></trkpt>
      <trkpt lat="37.959795" lon="-81.148585"></trkpt>
      <trkpt lat="37.959724" lon="-81.148481"></trkpt>
      <trkpt lat="37.959654" lon="-81.148418"></trkpt>
      <trkpt lat="37.959553" lon="-81.148354"></trkpt>
      <trkpt lat="37.959485" lon="-81.148356"></trkpt>
      <trkpt lat="37.959404" lon="-81.148355"></trkpt>
      <trkpt lat="37.959313" lon="-81.148366"></trkpt>
      <trkpt lat="37.958989" lon="-81.148476"></trkpt>
      <trkpt lat="37.958814" lon="-81.148528"></trkpt>
      <trkpt lat="37.958781" lon="-81.148538"></trkpt>
      <trkpt lat="37.958577" lon="-81.148599"></trkpt>
      <trkpt lat="37.958097" lon="-81.148747"></trkpt>
      <trkpt lat="37.957687" lon="-81.148864"></trkpt>
      <trkpt lat="37.956986" lon="-81.149066"></trkpt>
      <trkpt lat="37.956666" lon="-81.149153"></trkpt>
      <trkpt lat="37.956360" lon="-81.149222"></trkpt>
      <trkpt lat="37.956154" lon="-81.149227"></trkpt>
      <trkpt lat="37.955886" lon="-81.149257"></trkpt>
      <trkpt lat="37.954954" lon="-81.149312"></trkpt>
      <trkpt lat="37.954017" lon="-81.149371"></trkpt>
      <trkpt lat="37.953801" lon="-81.149377"></trkpt>
      <trkpt lat="37.953426" lon="-81.149393"></trkpt>
      <trkpt lat="37.953127" lon="-81.149412"></trkpt>
      <trkpt lat="37.952747" lon="-81.149414"></trkpt>
      <trkpt lat="37.952379" lon="-81.149440"></trkpt>
      <trkpt lat="37.951624" lon="-81.149477"></trkpt>
      <trkpt lat="37.951135" lon="-81.149501"></trkpt>
      <trkpt lat="37.950317" lon="-81.149542"></trkpt>
      <trkpt lat="37.949776" lon="-81.149614"></trkpt>
      <trkpt lat="37.949464" lon="-81.149682"></trkpt>
      <trkpt lat="37.948954" lon="-81.149847"></trkpt>
      <trkpt lat="37.948274" lon="-81.150096"></trkpt>
      <trkpt lat="37.947989" lon="-81.150198"></trkpt>
      <trkpt lat="37.947700" lon="-81.150310"></trkpt>
      <trkpt lat="37.946903" lon="-81.150586"></trkpt>
      <trkpt lat="37.946389" lon="-81.150787"></trkpt>
      <trkpt lat="37.944995" lon="-81.151282"></trkpt>
      <trkpt lat="37.944640" lon="-81.151424"></trkpt>
      <trkpt lat="37.944555" lon="-81.151452"></trkpt>
      <trkpt lat="37.944485" lon="-81.151476"></trkpt>
      <trkpt lat="37.942656" lon="-81.152129"></trkpt>
      <trkpt lat="37.942142" lon="-81.152318"></trkpt>
      <trkpt lat="37.942007" lon="-81.152374"></trkpt>
      <trkpt lat="37.941696" lon="-81.152470"></trkpt>
      <trkpt lat="37.941365" lon="-81.152614"></trkpt>
      <trkpt lat="37.941251" lon="-81.152650"></trkpt>
      <trkpt lat="37.941002" lon="-81.152746"></trkpt>
      <trkpt lat="37.940596" lon="-81.152873"></trkpt>
      <trkpt lat="37.940141" lon="-81.153021"></trkpt>
      <trkpt lat="37.939778" lon="-81.153090"></trkpt>
      <trkpt lat="37.938981" lon="-81.153177"></trkpt>
      <trkpt lat="37.938840" lon="-81.153187"></trkpt>
      <trkpt lat="37.938186" lon="-81.153187"></trkpt>
      <trkpt lat="37.937253" lon="-81.153190"></trkpt>
      <trkpt lat="37.936733" lon="-81.153201"></trkpt>
      <trkpt lat="37.935970" lon="-81.153210"></trkpt>
      <trkpt lat="37.935731" lon="-81.153213"></trkpt>
      <trkpt lat="37.934764" lon="-81.153227"></trkpt>
      <trkpt lat="37.934488" lon="-81.153235"></trkpt>
      <trkpt lat="37.934152" lon="-81.153248"></trkpt>
      <trkpt lat="37.934108" lon="-81.153248"></trkpt>
      <trkpt lat="37.933986" lon="-81.153250"></trkpt>
      <trkpt lat="37.933693" lon="-81.153286"></trkpt>
      <trkpt lat="37.933468" lon="-81.153326"></trkpt>
      <trkpt lat="37.933169" lon="-81.153413"></trkpt>
      <trkpt lat="37.932901" lon="-81.153514"></trkpt>
      <trkpt lat="37.932771" lon="-81.153575"></trkpt>
      <trkpt lat="37.932733" lon="-81.153594"></trkpt>
      <trkpt lat="37.932405" lon="-81.153744"></trkpt>
      <trkpt lat="37.932174" lon="-81.153872"></trkpt>
      <trkpt lat="37.931655" lon="-81.154208"></trkpt>
      <trkpt lat="37.931426" lon="-81.154390"></trkpt>
      <trkpt lat="37.930986" lon="-81.154735"></trkpt>
      <trkpt lat="37.930753" lon="-81.154905"></trkpt>
      <trkpt lat="37.930359" lon="-81.155241"></trkpt>
      <trkpt lat="37.929931" lon="-81.155560"></trkpt>
      <trkpt lat="37.929854" lon="-81.155621"></trkpt>
      <trkpt lat="37.929182" lon="-81.156145"></trkpt>
      <trkpt lat="37.929039" lon="-81.156269"></trkpt>
      <trkpt lat="37.928912" lon="-81.156168"></trkpt>
      <trkpt lat="37.928912" lon="-81.156168"></trkpt>
      <trkpt lat="37.929039" lon="-81.156269"></trkpt>
      <trkpt lat="37.928724" lon="-81.156500"></trkpt>
      <trkpt lat="37.928568" lon="-81.156610"></trkpt>
      <trkpt lat="37.928337" lon="-81.156737"></trkpt>
      <trkpt lat="37.928082" lon="-81.156813"></trkpt>
      <trkpt lat="37.927949" lon="-81.156838"></trkpt>
      <trkpt lat="37.927817" lon="-81.156862"></trkpt>
      <trkpt lat="37.927503" lon="-81.156895"></trkpt>
      <trkpt lat="37.927176" lon="-81.156935"></trkpt>
      <trkpt lat="37.926933" lon="-81.156951"></trkpt>
      <trkpt lat="37.926721" lon="-81.157004"></trkpt>
      <trkpt lat="37.926459" lon="-81.157109"></trkpt>
      <trkpt lat="37.926043" lon="-81.157302"></trkpt>
      <trkpt lat="37.925790" lon="-81.157436"></trkpt>
      <trkpt lat="37.925588" lon="-81.157524"></trkpt>
      <trkpt lat="37.925464" lon="-81.157587"></trkpt>
      <trkpt lat="37.925327" lon="-81.157652"></trkpt>
      <trkpt lat="37.925189" lon="-81.157716"></trkpt>
      <trkpt lat="37.925071" lon="-81.157764"></trkpt>
      <trkpt lat="37.924865" lon="-81.157867"></trkpt>
      <trkpt lat="37.924708" lon="-81.157955"></trkpt>
      <trkpt lat="37.924450" lon="-81.158095"></trkpt>
      <trkpt lat="37.923982" lon="-81.158399"></trkpt>
      <trkpt lat="37.923744" lon="-81.158537"></trkpt>
      <trkpt lat="37.923191" lon="-81.158893"></trkpt>
      <trkpt lat="37.923106" lon="-81.158948"></trkpt>
      <trkpt lat="37.922977" lon="-81.159031"></trkpt>
      <trkpt lat="37.922860" lon="-81.159106"></trkpt>
      <trkpt lat="37.922835" lon="-81.159123"></trkpt>
      <trkpt lat="37.922688" lon="-81.159217"></trkpt>
      <trkpt lat="37.922416" lon="-81.159393"></trkpt>
      <trkpt lat="37.922210" lon="-81.159527"></trkpt>
      <trkpt lat="37.922063" lon="-81.159634"></trkpt>
      <trkpt lat="37.921872" lon="-81.159794"></trkpt>
      <trkpt lat="37.921710" lon="-81.159938"></trkpt>
      <trkpt lat="37.921538" lon="-81.160152"></trkpt>
      <trkpt lat="37.921361" lon="-81.160421"></trkpt>
      <trkpt lat="37.921163" lon="-81.160751"></trkpt>
      <trkpt lat="37.920990" lon="-81.161018"></trkpt>
      <trkpt lat="37.920869" lon="-81.161205"></trkpt>
      <trkpt lat="37.920675" lon="-81.161521"></trkpt>
      <trkpt lat="37.920501" lon="-81.161765"></trkpt>
      <trkpt lat="37.920379" lon="-81.162015"></trkpt>
      <trkpt lat="37.920234" lon="-81.162301"></trkpt>
      <trkpt lat="37.920095" lon="-81.162655"></trkpt>
      <trkpt lat="37.919993" lon="-81.163017"></trkpt>
      <trkpt lat="37.919907" lon="-81.163335"></trkpt>
      <trkpt lat="37.919819" lon="-81.163682"></trkpt>
      <trkpt lat="37.919683" lon="-81.164075"></trkpt>
      <trkpt lat="37.919473" lon="-81.164470"></trkpt>
      <trkpt lat="37.919263" lon="-81.164738"></trkpt>
      <trkpt lat="37.918981" lon="-81.165003"></trkpt>
      <trkpt lat="37.918687" lon="-81.165194"></trkpt>
      <trkpt lat="37.918449" lon="-81.165308"></trkpt>
      <trkpt lat="37.918158" lon="-81.165386"></trkpt>
      <trkpt lat="37.917958" lon="-81.165407"></trkpt>
      <trkpt lat="37.917643" lon="-81.165399"></trkpt>
      <trkpt lat="37.917320" lon="-81.165337"></trkpt>
      <trkpt lat="37.917224" lon="-81.165302"></trkpt>
      <trkpt lat="37.916707" lon="-81.165136"></trkpt>
      <trkpt lat="37.916310" lon="-81.165014"></trkpt>
      <trkpt lat="37.915815" lon="-81.164865"></trkpt>
      <trkpt lat="37.915409" lon="-81.164743"></trkpt>
      <trkpt lat="37.914723" lon="-81.164511"></trkpt>
      <trkpt lat="37.914439" lon="-81.164376"></trkpt>
      <trkpt lat="37.914194" lon="-81.164230"></trkpt>
      <trkpt lat="37.913935" lon="-81.164058"></trkpt>
      <trkpt lat="37.913659" lon="-81.163799"></trkpt>
      <trkpt lat="37.913589" lon="-81.163727"></trkpt>
      <trkpt lat="37.913232" lon="-81.163356"></trkpt>
      <trkpt lat="37.913001" lon="-81.163069"></trkpt>
      <trkpt lat="37.912898" lon="-81.162919"></trkpt>
      <trkpt lat="37.912597" lon="-81.162442"></trkpt>
      <trkpt lat="37.912308" lon="-81.162066"></trkpt>
      <trkpt lat="37.911862" lon="-81.161673"></trkpt>
      <trkpt lat="37.911502" lon="-81.161493"></trkpt>
      <trkpt lat="37.911174" lon="-81.161399"></trkpt>
      <trkpt lat="37.910894" lon="-81.161369"></trkpt>
      <trkpt lat="37.910425" lon="-81.161372"></trkpt>
      <trkpt lat="37.910051" lon="-81.161326"></trkpt>
      <trkpt lat="37.909588" lon="-81.161250"></trkpt>
      <trkpt lat="37.909335" lon="-81.161099"></trkpt>
      <trkpt lat="37.909110" lon="-81.160881"></trkpt>
      <trkpt lat="37.908923" lon="-81.160606"></trkpt>
      <trkpt lat="37.908668" lon="-81.160219"></trkpt>
      <trkpt lat="37.908547" lon="-81.160020"></trkpt>
      <trkpt lat="37.908369" lon="-81.159701"></trkpt>
      <trkpt lat="37.908199" lon="-81.159368"></trkpt>
      <trkpt lat="37.908087" lon="-81.159181"></trkpt>
      <trkpt lat="37.907925" lon="-81.158858"></trkpt>
      <trkpt lat="37.907895" lon="-81.158785"></trkpt>
      <trkpt lat="37.907793" lon="-81.158445"></trkpt>
      <trkpt lat="37.907695" lon="-81.158036"></trkpt>
      <trkpt lat="37.907627" lon="-81.157659"></trkpt>
      <trkpt lat="37.907594" lon="-81.157486"></trkpt>
      <trkpt lat="37.907557" lon="-81.157367"></trkpt>
      <trkpt lat="37.907471" lon="-81.157210"></trkpt>
      <trkpt lat="37.907383" lon="-81.157086"></trkpt>
      <trkpt lat="37.907313" lon="-81.157024"></trkpt>
      <trkpt lat="37.907201" lon="-81.156936"></trkpt>
      <trkpt lat="37.906106" lon="-81.156351"></trkpt>
      <trkpt lat="37.905509" lon="-81.156009"></trkpt>
      <trkpt lat="37.904819" lon="-81.155621"></trkpt>
      <trkpt lat="37.902638" lon="-81.154428"></trkpt>
      <trkpt lat="37.902255" lon="-81.154226"></trkpt>
      <trkpt lat="37.901887" lon="-81.154013"></trkpt>
      <trkpt lat="37.901544" lon="-81.153841"></trkpt>
      <trkpt lat="37.901314" lon="-81.153770"></trkpt>
      <trkpt lat="37.901145" lon="-81.153731"></trkpt>
      <trkpt lat="37.900905" lon="-81.153690"></trkpt>
      <trkpt lat="37.900690" lon="-81.153706"></trkpt>
      <trkpt lat="37.900386" lon="-81.153768"></trkpt>
      <trkpt lat="37.900227" lon="-81.153829"></trkpt>
      <trkpt lat="37.900010" lon="-81.153912"></trkpt>
      <trkpt lat="37.899730" lon="-81.154114"></trkpt>
      <trkpt lat="37.899543" lon="-81.154280"></trkpt>
      <trkpt lat="37.899388" lon="-81.154431"></trkpt>
      <trkpt lat="37.898677" lon="-81.155138"></trkpt>
      <trkpt lat="37.898477" lon="-81.155360"></trkpt>
      <trkpt lat="37.898256" lon="-81.155573"></trkpt>
      <trkpt lat="37.898157" lon="-81.155675"></trkpt>
      <trkpt lat="37.897963" lon="-81.155876"></trkpt>
      <trkpt lat="37.897669" lon="-81.156212"></trkpt>
      <trkpt lat="37.897408" lon="-81.156552"></trkpt>
      <trkpt lat="37.897307" lon="-81.156684"></trkpt>
      <trkpt lat="37.895830" lon="-81.159081"></trkpt>
      <trkpt lat="37.895781" lon="-81.159148"></trkpt>
      <trkpt lat="37.895440" lon="-81.159510"></trkpt>
      <trkpt lat="37.894998" lon="-81.159998"></trkpt>
      <trkpt lat="37.894922" lon="-81.160044"></trkpt>
      <trkpt lat="37.894153" lon="-81.160620"></trkpt>
      <trkpt lat="37.893582" lon="-81.161033"></trkpt>
      <trkpt lat="37.893146" lon="-81.161341"></trkpt>
      <trkpt lat="37.892662" lon="-81.161660"></trkpt>
      <trkpt lat="37.892171" lon="-81.162014"></trkpt>
      <trkpt lat="37.891906" lon="-81.162206"></trkpt>
      <trkpt lat="37.891725" lon="-81.162337"></trkpt>
      <trkpt lat="37.891606" lon="-81.162121"></trkpt>
      <trkpt lat="37.891528" lon="-81.162020"></trkpt>
      <trkpt lat="37.891297" lon="-81.161781"></trkpt>
      <trkpt lat="37.891095" lon="-81.161676"></trkpt>
      <trkpt lat="37.890832" lon="-81.161539"></trkpt>
      <trkpt lat="37.890106" lon="-81.161157"></trkpt>
      <trkpt lat="37.889993" lon="-81.161108"></trkpt>
      <trkpt lat="37.889657" lon="-81.161026"></trkpt>
      <trkpt lat="37.889413" lon="-81.160995"></trkpt>
      <trkpt lat="37.889152" lon="-81.160984"></trkpt>
      <trkpt lat="37.888930" lon="-81.160994"></trkpt>
      <trkpt lat="37.888569" lon="-81.161018"></trkpt>
      <trkpt lat="37.888223" lon="-81.161027"></trkpt>
      <trkpt lat="37.888152" lon="-81.161018"></trkpt>
      <trkpt lat="37.887923" lon="-81.160974"></trkpt>
      <trkpt lat="37.887706" lon="-81.160913"></trkpt>
      <trkpt lat="37.887462" lon="-81.160815"></trkpt>
      <trkpt lat="37.887244" lon="-81.160664"></trkpt>
      <trkpt lat="37.886983" lon="-81.160449"></trkpt>
      <trkpt lat="37.886770" lon="-81.160246"></trkpt>
      <trkpt lat="37.886582" lon="-81.159999"></trkpt>
      <trkpt lat="37.886450" lon="-81.159776"></trkpt>
      <trkpt lat="37.886356" lon="-81.159598"></trkpt>
      <trkpt lat="37.886269" lon="-81.159427"></trkpt>
      <trkpt lat="37.886179" lon="-81.159220"></trkpt>
      <trkpt lat="37.886103" lon="-81.159045"></trkpt>
      <trkpt lat="37.885879" lon="-81.158492"></trkpt>
      <trkpt lat="37.885718" lon="-81.158081"></trkpt>
      <trkpt lat="37.885624" lon="-81.157856"></trkpt>
      <trkpt lat="37.885569" lon="-81.157715"></trkpt>
      <trkpt lat="37.885400" lon="-81.157330"></trkpt>
      <trkpt lat="37.885263" lon="-81.157018"></trkpt>
      <trkpt lat="37.885119" lon="-81.156702"></trkpt>
      <trkpt lat="37.884997" lon="-81.156503"></trkpt>
      <trkpt lat="37.884864" lon="-81.156313"></trkpt>
      <trkpt lat="37.884643" lon="-81.156084"></trkpt>
      <trkpt lat="37.884289" lon="-81.155773"></trkpt>
      <trkpt lat="37.883881" lon="-81.155458"></trkpt>
      <trkpt lat="37.883385" lon="-81.155073"></trkpt>
      <trkpt lat="37.882966" lon="-81.154696"></trkpt>
      <trkpt lat="37.882616" lon="-81.154352"></trkpt>
      <trkpt lat="37.882536" lon="-81.154272"></trkpt>
      <trkpt lat="37.882164" lon="-81.153887"></trkpt>
      <trkpt lat="37.881841" lon="-81.153532"></trkpt>
      <trkpt lat="37.881711" lon="-81.153395"></trkpt>
      <trkpt lat="37.880805" lon="-81.152254"></trkpt>
      <trkpt lat="37.880542" lon="-81.151905"></trkpt>
      <trkpt lat="37.880105" lon="-81.151277"></trkpt>
      <trkpt lat="37.879984" lon="-81.151102"></trkpt>
      <trkpt lat="37.879542" lon="-81.150384"></trkpt>
      <trkpt lat="37.879416" lon="-81.150183"></trkpt>
      <trkpt lat="37.879279" lon="-81.149897"></trkpt>
      <trkpt lat="37.879102" lon="-81.149448"></trkpt>
      <trkpt lat="37.878882" lon="-81.148691"></trkpt>
      <trkpt lat="37.878839" lon="-81.148481"></trkpt>
      <trkpt lat="37.878804" lon="-81.148282"></trkpt>
      <trkpt lat="37.878760" lon="-81.147971"></trkpt>
      <trkpt lat="37.878752" lon="-81.147898"></trkpt>
      <trkpt lat="37.878725" lon="-81.147462"></trkpt>
      <trkpt lat="37.878715" lon="-81.147199"></trkpt>
      <trkpt lat="37.878726" lon="-81.146926"></trkpt>
      <trkpt lat="37.878739" lon="-81.146704"></trkpt>
      <trkpt lat="37.878767" lon="-81.146482"></trkpt>
      <trkpt lat="37.878852" lon="-81.145914"></trkpt>
      <trkpt lat="37.878877" lon="-81.145592"></trkpt>
      <trkpt lat="37.878872" lon="-81.145366"></trkpt>
      <trkpt lat="37.878860" lon="-81.145179"></trkpt>
      <trkpt lat="37.878840" lon="-81.145028"></trkpt>
      <trkpt lat="37.878785" lon="-81.144720"></trkpt>
      <trkpt lat="37.878686" lon="-81.144395"></trkpt>
      <trkpt lat="37.878590" lon="-81.144150"></trkpt>
      <trkpt lat="37.878465" lon="-81.143893"></trkpt>
      <trkpt lat="37.878351" lon="-81.143715"></trkpt>
      <trkpt lat="37.878260" lon="-81.143594"></trkpt>
      <trkpt lat="37.878001" lon="-81.143319"></trkpt>
      <trkpt lat="37.877542" lon="-81.142962"></trkpt>
      <trkpt lat="37.877068" lon="-81.142631"></trkpt>
      <trkpt lat="37.876668" lon="-81.142345"></trkpt>
      <trkpt lat="37.876278" lon="-81.142062"></trkpt>
      <trkpt lat="37.875866" lon="-81.141764"></trkpt>
      <trkpt lat="37.875504" lon="-81.141499"></trkpt>
      <trkpt lat="37.875294" lon="-81.141347"></trkpt>
      <trkpt lat="37.874930" lon="-81.141066"></trkpt>
      <trkpt lat="37.874439" lon="-81.140738"></trkpt>
      <trkpt lat="37.874259" lon="-81.140627"></trkpt>
      <trkpt lat="37.874165" lon="-81.140570"></trkpt>
      <trkpt lat="37.873982" lon="-81.140473"></trkpt>
      <trkpt lat="37.873843" lon="-81.140412"></trkpt>
      <trkpt lat="37.873586" lon="-81.140324"></trkpt>
      <trkpt lat="37.873388" lon="-81.140273"></trkpt>
      <trkpt lat="37.873300" lon="-81.140254"></trkpt>
      <trkpt lat="37.873019" lon="-81.140204"></trkpt>
      <trkpt lat="37.872727" lon="-81.140178"></trkpt>
      <trkpt lat="37.872237" lon="-81.140108"></trkpt>
      <trkpt lat="37.871874" lon="-81.140084"></trkpt>
      <trkpt lat="37.871706" lon="-81.140077"></trkpt>
      <trkpt lat="37.871476" lon="-81.140054"></trkpt>
      <trkpt lat="37.871176" lon="-81.140010"></trkpt>
      <trkpt lat="37.870873" lon="-81.139975"></trkpt>
      <trkpt lat="37.870540" lon="-81.139927"></trkpt>
      <trkpt lat="37.870165" lon="-81.139840"></trkpt>
      <trkpt lat="37.870025" lon="-81.139787"></trkpt>
      <trkpt lat="37.869788" lon="-81.139667"></trkpt>
      <trkpt lat="37.869387" lon="-81.139422"></trkpt>
      <trkpt lat="37.869162" lon="-81.139262"></trkpt>
      <trkpt lat="37.868938" lon="-81.139076"></trkpt>
      <trkpt lat="37.868832" lon="-81.138979"></trkpt>
      <trkpt lat="37.868639" lon="-81.138761"></trkpt>
      <trkpt lat="37.868490" lon="-81.138534"></trkpt>
      <trkpt lat="37.868340" lon="-81.138267"></trkpt>
      <trkpt lat="37.868191" lon="-81.137960"></trkpt>
      <trkpt lat="37.868070" lon="-81.137665"></trkpt>
      <trkpt lat="37.867855" lon="-81.137128"></trkpt>
      <trkpt lat="37.867619" lon="-81.136577"></trkpt>
      <trkpt lat="37.867381" lon="-81.136135"></trkpt>
      <trkpt lat="37.867171" lon="-81.135805"></trkpt>
      <trkpt lat="37.867028" lon="-81.135613"></trkpt>
      <trkpt lat="37.866841" lon="-81.135374"></trkpt>
      <trkpt lat="37.866548" lon="-81.135046"></trkpt>
      <trkpt lat="37.866243" lon="-81.134733"></trkpt>
      <trkpt lat="37.865965" lon="-81.134382"></trkpt>
      <trkpt lat="37.865735" lon="-81.133996"></trkpt>
      <trkpt lat="37.865633" lon="-81.133810"></trkpt>
      <trkpt lat="37.865468" lon="-81.133373"></trkpt>
      <trkpt lat="37.865364" lon="-81.133079"></trkpt>
      <trkpt lat="37.865262" lon="-81.132781"></trkpt>
      <trkpt lat="37.865133" lon="-81.132392"></trkpt>
      <trkpt lat="37.865036" lon="-81.132051"></trkpt>
      <trkpt lat="37.864964" lon="-81.131573"></trkpt>
      <trkpt lat="37.864958" lon="-81.131133"></trkpt>
      <trkpt lat="37.864977" lon="-81.130747"></trkpt>
      <trkpt lat="37.865050" lon="-81.130266"></trkpt>
      <trkpt lat="37.865260" lon="-81.129369"></trkpt>
      <trkpt lat="37.865532" lon="-81.128134"></trkpt>
      <trkpt lat="37.865574" lon="-81.127874"></trkpt>
      <trkpt lat="37.865582" lon="-81.127782"></trkpt>
      <trkpt lat="37.865584" lon="-81.127621"></trkpt>
      <trkpt lat="37.865562" lon="-81.127406"></trkpt>
      <trkpt lat="37.865542" lon="-81.127295"></trkpt>
      <trkpt lat="37.865501" lon="-81.127169"></trkpt>
      <trkpt lat="37.865412" lon="-81.126979"></trkpt>
      <trkpt lat="37.865366" lon="-81.126898"></trkpt>
      <trkpt lat="37.865289" lon="-81.126793"></trkpt>
      <trkpt lat="37.865188" lon="-81.126688"></trkpt>
      <trkpt lat="37.865054" lon="-81.126578"></trkpt>
      <trkpt lat="37.864980" lon="-81.126539"></trkpt>
      <trkpt lat="37.864898" lon="-81.126501"></trkpt>
      <trkpt lat="37.864814" lon="-81.126466"></trkpt>
      <trkpt lat="37.864701" lon="-81.126437"></trkpt>
      <trkpt lat="37.864500" lon="-81.126412"></trkpt>
      <trkpt lat="37.864189" lon="-81.126411"></trkpt>
      <trkpt lat="37.863851" lon="-81.126384"></trkpt>
      <trkpt lat="37.863446" lon="-81.126346"></trkpt>
      <trkpt lat="37.863152" lon="-81.126274"></trkpt>
      <trkpt lat="37.862759" lon="-81.126141"></trkpt>
      <trkpt lat="37.862323" lon="-81.125988"></trkpt>
      <trkpt lat="37.861963" lon="-81.125841"></trkpt>
      <trkpt lat="37.861666" lon="-81.125711"></trkpt>
      <trkpt lat="37.861379" lon="-81.125619"></trkpt>
      <trkpt lat="37.861124" lon="-81.125576"></trkpt>
      <trkpt lat="37.860904" lon="-81.125565"></trkpt>
      <trkpt lat="37.860801" lon="-81.125566"></trkpt>
      <trkpt lat="37.860607" lon="-81.125596"></trkpt>
      <trkpt lat="37.860333" lon="-81.125662"></trkpt>
      <trkpt lat="37.860113" lon="-81.125725"></trkpt>
      <trkpt lat="37.859852" lon="-81.125811"></trkpt>
      <trkpt lat="37.859534" lon="-81.125912"></trkpt>
      <trkpt lat="37.859250" lon="-81.126021"></trkpt>
      <trkpt lat="37.858875" lon="-81.126147"></trkpt>
      <trkpt lat="37.858468" lon="-81.126269"></trkpt>
      <trkpt lat="37.858067" lon="-81.126407"></trkpt>
      <trkpt lat="37.857669" lon="-81.126536"></trkpt>
      <trkpt lat="37.857264" lon="-81.126623"></trkpt>
      <trkpt lat="37.856967" lon="-81.126647"></trkpt>
      <trkpt lat="37.856502" lon="-81.126656"></trkpt>
      <trkpt lat="37.856105" lon="-81.126656"></trkpt>
      <trkpt lat="37.855701" lon="-81.126666"></trkpt>
      <trkpt lat="37.855255" lon="-81.126707"></trkpt>
      <trkpt lat="37.855137" lon="-81.126732"></trkpt>
      <trkpt lat="37.854970" lon="-81.126774"></trkpt>
      <trkpt lat="37.854762" lon="-81.126865"></trkpt>
      <trkpt lat="37.854559" lon="-81.126983"></trkpt>
      <trkpt lat="37.854342" lon="-81.127154"></trkpt>
      <trkpt lat="37.854202" lon="-81.127286"></trkpt>
      <trkpt lat="37.854084" lon="-81.127417"></trkpt>
      <trkpt lat="37.853934" lon="-81.127614"></trkpt>
      <trkpt lat="37.852962" lon="-81.128867"></trkpt>
      <trkpt lat="37.852410" lon="-81.129558"></trkpt>
      <trkpt lat="37.852022" lon="-81.130054"></trkpt>
      <trkpt lat="37.851678" lon="-81.130490"></trkpt>
      <trkpt lat="37.851029" lon="-81.131322"></trkpt>
      <trkpt lat="37.850371" lon="-81.132147"></trkpt>
      <trkpt lat="37.850184" lon="-81.132396"></trkpt>
      <trkpt lat="37.850079" lon="-81.132533"></trkpt>
      <trkpt lat="37.849919" lon="-81.132726"></trkpt>
      <trkpt lat="37.849769" lon="-81.132929"></trkpt>
      <trkpt lat="37.849614" lon="-81.133121"></trkpt>
      <trkpt lat="37.849359" lon="-81.133443"></trkpt>
      <trkpt lat="37.849211" lon="-81.133635"></trkpt>
      <trkpt lat="37.849070" lon="-81.133789"></trkpt>
      <trkpt lat="37.848993" lon="-81.133860"></trkpt>
      <trkpt lat="37.848820" lon="-81.133955"></trkpt>
      <trkpt lat="37.848685" lon="-81.133994"></trkpt>
      <trkpt lat="37.848552" lon="-81.134010"></trkpt>
      <trkpt lat="37.848312" lon="-81.133972"></trkpt>
      <trkpt lat="37.848182" lon="-81.133923"></trkpt>
      <trkpt lat="37.848099" lon="-81.133870"></trkpt>
      <trkpt lat="37.847980" lon="-81.133781"></trkpt>
      <trkpt lat="37.847819" lon="-81.133597"></trkpt>
      <trkpt lat="37.847738" lon="-81.133449"></trkpt>
      <trkpt lat="37.847677" lon="-81.133273"></trkpt>
      <trkpt lat="37.847629" lon="-81.132988"></trkpt>
      <trkpt lat="37.847651" lon="-81.132738"></trkpt>
      <trkpt lat="37.847626" lon="-81.132370"></trkpt>
      <trkpt lat="37.847606" lon="-81.131968"></trkpt>
      <trkpt lat="37.847572" lon="-81.131335"></trkpt>
      <trkpt lat="37.847541" lon="-81.130792"></trkpt>
      <trkpt lat="37.847529" lon="-81.130427"></trkpt>
      <trkpt lat="37.847539" lon="-81.130312"></trkpt>
      <trkpt lat="37.847567" lon="-81.130197"></trkpt>
      <trkpt lat="37.847602" lon="-81.130099"></trkpt>
      <trkpt lat="37.847646" lon="-81.130027"></trkpt>
      <trkpt lat="37.847879" lon="-81.129833"></trkpt>
      <trkpt lat="37.847981" lon="-81.129763"></trkpt>
      <trkpt lat="37.848039" lon="-81.129710"></trkpt>
      <trkpt lat="37.848088" lon="-81.129639"></trkpt>
      <trkpt lat="37.848121" lon="-81.129565"></trkpt>
      <trkpt lat="37.848127" lon="-81.129482"></trkpt>
      <trkpt lat="37.848128" lon="-81.129402"></trkpt>
      <trkpt lat="37.848111" lon="-81.129320"></trkpt>
      <trkpt lat="37.848081" lon="-81.129238"></trkpt>
      <trkpt lat="37.847803" lon="-81.128739"></trkpt>
      <trkpt lat="37.847725" lon="-81.128611"></trkpt>
      <trkpt lat="37.847598" lon="-81.128296"></trkpt>
      <trkpt lat="37.847535" lon="-81.127999"></trkpt>
      <trkpt lat="37.847400" lon="-81.126755"></trkpt>
      <trkpt lat="37.847403" lon="-81.126582"></trkpt>
      <trkpt lat="37.847422" lon="-81.126317"></trkpt>
      <trkpt lat="37.847416" lon="-81.126184"></trkpt>
      <trkpt lat="37.847394" lon="-81.126077"></trkpt>
      <trkpt lat="37.847358" lon="-81.125959"></trkpt>
      <trkpt lat="37.847151" lon="-81.125504"></trkpt>
      <trkpt lat="37.846964" lon="-81.125012"></trkpt>
      <trkpt lat="37.846879" lon="-81.124771"></trkpt>
      <trkpt lat="37.846706" lon="-81.124314"></trkpt>
      <trkpt lat="37.846601" lon="-81.124076"></trkpt>
      <trkpt lat="37.846425" lon="-81.123746"></trkpt>
      <trkpt lat="37.846373" lon="-81.123560"></trkpt>
      <trkpt lat="37.846363" lon="-81.123451"></trkpt>
      <trkpt lat="37.846380" lon="-81.123323"></trkpt>
      <trkpt lat="37.846425" lon="-81.123140"></trkpt>
      <trkpt lat="37.846471" lon="-81.123000"></trkpt>
      <trkpt lat="37.846559" lon="-81.122799"></trkpt>
      <trkpt lat="37.846580" lon="-81.122704"></trkpt>
      <trkpt lat="37.846590" lon="-81.122601"></trkpt>
      <trkpt lat="37.846582" lon="-81.122527"></trkpt>
      <trkpt lat="37.846557" lon="-81.122446"></trkpt>
      <trkpt lat="37.846507" lon="-81.122359"></trkpt>
      <trkpt lat="37.846447" lon="-81.122289"></trkpt>
      <trkpt lat="37.846363" lon="-81.122225"></trkpt>
      <trkpt lat="37.846092" lon="-81.122105"></trkpt>
      <trkpt lat="37.845927" lon="-81.122044"></trkpt>
      <trkpt lat="37.845764" lon="-81.121964"></trkpt>
      <trkpt lat="37.845507" lon="-81.121712"></trkpt>
      <trkpt lat="37.845204" lon="-81.121348"></trkpt>
      <trkpt lat="37.844781" lon="-81.120912"></trkpt>
      <trkpt lat="37.844359" lon="-81.120424"></trkpt>
      <trkpt lat="37.843929" lon="-81.119866"></trkpt>
      <trkpt lat="37.843792" lon="-81.119685"></trkpt>
      <trkpt lat="37.843722" lon="-81.119557"></trkpt>
      <trkpt lat="37.843590" lon="-81.119192"></trkpt>
      <trkpt lat="37.843535" lon="-81.118957"></trkpt>
      <trkpt lat="37.843507" lon="-81.118789"></trkpt>
      <trkpt lat="37.843504" lon="-81.118678"></trkpt>
      <trkpt lat="37.843514" lon="-81.118540"></trkpt>
      <trkpt lat="37.843538" lon="-81.118464"></trkpt>
      <trkpt lat="37.843592" lon="-81.118370"></trkpt>
      <trkpt lat="37.843749" lon="-81.118184"></trkpt>
      <trkpt lat="37.843857" lon="-81.118074"></trkpt>
      <trkpt lat="37.843925" lon="-81.117983"></trkpt>
      <trkpt lat="37.843955" lon="-81.117920"></trkpt>
      <trkpt lat="37.843983" lon="-81.117837"></trkpt>
      <trkpt lat="37.843988" lon="-81.117738"></trkpt>
      <trkpt lat="37.843978" lon="-81.117651"></trkpt>
      <trkpt lat="37.843949" lon="-81.117558"></trkpt>
      <trkpt lat="37.843907" lon="-81.117489"></trkpt>
      <trkpt lat="37.843675" lon="-81.117219"></trkpt>
      <trkpt lat="37.843593" lon="-81.117105"></trkpt>
      <trkpt lat="37.843531" lon="-81.116958"></trkpt>
      <trkpt lat="37.843365" lon="-81.116219"></trkpt>
      <trkpt lat="37.843284" lon="-81.115799"></trkpt>
      <trkpt lat="37.843217" lon="-81.115499"></trkpt>
      <trkpt lat="37.843187" lon="-81.115323"></trkpt>
      <trkpt lat="37.843188" lon="-81.115197"></trkpt>
      <trkpt lat="37.843206" lon="-81.115056"></trkpt>
      <trkpt lat="37.843231" lon="-81.114965"></trkpt>
      <trkpt lat="37.843313" lon="-81.114848"></trkpt>
      <trkpt lat="37.843439" lon="-81.114701"></trkpt>
      <trkpt lat="37.843597" lon="-81.114580"></trkpt>
      <trkpt lat="37.843963" lon="-81.114194"></trkpt>
      <trkpt lat="37.844081" lon="-81.114044"></trkpt>
      <trkpt lat="37.844153" lon="-81.113946"></trkpt>
      <trkpt lat="37.844199" lon="-81.113864"></trkpt>
      <trkpt lat="37.844225" lon="-81.113752"></trkpt>
      <trkpt lat="37.844222" lon="-81.113665"></trkpt>
      <trkpt lat="37.844178" lon="-81.113598"></trkpt>
      <trkpt lat="37.844116" lon="-81.113574"></trkpt>
      <trkpt lat="37.843824" lon="-81.113554"></trkpt>
      <trkpt lat="37.843644" lon="-81.113491"></trkpt>
      <trkpt lat="37.843514" lon="-81.113412"></trkpt>
      <trkpt lat="37.843434" lon="-81.113333"></trkpt>
      <trkpt lat="37.843365" lon="-81.113260"></trkpt>
      <trkpt lat="37.843307" lon="-81.113173"></trkpt>
      <trkpt lat="37.843268" lon="-81.113084"></trkpt>
      <trkpt lat="37.843232" lon="-81.112979"></trkpt>
      <trkpt lat="37.843214" lon="-81.112881"></trkpt>
      <trkpt lat="37.843191" lon="-81.112711"></trkpt>
      <trkpt lat="37.843187" lon="-81.112510"></trkpt>
      <trkpt lat="37.843197" lon="-81.112387"></trkpt>
      <trkpt lat="37.843229" lon="-81.112227"></trkpt>
      <trkpt lat="37.843278" lon="-81.112084"></trkpt>
      <trkpt lat="37.843306" lon="-81.111972"></trkpt>
      <trkpt lat="37.843318" lon="-81.111852"></trkpt>
      <trkpt lat="37.843323" lon="-81.111523"></trkpt>
      <trkpt lat="37.843306" lon="-81.111064"></trkpt>
      <trkpt lat="37.843294" lon="-81.110815"></trkpt>
      <trkpt lat="37.843275" lon="-81.110630"></trkpt>
      <trkpt lat="37.843238" lon="-81.110411"></trkpt>
      <trkpt lat="37.843155" lon="-81.110023"></trkpt>
      <trkpt lat="37.843107" lon="-81.109748"></trkpt>
      <trkpt lat="37.843073" lon="-81.109456"></trkpt>
      <trkpt lat="37.843066" lon="-81.109162"></trkpt>
      <trkpt lat="37.843077" lon="-81.108811"></trkpt>
      <trkpt lat="37.843116" lon="-81.108499"></trkpt>
      <trkpt lat="37.843195" lon="-81.108144"></trkpt>
      <trkpt lat="37.843287" lon="-81.107707"></trkpt>
      <trkpt lat="37.843318" lon="-81.107355"></trkpt>
      <trkpt lat="37.843311" lon="-81.106883"></trkpt>
      <trkpt lat="37.843316" lon="-81.106563"></trkpt>
      <trkpt lat="37.843338" lon="-81.106220"></trkpt>
      <trkpt lat="37.843419" lon="-81.105689"></trkpt>
      <trkpt lat="37.843457" lon="-81.105404"></trkpt>
      <trkpt lat="37.843475" lon="-81.105061"></trkpt>
      <trkpt lat="37.843471" lon="-81.104681"></trkpt>
      <trkpt lat="37.843468" lon="-81.104374"></trkpt>
      <trkpt lat="37.843459" lon="-81.103907"></trkpt>
      <trkpt lat="37.843440" lon="-81.103034"></trkpt>
      <trkpt lat="37.843428" lon="-81.102599"></trkpt>
      <trkpt lat="37.843420" lon="-81.102016"></trkpt>
      <trkpt lat="37.843406" lon="-81.101861"></trkpt>
      <trkpt lat="37.843374" lon="-81.101686"></trkpt>
      <trkpt lat="37.843290" lon="-81.101430"></trkpt>
      <trkpt lat="37.843030" lon="-81.100783"></trkpt>
      <trkpt lat="37.842798" lon="-81.100295"></trkpt>
      <trkpt lat="37.842676" lon="-81.099943"></trkpt>
      <trkpt lat="37.842638" lon="-81.099789"></trkpt>
      <trkpt lat="37.842615" lon="-81.099618"></trkpt>
      <trkpt lat="37.842610" lon="-81.099471"></trkpt>
      <trkpt lat="37.842621" lon="-81.099333"></trkpt>
      <trkpt lat="37.842655" lon="-81.099163"></trkpt>
      <trkpt lat="37.842699" lon="-81.098950"></trkpt>
      <trkpt lat="37.842745" lon="-81.098811"></trkpt>
      <trkpt lat="37.842822" lon="-81.098657"></trkpt>
      <trkpt lat="37.842987" lon="-81.098390"></trkpt>
      <trkpt lat="37.843048" lon="-81.098261"></trkpt>
      <trkpt lat="37.843307" lon="-81.097644"></trkpt>
      <trkpt lat="37.843465" lon="-81.097358"></trkpt>
      <trkpt lat="37.844177" lon="-81.096449"></trkpt>
      <trkpt lat="37.844519" lon="-81.096008"></trkpt>
      <trkpt lat="37.844668" lon="-81.095847"></trkpt>
      <trkpt lat="37.844823" lon="-81.095734"></trkpt>
      <trkpt lat="37.845343" lon="-81.095538"></trkpt>
      <trkpt lat="37.846103" lon="-81.095010"></trkpt>
      <trkpt lat="37.846716" lon="-81.094689"></trkpt>
      <trkpt lat="37.847283" lon="-81.094518"></trkpt>
      <trkpt lat="37.847700" lon="-81.094401"></trkpt>
      <trkpt lat="37.848330" lon="-81.094202"></trkpt>
      <trkpt lat="37.848386" lon="-81.094166"></trkpt>
      <trkpt lat="37.848438" lon="-81.094118"></trkpt>
      <trkpt lat="37.848493" lon="-81.094053"></trkpt>
      <trkpt lat="37.848547" lon="-81.093967"></trkpt>
      <trkpt lat="37.848591" lon="-81.093861"></trkpt>
      <trkpt lat="37.848616" lon="-81.093750"></trkpt>
      <trkpt lat="37.848634" lon="-81.093643"></trkpt>
      <trkpt lat="37.848648" lon="-81.093523"></trkpt>
      <trkpt lat="37.848693" lon="-81.092880"></trkpt>
      <trkpt lat="37.848707" lon="-81.092700"></trkpt>
      <trkpt lat="37.848718" lon="-81.092558"></trkpt>
      <trkpt lat="37.848738" lon="-81.092312"></trkpt>
      <trkpt lat="37.848746" lon="-81.092161"></trkpt>
      <trkpt lat="37.848749" lon="-81.092081"></trkpt>
      <trkpt lat="37.848749" lon="-81.091977"></trkpt>
      <trkpt lat="37.848747" lon="-81.091715"></trkpt>
      <trkpt lat="37.848724" lon="-81.091347"></trkpt>
      <trkpt lat="37.848714" lon="-81.091080"></trkpt>
      <trkpt lat="37.848735" lon="-81.090818"></trkpt>
      <trkpt lat="37.848761" lon="-81.090721"></trkpt>
      <trkpt lat="37.848781" lon="-81.090647"></trkpt>
      <trkpt lat="37.848798" lon="-81.090400"></trkpt>
      <trkpt lat="37.848821" lon="-81.089834"></trkpt>
      <trkpt lat="37.848853" lon="-81.089161"></trkpt>
      <trkpt lat="37.848913" lon="-81.088542"></trkpt>
      <trkpt lat="37.848985" lon="-81.088022"></trkpt>
      <trkpt lat="37.849071" lon="-81.087379"></trkpt>
      <trkpt lat="37.849162" lon="-81.086829"></trkpt>
      <trkpt lat="37.849241" lon="-81.086438"></trkpt>
      <trkpt lat="37.849330" lon="-81.085944"></trkpt>
      <trkpt lat="37.849468" lon="-81.085334"></trkpt>
      <trkpt lat="37.849508" lon="-81.085101"></trkpt>
      <trkpt lat="37.849597" lon="-81.084800"></trkpt>
      <trkpt lat="37.849681" lon="-81.084449"></trkpt>
      <trkpt lat="37.849765" lon="-81.084174"></trkpt>
      <trkpt lat="37.849853" lon="-81.083851"></trkpt>
      <trkpt lat="37.849952" lon="-81.083504"></trkpt>
      <trkpt lat="37.850116" lon="-81.082786"></trkpt>
      <trkpt lat="37.850303" lon="-81.082185"></trkpt>
      <trkpt lat="37.850675" lon="-81.080977"></trkpt>
      <trkpt lat="37.851177" lon="-81.079474"></trkpt>
      <trkpt lat="37.851640" lon="-81.078004"></trkpt>
      <trkpt lat="37.851974" lon="-81.077044"></trkpt>
      <trkpt lat="37.852154" lon="-81.076517"></trkpt>
      <trkpt lat="37.852442" lon="-81.075590"></trkpt>
      <trkpt lat="37.852611" lon="-81.074926"></trkpt>
      <trkpt lat="37.852776" lon="-81.074144"></trkpt>
      <trkpt lat="37.852865" lon="-81.073519"></trkpt>
      <trkpt lat="37.852907" lon="-81.073005"></trkpt>
      <trkpt lat="37.852961" lon="-81.072149"></trkpt>
      <trkpt lat="37.852997" lon="-81.071922"></trkpt>
      <trkpt lat="37.853040" lon="-81.071836"></trkpt>
      <trkpt lat="37.853079" lon="-81.071767"></trkpt>
      <trkpt lat="37.853160" lon="-81.071679"></trkpt>
      <trkpt lat="37.854081" lon="-81.071277"></trkpt>
      <trkpt lat="37.854833" lon="-81.071018"></trkpt>
      <trkpt lat="37.854920" lon="-81.070930"></trkpt>
      <trkpt lat="37.854968" lon="-81.070831"></trkpt>
      <trkpt lat="37.855111" lon="-81.070461"></trkpt>
      <trkpt lat="37.855166" lon="-81.070336"></trkpt>
      <trkpt lat="37.855372" lon="-81.069851"></trkpt>
      <trkpt lat="37.855620" lon="-81.069221"></trkpt>
      <trkpt lat="37.855765" lon="-81.068766"></trkpt>
      <trkpt lat="37.855822" lon="-81.068346"></trkpt>
      <trkpt lat="37.855831" lon="-81.067907"></trkpt>
      <trkpt lat="37.855871" lon="-81.067470"></trkpt>
      <trkpt lat="37.855929" lon="-81.067222"></trkpt>
      <trkpt lat="37.856141" lon="-81.066742"></trkpt>
      <trkpt lat="37.856170" lon="-81.066674"></trkpt>
      <trkpt lat="37.856182" lon="-81.066581"></trkpt>
      <trkpt lat="37.856185" lon="-81.066482"></trkpt>
      <trkpt lat="37.856163" lon="-81.066359"></trkpt>
      <trkpt lat="37.856097" lon="-81.066198"></trkpt>
      <trkpt lat="37.856035" lon="-81.065971"></trkpt>
      <trkpt lat="37.855940" lon="-81.065471"></trkpt>
      <trkpt lat="37.855881" lon="-81.064975"></trkpt>
      <trkpt lat="37.855878" lon="-81.064391"></trkpt>
      <trkpt lat="37.855922" lon="-81.063802"></trkpt>
      <trkpt lat="37.855974" lon="-81.063326"></trkpt>
      <trkpt lat="37.856042" lon="-81.062875"></trkpt>
      <trkpt lat="37.856143" lon="-81.062513"></trkpt>
      <trkpt lat="37.856344" lon="-81.062089"></trkpt>
      <trkpt lat="37.856445" lon="-81.061751"></trkpt>
      <trkpt lat="37.856599" lon="-81.060876"></trkpt>
      <trkpt lat="37.856719" lon="-81.060261"></trkpt>
      <trkpt lat="37.856800" lon="-81.059814"></trkpt>
      <trkpt lat="37.856831" lon="-81.059606"></trkpt>
      <trkpt lat="37.856942" lon="-81.059054"></trkpt>
      <trkpt lat="37.857007" lon="-81.058745"></trkpt>
      <trkpt lat="37.857087" lon="-81.058401"></trkpt>
      <trkpt lat="37.857458" lon="-81.057190"></trkpt>
      <trkpt lat="37.857469" lon="-81.057156"></trkpt>
      <trkpt lat="37.857586" lon="-81.056808"></trkpt>
      <trkpt lat="37.857701" lon="-81.056531"></trkpt>
      <trkpt lat="37.857835" lon="-81.056269"></trkpt>
      <trkpt lat="37.857999" lon="-81.055948"></trkpt>
      <trkpt lat="37.858210" lon="-81.055588"></trkpt>
      <trkpt lat="37.858457" lon="-81.055164"></trkpt>
      <trkpt lat="37.858598" lon="-81.054915"></trkpt>
      <trkpt lat="37.858718" lon="-81.054706"></trkpt>
      <trkpt lat="37.858888" lon="-81.054389"></trkpt>
      <trkpt lat="37.858991" lon="-81.054160"></trkpt>
      <trkpt lat="37.859129" lon="-81.053807"></trkpt>
      <trkpt lat="37.859243" lon="-81.053404"></trkpt>
      <trkpt lat="37.859309" lon="-81.053093"></trkpt>
      <trkpt lat="37.859351" lon="-81.052777"></trkpt>
      <trkpt lat="37.859377" lon="-81.052514"></trkpt>
      <trkpt lat="37.859393" lon="-81.052359"></trkpt>
      <trkpt lat="37.859402" lon="-81.051872"></trkpt>
      <trkpt lat="37.859411" lon="-81.051604"></trkpt>
      <trkpt lat="37.859416" lon="-81.051469"></trkpt>
      <trkpt lat="37.859441" lon="-81.051079"></trkpt>
      <trkpt lat="37.859458" lon="-81.050646"></trkpt>
      <trkpt lat="37.859475" lon="-81.050259"></trkpt>
      <trkpt lat="37.859477" lon="-81.050015"></trkpt>
      <trkpt lat="37.859439" lon="-81.049675"></trkpt>
      <trkpt lat="37.859377" lon="-81.049380"></trkpt>
      <trkpt lat="37.859332" lon="-81.049200"></trkpt>
      <trkpt lat="37.859164" lon="-81.048893"></trkpt>
      <trkpt lat="37.858963" lon="-81.048680"></trkpt>
      <trkpt lat="37.858697" lon="-81.048418"></trkpt>
      <trkpt lat="37.858491" lon="-81.048216"></trkpt>
      <trkpt lat="37.858360" lon="-81.048094"></trkpt>
      <trkpt lat="37.858223" lon="-81.047960"></trkpt>
      <trkpt lat="37.858049" lon="-81.047782"></trkpt>
      <trkpt lat="37.857907" lon="-81.047643"></trkpt>
      <trkpt lat="37.857704" lon="-81.047457"></trkpt>
      <trkpt lat="37.857567" lon="-81.047346"></trkpt>
      <trkpt lat="37.857382" lon="-81.047215"></trkpt>
      <trkpt lat="37.857060" lon="-81.047014"></trkpt>
      <trkpt lat="37.856721" lon="-81.046870"></trkpt>
      <trkpt lat="37.856420" lon="-81.046731"></trkpt>
      <trkpt lat="37.856102" lon="-81.046584"></trkpt>
      <trkpt lat="37.855832" lon="-81.046427"></trkpt>
      <trkpt lat="37.855617" lon="-81.046300"></trkpt>
      <trkpt lat="37.855421" lon="-81.046160"></trkpt>
      <trkpt lat="37.855227" lon="-81.045980"></trkpt>
      <trkpt lat="37.855080" lon="-81.045777"></trkpt>
      <trkpt lat="37.854962" lon="-81.045605"></trkpt>
      <trkpt lat="37.854767" lon="-81.045293"></trkpt>
      <trkpt lat="37.854685" lon="-81.045152"></trkpt>
      <trkpt lat="37.854373" lon="-81.044558"></trkpt>
      <trkpt lat="37.854288" lon="-81.044415"></trkpt>
      <trkpt lat="37.854133" lon="-81.044136"></trkpt>
      <trkpt lat="37.853943" lon="-81.043826"></trkpt>
      <trkpt lat="37.853834" lon="-81.043637"></trkpt>
      <trkpt lat="37.853741" lon="-81.043448"></trkpt>
      <trkpt lat="37.853642" lon="-81.043218"></trkpt>
      <trkpt lat="37.853614" lon="-81.043111"></trkpt>
      <trkpt lat="37.853593" lon="-81.042961"></trkpt>
      <trkpt lat="37.853616" lon="-81.042705"></trkpt>
      <trkpt lat="37.853745" lon="-81.042234"></trkpt>
      <trkpt lat="37.853828" lon="-81.041904"></trkpt>
      <trkpt lat="37.853865" lon="-81.041655"></trkpt>
      <trkpt lat="37.853878" lon="-81.041395"></trkpt>
      <trkpt lat="37.853832" lon="-81.041036"></trkpt>
      <trkpt lat="37.853782" lon="-81.040843"></trkpt>
      <trkpt lat="37.853711" lon="-81.040675"></trkpt>
      <trkpt lat="37.853633" lon="-81.040514"></trkpt>
      <trkpt lat="37.853519" lon="-81.040350"></trkpt>
      <trkpt lat="37.853358" lon="-81.040146"></trkpt>
      <trkpt lat="37.853227" lon="-81.040016"></trkpt>
      <trkpt lat="37.852822" lon="-81.039648"></trkpt>
      <trkpt lat="37.852413" lon="-81.039267"></trkpt>
      <trkpt lat="37.852203" lon="-81.039082"></trkpt>
      <trkpt lat="37.852004" lon="-81.038872"></trkpt>
      <trkpt lat="37.851835" lon="-81.038661"></trkpt>
      <trkpt lat="37.851734" lon="-81.038481"></trkpt>
      <trkpt lat="37.851660" lon="-81.038294"></trkpt>
      <trkpt lat="37.851542" lon="-81.037926"></trkpt>
      <trkpt lat="37.851502" lon="-81.037637"></trkpt>
      <trkpt lat="37.851498" lon="-81.037236"></trkpt>
      <trkpt lat="37.851481" lon="-81.036981"></trkpt>
      <trkpt lat="37.851451" lon="-81.036756"></trkpt>
      <trkpt lat="37.851420" lon="-81.036617"></trkpt>
      <trkpt lat="37.851364" lon="-81.036473"></trkpt>
      <trkpt lat="37.851246" lon="-81.036289"></trkpt>
      <trkpt lat="37.851015" lon="-81.036014"></trkpt>
      <trkpt lat="37.850702" lon="-81.035574"></trkpt>
      <trkpt lat="37.850488" lon="-81.035220"></trkpt>
      <trkpt lat="37.850227" lon="-81.034802"></trkpt>
      <trkpt lat="37.850083" lon="-81.034561"></trkpt>
      <trkpt lat="37.849989" lon="-81.034312"></trkpt>
      <trkpt lat="37.849918" lon="-81.034031"></trkpt>
      <trkpt lat="37.849910" lon="-81.033668"></trkpt>
      <trkpt lat="37.849927" lon="-81.033321"></trkpt>
      <trkpt lat="37.849964" lon="-81.032694"></trkpt>
      <trkpt lat="37.849942" lon="-81.032262"></trkpt>
      <trkpt lat="37.849926" lon="-81.031891"></trkpt>
      <trkpt lat="37.849858" lon="-81.031377"></trkpt>
      <trkpt lat="37.849803" lon="-81.030774"></trkpt>
      <trkpt lat="37.849759" lon="-81.030217"></trkpt>
      <trkpt lat="37.849737" lon="-81.029786"></trkpt>
      <trkpt lat="37.849767" lon="-81.029460"></trkpt>
      <trkpt lat="37.849850" lon="-81.029164"></trkpt>
      <trkpt lat="37.849995" lon="-81.028615"></trkpt>
      <trkpt lat="37.850067" lon="-81.028409"></trkpt>
      <trkpt lat="37.850138" lon="-81.028074"></trkpt>
      <trkpt lat="37.850190" lon="-81.027699"></trkpt>
      <trkpt lat="37.850195" lon="-81.027441"></trkpt>
      <trkpt lat="37.850149" lon="-81.027043"></trkpt>
      <trkpt lat="37.850054" lon="-81.026575"></trkpt>
      <trkpt lat="37.850000" lon="-81.026233"></trkpt>
      <trkpt lat="37.850000" lon="-81.025940"></trkpt>
      <trkpt lat="37.850023" lon="-81.025638"></trkpt>
      <trkpt lat="37.850163" lon="-81.025289"></trkpt>
      <trkpt lat="37.850370" lon="-81.024903"></trkpt>
      <trkpt lat="37.850623" lon="-81.024507"></trkpt>
      <trkpt lat="37.850815" lon="-81.024285"></trkpt>
      <trkpt lat="37.850963" lon="-81.024159"></trkpt>
      <trkpt lat="37.851307" lon="-81.023845"></trkpt>
      <trkpt lat="37.851648" lon="-81.023581"></trkpt>
      <trkpt lat="37.852038" lon="-81.023276"></trkpt>
      <trkpt lat="37.852421" lon="-81.022985"></trkpt>
      <trkpt lat="37.852700" lon="-81.022799"></trkpt>
      <trkpt lat="37.852949" lon="-81.022668"></trkpt>
      <trkpt lat="37.853190" lon="-81.022587"></trkpt>
      <trkpt lat="37.853517" lon="-81.022489"></trkpt>
      <trkpt lat="37.853789" lon="-81.022396"></trkpt>
      <trkpt lat="37.854220" lon="-81.022119"></trkpt>
      <trkpt lat="37.854534" lon="-81.021882"></trkpt>
      <trkpt lat="37.854883" lon="-81.021596"></trkpt>
      <trkpt lat="37.855185" lon="-81.021322"></trkpt>
      <trkpt lat="37.855705" lon="-81.020858"></trkpt>
      <trkpt lat="37.856010" lon="-81.020612"></trkpt>
      <trkpt lat="37.856266" lon="-81.020434"></trkpt>
      <trkpt lat="37.856596" lon="-81.020223"></trkpt>
      <trkpt lat="37.856846" lon="-81.020023"></trkpt>
      <trkpt lat="37.856948" lon="-81.019910"></trkpt>
      <trkpt lat="37.857006" lon="-81.019810"></trkpt>
      <trkpt lat="37.857116" lon="-81.019611"></trkpt>
      <trkpt lat="37.857165" lon="-81.019472"></trkpt>
      <trkpt lat="37.857228" lon="-81.019199"></trkpt>
      <trkpt lat="37.857244" lon="-81.018815"></trkpt>
      <trkpt lat="37.857230" lon="-81.018460"></trkpt>
      <trkpt lat="37.857168" lon="-81.018085"></trkpt>
      <trkpt lat="37.857019" lon="-81.017506"></trkpt>
      <trkpt lat="37.856898" lon="-81.016995"></trkpt>
      <trkpt lat="37.856811" lon="-81.016483"></trkpt>
      <trkpt lat="37.856792" lon="-81.016233"></trkpt>
      <trkpt lat="37.856796" lon="-81.015936"></trkpt>
      <trkpt lat="37.856892" lon="-81.015194"></trkpt>
      <trkpt lat="37.856933" lon="-81.014811"></trkpt>
      <trkpt lat="37.856962" lon="-81.014410"></trkpt>
      <trkpt lat="37.856967" lon="-81.013934"></trkpt>
      <trkpt lat="37.856960" lon="-81.013414"></trkpt>
      <trkpt lat="37.856957" lon="-81.012956"></trkpt>
      <trkpt lat="37.856955" lon="-81.012752"></trkpt>
      <trkpt lat="37.856981" lon="-81.012551"></trkpt>
      <trkpt lat="37.857049" lon="-81.012201"></trkpt>
      <trkpt lat="37.857157" lon="-81.011879"></trkpt>
      <trkpt lat="37.857311" lon="-81.011517"></trkpt>
      <trkpt lat="37.857466" lon="-81.011097"></trkpt>
      <trkpt lat="37.857560" lon="-81.010782"></trkpt>
      <trkpt lat="37.857599" lon="-81.010570"></trkpt>
      <trkpt lat="37.857606" lon="-81.010283"></trkpt>
      <trkpt lat="37.857595" lon="-81.010015"></trkpt>
      <trkpt lat="37.857539" lon="-81.009682"></trkpt>
      <trkpt lat="37.857500" lon="-81.009121"></trkpt>
      <trkpt lat="37.857488" lon="-81.008872"></trkpt>
      <trkpt lat="37.857503" lon="-81.008535"></trkpt>
      <trkpt lat="37.857533" lon="-81.008244"></trkpt>
      <trkpt lat="37.857665" lon="-81.007780"></trkpt>
      <trkpt lat="37.857847" lon="-81.007347"></trkpt>
      <trkpt lat="37.858029" lon="-81.006942"></trkpt>
      <trkpt lat="37.858288" lon="-81.006306"></trkpt>
      <trkpt lat="37.858448" lon="-81.005863"></trkpt>
      <trkpt lat="37.858601" lon="-81.005322"></trkpt>
      <trkpt lat="37.858684" lon="-81.004911"></trkpt>
      <trkpt lat="37.858727" lon="-81.004665"></trkpt>
      <trkpt lat="37.858795" lon="-81.004395"></trkpt>
      <trkpt lat="37.858839" lon="-81.004116"></trkpt>
      <trkpt lat="37.858848" lon="-81.003959"></trkpt>
      <trkpt lat="37.858839" lon="-81.003754"></trkpt>
      <trkpt lat="37.858801" lon="-81.003445"></trkpt>
      <trkpt lat="37.858718" lon="-81.002984"></trkpt>
      <trkpt lat="37.858616" lon="-81.002461"></trkpt>
      <trkpt lat="37.858537" lon="-81.002146"></trkpt>
      <trkpt lat="37.858436" lon="-81.001854"></trkpt>
      <trkpt lat="37.858221" lon="-81.001301"></trkpt>
      <trkpt lat="37.857992" lon="-81.000681"></trkpt>
      <trkpt lat="37.857812" lon="-81.000248"></trkpt>
      <trkpt lat="37.857675" lon="-80.999936"></trkpt>
      <trkpt lat="37.857504" lon="-80.999583"></trkpt>
      <trkpt lat="37.857335" lon="-80.999237"></trkpt>
      <trkpt lat="37.857227" lon="-80.998989"></trkpt>
      <trkpt lat="37.857133" lon="-80.998743"></trkpt>
      <trkpt lat="37.856997" lon="-80.998365"></trkpt>
      <trkpt lat="37.856751" lon="-80.997594"></trkpt>
      <trkpt lat="37.856651" lon="-80.997315"></trkpt>
      <trkpt lat="37.856584" lon="-80.997026"></trkpt>
      <trkpt lat="37.856549" lon="-80.996830"></trkpt>
      <trkpt lat="37.856521" lon="-80.996442"></trkpt>
      <trkpt lat="37.856549" lon="-80.995994"></trkpt>
      <trkpt lat="37.856597" lon="-80.995691"></trkpt>
      <trkpt lat="37.856808" lon="-80.994942"></trkpt>
      <trkpt lat="37.857053" lon="-80.994224"></trkpt>
      <trkpt lat="37.857255" lon="-80.993628"></trkpt>
      <trkpt lat="37.857428" lon="-80.993112"></trkpt>
      <trkpt lat="37.857555" lon="-80.992763"></trkpt>
      <trkpt lat="37.857715" lon="-80.992391"></trkpt>
      <trkpt lat="37.858178" lon="-80.991448"></trkpt>
      <trkpt lat="37.858294" lon="-80.991142"></trkpt>
      <trkpt lat="37.858375" lon="-80.990787"></trkpt>
      <trkpt lat="37.858432" lon="-80.990449"></trkpt>
      <trkpt lat="37.858484" lon="-80.989703"></trkpt>
      <trkpt lat="37.858529" lon="-80.989261"></trkpt>
      <trkpt lat="37.858594" lon="-80.988923"></trkpt>
      <trkpt lat="37.858659" lon="-80.988597"></trkpt>
      <trkpt lat="37.858791" lon="-80.988198"></trkpt>
      <trkpt lat="37.858895" lon="-80.987957"></trkpt>
      <trkpt lat="37.859011" lon="-80.987726"></trkpt>
      <trkpt lat="37.859168" lon="-80.987499"></trkpt>
      <trkpt lat="37.859855" lon="-80.986909"></trkpt>
      <trkpt lat="37.860016" lon="-80.986761"></trkpt>
      <trkpt lat="37.860029" lon="-80.986745"></trkpt>
      <trkpt lat="37.860241" lon="-80.986492"></trkpt>
      <trkpt lat="37.860383" lon="-80.986291"></trkpt>
      <trkpt lat="37.860659" lon="-80.985784"></trkpt>
      <trkpt lat="37.860821" lon="-80.985421"></trkpt>
      <trkpt lat="37.860908" lon="-80.985181"></trkpt>
      <trkpt lat="37.861060" lon="-80.984530"></trkpt>
      <trkpt lat="37.861170" lon="-80.984197"></trkpt>
      <trkpt lat="37.861310" lon="-80.983918"></trkpt>
      <trkpt lat="37.861460" lon="-80.983675"></trkpt>
      <trkpt lat="37.861644" lon="-80.983433"></trkpt>
      <trkpt lat="37.861837" lon="-80.983254"></trkpt>
      <trkpt lat="37.862098" lon="-80.983089"></trkpt>
      <trkpt lat="37.863505" lon="-80.982406"></trkpt>
      <trkpt lat="37.864213" lon="-80.982057"></trkpt>
      <trkpt lat="37.864453" lon="-80.981876"></trkpt>
      <trkpt lat="37.864588" lon="-80.981746"></trkpt>
      <trkpt lat="37.864774" lon="-80.981523"></trkpt>
      <trkpt lat="37.865412" lon="-80.980729"></trkpt>
      <trkpt lat="37.865818" lon="-80.980355"></trkpt>
      <trkpt lat="37.866062" lon="-80.980189"></trkpt>
      <trkpt lat="37.866316" lon="-80.980087"></trkpt>
      <trkpt lat="37.866533" lon="-80.980030"></trkpt>
      <trkpt lat="37.866758" lon="-80.979983"></trkpt>
      <trkpt lat="37.868233" lon="-80.979874"></trkpt>
      <trkpt lat="37.868477" lon="-80.979822"></trkpt>
      <trkpt lat="37.868737" lon="-80.979697"></trkpt>
      <trkpt lat="37.868919" lon="-80.979556"></trkpt>
      <trkpt lat="37.869038" lon="-80.979439"></trkpt>
      <trkpt lat="37.869359" lon="-80.978873"></trkpt>
      <trkpt lat="37.869531" lon="-80.978653"></trkpt>
      <trkpt lat="37.869709" lon="-80.978463"></trkpt>
      <trkpt lat="37.869833" lon="-80.978350"></trkpt>
      <trkpt lat="37.870317" lon="-80.978050"></trkpt>
      <trkpt lat="37.870642" lon="-80.977803"></trkpt>
      <trkpt lat="37.871099" lon="-80.977527"></trkpt>
      <trkpt lat="37.871521" lon="-80.977192"></trkpt>
      <trkpt lat="37.871698" lon="-80.977002"></trkpt>
      <trkpt lat="37.871698" lon="-80.977002"></trkpt>
      <trkpt lat="37.871698" lon="-80.977002"></trkpt>
      <trkpt lat="37.871872" lon="-80.976770"></trkpt>
      <trkpt lat="37.872029" lon="-80.976467"></trkpt>
      <trkpt lat="37.872144" lon="-80.976184"></trkpt>
      <trkpt lat="37.872262" lon="-80.975856"></trkpt>
      <trkpt lat="37.872353" lon="-80.975692"></trkpt>
      <trkpt lat="37.872441" lon="-80.975564"></trkpt>
      <trkpt lat="37.872677" lon="-80.975214"></trkpt>
      <trkpt lat="37.872897" lon="-80.974930"></trkpt>
      <trkpt lat="37.873160" lon="-80.974723"></trkpt>
      <trkpt lat="37.873384" lon="-80.974567"></trkpt>
      <trkpt lat="37.873614" lon="-80.974469"></trkpt>
      <trkpt lat="37.873802" lon="-80.974394"></trkpt>
      <trkpt lat="37.873972" lon="-80.974379"></trkpt>
      <trkpt lat="37.874595" lon="-80.974336"></trkpt>
      <trkpt lat="37.875113" lon="-80.974283"></trkpt>
      <trkpt lat="37.875417" lon="-80.974277"></trkpt>
      <trkpt lat="37.875754" lon="-80.974310"></trkpt>
      <trkpt lat="37.875953" lon="-80.974279"></trkpt>
      <trkpt lat="37.876180" lon="-80.974229"></trkpt>
      <trkpt lat="37.876421" lon="-80.974129"></trkpt>
      <trkpt lat="37.877062" lon="-80.973776"></trkpt>
      <trkpt lat="37.877715" lon="-80.973397"></trkpt>
      <trkpt lat="37.878140" lon="-80.973188"></trkpt>
      <trkpt lat="37.878392" lon="-80.973110"></trkpt>
      <trkpt lat="37.878654" lon="-80.973080"></trkpt>
      <trkpt lat="37.878843" lon="-80.973099"></trkpt>
      <trkpt lat="37.878992" lon="-80.973125"></trkpt>
      <trkpt lat="37.879391" lon="-80.973239"></trkpt>
      <trkpt lat="37.879671" lon="-80.973347"></trkpt>
      <trkpt lat="37.879903" lon="-80.973408"></trkpt>
      <trkpt lat="37.880099" lon="-80.973408"></trkpt>
      <trkpt lat="37.880357" lon="-80.973395"></trkpt>
      <trkpt lat="37.880533" lon="-80.973365"></trkpt>
      <trkpt lat="37.880676" lon="-80.973308"></trkpt>
      <trkpt lat="37.880886" lon="-80.973195"></trkpt>
      <trkpt lat="37.881189" lon="-80.972969"></trkpt>
      <trkpt lat="37.881762" lon="-80.972498"></trkpt>
      <trkpt lat="37.881870" lon="-80.972409"></trkpt>
      <trkpt lat="37.882007" lon="-80.972305"></trkpt>
      <trkpt lat="37.882112" lon="-80.972244"></trkpt>
      <trkpt lat="37.882235" lon="-80.972216"></trkpt>
      <trkpt lat="37.882346" lon="-80.972216"></trkpt>
      <trkpt lat="37.882471" lon="-80.972242"></trkpt>
      <trkpt lat="37.882689" lon="-80.972363"></trkpt>
      <trkpt lat="37.883156" lon="-80.972720"></trkpt>
      <trkpt lat="37.883492" lon="-80.972940"></trkpt>
      <trkpt lat="37.883706" lon="-80.973043"></trkpt>
      <trkpt lat="37.883883" lon="-80.973088"></trkpt>
      <trkpt lat="37.884206" lon="-80.973121"></trkpt>
      <trkpt lat="37.884422" lon="-80.973090"></trkpt>
      <trkpt lat="37.884674" lon="-80.973004"></trkpt>
      <trkpt lat="37.884849" lon="-80.972912"></trkpt>
      <trkpt lat="37.884958" lon="-80.972821"></trkpt>
      <trkpt lat="37.885258" lon="-80.972653"></trkpt>
      <trkpt lat="37.885774" lon="-80.972292"></trkpt>
      <trkpt lat="37.886130" lon="-80.972061"></trkpt>
      <trkpt lat="37.886279" lon="-80.971962"></trkpt>
      <trkpt lat="37.886305" lon="-80.971945"></trkpt>
      <trkpt lat="37.887382" lon="-80.971251"></trkpt>
      <trkpt lat="37.887886" lon="-80.970918"></trkpt>
      <trkpt lat="37.888035" lon="-80.970809"></trkpt>
      <trkpt lat="37.888203" lon="-80.970757"></trkpt>
      <trkpt lat="37.888372" lon="-80.970715"></trkpt>
      <trkpt lat="37.888521" lon="-80.970720"></trkpt>
      <trkpt lat="37.888670" lon="-80.970753"></trkpt>
      <trkpt lat="37.888752" lon="-80.970794"></trkpt>
      <trkpt lat="37.889152" lon="-80.971151"></trkpt>
      <trkpt lat="37.889324" lon="-80.971342"></trkpt>
      <trkpt lat="37.889557" lon="-80.971550"></trkpt>
      <trkpt lat="37.889772" lon="-80.971687"></trkpt>
      <trkpt lat="37.889960" lon="-80.971778"></trkpt>
      <trkpt lat="37.890109" lon="-80.971819"></trkpt>
      <trkpt lat="37.890340" lon="-80.971870"></trkpt>
      <trkpt lat="37.890496" lon="-80.971885"></trkpt>
      <trkpt lat="37.890671" lon="-80.971893"></trkpt>
      <trkpt lat="37.890866" lon="-80.971869"></trkpt>
      <trkpt lat="37.891054" lon="-80.971837"></trkpt>
      <trkpt lat="37.891233" lon="-80.971773"></trkpt>
      <trkpt lat="37.891521" lon="-80.971650"></trkpt>
      <trkpt lat="37.891875" lon="-80.971525"></trkpt>
      <trkpt lat="37.892519" lon="-80.971208"></trkpt>
      <trkpt lat="37.892788" lon="-80.971038"></trkpt>
      <trkpt lat="37.893446" lon="-80.970639"></trkpt>
      <trkpt lat="37.894277" lon="-80.970125"></trkpt>
      <trkpt lat="37.894720" lon="-80.969779"></trkpt>
      <trkpt lat="37.895128" lon="-80.969392"></trkpt>
      <trkpt lat="37.896494" lon="-80.968060"></trkpt>
      <trkpt lat="37.897359" lon="-80.967263"></trkpt>
      <trkpt lat="37.897867" lon="-80.966836"></trkpt>
      <trkpt lat="37.898091" lon="-80.966725"></trkpt>
      <trkpt lat="37.898254" lon="-80.966667"></trkpt>
      <trkpt lat="37.898476" lon="-80.966610"></trkpt>
      <trkpt lat="37.898664" lon="-80.966566"></trkpt>
      <trkpt lat="37.899311" lon="-80.966429"></trkpt>
      <trkpt lat="37.899528" lon="-80.966370"></trkpt>
      <trkpt lat="37.900560" lon="-80.966150"></trkpt>
      <trkpt lat="37.901401" lon="-80.965942"></trkpt>
      <trkpt lat="37.901904" lon="-80.965839"></trkpt>
      <trkpt lat="37.903041" lon="-80.965541"></trkpt>
      <trkpt lat="37.903349" lon="-80.965419"></trkpt>
      <trkpt lat="37.903685" lon="-80.965230"></trkpt>
      <trkpt lat="37.903883" lon="-80.965084"></trkpt>
      <trkpt lat="37.904146" lon="-80.964860"></trkpt>
      <trkpt lat="37.904282" lon="-80.964653"></trkpt>
      <trkpt lat="37.904340" lon="-80.964514"></trkpt>
      <trkpt lat="37.904423" lon="-80.964300"></trkpt>
      <trkpt lat="37.904711" lon="-80.963571"></trkpt>
      <trkpt lat="37.904907" lon="-80.963314"></trkpt>
      <trkpt lat="37.905083" lon="-80.963138"></trkpt>
      <trkpt lat="37.905196" lon="-80.963070"></trkpt>
      <trkpt lat="37.905908" lon="-80.962631"></trkpt>
      <trkpt lat="37.906026" lon="-80.962508"></trkpt>
      <trkpt lat="37.906166" lon="-80.962328"></trkpt>
      <trkpt lat="37.906321" lon="-80.962014"></trkpt>
      <trkpt lat="37.906845" lon="-80.960608"></trkpt>
      <trkpt lat="37.907048" lon="-80.960144"></trkpt>
      <trkpt lat="37.907210" lon="-80.959835"></trkpt>
      <trkpt lat="37.907332" lon="-80.959629"></trkpt>
      <trkpt lat="37.908681" lon="-80.957598"></trkpt>
      <trkpt lat="37.909117" lon="-80.956909"></trkpt>
      <trkpt lat="37.909518" lon="-80.956296"></trkpt>
      <trkpt lat="37.909755" lon="-80.955937"></trkpt>
      <trkpt lat="37.910066" lon="-80.955532"></trkpt>
      <trkpt lat="37.910393" lon="-80.955175"></trkpt>
      <trkpt lat="37.912001" lon="-80.953631"></trkpt>
      <trkpt lat="37.912657" lon="-80.952969"></trkpt>
      <trkpt lat="37.912836" lon="-80.952719"></trkpt>
      <trkpt lat="37.913247" lon="-80.952144"></trkpt>
      <trkpt lat="37.914063" lon="-80.950932"></trkpt>
      <trkpt lat="37.914282" lon="-80.950670"></trkpt>
      <trkpt lat="37.914470" lon="-80.950505"></trkpt>
      <trkpt lat="37.914630" lon="-80.950398"></trkpt>
      <trkpt lat="37.915409" lon="-80.949961"></trkpt>
      <trkpt lat="37.915586" lon="-80.949850"></trkpt>
      <trkpt lat="37.915719" lon="-80.949721"></trkpt>
      <trkpt lat="37.915828" lon="-80.949615"></trkpt>
      <trkpt lat="37.915895" lon="-80.949515"></trkpt>
      <trkpt lat="37.916125" lon="-80.949121"></trkpt>
      <trkpt lat="37.916323" lon="-80.948677"></trkpt>
      <trkpt lat="37.916466" lon="-80.948448"></trkpt>
      <trkpt lat="37.916602" lon="-80.948278"></trkpt>
      <trkpt lat="37.916946" lon="-80.947949"></trkpt>
      <trkpt lat="37.917302" lon="-80.947632"></trkpt>
      <trkpt lat="37.918388" lon="-80.946661"></trkpt>
      <trkpt lat="37.919090" lon="-80.946025"></trkpt>
      <trkpt lat="37.919581" lon="-80.945579"></trkpt>
      <trkpt lat="37.920530" lon="-80.944705"></trkpt>
      <trkpt lat="37.920792" lon="-80.944444"></trkpt>
      <trkpt lat="37.921022" lon="-80.944161"></trkpt>
      <trkpt lat="37.922430" lon="-80.942259"></trkpt>
      <trkpt lat="37.922584" lon="-80.942037"></trkpt>
      <trkpt lat="37.923629" lon="-80.940617"></trkpt>
      <trkpt lat="37.923814" lon="-80.940372"></trkpt>
      <trkpt lat="37.923976" lon="-80.940075"></trkpt>
      <trkpt lat="37.924398" lon="-80.939338"></trkpt>
      <trkpt lat="37.924917" lon="-80.938356"></trkpt>
      <trkpt lat="37.925142" lon="-80.937788"></trkpt>
      <trkpt lat="37.925351" lon="-80.936969"></trkpt>
      <trkpt lat="37.925559" lon="-80.936148"></trkpt>
      <trkpt lat="37.925902" lon="-80.934792"></trkpt>
      <trkpt lat="37.926222" lon="-80.933566"></trkpt>
      <trkpt lat="37.926686" lon="-80.931818"></trkpt>
      <trkpt lat="37.926779" lon="-80.931474"></trkpt>
      <trkpt lat="37.926867" lon="-80.931039"></trkpt>
      <trkpt lat="37.926899" lon="-80.930745"></trkpt>
      <trkpt lat="37.926918" lon="-80.930355"></trkpt>
      <trkpt lat="37.926903" lon="-80.929258"></trkpt>
      <trkpt lat="37.926905" lon="-80.928041"></trkpt>
      <trkpt lat="37.926905" lon="-80.927691"></trkpt>
      <trkpt lat="37.926905" lon="-80.927674"></trkpt>
      <trkpt lat="37.926909" lon="-80.926713"></trkpt>
      <trkpt lat="37.926877" lon="-80.926224"></trkpt>
      <trkpt lat="37.926830" lon="-80.925989"></trkpt>
      <trkpt lat="37.926760" lon="-80.925719"></trkpt>
      <trkpt lat="37.926664" lon="-80.925458"></trkpt>
      <trkpt lat="37.926566" lon="-80.925301"></trkpt>
      <trkpt lat="37.926430" lon="-80.925087"></trkpt>
      <trkpt lat="37.926195" lon="-80.924772"></trkpt>
      <trkpt lat="37.925024" lon="-80.923207"></trkpt>
      <trkpt lat="37.924636" lon="-80.922673"></trkpt>
      <trkpt lat="37.924432" lon="-80.922251"></trkpt>
      <trkpt lat="37.924322" lon="-80.921929"></trkpt>
      <trkpt lat="37.924275" lon="-80.921570"></trkpt>
      <trkpt lat="37.924201" lon="-80.920104"></trkpt>
      <trkpt lat="37.924197" lon="-80.919882"></trkpt>
      <trkpt lat="37.924201" lon="-80.919551"></trkpt>
      <trkpt lat="37.924248" lon="-80.919268"></trkpt>
      <trkpt lat="37.924325" lon="-80.919062"></trkpt>
      <trkpt lat="37.924529" lon="-80.918589"></trkpt>
      <trkpt lat="37.924782" lon="-80.918169"></trkpt>
      <trkpt lat="37.925081" lon="-80.917695"></trkpt>
      <trkpt lat="37.925222" lon="-80.917409"></trkpt>
      <trkpt lat="37.925314" lon="-80.917085"></trkpt>
      <trkpt lat="37.925362" lon="-80.916808"></trkpt>
      <trkpt lat="37.925365" lon="-80.916787"></trkpt>
      <trkpt lat="37.925453" lon="-80.915609"></trkpt>
      <trkpt lat="37.925486" lon="-80.915112"></trkpt>
      <trkpt lat="37.925565" lon="-80.913877"></trkpt>
      <trkpt lat="37.925634" lon="-80.912566"></trkpt>
      <trkpt lat="37.925679" lon="-80.911943"></trkpt>
      <trkpt lat="37.925707" lon="-80.911769"></trkpt>
      <trkpt lat="37.925748" lon="-80.911512"></trkpt>
      <trkpt lat="37.925858" lon="-80.911068"></trkpt>
      <trkpt lat="37.926058" lon="-80.910184"></trkpt>
      <trkpt lat="37.926216" lon="-80.909627"></trkpt>
      <trkpt lat="37.926417" lon="-80.909115"></trkpt>
      <trkpt lat="37.926595" lon="-80.908774"></trkpt>
      <trkpt lat="37.926884" lon="-80.908321"></trkpt>
      <trkpt lat="37.927232" lon="-80.907823"></trkpt>
      <trkpt lat="37.927483" lon="-80.907446"></trkpt>
      <trkpt lat="37.928950" lon="-80.905247"></trkpt>
      <trkpt lat="37.929518" lon="-80.904433"></trkpt>
      <trkpt lat="37.930036" lon="-80.903636"></trkpt>
      <trkpt lat="37.930419" lon="-80.903170"></trkpt>
      <trkpt lat="37.930677" lon="-80.902906"></trkpt>
      <trkpt lat="37.931017" lon="-80.902665"></trkpt>
      <trkpt lat="37.931389" lon="-80.902472"></trkpt>
      <trkpt lat="37.931836" lon="-80.902341"></trkpt>
      <trkpt lat="37.932103" lon="-80.902297"></trkpt>
      <trkpt lat="37.932396" lon="-80.902302"></trkpt>
      <trkpt lat="37.933280" lon="-80.902365"></trkpt>
      <trkpt lat="37.933934" lon="-80.902426"></trkpt>
      <trkpt lat="37.934658" lon="-80.902512"></trkpt>
      <trkpt lat="37.934757" lon="-80.902522"></trkpt>
      <trkpt lat="37.935782" lon="-80.902613"></trkpt>
      <trkpt lat="37.936465" lon="-80.902685"></trkpt>
      <trkpt lat="37.937687" lon="-80.902791"></trkpt>
      <trkpt lat="37.938334" lon="-80.902866"></trkpt>
      <trkpt lat="37.938611" lon="-80.902940"></trkpt>
      <trkpt lat="37.938799" lon="-80.903026"></trkpt>
      <trkpt lat="37.938939" lon="-80.903138"></trkpt>
      <trkpt lat="37.939257" lon="-80.903440"></trkpt>
      <trkpt lat="37.939558" lon="-80.903752"></trkpt>
      <trkpt lat="37.940829" lon="-80.905077"></trkpt>
      <trkpt lat="37.940876" lon="-80.905129"></trkpt>
      <trkpt lat="37.941171" lon="-80.905457"></trkpt>
      <trkpt lat="37.941790" lon="-80.906071"></trkpt>
      <trkpt lat="37.941974" lon="-80.906252"></trkpt>
      <trkpt lat="37.942367" lon="-80.906694"></trkpt>
      <trkpt lat="37.942486" lon="-80.906872"></trkpt>
      <trkpt lat="37.942637" lon="-80.907119"></trkpt>
      <trkpt lat="37.943197" lon="-80.908334"></trkpt>
      <trkpt lat="37.943979" lon="-80.910065"></trkpt>
      <trkpt lat="37.944453" lon="-80.911140"></trkpt>
      <trkpt lat="37.944889" lon="-80.912109"></trkpt>
      <trkpt lat="37.944934" lon="-80.912292"></trkpt>
      <trkpt lat="37.944966" lon="-80.912422"></trkpt>
      <trkpt lat="37.944981" lon="-80.912594"></trkpt>
      <trkpt lat="37.944993" lon="-80.913064"></trkpt>
      <trkpt lat="37.944985" lon="-80.913454"></trkpt>
      <trkpt lat="37.945031" lon="-80.913922"></trkpt>
      <trkpt lat="37.945185" lon="-80.914612"></trkpt>
      <trkpt lat="37.945319" lon="-80.915156"></trkpt>
      <trkpt lat="37.945518" lon="-80.915896"></trkpt>
      <trkpt lat="37.945673" lon="-80.916500"></trkpt>
      <trkpt lat="37.945776" lon="-80.916880"></trkpt>
      <trkpt lat="37.945866" lon="-80.917091"></trkpt>
      <trkpt lat="37.945958" lon="-80.917240"></trkpt>
      <trkpt lat="37.946091" lon="-80.917399"></trkpt>
      <trkpt lat="37.946195" lon="-80.917497"></trkpt>
      <trkpt lat="37.946287" lon="-80.917570"></trkpt>
      <trkpt lat="37.946415" lon="-80.917658"></trkpt>
      <trkpt lat="37.946587" lon="-80.917738"></trkpt>
      <trkpt lat="37.946783" lon="-80.917799"></trkpt>
      <trkpt lat="37.947589" lon="-80.918092"></trkpt>
      <trkpt lat="37.948401" lon="-80.918378"></trkpt>
      <trkpt lat="37.948722" lon="-80.918544"></trkpt>
      <trkpt lat="37.948916" lon="-80.918681"></trkpt>
      <trkpt lat="37.949118" lon="-80.918840"></trkpt>
      <trkpt lat="37.949245" lon="-80.918968"></trkpt>
      <trkpt lat="37.949824" lon="-80.919465"></trkpt>
      <trkpt lat="37.950362" lon="-80.919946"></trkpt>
      <trkpt lat="37.950576" lon="-80.920135"></trkpt>
      <trkpt lat="37.950734" lon="-80.920274"></trkpt>
      <trkpt lat="37.951011" lon="-80.920509"></trkpt>
      <trkpt lat="37.951335" lon="-80.920825"></trkpt>
      <trkpt lat="37.951635" lon="-80.921071"></trkpt>
      <trkpt lat="37.951871" lon="-80.921219"></trkpt>
      <trkpt lat="37.952264" lon="-80.921356"></trkpt>
      <trkpt lat="37.952515" lon="-80.921404"></trkpt>
      <trkpt lat="37.952970" lon="-80.921330"></trkpt>
      <trkpt lat="37.953148" lon="-80.921293"></trkpt>
      <trkpt lat="37.954029" lon="-80.921112"></trkpt>
      <trkpt lat="37.954832" lon="-80.920953"></trkpt>
      <trkpt lat="37.955087" lon="-80.920905"></trkpt>
      <trkpt lat="37.955423" lon="-80.920779"></trkpt>
      <trkpt lat="37.955724" lon="-80.920619"></trkpt>
      <trkpt lat="37.955980" lon="-80.920357"></trkpt>
      <trkpt lat="37.956613" lon="-80.919695"></trkpt>
      <trkpt lat="37.957225" lon="-80.919033"></trkpt>
      <trkpt lat="37.957874" lon="-80.918319"></trkpt>
      <trkpt lat="37.958219" lon="-80.917938"></trkpt>
      <trkpt lat="37.958429" lon="-80.917760"></trkpt>
      <trkpt lat="37.958675" lon="-80.917575"></trkpt>
      <trkpt lat="37.959355" lon="-80.917240"></trkpt>
      <trkpt lat="37.959502" lon="-80.917163"></trkpt>
      <trkpt lat="37.959673" lon="-80.917118"></trkpt>
      <trkpt lat="37.959830" lon="-80.917113"></trkpt>
      <trkpt lat="37.959973" lon="-80.917140"></trkpt>
      <trkpt lat="37.960083" lon="-80.917196"></trkpt>
      <trkpt lat="37.960180" lon="-80.917251"></trkpt>
      <trkpt lat="37.960276" lon="-80.917335"></trkpt>
      <trkpt lat="37.960418" lon="-80.917472"></trkpt>
      <trkpt lat="37.960548" lon="-80.917634"></trkpt>
      <trkpt lat="37.960663" lon="-80.917856"></trkpt>
      <trkpt lat="37.960774" lon="-80.918112"></trkpt>
      <trkpt lat="37.960892" lon="-80.918493"></trkpt>
      <trkpt lat="37.960978" lon="-80.918827"></trkpt>
      <trkpt lat="37.961115" lon="-80.919196"></trkpt>
      <trkpt lat="37.961210" lon="-80.919358"></trkpt>
      <trkpt lat="37.961366" lon="-80.919521"></trkpt>
      <trkpt lat="37.961560" lon="-80.919634"></trkpt>
      <trkpt lat="37.961722" lon="-80.919663"></trkpt>
      <trkpt lat="37.961892" lon="-80.919691"></trkpt>
      <trkpt lat="37.962105" lon="-80.919787"></trkpt>
      <trkpt lat="37.962228" lon="-80.919861"></trkpt>
      <trkpt lat="37.962334" lon="-80.919967"></trkpt>
      <trkpt lat="37.962483" lon="-80.920276"></trkpt>
      <trkpt lat="37.962540" lon="-80.920599"></trkpt>
      <trkpt lat="37.962668" lon="-80.921014"></trkpt>
      <trkpt lat="37.962853" lon="-80.921321"></trkpt>
      <trkpt lat="37.962998" lon="-80.921483"></trkpt>
      <trkpt lat="37.963148" lon="-80.921624"></trkpt>
      <trkpt lat="37.963289" lon="-80.921700"></trkpt>
      <trkpt lat="37.963400" lon="-80.921761"></trkpt>
      <trkpt lat="37.963524" lon="-80.921803"></trkpt>
      <trkpt lat="37.963698" lon="-80.921853"></trkpt>
      <trkpt lat="37.963881" lon="-80.921863"></trkpt>
      <trkpt lat="37.965099" lon="-80.921844"></trkpt>
      <trkpt lat="37.966031" lon="-80.921833"></trkpt>
      <trkpt lat="37.966817" lon="-80.921816"></trkpt>
      <trkpt lat="37.966955" lon="-80.921824"></trkpt>
      <trkpt lat="37.967103" lon="-80.921870"></trkpt>
      <trkpt lat="37.967219" lon="-80.921942"></trkpt>
      <trkpt lat="37.967336" lon="-80.922049"></trkpt>
      <trkpt lat="37.967432" lon="-80.922177"></trkpt>
      <trkpt lat="37.967531" lon="-80.922388"></trkpt>
      <trkpt lat="37.967582" lon="-80.922606"></trkpt>
      <trkpt lat="37.967590" lon="-80.922817"></trkpt>
      <trkpt lat="37.967546" lon="-80.923109"></trkpt>
      <trkpt lat="37.967480" lon="-80.923331"></trkpt>
      <trkpt lat="37.967409" lon="-80.923555"></trkpt>
      <trkpt lat="37.967367" lon="-80.923749"></trkpt>
      <trkpt lat="37.967364" lon="-80.923782"></trkpt>
      <trkpt lat="37.967348" lon="-80.923962"></trkpt>
      <trkpt lat="37.967345" lon="-80.924141"></trkpt>
      <trkpt lat="37.967367" lon="-80.924254"></trkpt>
      <trkpt lat="37.967394" lon="-80.924445"></trkpt>
      <trkpt lat="37.967476" lon="-80.924678"></trkpt>
      <trkpt lat="37.967644" lon="-80.925103"></trkpt>
      <trkpt lat="37.967814" lon="-80.925475"></trkpt>
      <trkpt lat="37.968062" lon="-80.926097"></trkpt>
      <trkpt lat="37.968272" lon="-80.926574"></trkpt>
      <trkpt lat="37.968412" lon="-80.926851"></trkpt>
      <trkpt lat="37.968539" lon="-80.927036"></trkpt>
      <trkpt lat="37.968660" lon="-80.927210"></trkpt>
      <trkpt lat="37.968804" lon="-80.927345"></trkpt>
      <trkpt lat="37.968966" lon="-80.927460"></trkpt>
      <trkpt lat="37.969143" lon="-80.927558"></trkpt>
      <trkpt lat="37.969388" lon="-80.927623"></trkpt>
      <trkpt lat="37.969555" lon="-80.927634"></trkpt>
      <trkpt lat="37.969687" lon="-80.927619"></trkpt>
      <trkpt lat="37.970045" lon="-80.927552"></trkpt>
      <trkpt lat="37.970296" lon="-80.927476"></trkpt>
      <trkpt lat="37.970502" lon="-80.927454"></trkpt>
      <trkpt lat="37.970646" lon="-80.927467"></trkpt>
      <trkpt lat="37.970821" lon="-80.927495"></trkpt>
      <trkpt lat="37.971063" lon="-80.927580"></trkpt>
      <trkpt lat="37.971257" lon="-80.927691"></trkpt>
      <trkpt lat="37.971436" lon="-80.927771"></trkpt>
      <trkpt lat="37.971804" lon="-80.927978"></trkpt>
      <trkpt lat="37.971920" lon="-80.928031"></trkpt>
      <trkpt lat="37.972023" lon="-80.928116"></trkpt>
      <trkpt lat="37.972138" lon="-80.928229"></trkpt>
      <trkpt lat="37.972236" lon="-80.928364"></trkpt>
      <trkpt lat="37.972311" lon="-80.928470"></trkpt>
      <trkpt lat="37.972383" lon="-80.928647"></trkpt>
      <trkpt lat="37.972422" lon="-80.928832"></trkpt>
      <trkpt lat="37.972441" lon="-80.928984"></trkpt>
      <trkpt lat="37.972438" lon="-80.929285"></trkpt>
      <trkpt lat="37.972365" lon="-80.929809"></trkpt>
      <trkpt lat="37.972195" lon="-80.930922"></trkpt>
      <trkpt lat="37.972167" lon="-80.931287"></trkpt>
      <trkpt lat="37.972181" lon="-80.931553"></trkpt>
      <trkpt lat="37.972205" lon="-80.932058"></trkpt>
      <trkpt lat="37.972268" lon="-80.933556"></trkpt>
      <trkpt lat="37.972314" lon="-80.934681"></trkpt>
      <trkpt lat="37.972377" lon="-80.935169"></trkpt>
      <trkpt lat="37.972458" lon="-80.935458"></trkpt>
      <trkpt lat="37.972536" lon="-80.935743"></trkpt>
      <trkpt lat="37.972744" lon="-80.936520"></trkpt>
      <trkpt lat="37.972793" lon="-80.936720"></trkpt>
      <trkpt lat="37.972906" lon="-80.937182"></trkpt>
      <trkpt lat="37.972978" lon="-80.937369"></trkpt>
      <trkpt lat="37.973055" lon="-80.937502"></trkpt>
      <trkpt lat="37.973172" lon="-80.937627"></trkpt>
      <trkpt lat="37.973313" lon="-80.937726"></trkpt>
      <trkpt lat="37.973460" lon="-80.937792"></trkpt>
      <trkpt lat="37.973552" lon="-80.937849"></trkpt>
      <trkpt lat="37.973920" lon="-80.937962"></trkpt>
      <trkpt lat="37.975229" lon="-80.938436"></trkpt>
      <trkpt lat="37.975471" lon="-80.938563"></trkpt>
      <trkpt lat="37.975696" lon="-80.938719"></trkpt>
      <trkpt lat="37.975895" lon="-80.938911"></trkpt>
      <trkpt lat="37.976222" lon="-80.939252"></trkpt>
      <trkpt lat="37.976535" lon="-80.939477"></trkpt>
      <trkpt lat="37.976760" lon="-80.939597"></trkpt>
      <trkpt lat="37.976975" lon="-80.939699"></trkpt>
      <trkpt lat="37.977814" lon="-80.940060"></trkpt>
      <trkpt lat="37.978108" lon="-80.940176"></trkpt>
      <trkpt lat="37.978571" lon="-80.940382"></trkpt>
      <trkpt lat="37.978784" lon="-80.940452"></trkpt>
      <trkpt lat="37.978973" lon="-80.940502"></trkpt>
      <trkpt lat="37.979148" lon="-80.940511"></trkpt>
      <trkpt lat="37.979421" lon="-80.940480"></trkpt>
      <trkpt lat="37.979593" lon="-80.940409"></trkpt>
      <trkpt lat="37.979778" lon="-80.940282"></trkpt>
      <trkpt lat="37.979998" lon="-80.940113"></trkpt>
      <trkpt lat="37.980399" lon="-80.939719"></trkpt>
      <trkpt lat="37.980864" lon="-80.939281"></trkpt>
      <trkpt lat="37.981138" lon="-80.939081"></trkpt>
      <trkpt lat="37.981334" lon="-80.938966"></trkpt>
      <trkpt lat="37.981423" lon="-80.938902"></trkpt>
      <trkpt lat="37.981707" lon="-80.938743"></trkpt>
      <trkpt lat="37.981980" lon="-80.938588"></trkpt>
      <trkpt lat="37.982114" lon="-80.938525"></trkpt>
      <trkpt lat="37.982278" lon="-80.938452"></trkpt>
      <trkpt lat="37.982482" lon="-80.938382"></trkpt>
      <trkpt lat="37.982671" lon="-80.938354"></trkpt>
      <trkpt lat="37.982841" lon="-80.938371"></trkpt>
      <trkpt lat="37.983039" lon="-80.938425"></trkpt>
      <trkpt lat="37.983281" lon="-80.938491"></trkpt>
      <trkpt lat="37.983448" lon="-80.938580"></trkpt>
      <trkpt lat="37.984238" lon="-80.938896"></trkpt>
      <trkpt lat="37.984875" lon="-80.939216"></trkpt>
      <trkpt lat="37.985013" lon="-80.939331"></trkpt>
      <trkpt lat="37.985197" lon="-80.939518"></trkpt>
      <trkpt lat="37.985844" lon="-80.940325"></trkpt>
      <trkpt lat="37.986044" lon="-80.940548"></trkpt>
      <trkpt lat="37.986275" lon="-80.940729"></trkpt>
      <trkpt lat="37.986508" lon="-80.940865"></trkpt>
      <trkpt lat="37.986700" lon="-80.940929"></trkpt>
      <trkpt lat="37.986891" lon="-80.940975"></trkpt>
      <trkpt lat="37.987072" lon="-80.940999"></trkpt>
      <trkpt lat="37.987233" lon="-80.941001"></trkpt>
      <trkpt lat="37.987416" lon="-80.940997"></trkpt>
      <trkpt lat="37.987890" lon="-80.940933"></trkpt>
      <trkpt lat="37.988393" lon="-80.940855"></trkpt>
      <trkpt lat="37.988570" lon="-80.940824"></trkpt>
      <trkpt lat="37.988720" lon="-80.940784"></trkpt>
      <trkpt lat="37.988838" lon="-80.940737"></trkpt>
      <trkpt lat="37.988947" lon="-80.940680"></trkpt>
      <trkpt lat="37.989034" lon="-80.940615"></trkpt>
      <trkpt lat="37.989124" lon="-80.940522"></trkpt>
      <trkpt lat="37.989203" lon="-80.940415"></trkpt>
      <trkpt lat="37.989305" lon="-80.940253"></trkpt>
      <trkpt lat="37.989594" lon="-80.939718"></trkpt>
      <trkpt lat="37.990303" lon="-80.938289"></trkpt>
      <trkpt lat="37.990442" lon="-80.938012"></trkpt>
      <trkpt lat="37.990555" lon="-80.937822"></trkpt>
      <trkpt lat="37.990655" lon="-80.937692"></trkpt>
      <trkpt lat="37.990731" lon="-80.937602"></trkpt>
      <trkpt lat="37.990895" lon="-80.937446"></trkpt>
      <trkpt lat="37.991064" lon="-80.937317"></trkpt>
      <trkpt lat="37.991443" lon="-80.937086"></trkpt>
      <trkpt lat="37.991581" lon="-80.936999"></trkpt>
      <trkpt lat="37.991732" lon="-80.936951"></trkpt>
      <trkpt lat="37.991860" lon="-80.936952"></trkpt>
      <trkpt lat="37.992006" lon="-80.936963"></trkpt>
      <trkpt lat="37.992416" lon="-80.937066"></trkpt>
      <trkpt lat="37.992712" lon="-80.937202"></trkpt>
      <trkpt lat="37.992895" lon="-80.937298"></trkpt>
      <trkpt lat="37.993649" lon="-80.937988"></trkpt>
      <trkpt lat="37.994749" lon="-80.938995"></trkpt>
      <trkpt lat="37.995251" lon="-80.939675"></trkpt>
      <trkpt lat="37.995618" lon="-80.940255"></trkpt>
      <trkpt lat="37.996027" lon="-80.940850"></trkpt>
      <trkpt lat="37.996860" lon="-80.941653"></trkpt>
      <trkpt lat="37.997239" lon="-80.941957"></trkpt>
      <trkpt lat="37.997427" lon="-80.942061"></trkpt>
      <trkpt lat="37.997591" lon="-80.942128"></trkpt>
      <trkpt lat="37.997836" lon="-80.942202"></trkpt>
      <trkpt lat="37.998319" lon="-80.942335"></trkpt>
      <trkpt lat="37.998647" lon="-80.942408"></trkpt>
      <trkpt lat="37.999154" lon="-80.942513"></trkpt>
      <trkpt lat="37.999823" lon="-80.942658"></trkpt>
      <trkpt lat="37.999959" lon="-80.942662"></trkpt>
      <trkpt lat="38.000867" lon="-80.943008"></trkpt>
      <trkpt lat="38.001787" lon="-80.943414"></trkpt>
      <trkpt lat="38.002512" lon="-80.943827"></trkpt>
      <trkpt lat="38.002921" lon="-80.944062"></trkpt>
      <trkpt lat="38.003016" lon="-80.944117"></trkpt>
      <trkpt lat="38.004115" lon="-80.944109"></trkpt>
      <trkpt lat="38.004153" lon="-80.943939"></trkpt>
      <trkpt lat="38.004153" lon="-80.943939"></trkpt>
      <trkpt lat="38.004205" lon="-80.943702"></trkpt>
      <trkpt lat="38.004329" lon="-80.943450"></trkpt>
      <trkpt lat="38.004581" lon="-80.943041"></trkpt>
      <trkpt lat="38.004858" lon="-80.942592"></trkpt>
      <trkpt lat="38.005372" lon="-80.941962"></trkpt>
      <trkpt lat="38.005553" lon="-80.941603"></trkpt>
      <trkpt lat="38.005709" lon="-80.941212"></trkpt>
      <trkpt lat="38.005837" lon="-80.940638"></trkpt>
      <trkpt lat="38.005903" lon="-80.940076"></trkpt>
      <trkpt lat="38.005903" lon="-80.939473"></trkpt>
      <trkpt lat="38.005831" lon="-80.938799"></trkpt>
      <trkpt lat="38.005416" lon="-80.936107"></trkpt>
      <trkpt lat="38.004914" lon="-80.933673"></trkpt>
      <trkpt lat="38.004725" lon="-80.933463"></trkpt>
      <trkpt lat="38.004908" lon="-80.932781"></trkpt>
      <trkpt lat="38.005126" lon="-80.932180"></trkpt>
      <trkpt lat="38.005472" lon="-80.931387"></trkpt>
      <trkpt lat="38.006117" lon="-80.930380"></trkpt>
      <trkpt lat="38.007758" lon="-80.928268"></trkpt>
      <trkpt lat="38.010057" lon="-80.925366"></trkpt>
      <trkpt lat="38.011552" lon="-80.923446"></trkpt>
      <trkpt lat="38.011763" lon="-80.923157"></trkpt>
      <trkpt lat="38.011989" lon="-80.922752"></trkpt>
      <trkpt lat="38.012218" lon="-80.922247"></trkpt>
      <trkpt lat="38.012307" lon="-80.921967"></trkpt>
      <trkpt lat="38.012401" lon="-80.921685"></trkpt>
      <trkpt lat="38.012467" lon="-80.921485"></trkpt>
      <trkpt lat="38.012570" lon="-80.921167"></trkpt>
      <trkpt lat="38.012699" lon="-80.920842"></trkpt>
      <trkpt lat="38.012831" lon="-80.920549"></trkpt>
      <trkpt lat="38.012979" lon="-80.920294"></trkpt>
      <trkpt lat="38.013299" lon="-80.919798"></trkpt>
      <trkpt lat="38.013473" lon="-80.919571"></trkpt>
      <trkpt lat="38.013691" lon="-80.919338"></trkpt>
      <trkpt lat="38.015392" lon="-80.917211"></trkpt>
      <trkpt lat="38.017695" lon="-80.914422"></trkpt>
      <trkpt lat="38.018396" lon="-80.913708"></trkpt>
      <trkpt lat="38.018981" lon="-80.913240"></trkpt>
      <trkpt lat="38.019273" lon="-80.913040"></trkpt>
      <trkpt lat="38.019890" lon="-80.912561"></trkpt>
      <trkpt lat="38.020030" lon="-80.912463"></trkpt>
      <trkpt lat="38.020126" lon="-80.912448"></trkpt>
      <trkpt lat="38.020254" lon="-80.912474"></trkpt>
      <trkpt lat="38.020338" lon="-80.912501"></trkpt>
      <trkpt lat="38.020629" lon="-80.912642"></trkpt>
      <trkpt lat="38.020974" lon="-80.913284"></trkpt>
      <trkpt lat="38.021759" lon="-80.914827"></trkpt>
      <trkpt lat="38.021839" lon="-80.914985"></trkpt>
      <trkpt lat="38.022185" lon="-80.915649"></trkpt>
      <trkpt lat="38.022658" lon="-80.916354"></trkpt>
      <trkpt lat="38.022902" lon="-80.916535"></trkpt>
      <trkpt lat="38.023121" lon="-80.916615"></trkpt>
      <trkpt lat="38.023430" lon="-80.916637"></trkpt>
      <trkpt lat="38.023656" lon="-80.916598"></trkpt>
      <trkpt lat="38.023734" lon="-80.916571"></trkpt>
      <trkpt lat="38.023963" lon="-80.916442"></trkpt>
      <trkpt lat="38.024616" lon="-80.915773"></trkpt>
      <trkpt lat="38.025547" lon="-80.914840"></trkpt>
      <trkpt lat="38.025895" lon="-80.914535"></trkpt>
      <trkpt lat="38.026161" lon="-80.914437"></trkpt>
      <trkpt lat="38.026248" lon="-80.914395"></trkpt>
      <trkpt lat="38.026498" lon="-80.914343"></trkpt>
      <trkpt lat="38.026898" lon="-80.914371"></trkpt>
      <trkpt lat="38.027227" lon="-80.914500"></trkpt>
      <trkpt lat="38.028294" lon="-80.915062"></trkpt>
      <trkpt lat="38.029424" lon="-80.915586"></trkpt>
      <trkpt lat="38.030933" lon="-80.916195"></trkpt>
      <trkpt lat="38.032804" lon="-80.916925"></trkpt>
      <trkpt lat="38.033940" lon="-80.917357"></trkpt>
      <trkpt lat="38.034902" lon="-80.917743"></trkpt>
      <trkpt lat="38.035358" lon="-80.918019"></trkpt>
      <trkpt lat="38.036307" lon="-80.918790"></trkpt>
      <trkpt lat="38.038656" lon="-80.921401"></trkpt>
      <trkpt lat="38.039613" lon="-80.922183"></trkpt>
      <trkpt lat="38.040111" lon="-80.922436"></trkpt>
      <trkpt lat="38.042140" lon="-80.923134"></trkpt>
      <trkpt lat="38.042416" lon="-80.923193"></trkpt>
      <trkpt lat="38.042864" lon="-80.923372"></trkpt>
      <trkpt lat="38.043619" lon="-80.923794"></trkpt>
      <trkpt lat="38.044658" lon="-80.924437"></trkpt>
      <trkpt lat="38.046297" lon="-80.925433"></trkpt>
      <trkpt lat="38.048481" lon="-80.926810"></trkpt>
      <trkpt lat="38.050403" lon="-80.927847"></trkpt>
      <trkpt lat="38.050979" lon="-80.928258"></trkpt>
      <trkpt lat="38.051169" lon="-80.928567"></trkpt>
      <trkpt lat="38.051297" lon="-80.928806"></trkpt>
      <trkpt lat="38.051473" lon="-80.929297"></trkpt>
      <trkpt lat="38.051504" lon="-80.929485"></trkpt>
      <trkpt lat="38.051622" lon="-80.929456"></trkpt>
      <trkpt lat="38.051750" lon="-80.929379"></trkpt>
      <trkpt lat="38.051882" lon="-80.929313"></trkpt>
      <trkpt lat="38.052048" lon="-80.929025"></trkpt>
      <trkpt lat="38.052443" lon="-80.928099"></trkpt>
      <trkpt lat="38.052747" lon="-80.927367"></trkpt>
      <trkpt lat="38.052874" lon="-80.927113"></trkpt>
      <trkpt lat="38.053132" lon="-80.926540"></trkpt>
      <trkpt lat="38.053555" lon="-80.925943"></trkpt>
      <trkpt lat="38.058268" lon="-80.920818"></trkpt>
      <trkpt lat="38.058542" lon="-80.920571"></trkpt>
      <trkpt lat="38.061052" lon="-80.918509"></trkpt>
      <trkpt lat="38.062238" lon="-80.917707"></trkpt>
      <trkpt lat="38.063469" lon="-80.916604"></trkpt>
      <trkpt lat="38.064450" lon="-80.915643"></trkpt>
      <trkpt lat="38.064954" lon="-80.915113"></trkpt>
      <trkpt lat="38.065800" lon="-80.914176"></trkpt>
      <trkpt lat="38.066854" lon="-80.912800"></trkpt>
      <trkpt lat="38.067812" lon="-80.911417"></trkpt>
      <trkpt lat="38.068521" lon="-80.910192"></trkpt>
      <trkpt lat="38.069184" lon="-80.908956"></trkpt>
      <trkpt lat="38.069946" lon="-80.907189"></trkpt>
      <trkpt lat="38.070478" lon="-80.905779"></trkpt>
      <trkpt lat="38.070533" lon="-80.905619"></trkpt>
      <trkpt lat="38.070648" lon="-80.905335"></trkpt>
      <trkpt lat="38.071369" lon="-80.903553"></trkpt>
      <trkpt lat="38.072605" lon="-80.901613"></trkpt>
      <trkpt lat="38.073131" lon="-80.900773"></trkpt>
      <trkpt lat="38.073268" lon="-80.900396"></trkpt>
      <trkpt lat="38.073886" lon="-80.896517"></trkpt>
      <trkpt lat="38.073827" lon="-80.895235"></trkpt>
      <trkpt lat="38.073793" lon="-80.895058"></trkpt>
      <trkpt lat="38.073663" lon="-80.894031"></trkpt>
      <trkpt lat="38.073591" lon="-80.893259"></trkpt>
      <trkpt lat="38.073650" lon="-80.892840"></trkpt>
      <trkpt lat="38.073752" lon="-80.892433"></trkpt>
      <trkpt lat="38.073967" lon="-80.892180"></trkpt>
      <trkpt lat="38.074225" lon="-80.891960"></trkpt>
      <trkpt lat="38.074529" lon="-80.891853"></trkpt>
      <trkpt lat="38.074776" lon="-80.891799"></trkpt>
      <trkpt lat="38.075162" lon="-80.891846"></trkpt>
      <trkpt lat="38.076265" lon="-80.892190"></trkpt>
      <trkpt lat="38.077229" lon="-80.892462"></trkpt>
      <trkpt lat="38.077434" lon="-80.892573"></trkpt>
      <trkpt lat="38.077587" lon="-80.892684"></trkpt>
      <trkpt lat="38.077714" lon="-80.892829"></trkpt>
      <trkpt lat="38.078253" lon="-80.893630"></trkpt>
      <trkpt lat="38.078701" lon="-80.894096"></trkpt>
      <trkpt lat="38.079447" lon="-80.894504"></trkpt>
      <trkpt lat="38.079935" lon="-80.894619"></trkpt>
      <trkpt lat="38.080669" lon="-80.894645"></trkpt>
      <trkpt lat="38.081313" lon="-80.894647"></trkpt>
      <trkpt lat="38.081650" lon="-80.894593"></trkpt>
      <trkpt lat="38.081871" lon="-80.894480"></trkpt>
      <trkpt lat="38.082123" lon="-80.894314"></trkpt>
      <trkpt lat="38.082275" lon="-80.894116"></trkpt>
      <trkpt lat="38.082441" lon="-80.893827"></trkpt>
      <trkpt lat="38.082524" lon="-80.893638"></trkpt>
      <trkpt lat="38.082602" lon="-80.893399"></trkpt>
      <trkpt lat="38.082668" lon="-80.893159"></trkpt>
      <trkpt lat="38.082678" lon="-80.892908"></trkpt>
      <trkpt lat="38.082676" lon="-80.892663"></trkpt>
      <trkpt lat="38.082630" lon="-80.891817"></trkpt>
      <trkpt lat="38.082519" lon="-80.889926"></trkpt>
      <trkpt lat="38.082417" lon="-80.888233"></trkpt>
      <trkpt lat="38.082392" lon="-80.887537"></trkpt>
      <trkpt lat="38.082397" lon="-80.887272"></trkpt>
      <trkpt lat="38.082425" lon="-80.887054"></trkpt>
      <trkpt lat="38.082477" lon="-80.886799"></trkpt>
      <trkpt lat="38.082538" lon="-80.886553"></trkpt>
      <trkpt lat="38.082625" lon="-80.886308"></trkpt>
      <trkpt lat="38.082726" lon="-80.886105"></trkpt>
      <trkpt lat="38.082846" lon="-80.885918"></trkpt>
      <trkpt lat="38.082965" lon="-80.885747"></trkpt>
      <trkpt lat="38.083105" lon="-80.885574"></trkpt>
      <trkpt lat="38.083506" lon="-80.885233"></trkpt>
      <trkpt lat="38.083966" lon="-80.884904"></trkpt>
      <trkpt lat="38.085900" lon="-80.883946"></trkpt>
      <trkpt lat="38.086932" lon="-80.883339"></trkpt>
      <trkpt lat="38.087822" lon="-80.882971"></trkpt>
      <trkpt lat="38.088025" lon="-80.882911"></trkpt>
      <trkpt lat="38.088232" lon="-80.882899"></trkpt>
      <trkpt lat="38.088426" lon="-80.882906"></trkpt>
      <trkpt lat="38.088664" lon="-80.882989"></trkpt>
      <trkpt lat="38.088890" lon="-80.883084"></trkpt>
      <trkpt lat="38.089087" lon="-80.883198"></trkpt>
      <trkpt lat="38.089256" lon="-80.883347"></trkpt>
      <trkpt lat="38.089473" lon="-80.883556"></trkpt>
      <trkpt lat="38.090116" lon="-80.884338"></trkpt>
      <trkpt lat="38.090473" lon="-80.884798"></trkpt>
      <trkpt lat="38.090821" lon="-80.885168"></trkpt>
      <trkpt lat="38.091187" lon="-80.885472"></trkpt>
      <trkpt lat="38.091488" lon="-80.885657"></trkpt>
      <trkpt lat="38.091730" lon="-80.885749"></trkpt>
      <trkpt lat="38.091947" lon="-80.885818"></trkpt>
      <trkpt lat="38.092169" lon="-80.885836"></trkpt>
      <trkpt lat="38.092463" lon="-80.885805"></trkpt>
      <trkpt lat="38.092700" lon="-80.885765"></trkpt>
      <trkpt lat="38.092902" lon="-80.885711"></trkpt>
      <trkpt lat="38.093167" lon="-80.885562"></trkpt>
      <trkpt lat="38.095603" lon="-80.884016"></trkpt>
      <trkpt lat="38.096054" lon="-80.883801"></trkpt>
      <trkpt lat="38.096642" lon="-80.883562"></trkpt>
      <trkpt lat="38.098160" lon="-80.882916"></trkpt>
      <trkpt lat="38.098445" lon="-80.882780"></trkpt>
      <trkpt lat="38.098732" lon="-80.882673"></trkpt>
      <trkpt lat="38.098986" lon="-80.882613"></trkpt>
      <trkpt lat="38.099315" lon="-80.882606"></trkpt>
      <trkpt lat="38.099578" lon="-80.882598"></trkpt>
      <trkpt lat="38.099878" lon="-80.882613"></trkpt>
      <trkpt lat="38.101987" lon="-80.882899"></trkpt>
      <trkpt lat="38.102321" lon="-80.882923"></trkpt>
      <trkpt lat="38.102533" lon="-80.882923"></trkpt>
      <trkpt lat="38.102758" lon="-80.882905"></trkpt>
      <trkpt lat="38.103011" lon="-80.882869"></trkpt>
      <trkpt lat="38.103260" lon="-80.882792"></trkpt>
      <trkpt lat="38.103486" lon="-80.882690"></trkpt>
      <trkpt lat="38.103692" lon="-80.882565"></trkpt>
      <trkpt lat="38.104009" lon="-80.882321"></trkpt>
      <trkpt lat="38.104497" lon="-80.881940"></trkpt>
      <trkpt lat="38.105396" lon="-80.881252"></trkpt>
      <trkpt lat="38.105792" lon="-80.880962"></trkpt>
      <trkpt lat="38.106241" lon="-80.880596"></trkpt>
      <trkpt lat="38.106407" lon="-80.880462"></trkpt>
      <trkpt lat="38.106554" lon="-80.880326"></trkpt>
      <trkpt lat="38.106711" lon="-80.880129"></trkpt>
      <trkpt lat="38.106867" lon="-80.879788"></trkpt>
      <trkpt lat="38.106927" lon="-80.879628"></trkpt>
      <trkpt lat="38.107017" lon="-80.879282"></trkpt>
      <trkpt lat="38.107094" lon="-80.878939"></trkpt>
      <trkpt lat="38.107102" lon="-80.878864"></trkpt>
      <trkpt lat="38.107287" lon="-80.877752"></trkpt>
      <trkpt lat="38.107323" lon="-80.877569"></trkpt>
      <trkpt lat="38.107389" lon="-80.877316"></trkpt>
      <trkpt lat="38.107490" lon="-80.877084"></trkpt>
      <trkpt lat="38.107577" lon="-80.876909"></trkpt>
      <trkpt lat="38.107689" lon="-80.876751"></trkpt>
      <trkpt lat="38.107849" lon="-80.876584"></trkpt>
      <trkpt lat="38.108012" lon="-80.876474"></trkpt>
      <trkpt lat="38.108176" lon="-80.876387"></trkpt>
      <trkpt lat="38.108344" lon="-80.876323"></trkpt>
      <trkpt lat="38.109521" lon="-80.875975"></trkpt>
      <trkpt lat="38.109793" lon="-80.875933"></trkpt>
      <trkpt lat="38.110231" lon="-80.875944"></trkpt>
      <trkpt lat="38.110540" lon="-80.875957"></trkpt>
      <trkpt lat="38.110840" lon="-80.876008"></trkpt>
      <trkpt lat="38.111161" lon="-80.876109"></trkpt>
      <trkpt lat="38.111482" lon="-80.876242"></trkpt>
      <trkpt lat="38.112027" lon="-80.876549"></trkpt>
      <trkpt lat="38.113133" lon="-80.877375"></trkpt>
      <trkpt lat="38.114162" lon="-80.878100"></trkpt>
      <trkpt lat="38.114476" lon="-80.878347"></trkpt>
      <trkpt lat="38.114765" lon="-80.878725"></trkpt>
      <trkpt lat="38.114824" lon="-80.878816"></trkpt>
      <trkpt lat="38.115006" lon="-80.879095"></trkpt>
      <trkpt lat="38.115280" lon="-80.879604"></trkpt>
      <trkpt lat="38.115453" lon="-80.880088"></trkpt>
      <trkpt lat="38.115581" lon="-80.880593"></trkpt>
      <trkpt lat="38.115917" lon="-80.882457"></trkpt>
      <trkpt lat="38.116035" lon="-80.882995"></trkpt>
      <trkpt lat="38.116214" lon="-80.883493"></trkpt>
      <trkpt lat="38.116435" lon="-80.883944"></trkpt>
      <trkpt lat="38.116725" lon="-80.884369"></trkpt>
      <trkpt lat="38.117022" lon="-80.884678"></trkpt>
      <trkpt lat="38.117388" lon="-80.884994"></trkpt>
      <trkpt lat="38.117798" lon="-80.885233"></trkpt>
      <trkpt lat="38.118861" lon="-80.885789"></trkpt>
      <trkpt lat="38.119344" lon="-80.886036"></trkpt>
      <trkpt lat="38.119896" lon="-80.886254"></trkpt>
      <trkpt lat="38.120240" lon="-80.886355"></trkpt>
      <trkpt lat="38.120558" lon="-80.886409"></trkpt>
      <trkpt lat="38.121014" lon="-80.886439"></trkpt>
      <trkpt lat="38.121511" lon="-80.886439"></trkpt>
      <trkpt lat="38.122042" lon="-80.886379"></trkpt>
      <trkpt lat="38.122675" lon="-80.886239"></trkpt>
      <trkpt lat="38.124623" lon="-80.885851"></trkpt>
      <trkpt lat="38.124983" lon="-80.885745"></trkpt>
      <trkpt lat="38.125378" lon="-80.885595"></trkpt>
      <trkpt lat="38.125755" lon="-80.885407"></trkpt>
      <trkpt lat="38.126071" lon="-80.885203"></trkpt>
      <trkpt lat="38.126425" lon="-80.884955"></trkpt>
      <trkpt lat="38.127072" lon="-80.884454"></trkpt>
      <trkpt lat="38.127754" lon="-80.883909"></trkpt>
      <trkpt lat="38.127912" lon="-80.883781"></trkpt>
      <trkpt lat="38.127912" lon="-80.883781"></trkpt>
      <trkpt lat="38.128945" lon="-80.882947"></trkpt>
      <trkpt lat="38.129818" lon="-80.882273"></trkpt>
      <trkpt lat="38.130181" lon="-80.882026"></trkpt>
      <trkpt lat="38.130445" lon="-80.881890"></trkpt>
      <trkpt lat="38.130842" lon="-80.881699"></trkpt>
      <trkpt lat="38.131075" lon="-80.881629"></trkpt>
      <trkpt lat="38.131396" lon="-80.881560"></trkpt>
      <trkpt lat="38.131658" lon="-80.881511"></trkpt>
      <trkpt lat="38.131988" lon="-80.881461"></trkpt>
      <trkpt lat="38.132349" lon="-80.881473"></trkpt>
      <trkpt lat="38.132641" lon="-80.881525"></trkpt>
      <trkpt lat="38.132947" lon="-80.881578"></trkpt>
      <trkpt lat="38.133314" lon="-80.881700"></trkpt>
      <trkpt lat="38.133693" lon="-80.881860"></trkpt>
      <trkpt lat="38.134011" lon="-80.882024"></trkpt>
      <trkpt lat="38.134352" lon="-80.882236"></trkpt>
      <trkpt lat="38.134719" lon="-80.882528"></trkpt>
      <trkpt lat="38.135030" lon="-80.882828"></trkpt>
      <trkpt lat="38.135343" lon="-80.883181"></trkpt>
      <trkpt lat="38.136889" lon="-80.885015"></trkpt>
      <trkpt lat="38.137086" lon="-80.885180"></trkpt>
      <trkpt lat="38.137331" lon="-80.885347"></trkpt>
      <trkpt lat="38.137528" lon="-80.885418"></trkpt>
      <trkpt lat="38.137798" lon="-80.885499"></trkpt>
      <trkpt lat="38.138026" lon="-80.885526"></trkpt>
      <trkpt lat="38.138176" lon="-80.885528"></trkpt>
      <trkpt lat="38.138342" lon="-80.885502"></trkpt>
      <trkpt lat="38.138499" lon="-80.885457"></trkpt>
      <trkpt lat="38.138767" lon="-80.885335"></trkpt>
      <trkpt lat="38.139062" lon="-80.885126"></trkpt>
      <trkpt lat="38.139205" lon="-80.884995"></trkpt>
      <trkpt lat="38.139572" lon="-80.884613"></trkpt>
      <trkpt lat="38.139966" lon="-80.884211"></trkpt>
      <trkpt lat="38.140399" lon="-80.883757"></trkpt>
      <trkpt lat="38.140685" lon="-80.883448"></trkpt>
      <trkpt lat="38.140966" lon="-80.883095"></trkpt>
      <trkpt lat="38.141227" lon="-80.882688"></trkpt>
      <trkpt lat="38.141445" lon="-80.882270"></trkpt>
      <trkpt lat="38.141661" lon="-80.881802"></trkpt>
      <trkpt lat="38.141912" lon="-80.881214"></trkpt>
      <trkpt lat="38.142248" lon="-80.880260"></trkpt>
      <trkpt lat="38.142565" lon="-80.879335"></trkpt>
      <trkpt lat="38.142700" lon="-80.878959"></trkpt>
      <trkpt lat="38.142822" lon="-80.878640"></trkpt>
      <trkpt lat="38.142991" lon="-80.878342"></trkpt>
      <trkpt lat="38.143188" lon="-80.878043"></trkpt>
      <trkpt lat="38.143390" lon="-80.877806"></trkpt>
      <trkpt lat="38.143645" lon="-80.877557"></trkpt>
      <trkpt lat="38.143869" lon="-80.877385"></trkpt>
      <trkpt lat="38.144162" lon="-80.877216"></trkpt>
      <trkpt lat="38.144379" lon="-80.877127"></trkpt>
      <trkpt lat="38.144666" lon="-80.877039"></trkpt>
      <trkpt lat="38.144953" lon="-80.876991"></trkpt>
      <trkpt lat="38.145227" lon="-80.876977"></trkpt>
      <trkpt lat="38.145532" lon="-80.877017"></trkpt>
      <trkpt lat="38.146046" lon="-80.877140"></trkpt>
      <trkpt lat="38.146520" lon="-80.877258"></trkpt>
      <trkpt lat="38.146897" lon="-80.877351"></trkpt>
      <trkpt lat="38.147127" lon="-80.877405"></trkpt>
      <trkpt lat="38.147345" lon="-80.877450"></trkpt>
      <trkpt lat="38.147531" lon="-80.877469"></trkpt>
      <trkpt lat="38.147759" lon="-80.877469"></trkpt>
      <trkpt lat="38.147958" lon="-80.877459"></trkpt>
      <trkpt lat="38.148141" lon="-80.877437"></trkpt>
      <trkpt lat="38.148348" lon="-80.877403"></trkpt>
      <trkpt lat="38.148746" lon="-80.877317"></trkpt>
      <trkpt lat="38.149690" lon="-80.877078"></trkpt>
      <trkpt lat="38.151327" lon="-80.876663"></trkpt>
      <trkpt lat="38.151650" lon="-80.876584"></trkpt>
      <trkpt lat="38.152034" lon="-80.876466"></trkpt>
      <trkpt lat="38.152280" lon="-80.876380"></trkpt>
      <trkpt lat="38.152494" lon="-80.876270"></trkpt>
      <trkpt lat="38.152662" lon="-80.876152"></trkpt>
      <trkpt lat="38.152809" lon="-80.876041"></trkpt>
      <trkpt lat="38.152941" lon="-80.875923"></trkpt>
      <trkpt lat="38.153059" lon="-80.875795"></trkpt>
      <trkpt lat="38.153205" lon="-80.875623"></trkpt>
      <trkpt lat="38.153689" lon="-80.874945"></trkpt>
      <trkpt lat="38.155121" lon="-80.872880"></trkpt>
      <trkpt lat="38.156480" lon="-80.870963"></trkpt>
      <trkpt lat="38.156967" lon="-80.870265"></trkpt>
      <trkpt lat="38.157065" lon="-80.870159"></trkpt>
      <trkpt lat="38.157150" lon="-80.870100"></trkpt>
      <trkpt lat="38.157243" lon="-80.870073"></trkpt>
      <trkpt lat="38.157349" lon="-80.870061"></trkpt>
      <trkpt lat="38.157448" lon="-80.870071"></trkpt>
      <trkpt lat="38.157562" lon="-80.870110"></trkpt>
      <trkpt lat="38.157645" lon="-80.870174"></trkpt>
      <trkpt lat="38.157731" lon="-80.870263"></trkpt>
      <trkpt lat="38.157807" lon="-80.870360"></trkpt>
      <trkpt lat="38.157859" lon="-80.870463"></trkpt>
      <trkpt lat="38.157896" lon="-80.870569"></trkpt>
      <trkpt lat="38.157911" lon="-80.870675"></trkpt>
      <trkpt lat="38.157917" lon="-80.870797"></trkpt>
      <trkpt lat="38.157904" lon="-80.870967"></trkpt>
      <trkpt lat="38.157856" lon="-80.871315"></trkpt>
      <trkpt lat="38.157826" lon="-80.871579"></trkpt>
      <trkpt lat="38.157815" lon="-80.871873"></trkpt>
      <trkpt lat="38.157826" lon="-80.872149"></trkpt>
      <trkpt lat="38.157844" lon="-80.872365"></trkpt>
      <trkpt lat="38.157937" lon="-80.872751"></trkpt>
      <trkpt lat="38.158022" lon="-80.873027"></trkpt>
      <trkpt lat="38.158191" lon="-80.873460"></trkpt>
      <trkpt lat="38.158261" lon="-80.873611"></trkpt>
      <trkpt lat="38.158320" lon="-80.873707"></trkpt>
      <trkpt lat="38.158407" lon="-80.873790"></trkpt>
      <trkpt lat="38.158509" lon="-80.873872"></trkpt>
      <trkpt lat="38.158646" lon="-80.873943"></trkpt>
      <trkpt lat="38.158785" lon="-80.873992"></trkpt>
      <trkpt lat="38.158974" lon="-80.874030"></trkpt>
      <trkpt lat="38.159132" lon="-80.874057"></trkpt>
      <trkpt lat="38.160005" lon="-80.874206"></trkpt>
      <trkpt lat="38.160865" lon="-80.874348"></trkpt>
      <trkpt lat="38.161256" lon="-80.874413"></trkpt>
      <trkpt lat="38.161460" lon="-80.874447"></trkpt>
      <trkpt lat="38.161645" lon="-80.874477"></trkpt>
      <trkpt lat="38.161834" lon="-80.874508"></trkpt>
      <trkpt lat="38.161993" lon="-80.874501"></trkpt>
      <trkpt lat="38.162152" lon="-80.874475"></trkpt>
      <trkpt lat="38.162256" lon="-80.874443"></trkpt>
      <trkpt lat="38.162328" lon="-80.874421"></trkpt>
      <trkpt lat="38.162534" lon="-80.874322"></trkpt>
      <trkpt lat="38.162732" lon="-80.874195"></trkpt>
      <trkpt lat="38.162891" lon="-80.874105"></trkpt>
      <trkpt lat="38.163049" lon="-80.874030"></trkpt>
      <trkpt lat="38.163248" lon="-80.873962"></trkpt>
      <trkpt lat="38.163402" lon="-80.873912"></trkpt>
      <trkpt lat="38.163556" lon="-80.873884"></trkpt>
      <trkpt lat="38.163704" lon="-80.873863"></trkpt>
      <trkpt lat="38.163885" lon="-80.873853"></trkpt>
      <trkpt lat="38.165177" lon="-80.873849"></trkpt>
      <trkpt lat="38.165474" lon="-80.873849"></trkpt>
      <trkpt lat="38.165642" lon="-80.873865"></trkpt>
      <trkpt lat="38.165801" lon="-80.873903"></trkpt>
      <trkpt lat="38.165959" lon="-80.873952"></trkpt>
      <trkpt lat="38.166129" lon="-80.874044"></trkpt>
      <trkpt lat="38.166295" lon="-80.874150"></trkpt>
      <trkpt lat="38.166343" lon="-80.874184"></trkpt>
      <trkpt lat="38.167016" lon="-80.874677"></trkpt>
      <trkpt lat="38.167597" lon="-80.875118"></trkpt>
      <trkpt lat="38.167713" lon="-80.875198"></trkpt>
      <trkpt lat="38.167861" lon="-80.875278"></trkpt>
      <trkpt lat="38.168004" lon="-80.875337"></trkpt>
      <trkpt lat="38.168152" lon="-80.875370"></trkpt>
      <trkpt lat="38.168311" lon="-80.875378"></trkpt>
      <trkpt lat="38.168511" lon="-80.875368"></trkpt>
      <trkpt lat="38.168747" lon="-80.875333"></trkpt>
      <trkpt lat="38.169387" lon="-80.875119"></trkpt>
      <trkpt lat="38.171554" lon="-80.874342"></trkpt>
      <trkpt lat="38.171896" lon="-80.874245"></trkpt>
      <trkpt lat="38.172000" lon="-80.874232"></trkpt>
      <trkpt lat="38.172112" lon="-80.874241"></trkpt>
      <trkpt lat="38.172253" lon="-80.874292"></trkpt>
      <trkpt lat="38.172415" lon="-80.874391"></trkpt>
      <trkpt lat="38.173236" lon="-80.874981"></trkpt>
      <trkpt lat="38.173579" lon="-80.875181"></trkpt>
      <trkpt lat="38.173749" lon="-80.875246"></trkpt>
      <trkpt lat="38.173876" lon="-80.875242"></trkpt>
      <trkpt lat="38.173993" lon="-80.875217"></trkpt>
      <trkpt lat="38.174105" lon="-80.875152"></trkpt>
      <trkpt lat="38.174207" lon="-80.875024"></trkpt>
      <trkpt lat="38.174289" lon="-80.874870"></trkpt>
      <trkpt lat="38.174352" lon="-80.874621"></trkpt>
      <trkpt lat="38.174395" lon="-80.874112"></trkpt>
      <trkpt lat="38.174469" lon="-80.872881"></trkpt>
      <trkpt lat="38.174522" lon="-80.872404"></trkpt>
      <trkpt lat="38.174607" lon="-80.871949"></trkpt>
      <trkpt lat="38.174786" lon="-80.871182"></trkpt>
      <trkpt lat="38.174894" lon="-80.870773"></trkpt>
      <trkpt lat="38.174937" lon="-80.870646"></trkpt>
      <trkpt lat="38.174988" lon="-80.870497"></trkpt>
      <trkpt lat="38.175061" lon="-80.870345"></trkpt>
      <trkpt lat="38.175148" lon="-80.870202"></trkpt>
      <trkpt lat="38.175224" lon="-80.870090"></trkpt>
      <trkpt lat="38.175307" lon="-80.869983"></trkpt>
      <trkpt lat="38.175412" lon="-80.869875"></trkpt>
      <trkpt lat="38.175814" lon="-80.869499"></trkpt>
      <trkpt lat="38.176146" lon="-80.869200"></trkpt>
      <trkpt lat="38.176520" lon="-80.868844"></trkpt>
      <trkpt lat="38.178372" lon="-80.867127"></trkpt>
      <trkpt lat="38.178779" lon="-80.867216"></trkpt>
      <trkpt lat="38.178940" lon="-80.867226"></trkpt>
      <trkpt lat="38.179072" lon="-80.867460"></trkpt>
      <trkpt lat="38.179761" lon="-80.867516"></trkpt>
      <trkpt lat="38.180152" lon="-80.867478"></trkpt>
      <trkpt lat="38.180655" lon="-80.868291"></trkpt>
      <trkpt lat="38.181204" lon="-80.869451"></trkpt>
      <trkpt lat="38.181616" lon="-80.869886"></trkpt>
      <trkpt lat="38.182394" lon="-80.870409"></trkpt>
      <trkpt lat="38.182600" lon="-80.870641"></trkpt>
      <trkpt lat="38.182783" lon="-80.871395"></trkpt>
      <trkpt lat="38.182942" lon="-80.872556"></trkpt>
      <trkpt lat="38.183148" lon="-80.872933"></trkpt>
      <trkpt lat="38.184430" lon="-80.872992"></trkpt>
      <trkpt lat="38.184545" lon="-80.872934"></trkpt>
      <trkpt lat="38.185278" lon="-80.871948"></trkpt>
      <trkpt lat="38.185575" lon="-80.871717"></trkpt>
      <trkpt lat="38.186033" lon="-80.871717"></trkpt>
      <trkpt lat="38.187730" lon="-80.873381"></trkpt>
      <trkpt lat="38.188075" lon="-80.873720"></trkpt>
      <trkpt lat="38.188187" lon="-80.873811"></trkpt>
      <trkpt lat="38.188272" lon="-80.873860"></trkpt>
      <trkpt lat="38.188346" lon="-80.873892"></trkpt>
      <trkpt lat="38.188737" lon="-80.874022"></trkpt>
      <trkpt lat="38.189135" lon="-80.874139"></trkpt>
      <trkpt lat="38.189337" lon="-80.874231"></trkpt>
      <trkpt lat="38.189409" lon="-80.874280"></trkpt>
      <trkpt lat="38.189476" lon="-80.874158"></trkpt>
      <trkpt lat="38.191049" lon="-80.871317"></trkpt>
      <trkpt lat="38.193264" lon="-80.867359"></trkpt>
      <trkpt lat="38.194155" lon="-80.865748"></trkpt>
      <trkpt lat="38.194664" lon="-80.864847"></trkpt>
      <trkpt lat="38.195464" lon="-80.863434"></trkpt>
      <trkpt lat="38.195677" lon="-80.863090"></trkpt>
      <trkpt lat="38.195884" lon="-80.862772"></trkpt>
      <trkpt lat="38.196009" lon="-80.862579"></trkpt>
      <trkpt lat="38.196500" lon="-80.861891"></trkpt>
      <trkpt lat="38.196592" lon="-80.861762"></trkpt>
      <trkpt lat="38.196703" lon="-80.861942"></trkpt>
      <trkpt lat="38.196756" lon="-80.862043"></trkpt>
      <trkpt lat="38.197040" lon="-80.862500"></trkpt>
      <trkpt lat="38.197473" lon="-80.863220"></trkpt>
      <trkpt lat="38.197507" lon="-80.863282"></trkpt>
      <trkpt lat="38.197875" lon="-80.863932"></trkpt>
      <trkpt lat="38.198724" lon="-80.865329"></trkpt>
      <trkpt lat="38.199195" lon="-80.866133"></trkpt>
      <trkpt lat="38.199756" lon="-80.867091"></trkpt>
      <trkpt lat="38.200189" lon="-80.867798"></trkpt>
      <trkpt lat="38.201018" lon="-80.868999"></trkpt>
      <trkpt lat="38.202076" lon="-80.870481"></trkpt>
      <trkpt lat="38.202479" lon="-80.871000"></trkpt>
      <trkpt lat="38.203109" lon="-80.871702"></trkpt>
      <trkpt lat="38.203839" lon="-80.872353"></trkpt>
      <trkpt lat="38.204022" lon="-80.872503"></trkpt>
      <trkpt lat="38.204289" lon="-80.872695"></trkpt>
      <trkpt lat="38.204400" lon="-80.872773"></trkpt>
      <trkpt lat="38.204637" lon="-80.872883"></trkpt>
      <trkpt lat="38.204809" lon="-80.872945"></trkpt>
      <trkpt lat="38.205120" lon="-80.872974"></trkpt>
      <trkpt lat="38.205346" lon="-80.872947"></trkpt>
      <trkpt lat="38.205624" lon="-80.872904"></trkpt>
      <trkpt lat="38.206081" lon="-80.872719"></trkpt>
      <trkpt lat="38.206737" lon="-80.872427"></trkpt>
      <trkpt lat="38.206901" lon="-80.872378"></trkpt>
      <trkpt lat="38.207077" lon="-80.872350"></trkpt>
      <trkpt lat="38.207279" lon="-80.872339"></trkpt>
      <trkpt lat="38.207493" lon="-80.872385"></trkpt>
      <trkpt lat="38.207688" lon="-80.872460"></trkpt>
      <trkpt lat="38.207889" lon="-80.872575"></trkpt>
      <trkpt lat="38.208081" lon="-80.872762"></trkpt>
      <trkpt lat="38.208855" lon="-80.873708"></trkpt>
      <trkpt lat="38.209049" lon="-80.873918"></trkpt>
      <trkpt lat="38.209295" lon="-80.874101"></trkpt>
      <trkpt lat="38.209570" lon="-80.874280"></trkpt>
      <trkpt lat="38.209657" lon="-80.874315"></trkpt>
      <trkpt lat="38.209786" lon="-80.874368"></trkpt>
      <trkpt lat="38.210578" lon="-80.874640"></trkpt>
      <trkpt lat="38.212149" lon="-80.875154"></trkpt>
      <trkpt lat="38.213241" lon="-80.875381"></trkpt>
      <trkpt lat="38.213875" lon="-80.875512"></trkpt>
      <trkpt lat="38.214170" lon="-80.875599"></trkpt>
      <trkpt lat="38.214402" lon="-80.875708"></trkpt>
      <trkpt lat="38.214503" lon="-80.875769"></trkpt>
      <trkpt lat="38.214646" lon="-80.875855"></trkpt>
      <trkpt lat="38.214819" lon="-80.875991"></trkpt>
      <trkpt lat="38.214832" lon="-80.876001"></trkpt>
      <trkpt lat="38.214962" lon="-80.876118"></trkpt>
      <trkpt lat="38.215186" lon="-80.876370"></trkpt>
      <trkpt lat="38.215403" lon="-80.876651"></trkpt>
      <trkpt lat="38.215671" lon="-80.877119"></trkpt>
      <trkpt lat="38.216298" lon="-80.878205"></trkpt>
      <trkpt lat="38.216787" lon="-80.878849"></trkpt>
      <trkpt lat="38.217276" lon="-80.879235"></trkpt>
      <trkpt lat="38.217832" lon="-80.879557"></trkpt>
      <trkpt lat="38.218540" lon="-80.879793"></trkpt>
      <trkpt lat="38.219044" lon="-80.879928"></trkpt>
      <trkpt lat="38.219993" lon="-80.880182"></trkpt>
      <trkpt lat="38.220823" lon="-80.880428"></trkpt>
      <trkpt lat="38.221013" lon="-80.880495"></trkpt>
      <trkpt lat="38.221240" lon="-80.880594"></trkpt>
      <trkpt lat="38.221386" lon="-80.880708"></trkpt>
      <trkpt lat="38.221430" lon="-80.880742"></trkpt>
      <trkpt lat="38.221775" lon="-80.881063"></trkpt>
      <trkpt lat="38.221895" lon="-80.881265"></trkpt>
      <trkpt lat="38.222085" lon="-80.881589"></trkpt>
      <trkpt lat="38.222376" lon="-80.882292"></trkpt>
      <trkpt lat="38.222822" lon="-80.883462"></trkpt>
      <trkpt lat="38.222900" lon="-80.883738"></trkpt>
      <trkpt lat="38.222951" lon="-80.884030"></trkpt>
      <trkpt lat="38.222988" lon="-80.886917"></trkpt>
      <trkpt lat="38.222988" lon="-80.886966"></trkpt>
      <trkpt lat="38.222974" lon="-80.887344"></trkpt>
      <trkpt lat="38.222966" lon="-80.887541"></trkpt>
      <trkpt lat="38.222965" lon="-80.887554"></trkpt>
    </trkseg>
  </trk>
</gpx>
