<?xml version="1.0" encoding="utf-8" ?>
<gpx xmlns="http://www.topografix.com/GPX/1/1" creator="http://furkot.com/" version="1.1" xmlns:xsi="http://www.w3.org/2001/XMLSchema-instance" xsi:schemaLocation="http://www.topografix.com/GPX/1/1 http://www.topografix.com/GPX/1/1/gpx.xsd">
  <metadata>
    <name>The Head of the Dragon</name>
    <author>
      <name>Furkot - road trip planner</name>
      <email id="trips" domain="furkot.com"></email>
      <link href="https://trips.furkot.com">
        <text>Furkot</text>
      </link>
    </author>
  </metadata>
  <wpt lat="37.426762" lon="-81.507859">
    <time>2026-07-25T13:00:00.000Z</time>
    <cmt>Kimball, WV</cmt>
    <desc>Kimball, WV</desc>
    <sym>Flag, Blue</sym>
  </wpt>
  <wpt lat="37.431689" lon="-81.580423">
    <time>2026-07-25T14:11:48.000Z</time>
    <name>Welch, WV</name>
    <cmt>Nutshell Drive, Welch, WV</cmt>
    <desc>Nutshell Drive, Welch, WV</desc>
  </wpt>
  <wpt lat="37.466642" lon="-81.813671">
    <time>2026-07-25T15:35:33.000Z</time>
    <name>Iaeger, WV</name>
    <cmt>Iaeger, WV</cmt>
    <desc>Iaeger, WV</desc>
  </wpt>
  <wpt lat="37.352383" lon="-81.801342">
    <time>2026-07-25T16:55:29.000Z</time>
    <cmt>Bradshaw, WV</cmt>
    <desc>Bradshaw, WV</desc>
  </wpt>
  <wpt lat="37.301111" lon="-81.684167">
    <time>2026-07-25T18:13:23.000Z</time>
    <name>War, WV</name>
    <cmt>War, WV</cmt>
    <desc>War, WV</desc>
  </wpt>
  <wpt lat="37.316930" lon="-81.485520">
    <time>2026-07-25T19:50:37.000Z</time>
    <name>25 locomotive rd, Pageton, WV</name>
    <cmt>West Virginia, USA</cmt>
    <desc>West Virginia, USA</desc>
  </wpt>
  <wpt lat="37.385556" lon="-81.410833">
    <time>2026-07-25T21:05:30.000Z</time>
    <name>Elkhorn, WV</name>
    <cmt>Elkhorn Street, WV</cmt>
    <desc>Elkhorn Street, WV</desc>
  </wpt>
  <wpt lat="37.623611" lon="-81.459167">
    <name>Twin Falls Resort State Park</name>
    <link href="https://en.wikipedia.org/wiki/Twin_Falls_Resort_State_Park"></link>
    <sym>Museum</sym>
  </wpt>
  <trk>
    <name>Day 1 - Sat, Jul 25, 2026</name>
    <trkseg>
      <trkpt lat="37.426698" lon="-81.507540"></trkpt>
      <trkpt lat="37.426662" lon="-81.507551"></trkpt>
      <trkpt lat="37.426537" lon="-81.507580"></trkpt>
      <trkpt lat="37.426434" lon="-81.507594"></trkpt>
      <trkpt lat="37.426440" lon="-81.507546"></trkpt>
      <trkpt lat="37.426440" lon="-81.507505"></trkpt>
      <trkpt lat="37.426432" lon="-81.507455"></trkpt>
      <trkpt lat="37.426411" lon="-81.507375"></trkpt>
      <trkpt lat="37.426389" lon="-81.507290"></trkpt>
      <trkpt lat="37.426380" lon="-81.507256"></trkpt>
      <trkpt lat="37.426360" lon="-81.507181"></trkpt>
      <trkpt lat="37.426437" lon="-81.507152"></trkpt>
      <trkpt lat="37.426538" lon="-81.507110"></trkpt>
      <trkpt lat="37.426693" lon="-81.507028"></trkpt>
      <trkpt lat="37.426831" lon="-81.506939"></trkpt>
      <trkpt lat="37.426980" lon="-81.506833"></trkpt>
      <trkpt lat="37.427138" lon="-81.506707"></trkpt>
      <trkpt lat="37.427246" lon="-81.506623"></trkpt>
      <trkpt lat="37.427331" lon="-81.506559"></trkpt>
      <trkpt lat="37.427427" lon="-81.506503"></trkpt>
      <trkpt lat="37.427514" lon="-81.506461"></trkpt>
      <trkpt lat="37.427590" lon="-81.506429"></trkpt>
      <trkpt lat="37.427671" lon="-81.506402"></trkpt>
      <trkpt lat="37.427747" lon="-81.506382"></trkpt>
      <trkpt lat="37.428236" lon="-81.506285"></trkpt>
      <trkpt lat="37.428411" lon="-81.506255"></trkpt>
      <trkpt lat="37.428436" lon="-81.506247"></trkpt>
      <trkpt lat="37.428470" lon="-81.506237"></trkpt>
      <trkpt lat="37.428512" lon="-81.506216"></trkpt>
      <trkpt lat="37.428560" lon="-81.506187"></trkpt>
      <trkpt lat="37.428627" lon="-81.506125"></trkpt>
      <trkpt lat="37.428720" lon="-81.506031"></trkpt>
      <trkpt lat="37.428803" lon="-81.505935"></trkpt>
      <trkpt lat="37.428897" lon="-81.505816"></trkpt>
      <trkpt lat="37.428986" lon="-81.505697"></trkpt>
      <trkpt lat="37.429076" lon="-81.505589"></trkpt>
      <trkpt lat="37.429174" lon="-81.505494"></trkpt>
      <trkpt lat="37.429264" lon="-81.505421"></trkpt>
      <trkpt lat="37.429345" lon="-81.505369"></trkpt>
      <trkpt lat="37.429433" lon="-81.505332"></trkpt>
      <trkpt lat="37.429564" lon="-81.505293"></trkpt>
      <trkpt lat="37.429700" lon="-81.505294"></trkpt>
      <trkpt lat="37.429828" lon="-81.505315"></trkpt>
      <trkpt lat="37.429941" lon="-81.505352"></trkpt>
      <trkpt lat="37.430066" lon="-81.505428"></trkpt>
      <trkpt lat="37.430155" lon="-81.505513"></trkpt>
      <trkpt lat="37.430358" lon="-81.505811"></trkpt>
      <trkpt lat="37.430405" lon="-81.505943"></trkpt>
      <trkpt lat="37.430448" lon="-81.506106"></trkpt>
      <trkpt lat="37.430458" lon="-81.506281"></trkpt>
      <trkpt lat="37.430465" lon="-81.506431"></trkpt>
      <trkpt lat="37.430429" lon="-81.506597"></trkpt>
      <trkpt lat="37.430341" lon="-81.506860"></trkpt>
      <trkpt lat="37.430042" lon="-81.507550"></trkpt>
      <trkpt lat="37.429787" lon="-81.508123"></trkpt>
      <trkpt lat="37.429400" lon="-81.508920"></trkpt>
      <trkpt lat="37.429270" lon="-81.509204"></trkpt>
      <trkpt lat="37.429094" lon="-81.509486"></trkpt>
      <trkpt lat="37.428889" lon="-81.509754"></trkpt>
      <trkpt lat="37.428706" lon="-81.509959"></trkpt>
      <trkpt lat="37.428424" lon="-81.510215"></trkpt>
      <trkpt lat="37.428124" lon="-81.510467"></trkpt>
      <trkpt lat="37.427962" lon="-81.510615"></trkpt>
      <trkpt lat="37.427732" lon="-81.510792"></trkpt>
      <trkpt lat="37.427532" lon="-81.510912"></trkpt>
      <trkpt lat="37.427398" lon="-81.510985"></trkpt>
      <trkpt lat="37.427172" lon="-81.511082"></trkpt>
      <trkpt lat="37.426915" lon="-81.511175"></trkpt>
      <trkpt lat="37.426681" lon="-81.511346"></trkpt>
      <trkpt lat="37.425896" lon="-81.511767"></trkpt>
      <trkpt lat="37.425492" lon="-81.511891"></trkpt>
      <trkpt lat="37.424998" lon="-81.511980"></trkpt>
      <trkpt lat="37.424549" lon="-81.511990"></trkpt>
      <trkpt lat="37.422963" lon="-81.512041"></trkpt>
      <trkpt lat="37.422898" lon="-81.512072"></trkpt>
      <trkpt lat="37.422845" lon="-81.512147"></trkpt>
      <trkpt lat="37.422811" lon="-81.512247"></trkpt>
      <trkpt lat="37.422775" lon="-81.512429"></trkpt>
      <trkpt lat="37.422737" lon="-81.512648"></trkpt>
      <trkpt lat="37.422740" lon="-81.512778"></trkpt>
      <trkpt lat="37.422766" lon="-81.512889"></trkpt>
      <trkpt lat="37.422818" lon="-81.513017"></trkpt>
      <trkpt lat="37.422906" lon="-81.513163"></trkpt>
      <trkpt lat="37.423154" lon="-81.513507"></trkpt>
      <trkpt lat="37.423182" lon="-81.513563"></trkpt>
      <trkpt lat="37.423184" lon="-81.513618"></trkpt>
      <trkpt lat="37.423157" lon="-81.513673"></trkpt>
      <trkpt lat="37.423120" lon="-81.513705"></trkpt>
      <trkpt lat="37.423032" lon="-81.513739"></trkpt>
      <trkpt lat="37.422822" lon="-81.513849"></trkpt>
      <trkpt lat="37.422768" lon="-81.513915"></trkpt>
      <trkpt lat="37.422751" lon="-81.514005"></trkpt>
      <trkpt lat="37.422752" lon="-81.514102"></trkpt>
      <trkpt lat="37.422779" lon="-81.514222"></trkpt>
      <trkpt lat="37.422999" lon="-81.514841"></trkpt>
      <trkpt lat="37.423014" lon="-81.514938"></trkpt>
      <trkpt lat="37.423000" lon="-81.515005"></trkpt>
      <trkpt lat="37.422962" lon="-81.515064"></trkpt>
      <trkpt lat="37.422891" lon="-81.515113"></trkpt>
      <trkpt lat="37.422731" lon="-81.515161"></trkpt>
      <trkpt lat="37.422627" lon="-81.515206"></trkpt>
      <trkpt lat="37.422561" lon="-81.515304"></trkpt>
      <trkpt lat="37.422518" lon="-81.515457"></trkpt>
      <trkpt lat="37.422512" lon="-81.515666"></trkpt>
      <trkpt lat="37.422531" lon="-81.515851"></trkpt>
      <trkpt lat="37.422580" lon="-81.516089"></trkpt>
      <trkpt lat="37.422573" lon="-81.516259"></trkpt>
      <trkpt lat="37.422534" lon="-81.516391"></trkpt>
      <trkpt lat="37.422474" lon="-81.516495"></trkpt>
      <trkpt lat="37.422362" lon="-81.516601"></trkpt>
      <trkpt lat="37.422274" lon="-81.516774"></trkpt>
      <trkpt lat="37.422225" lon="-81.516919"></trkpt>
      <trkpt lat="37.422137" lon="-81.517101"></trkpt>
      <trkpt lat="37.422016" lon="-81.517245"></trkpt>
      <trkpt lat="37.421990" lon="-81.517323"></trkpt>
      <trkpt lat="37.422012" lon="-81.517393"></trkpt>
      <trkpt lat="37.422075" lon="-81.517461"></trkpt>
      <trkpt lat="37.422233" lon="-81.517571"></trkpt>
      <trkpt lat="37.422326" lon="-81.517617"></trkpt>
      <trkpt lat="37.422425" lon="-81.517626"></trkpt>
      <trkpt lat="37.422580" lon="-81.517622"></trkpt>
      <trkpt lat="37.422679" lon="-81.517652"></trkpt>
      <trkpt lat="37.422747" lon="-81.517712"></trkpt>
      <trkpt lat="37.422831" lon="-81.517826"></trkpt>
      <trkpt lat="37.422905" lon="-81.517973"></trkpt>
      <trkpt lat="37.422988" lon="-81.518147"></trkpt>
      <trkpt lat="37.423057" lon="-81.518207"></trkpt>
      <trkpt lat="37.423117" lon="-81.518226"></trkpt>
      <trkpt lat="37.423198" lon="-81.518220"></trkpt>
      <trkpt lat="37.423326" lon="-81.518207"></trkpt>
      <trkpt lat="37.423422" lon="-81.518218"></trkpt>
      <trkpt lat="37.423500" lon="-81.518261"></trkpt>
      <trkpt lat="37.423599" lon="-81.518353"></trkpt>
      <trkpt lat="37.423694" lon="-81.518490"></trkpt>
      <trkpt lat="37.423773" lon="-81.518653"></trkpt>
      <trkpt lat="37.423880" lon="-81.518898"></trkpt>
      <trkpt lat="37.423943" lon="-81.518948"></trkpt>
      <trkpt lat="37.424007" lon="-81.518956"></trkpt>
      <trkpt lat="37.424090" lon="-81.518948"></trkpt>
      <trkpt lat="37.424512" lon="-81.518866"></trkpt>
      <trkpt lat="37.424935" lon="-81.518846"></trkpt>
      <trkpt lat="37.425012" lon="-81.518856"></trkpt>
      <trkpt lat="37.425071" lon="-81.518913"></trkpt>
      <trkpt lat="37.425081" lon="-81.518943"></trkpt>
      <trkpt lat="37.425100" lon="-81.518998"></trkpt>
      <trkpt lat="37.425085" lon="-81.519212"></trkpt>
      <trkpt lat="37.425033" lon="-81.519629"></trkpt>
      <trkpt lat="37.424951" lon="-81.519940"></trkpt>
      <trkpt lat="37.424901" lon="-81.520132"></trkpt>
      <trkpt lat="37.424900" lon="-81.520269"></trkpt>
      <trkpt lat="37.424940" lon="-81.520350"></trkpt>
      <trkpt lat="37.425101" lon="-81.520551"></trkpt>
      <trkpt lat="37.425253" lon="-81.520881"></trkpt>
      <trkpt lat="37.425315" lon="-81.521065"></trkpt>
      <trkpt lat="37.425331" lon="-81.521207"></trkpt>
      <trkpt lat="37.425329" lon="-81.521412"></trkpt>
      <trkpt lat="37.425346" lon="-81.521564"></trkpt>
      <trkpt lat="37.425386" lon="-81.521682"></trkpt>
      <trkpt lat="37.425469" lon="-81.521837"></trkpt>
      <trkpt lat="37.425591" lon="-81.521996"></trkpt>
      <trkpt lat="37.425822" lon="-81.522240"></trkpt>
      <trkpt lat="37.425951" lon="-81.522348"></trkpt>
      <trkpt lat="37.426262" lon="-81.522547"></trkpt>
      <trkpt lat="37.426362" lon="-81.522625"></trkpt>
      <trkpt lat="37.426522" lon="-81.522842"></trkpt>
      <trkpt lat="37.426624" lon="-81.522925"></trkpt>
      <trkpt lat="37.426705" lon="-81.522955"></trkpt>
      <trkpt lat="37.426820" lon="-81.522974"></trkpt>
      <trkpt lat="37.426915" lon="-81.522943"></trkpt>
      <trkpt lat="37.427018" lon="-81.522879"></trkpt>
      <trkpt lat="37.427094" lon="-81.522776"></trkpt>
      <trkpt lat="37.427190" lon="-81.522699"></trkpt>
      <trkpt lat="37.427255" lon="-81.522692"></trkpt>
      <trkpt lat="37.427309" lon="-81.522809"></trkpt>
      <trkpt lat="37.427327" lon="-81.522937"></trkpt>
      <trkpt lat="37.427298" lon="-81.523086"></trkpt>
      <trkpt lat="37.427249" lon="-81.523250"></trkpt>
      <trkpt lat="37.427220" lon="-81.523455"></trkpt>
      <trkpt lat="37.427216" lon="-81.523598"></trkpt>
      <trkpt lat="37.427236" lon="-81.523764"></trkpt>
      <trkpt lat="37.427299" lon="-81.523936"></trkpt>
      <trkpt lat="37.427383" lon="-81.524116"></trkpt>
      <trkpt lat="37.427458" lon="-81.524222"></trkpt>
      <trkpt lat="37.427545" lon="-81.524331"></trkpt>
      <trkpt lat="37.427600" lon="-81.524444"></trkpt>
      <trkpt lat="37.427622" lon="-81.524542"></trkpt>
      <trkpt lat="37.427652" lon="-81.524693"></trkpt>
      <trkpt lat="37.427706" lon="-81.524768"></trkpt>
      <trkpt lat="37.427788" lon="-81.524830"></trkpt>
      <trkpt lat="37.427887" lon="-81.524864"></trkpt>
      <trkpt lat="37.428023" lon="-81.524868"></trkpt>
      <trkpt lat="37.428152" lon="-81.524911"></trkpt>
      <trkpt lat="37.428541" lon="-81.525101"></trkpt>
      <trkpt lat="37.428820" lon="-81.525188"></trkpt>
      <trkpt lat="37.428927" lon="-81.525189"></trkpt>
      <trkpt lat="37.428999" lon="-81.525146"></trkpt>
      <trkpt lat="37.429044" lon="-81.525074"></trkpt>
      <trkpt lat="37.429058" lon="-81.524956"></trkpt>
      <trkpt lat="37.429036" lon="-81.524810"></trkpt>
      <trkpt lat="37.429043" lon="-81.524739"></trkpt>
      <trkpt lat="37.429077" lon="-81.524701"></trkpt>
      <trkpt lat="37.429125" lon="-81.524683"></trkpt>
      <trkpt lat="37.429216" lon="-81.524688"></trkpt>
      <trkpt lat="37.429291" lon="-81.524748"></trkpt>
      <trkpt lat="37.429504" lon="-81.525173"></trkpt>
      <trkpt lat="37.429600" lon="-81.525379"></trkpt>
      <trkpt lat="37.429668" lon="-81.525440"></trkpt>
      <trkpt lat="37.429735" lon="-81.525465"></trkpt>
      <trkpt lat="37.429808" lon="-81.525449"></trkpt>
      <trkpt lat="37.429877" lon="-81.525353"></trkpt>
      <trkpt lat="37.429933" lon="-81.525240"></trkpt>
      <trkpt lat="37.429985" lon="-81.525176"></trkpt>
      <trkpt lat="37.430142" lon="-81.525048"></trkpt>
      <trkpt lat="37.430259" lon="-81.524938"></trkpt>
      <trkpt lat="37.430430" lon="-81.524743"></trkpt>
      <trkpt lat="37.430569" lon="-81.524563"></trkpt>
      <trkpt lat="37.430665" lon="-81.524403"></trkpt>
      <trkpt lat="37.430717" lon="-81.524293"></trkpt>
      <trkpt lat="37.430756" lon="-81.524265"></trkpt>
      <trkpt lat="37.430784" lon="-81.524284"></trkpt>
      <trkpt lat="37.430792" lon="-81.524336"></trkpt>
      <trkpt lat="37.430754" lon="-81.524759"></trkpt>
      <trkpt lat="37.430746" lon="-81.525038"></trkpt>
      <trkpt lat="37.430732" lon="-81.525212"></trkpt>
      <trkpt lat="37.430683" lon="-81.525406"></trkpt>
      <trkpt lat="37.430625" lon="-81.525724"></trkpt>
      <trkpt lat="37.430581" lon="-81.526039"></trkpt>
      <trkpt lat="37.430485" lon="-81.526490"></trkpt>
      <trkpt lat="37.430454" lon="-81.526703"></trkpt>
      <trkpt lat="37.430459" lon="-81.526859"></trkpt>
      <trkpt lat="37.430478" lon="-81.526925"></trkpt>
      <trkpt lat="37.430520" lon="-81.526995"></trkpt>
      <trkpt lat="37.430674" lon="-81.527056"></trkpt>
      <trkpt lat="37.430726" lon="-81.527100"></trkpt>
      <trkpt lat="37.430760" lon="-81.527162"></trkpt>
      <trkpt lat="37.430804" lon="-81.527425"></trkpt>
      <trkpt lat="37.430810" lon="-81.527560"></trkpt>
      <trkpt lat="37.430798" lon="-81.527662"></trkpt>
      <trkpt lat="37.430770" lon="-81.527799"></trkpt>
      <trkpt lat="37.430760" lon="-81.527890"></trkpt>
      <trkpt lat="37.430784" lon="-81.527979"></trkpt>
      <trkpt lat="37.430851" lon="-81.528043"></trkpt>
      <trkpt lat="37.431067" lon="-81.528161"></trkpt>
      <trkpt lat="37.431163" lon="-81.528228"></trkpt>
      <trkpt lat="37.431273" lon="-81.528382"></trkpt>
      <trkpt lat="37.431293" lon="-81.528516"></trkpt>
      <trkpt lat="37.431293" lon="-81.528617"></trkpt>
      <trkpt lat="37.431278" lon="-81.528698"></trkpt>
      <trkpt lat="37.431231" lon="-81.528791"></trkpt>
      <trkpt lat="37.431123" lon="-81.528958"></trkpt>
      <trkpt lat="37.430992" lon="-81.529132"></trkpt>
      <trkpt lat="37.430669" lon="-81.529628"></trkpt>
      <trkpt lat="37.430516" lon="-81.529977"></trkpt>
      <trkpt lat="37.430426" lon="-81.530212"></trkpt>
      <trkpt lat="37.430397" lon="-81.530379"></trkpt>
      <trkpt lat="37.430383" lon="-81.530581"></trkpt>
      <trkpt lat="37.430404" lon="-81.530751"></trkpt>
      <trkpt lat="37.430456" lon="-81.530908"></trkpt>
      <trkpt lat="37.430562" lon="-81.531118"></trkpt>
      <trkpt lat="37.430677" lon="-81.531288"></trkpt>
      <trkpt lat="37.430849" lon="-81.531465"></trkpt>
      <trkpt lat="37.431429" lon="-81.531893"></trkpt>
      <trkpt lat="37.431618" lon="-81.531985"></trkpt>
      <trkpt lat="37.431717" lon="-81.532063"></trkpt>
      <trkpt lat="37.431782" lon="-81.532162"></trkpt>
      <trkpt lat="37.431817" lon="-81.532310"></trkpt>
      <trkpt lat="37.431825" lon="-81.532440"></trkpt>
      <trkpt lat="37.431803" lon="-81.532559"></trkpt>
      <trkpt lat="37.431752" lon="-81.532643"></trkpt>
      <trkpt lat="37.431667" lon="-81.532719"></trkpt>
      <trkpt lat="37.431433" lon="-81.532869"></trkpt>
      <trkpt lat="37.431343" lon="-81.532977"></trkpt>
      <trkpt lat="37.431309" lon="-81.533068"></trkpt>
      <trkpt lat="37.431311" lon="-81.533149"></trkpt>
      <trkpt lat="37.431351" lon="-81.533229"></trkpt>
      <trkpt lat="37.431488" lon="-81.533432"></trkpt>
      <trkpt lat="37.431507" lon="-81.533492"></trkpt>
      <trkpt lat="37.431498" lon="-81.533568"></trkpt>
      <trkpt lat="37.431464" lon="-81.533627"></trkpt>
      <trkpt lat="37.431392" lon="-81.533690"></trkpt>
      <trkpt lat="37.431382" lon="-81.533694"></trkpt>
      <trkpt lat="37.431382" lon="-81.533694"></trkpt>
      <trkpt lat="37.431191" lon="-81.533779"></trkpt>
      <trkpt lat="37.430900" lon="-81.533866"></trkpt>
      <trkpt lat="37.430845" lon="-81.533903"></trkpt>
      <trkpt lat="37.430814" lon="-81.533979"></trkpt>
      <trkpt lat="37.430822" lon="-81.534078"></trkpt>
      <trkpt lat="37.430887" lon="-81.534155"></trkpt>
      <trkpt lat="37.431424" lon="-81.534510"></trkpt>
      <trkpt lat="37.431617" lon="-81.534714"></trkpt>
      <trkpt lat="37.431697" lon="-81.534924"></trkpt>
      <trkpt lat="37.431728" lon="-81.535208"></trkpt>
      <trkpt lat="37.431695" lon="-81.535822"></trkpt>
      <trkpt lat="37.431604" lon="-81.536386"></trkpt>
      <trkpt lat="37.431396" lon="-81.537460"></trkpt>
      <trkpt lat="37.431129" lon="-81.538845"></trkpt>
      <trkpt lat="37.431098" lon="-81.539686"></trkpt>
      <trkpt lat="37.431151" lon="-81.540283"></trkpt>
      <trkpt lat="37.431259" lon="-81.540862"></trkpt>
      <trkpt lat="37.431340" lon="-81.541141"></trkpt>
      <trkpt lat="37.431617" lon="-81.541931"></trkpt>
      <trkpt lat="37.431671" lon="-81.542079"></trkpt>
      <trkpt lat="37.431815" lon="-81.542476"></trkpt>
      <trkpt lat="37.431992" lon="-81.542883"></trkpt>
      <trkpt lat="37.432261" lon="-81.543360"></trkpt>
      <trkpt lat="37.432410" lon="-81.543814"></trkpt>
      <trkpt lat="37.432506" lon="-81.544170"></trkpt>
      <trkpt lat="37.432507" lon="-81.544470"></trkpt>
      <trkpt lat="37.432422" lon="-81.544805"></trkpt>
      <trkpt lat="37.432244" lon="-81.545228"></trkpt>
      <trkpt lat="37.430507" lon="-81.548247"></trkpt>
      <trkpt lat="37.430390" lon="-81.548520"></trkpt>
      <trkpt lat="37.430215" lon="-81.549125"></trkpt>
      <trkpt lat="37.430148" lon="-81.549385"></trkpt>
      <trkpt lat="37.430103" lon="-81.549685"></trkpt>
      <trkpt lat="37.430061" lon="-81.549974"></trkpt>
      <trkpt lat="37.430034" lon="-81.550022"></trkpt>
      <trkpt lat="37.429952" lon="-81.550162"></trkpt>
      <trkpt lat="37.429862" lon="-81.550251"></trkpt>
      <trkpt lat="37.429846" lon="-81.550267"></trkpt>
      <trkpt lat="37.429622" lon="-81.550321"></trkpt>
      <trkpt lat="37.429543" lon="-81.550345"></trkpt>
      <trkpt lat="37.429491" lon="-81.550423"></trkpt>
      <trkpt lat="37.429498" lon="-81.550514"></trkpt>
      <trkpt lat="37.429535" lon="-81.550594"></trkpt>
      <trkpt lat="37.429553" lon="-81.550730"></trkpt>
      <trkpt lat="37.429527" lon="-81.550871"></trkpt>
      <trkpt lat="37.429517" lon="-81.550913"></trkpt>
      <trkpt lat="37.429407" lon="-81.551401"></trkpt>
      <trkpt lat="37.429465" lon="-81.551435"></trkpt>
      <trkpt lat="37.429514" lon="-81.551476"></trkpt>
      <trkpt lat="37.429620" lon="-81.551600"></trkpt>
      <trkpt lat="37.429623" lon="-81.551604"></trkpt>
      <trkpt lat="37.429705" lon="-81.551774"></trkpt>
      <trkpt lat="37.429721" lon="-81.551907"></trkpt>
      <trkpt lat="37.429719" lon="-81.551988"></trkpt>
      <trkpt lat="37.429713" lon="-81.552243"></trkpt>
      <trkpt lat="37.429710" lon="-81.552368"></trkpt>
      <trkpt lat="37.429945" lon="-81.552383"></trkpt>
      <trkpt lat="37.430048" lon="-81.552396"></trkpt>
      <trkpt lat="37.430148" lon="-81.552419"></trkpt>
      <trkpt lat="37.430212" lon="-81.552441"></trkpt>
      <trkpt lat="37.430274" lon="-81.552469"></trkpt>
      <trkpt lat="37.430325" lon="-81.552498"></trkpt>
      <trkpt lat="37.430372" lon="-81.552534"></trkpt>
      <trkpt lat="37.430421" lon="-81.552569"></trkpt>
      <trkpt lat="37.430465" lon="-81.552612"></trkpt>
      <trkpt lat="37.430511" lon="-81.552666"></trkpt>
      <trkpt lat="37.430546" lon="-81.552713"></trkpt>
      <trkpt lat="37.430583" lon="-81.552765"></trkpt>
      <trkpt lat="37.430614" lon="-81.552824"></trkpt>
      <trkpt lat="37.430645" lon="-81.552887"></trkpt>
      <trkpt lat="37.430667" lon="-81.552943"></trkpt>
      <trkpt lat="37.430691" lon="-81.553016"></trkpt>
      <trkpt lat="37.430711" lon="-81.553093"></trkpt>
      <trkpt lat="37.430724" lon="-81.553184"></trkpt>
      <trkpt lat="37.430732" lon="-81.553277"></trkpt>
      <trkpt lat="37.430731" lon="-81.553368"></trkpt>
      <trkpt lat="37.430723" lon="-81.553457"></trkpt>
      <trkpt lat="37.430701" lon="-81.553574"></trkpt>
      <trkpt lat="37.430670" lon="-81.553678"></trkpt>
      <trkpt lat="37.430614" lon="-81.553818"></trkpt>
      <trkpt lat="37.430554" lon="-81.553946"></trkpt>
      <trkpt lat="37.430403" lon="-81.554230"></trkpt>
      <trkpt lat="37.430171" lon="-81.554634"></trkpt>
      <trkpt lat="37.429969" lon="-81.554988"></trkpt>
      <trkpt lat="37.428819" lon="-81.556995"></trkpt>
      <trkpt lat="37.428678" lon="-81.557280"></trkpt>
      <trkpt lat="37.428588" lon="-81.557521"></trkpt>
      <trkpt lat="37.428520" lon="-81.557780"></trkpt>
      <trkpt lat="37.428486" lon="-81.558047"></trkpt>
      <trkpt lat="37.428476" lon="-81.558317"></trkpt>
      <trkpt lat="37.428478" lon="-81.558593"></trkpt>
      <trkpt lat="37.428515" lon="-81.558925"></trkpt>
      <trkpt lat="37.428586" lon="-81.559228"></trkpt>
      <trkpt lat="37.428661" lon="-81.559447"></trkpt>
      <trkpt lat="37.428740" lon="-81.559639"></trkpt>
      <trkpt lat="37.428832" lon="-81.559812"></trkpt>
      <trkpt lat="37.428926" lon="-81.559961"></trkpt>
      <trkpt lat="37.429016" lon="-81.560084"></trkpt>
      <trkpt lat="37.429101" lon="-81.560195"></trkpt>
      <trkpt lat="37.429512" lon="-81.560598"></trkpt>
      <trkpt lat="37.429926" lon="-81.560992"></trkpt>
      <trkpt lat="37.430807" lon="-81.561840"></trkpt>
      <trkpt lat="37.431896" lon="-81.563158"></trkpt>
      <trkpt lat="37.432024" lon="-81.563334"></trkpt>
      <trkpt lat="37.432134" lon="-81.563514"></trkpt>
      <trkpt lat="37.432212" lon="-81.563647"></trkpt>
      <trkpt lat="37.432284" lon="-81.563793"></trkpt>
      <trkpt lat="37.432345" lon="-81.563930"></trkpt>
      <trkpt lat="37.432390" lon="-81.564057"></trkpt>
      <trkpt lat="37.432443" lon="-81.564220"></trkpt>
      <trkpt lat="37.432484" lon="-81.564369"></trkpt>
      <trkpt lat="37.432513" lon="-81.564489"></trkpt>
      <trkpt lat="37.432538" lon="-81.564621"></trkpt>
      <trkpt lat="37.432559" lon="-81.564767"></trkpt>
      <trkpt lat="37.432575" lon="-81.564926"></trkpt>
      <trkpt lat="37.432584" lon="-81.565095"></trkpt>
      <trkpt lat="37.432586" lon="-81.565255"></trkpt>
      <trkpt lat="37.432584" lon="-81.565443"></trkpt>
      <trkpt lat="37.432567" lon="-81.565630"></trkpt>
      <trkpt lat="37.432420" lon="-81.566408"></trkpt>
      <trkpt lat="37.432122" lon="-81.567711"></trkpt>
      <trkpt lat="37.432038" lon="-81.568055"></trkpt>
      <trkpt lat="37.431993" lon="-81.568235"></trkpt>
      <trkpt lat="37.431934" lon="-81.568430"></trkpt>
      <trkpt lat="37.431869" lon="-81.568619"></trkpt>
      <trkpt lat="37.431798" lon="-81.568808"></trkpt>
      <trkpt lat="37.431664" lon="-81.569146"></trkpt>
      <trkpt lat="37.431386" lon="-81.569846"></trkpt>
      <trkpt lat="37.431223" lon="-81.570202"></trkpt>
      <trkpt lat="37.431085" lon="-81.570634"></trkpt>
      <trkpt lat="37.431046" lon="-81.570843"></trkpt>
      <trkpt lat="37.431014" lon="-81.571013"></trkpt>
      <trkpt lat="37.430994" lon="-81.571390"></trkpt>
      <trkpt lat="37.431004" lon="-81.571827"></trkpt>
      <trkpt lat="37.431056" lon="-81.572261"></trkpt>
      <trkpt lat="37.431137" lon="-81.572647"></trkpt>
      <trkpt lat="37.431261" lon="-81.572943"></trkpt>
      <trkpt lat="37.431386" lon="-81.573171"></trkpt>
      <trkpt lat="37.431516" lon="-81.573343"></trkpt>
      <trkpt lat="37.431776" lon="-81.573645"></trkpt>
      <trkpt lat="37.432122" lon="-81.574039"></trkpt>
      <trkpt lat="37.432356" lon="-81.574253"></trkpt>
      <trkpt lat="37.432556" lon="-81.574383"></trkpt>
      <trkpt lat="37.432791" lon="-81.574520"></trkpt>
      <trkpt lat="37.432969" lon="-81.574673"></trkpt>
      <trkpt lat="37.433085" lon="-81.574801"></trkpt>
      <trkpt lat="37.433100" lon="-81.574817"></trkpt>
      <trkpt lat="37.433206" lon="-81.575009"></trkpt>
      <trkpt lat="37.433275" lon="-81.575182"></trkpt>
      <trkpt lat="37.433332" lon="-81.575396"></trkpt>
      <trkpt lat="37.433347" lon="-81.575555"></trkpt>
      <trkpt lat="37.433350" lon="-81.575710"></trkpt>
      <trkpt lat="37.433340" lon="-81.575999"></trkpt>
      <trkpt lat="37.433347" lon="-81.576291"></trkpt>
      <trkpt lat="37.433381" lon="-81.576468"></trkpt>
      <trkpt lat="37.433446" lon="-81.576636"></trkpt>
      <trkpt lat="37.433555" lon="-81.576796"></trkpt>
      <trkpt lat="37.433627" lon="-81.576903"></trkpt>
      <trkpt lat="37.433695" lon="-81.577034"></trkpt>
      <trkpt lat="37.433759" lon="-81.577228"></trkpt>
      <trkpt lat="37.433806" lon="-81.577525"></trkpt>
      <trkpt lat="37.433866" lon="-81.578038"></trkpt>
      <trkpt lat="37.433939" lon="-81.578469"></trkpt>
      <trkpt lat="37.433949" lon="-81.578622"></trkpt>
      <trkpt lat="37.433939" lon="-81.578801"></trkpt>
      <trkpt lat="37.433906" lon="-81.578947"></trkpt>
      <trkpt lat="37.433836" lon="-81.579109"></trkpt>
      <trkpt lat="37.433752" lon="-81.579252"></trkpt>
      <trkpt lat="37.433634" lon="-81.579374"></trkpt>
      <trkpt lat="37.433478" lon="-81.579464"></trkpt>
      <trkpt lat="37.432764" lon="-81.579766"></trkpt>
      <trkpt lat="37.432466" lon="-81.579907"></trkpt>
      <trkpt lat="37.432185" lon="-81.580087"></trkpt>
      <trkpt lat="37.431905" lon="-81.580315"></trkpt>
      <trkpt lat="37.431625" lon="-81.580595"></trkpt>
      <trkpt lat="37.431075" lon="-81.581242"></trkpt>
      <trkpt lat="37.430650" lon="-81.581805"></trkpt>
      <trkpt lat="37.430533" lon="-81.582020"></trkpt>
      <trkpt lat="37.430533" lon="-81.582020"></trkpt>
      <trkpt lat="37.430650" lon="-81.581805"></trkpt>
      <trkpt lat="37.431075" lon="-81.581242"></trkpt>
      <trkpt lat="37.431625" lon="-81.580595"></trkpt>
      <trkpt lat="37.431731" lon="-81.580489"></trkpt>
      <trkpt lat="37.431731" lon="-81.580489"></trkpt>
      <trkpt lat="37.431625" lon="-81.580595"></trkpt>
      <trkpt lat="37.431075" lon="-81.581242"></trkpt>
      <trkpt lat="37.430650" lon="-81.581805"></trkpt>
      <trkpt lat="37.430508" lon="-81.582066"></trkpt>
      <trkpt lat="37.430384" lon="-81.582470"></trkpt>
      <trkpt lat="37.430295" lon="-81.582829"></trkpt>
      <trkpt lat="37.430268" lon="-81.582925"></trkpt>
      <trkpt lat="37.430165" lon="-81.583219"></trkpt>
      <trkpt lat="37.430079" lon="-81.583381"></trkpt>
      <trkpt lat="37.429964" lon="-81.583517"></trkpt>
      <trkpt lat="37.429843" lon="-81.583607"></trkpt>
      <trkpt lat="37.429718" lon="-81.583652"></trkpt>
      <trkpt lat="37.429570" lon="-81.583677"></trkpt>
      <trkpt lat="37.429498" lon="-81.583670"></trkpt>
      <trkpt lat="37.429408" lon="-81.583645"></trkpt>
      <trkpt lat="37.429292" lon="-81.583580"></trkpt>
      <trkpt lat="37.428708" lon="-81.583084"></trkpt>
      <trkpt lat="37.428318" lon="-81.582778"></trkpt>
      <trkpt lat="37.427698" lon="-81.582342"></trkpt>
      <trkpt lat="37.427232" lon="-81.582015"></trkpt>
      <trkpt lat="37.427106" lon="-81.581945"></trkpt>
      <trkpt lat="37.426981" lon="-81.581900"></trkpt>
      <trkpt lat="37.426914" lon="-81.581882"></trkpt>
      <trkpt lat="37.426843" lon="-81.581869"></trkpt>
      <trkpt lat="37.426702" lon="-81.581869"></trkpt>
      <trkpt lat="37.426629" lon="-81.581873"></trkpt>
      <trkpt lat="37.426556" lon="-81.581885"></trkpt>
      <trkpt lat="37.426487" lon="-81.581899"></trkpt>
      <trkpt lat="37.426414" lon="-81.581920"></trkpt>
      <trkpt lat="37.426206" lon="-81.582008"></trkpt>
      <trkpt lat="37.425997" lon="-81.582134"></trkpt>
      <trkpt lat="37.425870" lon="-81.582196"></trkpt>
      <trkpt lat="37.425741" lon="-81.582244"></trkpt>
      <trkpt lat="37.425474" lon="-81.582316"></trkpt>
      <trkpt lat="37.425215" lon="-81.582422"></trkpt>
      <trkpt lat="37.425097" lon="-81.582498"></trkpt>
      <trkpt lat="37.424961" lon="-81.582575"></trkpt>
      <trkpt lat="37.424856" lon="-81.582614"></trkpt>
      <trkpt lat="37.424773" lon="-81.582630"></trkpt>
      <trkpt lat="37.424678" lon="-81.582626"></trkpt>
      <trkpt lat="37.424470" lon="-81.582572"></trkpt>
      <trkpt lat="37.424273" lon="-81.582517"></trkpt>
      <trkpt lat="37.424196" lon="-81.582512"></trkpt>
      <trkpt lat="37.424055" lon="-81.582540"></trkpt>
      <trkpt lat="37.423921" lon="-81.582606"></trkpt>
      <trkpt lat="37.423813" lon="-81.582698"></trkpt>
      <trkpt lat="37.423710" lon="-81.582840"></trkpt>
      <trkpt lat="37.423618" lon="-81.583004"></trkpt>
      <trkpt lat="37.423543" lon="-81.583186"></trkpt>
      <trkpt lat="37.423473" lon="-81.583402"></trkpt>
      <trkpt lat="37.423399" lon="-81.583564"></trkpt>
      <trkpt lat="37.423297" lon="-81.583710"></trkpt>
      <trkpt lat="37.422946" lon="-81.584050"></trkpt>
      <trkpt lat="37.422663" lon="-81.584387"></trkpt>
      <trkpt lat="37.422114" lon="-81.585233"></trkpt>
      <trkpt lat="37.421625" lon="-81.585967"></trkpt>
      <trkpt lat="37.421192" lon="-81.586774"></trkpt>
      <trkpt lat="37.421062" lon="-81.587058"></trkpt>
      <trkpt lat="37.420829" lon="-81.587614"></trkpt>
      <trkpt lat="37.420683" lon="-81.587934"></trkpt>
      <trkpt lat="37.420606" lon="-81.588058"></trkpt>
      <trkpt lat="37.420523" lon="-81.588173"></trkpt>
      <trkpt lat="37.420360" lon="-81.588336"></trkpt>
      <trkpt lat="37.420158" lon="-81.588474"></trkpt>
      <trkpt lat="37.419904" lon="-81.588616"></trkpt>
      <trkpt lat="37.419659" lon="-81.588794"></trkpt>
      <trkpt lat="37.418948" lon="-81.589396"></trkpt>
      <trkpt lat="37.418842" lon="-81.589482"></trkpt>
      <trkpt lat="37.418735" lon="-81.589559"></trkpt>
      <trkpt lat="37.418595" lon="-81.589629"></trkpt>
      <trkpt lat="37.418465" lon="-81.589669"></trkpt>
      <trkpt lat="37.418336" lon="-81.589674"></trkpt>
      <trkpt lat="37.418152" lon="-81.589635"></trkpt>
      <trkpt lat="37.417987" lon="-81.589599"></trkpt>
      <trkpt lat="37.417818" lon="-81.589560"></trkpt>
      <trkpt lat="37.417794" lon="-81.589555"></trkpt>
      <trkpt lat="37.417664" lon="-81.589526"></trkpt>
      <trkpt lat="37.417605" lon="-81.589519"></trkpt>
      <trkpt lat="37.417543" lon="-81.589524"></trkpt>
      <trkpt lat="37.417432" lon="-81.589560"></trkpt>
      <trkpt lat="37.417306" lon="-81.589636"></trkpt>
      <trkpt lat="37.417203" lon="-81.589708"></trkpt>
      <trkpt lat="37.417138" lon="-81.589873"></trkpt>
      <trkpt lat="37.417102" lon="-81.589964"></trkpt>
      <trkpt lat="37.417028" lon="-81.590169"></trkpt>
      <trkpt lat="37.416958" lon="-81.590346"></trkpt>
      <trkpt lat="37.416887" lon="-81.590534"></trkpt>
      <trkpt lat="37.416783" lon="-81.590730"></trkpt>
      <trkpt lat="37.416669" lon="-81.590952"></trkpt>
      <trkpt lat="37.416561" lon="-81.591191"></trkpt>
      <trkpt lat="37.416493" lon="-81.591378"></trkpt>
      <trkpt lat="37.416429" lon="-81.591582"></trkpt>
      <trkpt lat="37.416347" lon="-81.591905"></trkpt>
      <trkpt lat="37.416192" lon="-81.592616"></trkpt>
      <trkpt lat="37.415977" lon="-81.593671"></trkpt>
      <trkpt lat="37.415783" lon="-81.594629"></trkpt>
      <trkpt lat="37.415730" lon="-81.594936"></trkpt>
      <trkpt lat="37.415651" lon="-81.595386"></trkpt>
      <trkpt lat="37.415563" lon="-81.596123"></trkpt>
      <trkpt lat="37.415525" lon="-81.596510"></trkpt>
      <trkpt lat="37.415451" lon="-81.597328"></trkpt>
      <trkpt lat="37.415400" lon="-81.597691"></trkpt>
      <trkpt lat="37.415261" lon="-81.599258"></trkpt>
      <trkpt lat="37.415204" lon="-81.599897"></trkpt>
      <trkpt lat="37.415147" lon="-81.600256"></trkpt>
      <trkpt lat="37.415052" lon="-81.600591"></trkpt>
      <trkpt lat="37.414915" lon="-81.600865"></trkpt>
      <trkpt lat="37.414708" lon="-81.601151"></trkpt>
      <trkpt lat="37.414165" lon="-81.601724"></trkpt>
      <trkpt lat="37.413932" lon="-81.602021"></trkpt>
      <trkpt lat="37.413699" lon="-81.602418"></trkpt>
      <trkpt lat="37.413495" lon="-81.602861"></trkpt>
      <trkpt lat="37.413321" lon="-81.603314"></trkpt>
      <trkpt lat="37.413192" lon="-81.603750"></trkpt>
      <trkpt lat="37.412975" lon="-81.604889"></trkpt>
      <trkpt lat="37.412976" lon="-81.605271"></trkpt>
      <trkpt lat="37.413021" lon="-81.605571"></trkpt>
      <trkpt lat="37.413097" lon="-81.605858"></trkpt>
      <trkpt lat="37.413385" lon="-81.606663"></trkpt>
      <trkpt lat="37.413563" lon="-81.607202"></trkpt>
      <trkpt lat="37.413666" lon="-81.607601"></trkpt>
      <trkpt lat="37.413939" lon="-81.608902"></trkpt>
      <trkpt lat="37.414165" lon="-81.609999"></trkpt>
      <trkpt lat="37.414239" lon="-81.610369"></trkpt>
      <trkpt lat="37.414378" lon="-81.611000"></trkpt>
      <trkpt lat="37.414486" lon="-81.611316"></trkpt>
      <trkpt lat="37.414669" lon="-81.611697"></trkpt>
      <trkpt lat="37.414914" lon="-81.612065"></trkpt>
      <trkpt lat="37.415228" lon="-81.612547"></trkpt>
      <trkpt lat="37.415496" lon="-81.613068"></trkpt>
      <trkpt lat="37.415665" lon="-81.613692"></trkpt>
      <trkpt lat="37.415739" lon="-81.614004"></trkpt>
      <trkpt lat="37.415803" lon="-81.614387"></trkpt>
      <trkpt lat="37.415835" lon="-81.614653"></trkpt>
      <trkpt lat="37.415865" lon="-81.614988"></trkpt>
      <trkpt lat="37.415933" lon="-81.616115"></trkpt>
      <trkpt lat="37.415978" lon="-81.616616"></trkpt>
      <trkpt lat="37.416136" lon="-81.617328"></trkpt>
      <trkpt lat="37.416164" lon="-81.617439"></trkpt>
      <trkpt lat="37.416251" lon="-81.617715"></trkpt>
      <trkpt lat="37.416413" lon="-81.618103"></trkpt>
      <trkpt lat="37.416885" lon="-81.618983"></trkpt>
      <trkpt lat="37.417007" lon="-81.619319"></trkpt>
      <trkpt lat="37.417135" lon="-81.619747"></trkpt>
      <trkpt lat="37.417209" lon="-81.620212"></trkpt>
      <trkpt lat="37.417237" lon="-81.620661"></trkpt>
      <trkpt lat="37.417177" lon="-81.621235"></trkpt>
      <trkpt lat="37.417060" lon="-81.621710"></trkpt>
      <trkpt lat="37.416828" lon="-81.622587"></trkpt>
      <trkpt lat="37.416647" lon="-81.623298"></trkpt>
      <trkpt lat="37.416525" lon="-81.623834"></trkpt>
      <trkpt lat="37.416476" lon="-81.624245"></trkpt>
      <trkpt lat="37.416468" lon="-81.625779"></trkpt>
      <trkpt lat="37.416429" lon="-81.626543"></trkpt>
      <trkpt lat="37.416382" lon="-81.626945"></trkpt>
      <trkpt lat="37.416269" lon="-81.627581"></trkpt>
      <trkpt lat="37.416169" lon="-81.628112"></trkpt>
      <trkpt lat="37.416161" lon="-81.628458"></trkpt>
      <trkpt lat="37.416192" lon="-81.628770"></trkpt>
      <trkpt lat="37.416470" lon="-81.629679"></trkpt>
      <trkpt lat="37.416936" lon="-81.631026"></trkpt>
      <trkpt lat="37.417028" lon="-81.631227"></trkpt>
      <trkpt lat="37.417162" lon="-81.631508"></trkpt>
      <trkpt lat="37.417333" lon="-81.631844"></trkpt>
      <trkpt lat="37.417576" lon="-81.632296"></trkpt>
      <trkpt lat="37.417780" lon="-81.632627"></trkpt>
      <trkpt lat="37.418055" lon="-81.633036"></trkpt>
      <trkpt lat="37.418348" lon="-81.633423"></trkpt>
      <trkpt lat="37.418680" lon="-81.633835"></trkpt>
      <trkpt lat="37.419111" lon="-81.634351"></trkpt>
      <trkpt lat="37.419500" lon="-81.634831"></trkpt>
      <trkpt lat="37.420269" lon="-81.635758"></trkpt>
      <trkpt lat="37.420514" lon="-81.636073"></trkpt>
      <trkpt lat="37.420594" lon="-81.636191"></trkpt>
      <trkpt lat="37.420674" lon="-81.636334"></trkpt>
      <trkpt lat="37.420753" lon="-81.636517"></trkpt>
      <trkpt lat="37.420857" lon="-81.636821"></trkpt>
      <trkpt lat="37.420903" lon="-81.636987"></trkpt>
      <trkpt lat="37.420931" lon="-81.637192"></trkpt>
      <trkpt lat="37.421032" lon="-81.638603"></trkpt>
      <trkpt lat="37.421088" lon="-81.639415"></trkpt>
      <trkpt lat="37.421167" lon="-81.639960"></trkpt>
      <trkpt lat="37.421282" lon="-81.640338"></trkpt>
      <trkpt lat="37.421723" lon="-81.641678"></trkpt>
      <trkpt lat="37.422098" lon="-81.642771"></trkpt>
      <trkpt lat="37.422153" lon="-81.643031"></trkpt>
      <trkpt lat="37.422202" lon="-81.643395"></trkpt>
      <trkpt lat="37.422199" lon="-81.643666"></trkpt>
      <trkpt lat="37.422107" lon="-81.644537"></trkpt>
      <trkpt lat="37.422068" lon="-81.644926"></trkpt>
      <trkpt lat="37.421819" lon="-81.647255"></trkpt>
      <trkpt lat="37.421755" lon="-81.648199"></trkpt>
      <trkpt lat="37.421795" lon="-81.648583"></trkpt>
      <trkpt lat="37.421877" lon="-81.648880"></trkpt>
      <trkpt lat="37.422048" lon="-81.649265"></trkpt>
      <trkpt lat="37.422321" lon="-81.649830"></trkpt>
      <trkpt lat="37.422445" lon="-81.650074"></trkpt>
      <trkpt lat="37.422854" lon="-81.650935"></trkpt>
      <trkpt lat="37.423093" lon="-81.651372"></trkpt>
      <trkpt lat="37.423222" lon="-81.651582"></trkpt>
      <trkpt lat="37.423521" lon="-81.651928"></trkpt>
      <trkpt lat="37.424145" lon="-81.652558"></trkpt>
      <trkpt lat="37.424858" lon="-81.653261"></trkpt>
      <trkpt lat="37.424982" lon="-81.653386"></trkpt>
      <trkpt lat="37.424982" lon="-81.653386"></trkpt>
      <trkpt lat="37.425576" lon="-81.653982"></trkpt>
      <trkpt lat="37.425721" lon="-81.654130"></trkpt>
      <trkpt lat="37.425891" lon="-81.654337"></trkpt>
      <trkpt lat="37.426077" lon="-81.654639"></trkpt>
      <trkpt lat="37.426211" lon="-81.654891"></trkpt>
      <trkpt lat="37.426354" lon="-81.655240"></trkpt>
      <trkpt lat="37.426488" lon="-81.655650"></trkpt>
      <trkpt lat="37.426599" lon="-81.656174"></trkpt>
      <trkpt lat="37.426955" lon="-81.657802"></trkpt>
      <trkpt lat="37.427045" lon="-81.658045"></trkpt>
      <trkpt lat="37.427114" lon="-81.658201"></trkpt>
      <trkpt lat="37.427248" lon="-81.658428"></trkpt>
      <trkpt lat="37.427651" lon="-81.658870"></trkpt>
      <trkpt lat="37.427914" lon="-81.659146"></trkpt>
      <trkpt lat="37.428570" lon="-81.659797"></trkpt>
      <trkpt lat="37.429290" lon="-81.660524"></trkpt>
      <trkpt lat="37.430830" lon="-81.662106"></trkpt>
      <trkpt lat="37.431467" lon="-81.662751"></trkpt>
      <trkpt lat="37.432116" lon="-81.663432"></trkpt>
      <trkpt lat="37.432475" lon="-81.663876"></trkpt>
      <trkpt lat="37.432631" lon="-81.664212"></trkpt>
      <trkpt lat="37.432888" lon="-81.664766"></trkpt>
      <trkpt lat="37.433077" lon="-81.665375"></trkpt>
      <trkpt lat="37.433204" lon="-81.665736"></trkpt>
      <trkpt lat="37.433320" lon="-81.666023"></trkpt>
      <trkpt lat="37.433468" lon="-81.666276"></trkpt>
      <trkpt lat="37.433610" lon="-81.666496"></trkpt>
      <trkpt lat="37.434145" lon="-81.667191"></trkpt>
      <trkpt lat="37.434330" lon="-81.667493"></trkpt>
      <trkpt lat="37.434427" lon="-81.667705"></trkpt>
      <trkpt lat="37.434546" lon="-81.668003"></trkpt>
      <trkpt lat="37.434645" lon="-81.668328"></trkpt>
      <trkpt lat="37.434711" lon="-81.668586"></trkpt>
      <trkpt lat="37.435342" lon="-81.671374"></trkpt>
      <trkpt lat="37.435444" lon="-81.671870"></trkpt>
      <trkpt lat="37.435481" lon="-81.672106"></trkpt>
      <trkpt lat="37.435502" lon="-81.672342"></trkpt>
      <trkpt lat="37.435500" lon="-81.672617"></trkpt>
      <trkpt lat="37.435493" lon="-81.672693"></trkpt>
      <trkpt lat="37.435480" lon="-81.672839"></trkpt>
      <trkpt lat="37.435456" lon="-81.673074"></trkpt>
      <trkpt lat="37.435403" lon="-81.673331"></trkpt>
      <trkpt lat="37.435338" lon="-81.673561"></trkpt>
      <trkpt lat="37.435267" lon="-81.673750"></trkpt>
      <trkpt lat="37.435186" lon="-81.673949"></trkpt>
      <trkpt lat="37.435084" lon="-81.674134"></trkpt>
      <trkpt lat="37.434942" lon="-81.674360"></trkpt>
      <trkpt lat="37.434612" lon="-81.674817"></trkpt>
      <trkpt lat="37.434432" lon="-81.675114"></trkpt>
      <trkpt lat="37.434287" lon="-81.675417"></trkpt>
      <trkpt lat="37.434281" lon="-81.675433"></trkpt>
      <trkpt lat="37.434181" lon="-81.675681"></trkpt>
      <trkpt lat="37.433650" lon="-81.677131"></trkpt>
      <trkpt lat="37.433344" lon="-81.677967"></trkpt>
      <trkpt lat="37.433223" lon="-81.678325"></trkpt>
      <trkpt lat="37.433130" lon="-81.678676"></trkpt>
      <trkpt lat="37.433091" lon="-81.678924"></trkpt>
      <trkpt lat="37.433069" lon="-81.679201"></trkpt>
      <trkpt lat="37.433063" lon="-81.679296"></trkpt>
      <trkpt lat="37.433063" lon="-81.679439"></trkpt>
      <trkpt lat="37.433081" lon="-81.679696"></trkpt>
      <trkpt lat="37.433094" lon="-81.679818"></trkpt>
      <trkpt lat="37.433140" lon="-81.680243"></trkpt>
      <trkpt lat="37.433175" lon="-81.680567"></trkpt>
      <trkpt lat="37.433262" lon="-81.681374"></trkpt>
      <trkpt lat="37.433374" lon="-81.682409"></trkpt>
      <trkpt lat="37.433415" lon="-81.682745"></trkpt>
      <trkpt lat="37.433430" lon="-81.682862"></trkpt>
      <trkpt lat="37.433456" lon="-81.683058"></trkpt>
      <trkpt lat="37.433500" lon="-81.683266"></trkpt>
      <trkpt lat="37.433520" lon="-81.683340"></trkpt>
      <trkpt lat="37.433540" lon="-81.683407"></trkpt>
      <trkpt lat="37.433590" lon="-81.683549"></trkpt>
      <trkpt lat="37.433606" lon="-81.683589"></trkpt>
      <trkpt lat="37.433669" lon="-81.683747"></trkpt>
      <trkpt lat="37.433698" lon="-81.683814"></trkpt>
      <trkpt lat="37.433836" lon="-81.684124"></trkpt>
      <trkpt lat="37.434136" lon="-81.684780"></trkpt>
      <trkpt lat="37.434253" lon="-81.685036"></trkpt>
      <trkpt lat="37.434485" lon="-81.685474"></trkpt>
      <trkpt lat="37.434634" lon="-81.685668"></trkpt>
      <trkpt lat="37.434664" lon="-81.685701"></trkpt>
      <trkpt lat="37.434768" lon="-81.685812"></trkpt>
      <trkpt lat="37.434954" lon="-81.685956"></trkpt>
      <trkpt lat="37.435218" lon="-81.686108"></trkpt>
      <trkpt lat="37.435656" lon="-81.686317"></trkpt>
      <trkpt lat="37.436279" lon="-81.686604"></trkpt>
      <trkpt lat="37.436506" lon="-81.686729"></trkpt>
      <trkpt lat="37.436687" lon="-81.686843"></trkpt>
      <trkpt lat="37.436832" lon="-81.686976"></trkpt>
      <trkpt lat="37.436854" lon="-81.686996"></trkpt>
      <trkpt lat="37.437178" lon="-81.687351"></trkpt>
      <trkpt lat="37.438993" lon="-81.689356"></trkpt>
      <trkpt lat="37.439618" lon="-81.690034"></trkpt>
      <trkpt lat="37.440227" lon="-81.690716"></trkpt>
      <trkpt lat="37.440470" lon="-81.691006"></trkpt>
      <trkpt lat="37.440643" lon="-81.691288"></trkpt>
      <trkpt lat="37.440772" lon="-81.691546"></trkpt>
      <trkpt lat="37.440883" lon="-81.691840"></trkpt>
      <trkpt lat="37.441471" lon="-81.693366"></trkpt>
      <trkpt lat="37.441608" lon="-81.693710"></trkpt>
      <trkpt lat="37.441799" lon="-81.694162"></trkpt>
      <trkpt lat="37.442145" lon="-81.695066"></trkpt>
      <trkpt lat="37.442499" lon="-81.695951"></trkpt>
      <trkpt lat="37.442706" lon="-81.696510"></trkpt>
      <trkpt lat="37.442778" lon="-81.696704"></trkpt>
      <trkpt lat="37.442871" lon="-81.696904"></trkpt>
      <trkpt lat="37.443057" lon="-81.697217"></trkpt>
      <trkpt lat="37.443207" lon="-81.697427"></trkpt>
      <trkpt lat="37.443352" lon="-81.697582"></trkpt>
      <trkpt lat="37.443737" lon="-81.698123"></trkpt>
      <trkpt lat="37.443951" lon="-81.698336"></trkpt>
      <trkpt lat="37.445016" lon="-81.699583"></trkpt>
      <trkpt lat="37.445099" lon="-81.699704"></trkpt>
      <trkpt lat="37.445181" lon="-81.699828"></trkpt>
      <trkpt lat="37.445249" lon="-81.699970"></trkpt>
      <trkpt lat="37.445307" lon="-81.700134"></trkpt>
      <trkpt lat="37.445359" lon="-81.700353"></trkpt>
      <trkpt lat="37.445387" lon="-81.700547"></trkpt>
      <trkpt lat="37.445398" lon="-81.700753"></trkpt>
      <trkpt lat="37.445390" lon="-81.700937"></trkpt>
      <trkpt lat="37.445353" lon="-81.701189"></trkpt>
      <trkpt lat="37.445238" lon="-81.701501"></trkpt>
      <trkpt lat="37.444994" lon="-81.702020"></trkpt>
      <trkpt lat="37.444895" lon="-81.702295"></trkpt>
      <trkpt lat="37.444878" lon="-81.702362"></trkpt>
      <trkpt lat="37.444853" lon="-81.702463"></trkpt>
      <trkpt lat="37.444819" lon="-81.702596"></trkpt>
      <trkpt lat="37.444795" lon="-81.702809"></trkpt>
      <trkpt lat="37.444786" lon="-81.703088"></trkpt>
      <trkpt lat="37.444830" lon="-81.703465"></trkpt>
      <trkpt lat="37.444897" lon="-81.703852"></trkpt>
      <trkpt lat="37.445120" lon="-81.704638"></trkpt>
      <trkpt lat="37.445460" lon="-81.705610"></trkpt>
      <trkpt lat="37.445652" lon="-81.706031"></trkpt>
      <trkpt lat="37.446027" lon="-81.706740"></trkpt>
      <trkpt lat="37.447334" lon="-81.708725"></trkpt>
      <trkpt lat="37.447517" lon="-81.709086"></trkpt>
      <trkpt lat="37.447652" lon="-81.709462"></trkpt>
      <trkpt lat="37.447726" lon="-81.709754"></trkpt>
      <trkpt lat="37.447764" lon="-81.710168"></trkpt>
      <trkpt lat="37.447754" lon="-81.710467"></trkpt>
      <trkpt lat="37.447671" lon="-81.710829"></trkpt>
      <trkpt lat="37.447541" lon="-81.711178"></trkpt>
      <trkpt lat="37.447318" lon="-81.711491"></trkpt>
      <trkpt lat="37.446952" lon="-81.711883"></trkpt>
      <trkpt lat="37.446753" lon="-81.712168"></trkpt>
      <trkpt lat="37.446528" lon="-81.712618"></trkpt>
      <trkpt lat="37.446306" lon="-81.713068"></trkpt>
      <trkpt lat="37.445995" lon="-81.713527"></trkpt>
      <trkpt lat="37.445559" lon="-81.714069"></trkpt>
      <trkpt lat="37.444650" lon="-81.715158"></trkpt>
      <trkpt lat="37.444290" lon="-81.715576"></trkpt>
      <trkpt lat="37.444081" lon="-81.715890"></trkpt>
      <trkpt lat="37.443953" lon="-81.716126"></trkpt>
      <trkpt lat="37.443868" lon="-81.716368"></trkpt>
      <trkpt lat="37.443778" lon="-81.716821"></trkpt>
      <trkpt lat="37.443764" lon="-81.717250"></trkpt>
      <trkpt lat="37.443817" lon="-81.717580"></trkpt>
      <trkpt lat="37.443875" lon="-81.717797"></trkpt>
      <trkpt lat="37.444049" lon="-81.718224"></trkpt>
      <trkpt lat="37.444228" lon="-81.718513"></trkpt>
      <trkpt lat="37.444490" lon="-81.718859"></trkpt>
      <trkpt lat="37.444767" lon="-81.719093"></trkpt>
      <trkpt lat="37.444960" lon="-81.719179"></trkpt>
      <trkpt lat="37.445386" lon="-81.719205"></trkpt>
      <trkpt lat="37.445763" lon="-81.719093"></trkpt>
      <trkpt lat="37.446592" lon="-81.718924"></trkpt>
      <trkpt lat="37.447311" lon="-81.718757"></trkpt>
      <trkpt lat="37.447697" lon="-81.718664"></trkpt>
      <trkpt lat="37.448097" lon="-81.718615"></trkpt>
      <trkpt lat="37.448549" lon="-81.718594"></trkpt>
      <trkpt lat="37.448996" lon="-81.718647"></trkpt>
      <trkpt lat="37.449432" lon="-81.718757"></trkpt>
      <trkpt lat="37.449826" lon="-81.718881"></trkpt>
      <trkpt lat="37.450480" lon="-81.719136"></trkpt>
      <trkpt lat="37.450656" lon="-81.719247"></trkpt>
      <trkpt lat="37.450802" lon="-81.719369"></trkpt>
      <trkpt lat="37.450972" lon="-81.719533"></trkpt>
      <trkpt lat="37.451587" lon="-81.720144"></trkpt>
      <trkpt lat="37.452070" lon="-81.720670"></trkpt>
      <trkpt lat="37.452734" lon="-81.721275"></trkpt>
      <trkpt lat="37.453404" lon="-81.721878"></trkpt>
      <trkpt lat="37.453668" lon="-81.722044"></trkpt>
      <trkpt lat="37.454039" lon="-81.722252"></trkpt>
      <trkpt lat="37.454559" lon="-81.722574"></trkpt>
      <trkpt lat="37.455156" lon="-81.722944"></trkpt>
      <trkpt lat="37.455299" lon="-81.723028"></trkpt>
      <trkpt lat="37.455464" lon="-81.723101"></trkpt>
      <trkpt lat="37.455664" lon="-81.723172"></trkpt>
      <trkpt lat="37.457534" lon="-81.723664"></trkpt>
      <trkpt lat="37.457733" lon="-81.723750"></trkpt>
      <trkpt lat="37.457908" lon="-81.723854"></trkpt>
      <trkpt lat="37.458077" lon="-81.723960"></trkpt>
      <trkpt lat="37.458196" lon="-81.724067"></trkpt>
      <trkpt lat="37.458273" lon="-81.724179"></trkpt>
      <trkpt lat="37.458583" lon="-81.724780"></trkpt>
      <trkpt lat="37.458659" lon="-81.724912"></trkpt>
      <trkpt lat="37.458716" lon="-81.725046"></trkpt>
      <trkpt lat="37.458748" lon="-81.725178"></trkpt>
      <trkpt lat="37.458754" lon="-81.725300"></trkpt>
      <trkpt lat="37.458736" lon="-81.725437"></trkpt>
      <trkpt lat="37.458698" lon="-81.725569"></trkpt>
      <trkpt lat="37.458645" lon="-81.725688"></trkpt>
      <trkpt lat="37.458581" lon="-81.725780"></trkpt>
      <trkpt lat="37.458502" lon="-81.725856"></trkpt>
      <trkpt lat="37.458395" lon="-81.725922"></trkpt>
      <trkpt lat="37.458301" lon="-81.725952"></trkpt>
      <trkpt lat="37.458163" lon="-81.725977"></trkpt>
      <trkpt lat="37.456869" lon="-81.726187"></trkpt>
      <trkpt lat="37.456006" lon="-81.726327"></trkpt>
      <trkpt lat="37.455235" lon="-81.726460"></trkpt>
      <trkpt lat="37.455059" lon="-81.726504"></trkpt>
      <trkpt lat="37.454879" lon="-81.726549"></trkpt>
      <trkpt lat="37.454668" lon="-81.726621"></trkpt>
      <trkpt lat="37.454501" lon="-81.726693"></trkpt>
      <trkpt lat="37.454338" lon="-81.726787"></trkpt>
      <trkpt lat="37.454164" lon="-81.726896"></trkpt>
      <trkpt lat="37.453545" lon="-81.727363"></trkpt>
      <trkpt lat="37.453247" lon="-81.727616"></trkpt>
      <trkpt lat="37.452984" lon="-81.727873"></trkpt>
      <trkpt lat="37.452859" lon="-81.728035"></trkpt>
      <trkpt lat="37.452788" lon="-81.728146"></trkpt>
      <trkpt lat="37.452725" lon="-81.728261"></trkpt>
      <trkpt lat="37.452641" lon="-81.728424"></trkpt>
      <trkpt lat="37.452544" lon="-81.728639"></trkpt>
      <trkpt lat="37.452463" lon="-81.728849"></trkpt>
      <trkpt lat="37.452388" lon="-81.729114"></trkpt>
      <trkpt lat="37.452340" lon="-81.729359"></trkpt>
      <trkpt lat="37.452307" lon="-81.729632"></trkpt>
      <trkpt lat="37.452249" lon="-81.732876"></trkpt>
      <trkpt lat="37.451992" lon="-81.734297"></trkpt>
      <trkpt lat="37.451620" lon="-81.735189"></trkpt>
      <trkpt lat="37.451218" lon="-81.735871"></trkpt>
      <trkpt lat="37.450732" lon="-81.736509"></trkpt>
      <trkpt lat="37.450481" lon="-81.736859"></trkpt>
      <trkpt lat="37.450353" lon="-81.737038"></trkpt>
      <trkpt lat="37.450224" lon="-81.737234"></trkpt>
      <trkpt lat="37.450100" lon="-81.737435"></trkpt>
      <trkpt lat="37.450015" lon="-81.737583"></trkpt>
      <trkpt lat="37.449934" lon="-81.737735"></trkpt>
      <trkpt lat="37.449857" lon="-81.737890"></trkpt>
      <trkpt lat="37.449791" lon="-81.738036"></trkpt>
      <trkpt lat="37.449728" lon="-81.738184"></trkpt>
      <trkpt lat="37.449670" lon="-81.738335"></trkpt>
      <trkpt lat="37.449331" lon="-81.739277"></trkpt>
      <trkpt lat="37.448765" lon="-81.740966"></trkpt>
      <trkpt lat="37.448730" lon="-81.741094"></trkpt>
      <trkpt lat="37.448702" lon="-81.741225"></trkpt>
      <trkpt lat="37.448681" lon="-81.741356"></trkpt>
      <trkpt lat="37.448666" lon="-81.741488"></trkpt>
      <trkpt lat="37.448662" lon="-81.741578"></trkpt>
      <trkpt lat="37.448664" lon="-81.741668"></trkpt>
      <trkpt lat="37.448671" lon="-81.741758"></trkpt>
      <trkpt lat="37.448685" lon="-81.741847"></trkpt>
      <trkpt lat="37.448709" lon="-81.741950"></trkpt>
      <trkpt lat="37.448740" lon="-81.742050"></trkpt>
      <trkpt lat="37.448780" lon="-81.742146"></trkpt>
      <trkpt lat="37.448853" lon="-81.742302"></trkpt>
      <trkpt lat="37.448931" lon="-81.742453"></trkpt>
      <trkpt lat="37.449004" lon="-81.742582"></trkpt>
      <trkpt lat="37.449082" lon="-81.742706"></trkpt>
      <trkpt lat="37.449173" lon="-81.742843"></trkpt>
      <trkpt lat="37.449272" lon="-81.742973"></trkpt>
      <trkpt lat="37.449376" lon="-81.743091"></trkpt>
      <trkpt lat="37.449485" lon="-81.743200"></trkpt>
      <trkpt lat="37.449629" lon="-81.743314"></trkpt>
      <trkpt lat="37.449776" lon="-81.743420"></trkpt>
      <trkpt lat="37.449906" lon="-81.743507"></trkpt>
      <trkpt lat="37.450037" lon="-81.743587"></trkpt>
      <trkpt lat="37.450171" lon="-81.743662"></trkpt>
      <trkpt lat="37.450942" lon="-81.744050"></trkpt>
      <trkpt lat="37.451053" lon="-81.744112"></trkpt>
      <trkpt lat="37.451162" lon="-81.744181"></trkpt>
      <trkpt lat="37.451235" lon="-81.744232"></trkpt>
      <trkpt lat="37.451307" lon="-81.744285"></trkpt>
      <trkpt lat="37.451450" lon="-81.744396"></trkpt>
      <trkpt lat="37.451565" lon="-81.744492"></trkpt>
      <trkpt lat="37.451678" lon="-81.744592"></trkpt>
      <trkpt lat="37.451939" lon="-81.744838"></trkpt>
      <trkpt lat="37.452011" lon="-81.744907"></trkpt>
      <trkpt lat="37.452080" lon="-81.744981"></trkpt>
      <trkpt lat="37.452145" lon="-81.745061"></trkpt>
      <trkpt lat="37.452206" lon="-81.745146"></trkpt>
      <trkpt lat="37.452245" lon="-81.745205"></trkpt>
      <trkpt lat="37.452281" lon="-81.745267"></trkpt>
      <trkpt lat="37.452350" lon="-81.745395"></trkpt>
      <trkpt lat="37.452397" lon="-81.745496"></trkpt>
      <trkpt lat="37.452440" lon="-81.745599"></trkpt>
      <trkpt lat="37.452479" lon="-81.745706"></trkpt>
      <trkpt lat="37.452534" lon="-81.745876"></trkpt>
      <trkpt lat="37.452584" lon="-81.746048"></trkpt>
      <trkpt lat="37.452630" lon="-81.746222"></trkpt>
      <trkpt lat="37.452671" lon="-81.746398"></trkpt>
      <trkpt lat="37.452707" lon="-81.746576"></trkpt>
      <trkpt lat="37.452738" lon="-81.746756"></trkpt>
      <trkpt lat="37.453157" lon="-81.749834"></trkpt>
      <trkpt lat="37.453203" lon="-81.750321"></trkpt>
      <trkpt lat="37.453684" lon="-81.751169"></trkpt>
      <trkpt lat="37.454463" lon="-81.752173"></trkpt>
      <trkpt lat="37.455013" lon="-81.752718"></trkpt>
      <trkpt lat="37.455643" lon="-81.753237"></trkpt>
      <trkpt lat="37.455746" lon="-81.753321"></trkpt>
      <trkpt lat="37.458660" lon="-81.754404"></trkpt>
      <trkpt lat="37.458820" lon="-81.754574"></trkpt>
      <trkpt lat="37.458916" lon="-81.754712"></trkpt>
      <trkpt lat="37.458998" lon="-81.754898"></trkpt>
      <trkpt lat="37.459119" lon="-81.755438"></trkpt>
      <trkpt lat="37.459178" lon="-81.755709"></trkpt>
      <trkpt lat="37.459400" lon="-81.756663"></trkpt>
      <trkpt lat="37.459764" lon="-81.758266"></trkpt>
      <trkpt lat="37.459960" lon="-81.758945"></trkpt>
      <trkpt lat="37.460013" lon="-81.759118"></trkpt>
      <trkpt lat="37.460362" lon="-81.759580"></trkpt>
      <trkpt lat="37.460946" lon="-81.760095"></trkpt>
      <trkpt lat="37.461217" lon="-81.760287"></trkpt>
      <trkpt lat="37.461465" lon="-81.760387"></trkpt>
      <trkpt lat="37.461897" lon="-81.760481"></trkpt>
      <trkpt lat="37.462095" lon="-81.760487"></trkpt>
      <trkpt lat="37.463552" lon="-81.760440"></trkpt>
      <trkpt lat="37.463984" lon="-81.760540"></trkpt>
      <trkpt lat="37.464351" lon="-81.760646"></trkpt>
      <trkpt lat="37.464643" lon="-81.760763"></trkpt>
      <trkpt lat="37.464867" lon="-81.760910"></trkpt>
      <trkpt lat="37.465205" lon="-81.761172"></trkpt>
      <trkpt lat="37.465677" lon="-81.761659"></trkpt>
      <trkpt lat="37.468617" lon="-81.764513"></trkpt>
      <trkpt lat="37.468683" lon="-81.764592"></trkpt>
      <trkpt lat="37.469969" lon="-81.766120"></trkpt>
      <trkpt lat="37.472901" lon="-81.772065"></trkpt>
      <trkpt lat="37.473780" lon="-81.773012"></trkpt>
      <trkpt lat="37.474138" lon="-81.773518"></trkpt>
      <trkpt lat="37.474373" lon="-81.773902"></trkpt>
      <trkpt lat="37.474694" lon="-81.774540"></trkpt>
      <trkpt lat="37.474842" lon="-81.774881"></trkpt>
      <trkpt lat="37.474998" lon="-81.775451"></trkpt>
      <trkpt lat="37.475250" lon="-81.776812"></trkpt>
      <trkpt lat="37.475381" lon="-81.778006"></trkpt>
      <trkpt lat="37.475318" lon="-81.779499"></trkpt>
      <trkpt lat="37.474722" lon="-81.780674"></trkpt>
      <trkpt lat="37.473764" lon="-81.782140"></trkpt>
      <trkpt lat="37.472402" lon="-81.784226"></trkpt>
      <trkpt lat="37.471545" lon="-81.785861"></trkpt>
      <trkpt lat="37.470620" lon="-81.787588"></trkpt>
      <trkpt lat="37.470012" lon="-81.789201"></trkpt>
      <trkpt lat="37.469907" lon="-81.789563"></trkpt>
      <trkpt lat="37.469430" lon="-81.791808"></trkpt>
      <trkpt lat="37.469198" lon="-81.792753"></trkpt>
      <trkpt lat="37.469114" lon="-81.793610"></trkpt>
      <trkpt lat="37.469260" lon="-81.794452"></trkpt>
      <trkpt lat="37.469310" lon="-81.794699"></trkpt>
      <trkpt lat="37.469800" lon="-81.796025"></trkpt>
      <trkpt lat="37.470040" lon="-81.796727"></trkpt>
      <trkpt lat="37.470091" lon="-81.796943"></trkpt>
      <trkpt lat="37.470499" lon="-81.798665"></trkpt>
      <trkpt lat="37.470526" lon="-81.798779"></trkpt>
      <trkpt lat="37.470719" lon="-81.799714"></trkpt>
      <trkpt lat="37.470801" lon="-81.800589"></trkpt>
      <trkpt lat="37.470802" lon="-81.801614"></trkpt>
      <trkpt lat="37.470801" lon="-81.801648"></trkpt>
      <trkpt lat="37.470769" lon="-81.802872"></trkpt>
      <trkpt lat="37.470584" lon="-81.803578"></trkpt>
      <trkpt lat="37.470396" lon="-81.804296"></trkpt>
      <trkpt lat="37.470114" lon="-81.805036"></trkpt>
      <trkpt lat="37.469916" lon="-81.805346"></trkpt>
      <trkpt lat="37.469754" lon="-81.805552"></trkpt>
      <trkpt lat="37.469604" lon="-81.805716"></trkpt>
      <trkpt lat="37.469271" lon="-81.806019"></trkpt>
      <trkpt lat="37.468782" lon="-81.806417"></trkpt>
      <trkpt lat="37.468349" lon="-81.806734"></trkpt>
      <trkpt lat="37.468221" lon="-81.806830"></trkpt>
      <trkpt lat="37.467144" lon="-81.807843"></trkpt>
      <trkpt lat="37.466931" lon="-81.808080"></trkpt>
      <trkpt lat="37.466322" lon="-81.809290"></trkpt>
      <trkpt lat="37.464884" lon="-81.812691"></trkpt>
      <trkpt lat="37.464806" lon="-81.812687"></trkpt>
      <trkpt lat="37.464731" lon="-81.812703"></trkpt>
      <trkpt lat="37.464687" lon="-81.812727"></trkpt>
      <trkpt lat="37.464654" lon="-81.812764"></trkpt>
      <trkpt lat="37.464599" lon="-81.812871"></trkpt>
      <trkpt lat="37.464565" lon="-81.812982"></trkpt>
      <trkpt lat="37.464554" lon="-81.813080"></trkpt>
      <trkpt lat="37.464544" lon="-81.813194"></trkpt>
      <trkpt lat="37.464502" lon="-81.813425"></trkpt>
      <trkpt lat="37.464446" lon="-81.813640"></trkpt>
      <trkpt lat="37.464206" lon="-81.814189"></trkpt>
      <trkpt lat="37.464367" lon="-81.814297"></trkpt>
      <trkpt lat="37.464625" lon="-81.814478"></trkpt>
      <trkpt lat="37.464785" lon="-81.814581"></trkpt>
      <trkpt lat="37.464842" lon="-81.814563"></trkpt>
      <trkpt lat="37.464894" lon="-81.814527"></trkpt>
      <trkpt lat="37.464930" lon="-81.814486"></trkpt>
      <trkpt lat="37.465553" lon="-81.813420"></trkpt>
      <trkpt lat="37.465977" lon="-81.812578"></trkpt>
      <trkpt lat="37.466144" lon="-81.812247"></trkpt>
      <trkpt lat="37.466189" lon="-81.812170"></trkpt>
      <trkpt lat="37.466295" lon="-81.811976"></trkpt>
      <trkpt lat="37.466444" lon="-81.811690"></trkpt>
      <trkpt lat="37.466519" lon="-81.811540"></trkpt>
      <trkpt lat="37.466579" lon="-81.811414"></trkpt>
      <trkpt lat="37.466624" lon="-81.811314"></trkpt>
      <trkpt lat="37.467133" lon="-81.810159"></trkpt>
      <trkpt lat="37.467341" lon="-81.809668"></trkpt>
      <trkpt lat="37.467483" lon="-81.809401"></trkpt>
      <trkpt lat="37.467558" lon="-81.809300"></trkpt>
      <trkpt lat="37.467610" lon="-81.809270"></trkpt>
      <trkpt lat="37.467657" lon="-81.809263"></trkpt>
      <trkpt lat="37.467711" lon="-81.809259"></trkpt>
      <trkpt lat="37.467720" lon="-81.809315"></trkpt>
      <trkpt lat="37.467722" lon="-81.809374"></trkpt>
      <trkpt lat="37.467713" lon="-81.809435"></trkpt>
      <trkpt lat="37.467472" lon="-81.809973"></trkpt>
      <trkpt lat="37.467247" lon="-81.810436"></trkpt>
      <trkpt lat="37.466774" lon="-81.811483"></trkpt>
      <trkpt lat="37.466612" lon="-81.811807"></trkpt>
      <trkpt lat="37.466507" lon="-81.812052"></trkpt>
      <trkpt lat="37.466461" lon="-81.812163"></trkpt>
      <trkpt lat="37.466410" lon="-81.812279"></trkpt>
      <trkpt lat="37.466351" lon="-81.812408"></trkpt>
      <trkpt lat="37.466311" lon="-81.812503"></trkpt>
      <trkpt lat="37.466268" lon="-81.812603"></trkpt>
      <trkpt lat="37.466232" lon="-81.812679"></trkpt>
      <trkpt lat="37.466177" lon="-81.812792"></trkpt>
      <trkpt lat="37.466127" lon="-81.812906"></trkpt>
      <trkpt lat="37.466055" lon="-81.813101"></trkpt>
      <trkpt lat="37.465999" lon="-81.813232"></trkpt>
      <trkpt lat="37.465999" lon="-81.813232"></trkpt>
      <trkpt lat="37.466055" lon="-81.813101"></trkpt>
      <trkpt lat="37.466127" lon="-81.812906"></trkpt>
      <trkpt lat="37.466177" lon="-81.812792"></trkpt>
      <trkpt lat="37.466232" lon="-81.812679"></trkpt>
      <trkpt lat="37.466268" lon="-81.812603"></trkpt>
      <trkpt lat="37.466311" lon="-81.812503"></trkpt>
      <trkpt lat="37.466351" lon="-81.812408"></trkpt>
      <trkpt lat="37.466410" lon="-81.812279"></trkpt>
      <trkpt lat="37.466461" lon="-81.812163"></trkpt>
      <trkpt lat="37.466507" lon="-81.812052"></trkpt>
      <trkpt lat="37.466612" lon="-81.811807"></trkpt>
      <trkpt lat="37.466774" lon="-81.811483"></trkpt>
      <trkpt lat="37.467247" lon="-81.810436"></trkpt>
      <trkpt lat="37.467472" lon="-81.809973"></trkpt>
      <trkpt lat="37.467713" lon="-81.809435"></trkpt>
      <trkpt lat="37.467722" lon="-81.809374"></trkpt>
      <trkpt lat="37.467720" lon="-81.809315"></trkpt>
      <trkpt lat="37.467711" lon="-81.809259"></trkpt>
      <trkpt lat="37.467657" lon="-81.809263"></trkpt>
      <trkpt lat="37.467610" lon="-81.809270"></trkpt>
      <trkpt lat="37.467558" lon="-81.809300"></trkpt>
      <trkpt lat="37.467483" lon="-81.809401"></trkpt>
      <trkpt lat="37.467341" lon="-81.809668"></trkpt>
      <trkpt lat="37.467133" lon="-81.810159"></trkpt>
      <trkpt lat="37.466624" lon="-81.811314"></trkpt>
      <trkpt lat="37.466579" lon="-81.811414"></trkpt>
      <trkpt lat="37.466519" lon="-81.811540"></trkpt>
      <trkpt lat="37.466444" lon="-81.811690"></trkpt>
      <trkpt lat="37.466295" lon="-81.811976"></trkpt>
      <trkpt lat="37.466189" lon="-81.812170"></trkpt>
      <trkpt lat="37.466144" lon="-81.812247"></trkpt>
      <trkpt lat="37.465977" lon="-81.812578"></trkpt>
      <trkpt lat="37.465553" lon="-81.813420"></trkpt>
      <trkpt lat="37.464930" lon="-81.814486"></trkpt>
      <trkpt lat="37.464894" lon="-81.814527"></trkpt>
      <trkpt lat="37.464842" lon="-81.814563"></trkpt>
      <trkpt lat="37.464785" lon="-81.814581"></trkpt>
      <trkpt lat="37.464625" lon="-81.814478"></trkpt>
      <trkpt lat="37.464367" lon="-81.814297"></trkpt>
      <trkpt lat="37.464206" lon="-81.814189"></trkpt>
      <trkpt lat="37.463989" lon="-81.814656"></trkpt>
      <trkpt lat="37.463863" lon="-81.814866"></trkpt>
      <trkpt lat="37.463592" lon="-81.815261"></trkpt>
      <trkpt lat="37.463452" lon="-81.815439"></trkpt>
      <trkpt lat="37.463148" lon="-81.815934"></trkpt>
      <trkpt lat="37.462484" lon="-81.816879"></trkpt>
      <trkpt lat="37.462412" lon="-81.816967"></trkpt>
      <trkpt lat="37.462332" lon="-81.816997"></trkpt>
      <trkpt lat="37.462236" lon="-81.817023"></trkpt>
      <trkpt lat="37.462089" lon="-81.817052"></trkpt>
      <trkpt lat="37.460581" lon="-81.817288"></trkpt>
      <trkpt lat="37.460590" lon="-81.817426"></trkpt>
      <trkpt lat="37.460593" lon="-81.817470"></trkpt>
      <trkpt lat="37.460588" lon="-81.817531"></trkpt>
      <trkpt lat="37.460590" lon="-81.817562"></trkpt>
      <trkpt lat="37.460653" lon="-81.818307"></trkpt>
      <trkpt lat="37.460665" lon="-81.818422"></trkpt>
      <trkpt lat="37.459359" lon="-81.818769"></trkpt>
      <trkpt lat="37.459125" lon="-81.818810"></trkpt>
      <trkpt lat="37.458899" lon="-81.818835"></trkpt>
      <trkpt lat="37.458694" lon="-81.818807"></trkpt>
      <trkpt lat="37.458510" lon="-81.818736"></trkpt>
      <trkpt lat="37.458371" lon="-81.818642"></trkpt>
      <trkpt lat="37.458259" lon="-81.818555"></trkpt>
      <trkpt lat="37.458156" lon="-81.818448"></trkpt>
      <trkpt lat="37.458076" lon="-81.818330"></trkpt>
      <trkpt lat="37.457983" lon="-81.818221"></trkpt>
      <trkpt lat="37.457915" lon="-81.818160"></trkpt>
      <trkpt lat="37.457813" lon="-81.818103"></trkpt>
      <trkpt lat="37.457697" lon="-81.818058"></trkpt>
      <trkpt lat="37.457596" lon="-81.818042"></trkpt>
      <trkpt lat="37.457474" lon="-81.817974"></trkpt>
      <trkpt lat="37.457389" lon="-81.817887"></trkpt>
      <trkpt lat="37.457300" lon="-81.817766"></trkpt>
      <trkpt lat="37.457134" lon="-81.817398"></trkpt>
      <trkpt lat="37.457075" lon="-81.817211"></trkpt>
      <trkpt lat="37.457016" lon="-81.817023"></trkpt>
      <trkpt lat="37.456936" lon="-81.816860"></trkpt>
      <trkpt lat="37.456844" lon="-81.816714"></trkpt>
      <trkpt lat="37.456412" lon="-81.816204"></trkpt>
      <trkpt lat="37.456031" lon="-81.815702"></trkpt>
      <trkpt lat="37.455284" lon="-81.814790"></trkpt>
      <trkpt lat="37.455021" lon="-81.814459"></trkpt>
      <trkpt lat="37.454849" lon="-81.814308"></trkpt>
      <trkpt lat="37.454635" lon="-81.814137"></trkpt>
      <trkpt lat="37.453775" lon="-81.813561"></trkpt>
      <trkpt lat="37.453491" lon="-81.813276"></trkpt>
      <trkpt lat="37.453232" lon="-81.812934"></trkpt>
      <trkpt lat="37.452892" lon="-81.812486"></trkpt>
      <trkpt lat="37.452600" lon="-81.812105"></trkpt>
      <trkpt lat="37.452344" lon="-81.811675"></trkpt>
      <trkpt lat="37.452023" lon="-81.810812"></trkpt>
      <trkpt lat="37.451756" lon="-81.809787"></trkpt>
      <trkpt lat="37.451697" lon="-81.809576"></trkpt>
      <trkpt lat="37.451602" lon="-81.809373"></trkpt>
      <trkpt lat="37.451521" lon="-81.809226"></trkpt>
      <trkpt lat="37.451462" lon="-81.809045"></trkpt>
      <trkpt lat="37.451429" lon="-81.808819"></trkpt>
      <trkpt lat="37.451222" lon="-81.806708"></trkpt>
      <trkpt lat="37.451135" lon="-81.805970"></trkpt>
      <trkpt lat="37.451073" lon="-81.805682"></trkpt>
      <trkpt lat="37.450988" lon="-81.805445"></trkpt>
      <trkpt lat="37.450886" lon="-81.805213"></trkpt>
      <trkpt lat="37.450784" lon="-81.805020"></trkpt>
      <trkpt lat="37.450666" lon="-81.804841"></trkpt>
      <trkpt lat="37.450547" lon="-81.804675"></trkpt>
      <trkpt lat="37.450293" lon="-81.804380"></trkpt>
      <trkpt lat="37.449837" lon="-81.804015"></trkpt>
      <trkpt lat="37.449583" lon="-81.803821"></trkpt>
      <trkpt lat="37.449395" lon="-81.803698"></trkpt>
      <trkpt lat="37.449165" lon="-81.803574"></trkpt>
      <trkpt lat="37.448878" lon="-81.803443"></trkpt>
      <trkpt lat="37.448617" lon="-81.803348"></trkpt>
      <trkpt lat="37.448392" lon="-81.803291"></trkpt>
      <trkpt lat="37.448159" lon="-81.803245"></trkpt>
      <trkpt lat="37.447943" lon="-81.803226"></trkpt>
      <trkpt lat="37.447679" lon="-81.803243"></trkpt>
      <trkpt lat="37.447442" lon="-81.803231"></trkpt>
      <trkpt lat="37.446324" lon="-81.803234"></trkpt>
      <trkpt lat="37.446095" lon="-81.803202"></trkpt>
      <trkpt lat="37.445923" lon="-81.803172"></trkpt>
      <trkpt lat="37.445707" lon="-81.803140"></trkpt>
      <trkpt lat="37.445490" lon="-81.803176"></trkpt>
      <trkpt lat="37.445323" lon="-81.803207"></trkpt>
      <trkpt lat="37.445180" lon="-81.803239"></trkpt>
      <trkpt lat="37.445046" lon="-81.803239"></trkpt>
      <trkpt lat="37.444913" lon="-81.803221"></trkpt>
      <trkpt lat="37.444795" lon="-81.803186"></trkpt>
      <trkpt lat="37.444551" lon="-81.803099"></trkpt>
      <trkpt lat="37.444269" lon="-81.802995"></trkpt>
      <trkpt lat="37.444127" lon="-81.802956"></trkpt>
      <trkpt lat="37.444010" lon="-81.802943"></trkpt>
      <trkpt lat="37.443884" lon="-81.802950"></trkpt>
      <trkpt lat="37.443690" lon="-81.802961"></trkpt>
      <trkpt lat="37.443498" lon="-81.803008"></trkpt>
      <trkpt lat="37.443122" lon="-81.803104"></trkpt>
      <trkpt lat="37.442791" lon="-81.803223"></trkpt>
      <trkpt lat="37.442396" lon="-81.803380"></trkpt>
      <trkpt lat="37.442049" lon="-81.803582"></trkpt>
      <trkpt lat="37.441847" lon="-81.803702"></trkpt>
      <trkpt lat="37.441644" lon="-81.803844"></trkpt>
      <trkpt lat="37.441406" lon="-81.804077"></trkpt>
      <trkpt lat="37.441310" lon="-81.804247"></trkpt>
      <trkpt lat="37.441224" lon="-81.804446"></trkpt>
      <trkpt lat="37.441042" lon="-81.804925"></trkpt>
      <trkpt lat="37.440975" lon="-81.805041"></trkpt>
      <trkpt lat="37.440882" lon="-81.805147"></trkpt>
      <trkpt lat="37.440816" lon="-81.805209"></trkpt>
      <trkpt lat="37.440738" lon="-81.805260"></trkpt>
      <trkpt lat="37.440649" lon="-81.805307"></trkpt>
      <trkpt lat="37.440573" lon="-81.805344"></trkpt>
      <trkpt lat="37.440466" lon="-81.805375"></trkpt>
      <trkpt lat="37.440298" lon="-81.805403"></trkpt>
      <trkpt lat="37.440070" lon="-81.805424"></trkpt>
      <trkpt lat="37.439901" lon="-81.805428"></trkpt>
      <trkpt lat="37.439738" lon="-81.805416"></trkpt>
      <trkpt lat="37.439368" lon="-81.805302"></trkpt>
      <trkpt lat="37.438823" lon="-81.805127"></trkpt>
      <trkpt lat="37.438536" lon="-81.805033"></trkpt>
      <trkpt lat="37.438215" lon="-81.804848"></trkpt>
      <trkpt lat="37.438015" lon="-81.804719"></trkpt>
      <trkpt lat="37.437849" lon="-81.804580"></trkpt>
      <trkpt lat="37.437576" lon="-81.804365"></trkpt>
      <trkpt lat="37.437416" lon="-81.804270"></trkpt>
      <trkpt lat="37.437243" lon="-81.804195"></trkpt>
      <trkpt lat="37.437062" lon="-81.804101"></trkpt>
      <trkpt lat="37.436905" lon="-81.803972"></trkpt>
      <trkpt lat="37.436776" lon="-81.803812"></trkpt>
      <trkpt lat="37.436494" lon="-81.803477"></trkpt>
      <trkpt lat="37.436231" lon="-81.803189"></trkpt>
      <trkpt lat="37.436025" lon="-81.803030"></trkpt>
      <trkpt lat="37.435664" lon="-81.802702"></trkpt>
      <trkpt lat="37.435413" lon="-81.802484"></trkpt>
      <trkpt lat="37.435197" lon="-81.802352"></trkpt>
      <trkpt lat="37.434881" lon="-81.802161"></trkpt>
      <trkpt lat="37.434530" lon="-81.801944"></trkpt>
      <trkpt lat="37.434277" lon="-81.801757"></trkpt>
      <trkpt lat="37.434133" lon="-81.801597"></trkpt>
      <trkpt lat="37.434036" lon="-81.801453"></trkpt>
      <trkpt lat="37.433749" lon="-81.800978"></trkpt>
      <trkpt lat="37.433590" lon="-81.800761"></trkpt>
      <trkpt lat="37.433177" lon="-81.800278"></trkpt>
      <trkpt lat="37.432754" lon="-81.799724"></trkpt>
      <trkpt lat="37.432145" lon="-81.798866"></trkpt>
      <trkpt lat="37.431060" lon="-81.797375"></trkpt>
      <trkpt lat="37.429955" lon="-81.795862"></trkpt>
      <trkpt lat="37.429704" lon="-81.795562"></trkpt>
      <trkpt lat="37.429611" lon="-81.795485"></trkpt>
      <trkpt lat="37.429363" lon="-81.795342"></trkpt>
      <trkpt lat="37.429254" lon="-81.795275"></trkpt>
      <trkpt lat="37.429157" lon="-81.795197"></trkpt>
      <trkpt lat="37.429061" lon="-81.795084"></trkpt>
      <trkpt lat="37.428971" lon="-81.794962"></trkpt>
      <trkpt lat="37.428712" lon="-81.794509"></trkpt>
      <trkpt lat="37.428472" lon="-81.793916"></trkpt>
      <trkpt lat="37.428237" lon="-81.793322"></trkpt>
      <trkpt lat="37.428034" lon="-81.792865"></trkpt>
      <trkpt lat="37.427776" lon="-81.792444"></trkpt>
      <trkpt lat="37.427363" lon="-81.791887"></trkpt>
      <trkpt lat="37.427155" lon="-81.791525"></trkpt>
      <trkpt lat="37.426821" lon="-81.791121"></trkpt>
      <trkpt lat="37.426743" lon="-81.791044"></trkpt>
      <trkpt lat="37.426418" lon="-81.790726"></trkpt>
      <trkpt lat="37.426070" lon="-81.790476"></trkpt>
      <trkpt lat="37.425840" lon="-81.790342"></trkpt>
      <trkpt lat="37.425400" lon="-81.790117"></trkpt>
      <trkpt lat="37.424872" lon="-81.790083"></trkpt>
      <trkpt lat="37.424093" lon="-81.790131"></trkpt>
      <trkpt lat="37.423564" lon="-81.790281"></trkpt>
      <trkpt lat="37.423100" lon="-81.790475"></trkpt>
      <trkpt lat="37.422738" lon="-81.790689"></trkpt>
      <trkpt lat="37.422278" lon="-81.790925"></trkpt>
      <trkpt lat="37.421404" lon="-81.791204"></trkpt>
      <trkpt lat="37.421089" lon="-81.791344"></trkpt>
      <trkpt lat="37.420817" lon="-81.791376"></trkpt>
      <trkpt lat="37.420548" lon="-81.791397"></trkpt>
      <trkpt lat="37.420292" lon="-81.791451"></trkpt>
      <trkpt lat="37.420109" lon="-81.791547"></trkpt>
      <trkpt lat="37.419913" lon="-81.791606"></trkpt>
      <trkpt lat="37.419645" lon="-81.791644"></trkpt>
      <trkpt lat="37.419359" lon="-81.791601"></trkpt>
      <trkpt lat="37.418631" lon="-81.791333"></trkpt>
      <trkpt lat="37.418188" lon="-81.791065"></trkpt>
      <trkpt lat="37.417975" lon="-81.790855"></trkpt>
      <trkpt lat="37.417591" lon="-81.790324"></trkpt>
      <trkpt lat="37.417417" lon="-81.790008"></trkpt>
      <trkpt lat="37.416697" lon="-81.788715"></trkpt>
      <trkpt lat="37.416059" lon="-81.787278"></trkpt>
      <trkpt lat="37.415211" lon="-81.784666"></trkpt>
      <trkpt lat="37.415130" lon="-81.784502"></trkpt>
      <trkpt lat="37.415080" lon="-81.784404"></trkpt>
      <trkpt lat="37.415034" lon="-81.784339"></trkpt>
      <trkpt lat="37.414988" lon="-81.784286"></trkpt>
      <trkpt lat="37.414924" lon="-81.784237"></trkpt>
      <trkpt lat="37.414868" lon="-81.784208"></trkpt>
      <trkpt lat="37.414811" lon="-81.784192"></trkpt>
      <trkpt lat="37.414746" lon="-81.784181"></trkpt>
      <trkpt lat="37.414641" lon="-81.784180"></trkpt>
      <trkpt lat="37.414535" lon="-81.784195"></trkpt>
      <trkpt lat="37.414446" lon="-81.784230"></trkpt>
      <trkpt lat="37.414365" lon="-81.784274"></trkpt>
      <trkpt lat="37.414270" lon="-81.784347"></trkpt>
      <trkpt lat="37.414199" lon="-81.784417"></trkpt>
      <trkpt lat="37.414142" lon="-81.784490"></trkpt>
      <trkpt lat="37.414094" lon="-81.784568"></trkpt>
      <trkpt lat="37.414045" lon="-81.784690"></trkpt>
      <trkpt lat="37.414000" lon="-81.784840"></trkpt>
      <trkpt lat="37.413962" lon="-81.785021"></trkpt>
      <trkpt lat="37.413812" lon="-81.785904"></trkpt>
      <trkpt lat="37.413663" lon="-81.786897"></trkpt>
      <trkpt lat="37.413573" lon="-81.787143"></trkpt>
      <trkpt lat="37.413488" lon="-81.787336"></trkpt>
      <trkpt lat="37.413382" lon="-81.787481"></trkpt>
      <trkpt lat="37.413237" lon="-81.787685"></trkpt>
      <trkpt lat="37.413062" lon="-81.787862"></trkpt>
      <trkpt lat="37.412956" lon="-81.787980"></trkpt>
      <trkpt lat="37.412823" lon="-81.788104"></trkpt>
      <trkpt lat="37.412657" lon="-81.788232"></trkpt>
      <trkpt lat="37.412351" lon="-81.788425"></trkpt>
      <trkpt lat="37.412099" lon="-81.788554"></trkpt>
      <trkpt lat="37.411720" lon="-81.788651"></trkpt>
      <trkpt lat="37.411285" lon="-81.788710"></trkpt>
      <trkpt lat="37.410825" lon="-81.788688"></trkpt>
      <trkpt lat="37.410433" lon="-81.788500"></trkpt>
      <trkpt lat="37.410092" lon="-81.788366"></trkpt>
      <trkpt lat="37.409965" lon="-81.788382"></trkpt>
      <trkpt lat="37.409786" lon="-81.788447"></trkpt>
      <trkpt lat="37.409585" lon="-81.788479"></trkpt>
      <trkpt lat="37.409440" lon="-81.788425"></trkpt>
      <trkpt lat="37.409278" lon="-81.788340"></trkpt>
      <trkpt lat="37.409104" lon="-81.788254"></trkpt>
      <trkpt lat="37.408929" lon="-81.788216"></trkpt>
      <trkpt lat="37.408068" lon="-81.788259"></trkpt>
      <trkpt lat="37.407881" lon="-81.788286"></trkpt>
      <trkpt lat="37.407587" lon="-81.788366"></trkpt>
      <trkpt lat="37.407314" lon="-81.788436"></trkpt>
      <trkpt lat="37.406453" lon="-81.788420"></trkpt>
      <trkpt lat="37.406179" lon="-81.788380"></trkpt>
      <trkpt lat="37.405869" lon="-81.788302"></trkpt>
      <trkpt lat="37.404864" lon="-81.787741"></trkpt>
      <trkpt lat="37.403963" lon="-81.786945"></trkpt>
      <trkpt lat="37.403491" lon="-81.786426"></trkpt>
      <trkpt lat="37.403285" lon="-81.786223"></trkpt>
      <trkpt lat="37.403110" lon="-81.785992"></trkpt>
      <trkpt lat="37.402942" lon="-81.785741"></trkpt>
      <trkpt lat="37.402731" lon="-81.785510"></trkpt>
      <trkpt lat="37.402595" lon="-81.785427"></trkpt>
      <trkpt lat="37.402512" lon="-81.785387"></trkpt>
      <trkpt lat="37.402378" lon="-81.785363"></trkpt>
      <trkpt lat="37.402227" lon="-81.785379"></trkpt>
      <trkpt lat="37.402076" lon="-81.785454"></trkpt>
      <trkpt lat="37.401976" lon="-81.785528"></trkpt>
      <trkpt lat="37.401868" lon="-81.785638"></trkpt>
      <trkpt lat="37.401836" lon="-81.785671"></trkpt>
      <trkpt lat="37.401709" lon="-81.785831"></trkpt>
      <trkpt lat="37.401579" lon="-81.786082"></trkpt>
      <trkpt lat="37.401464" lon="-81.786353"></trkpt>
      <trkpt lat="37.401384" lon="-81.786594"></trkpt>
      <trkpt lat="37.401284" lon="-81.786982"></trkpt>
      <trkpt lat="37.401219" lon="-81.787417"></trkpt>
      <trkpt lat="37.401139" lon="-81.788139"></trkpt>
      <trkpt lat="37.401056" lon="-81.789184"></trkpt>
      <trkpt lat="37.401034" lon="-81.790177"></trkpt>
      <trkpt lat="37.401009" lon="-81.790829"></trkpt>
      <trkpt lat="37.400974" lon="-81.790998"></trkpt>
      <trkpt lat="37.400905" lon="-81.791233"></trkpt>
      <trkpt lat="37.400804" lon="-81.791523"></trkpt>
      <trkpt lat="37.400759" lon="-81.791718"></trkpt>
      <trkpt lat="37.400740" lon="-81.791898"></trkpt>
      <trkpt lat="37.400746" lon="-81.792054"></trkpt>
      <trkpt lat="37.400767" lon="-81.792194"></trkpt>
      <trkpt lat="37.400828" lon="-81.792464"></trkpt>
      <trkpt lat="37.400888" lon="-81.792718"></trkpt>
      <trkpt lat="37.401213" lon="-81.793910"></trkpt>
      <trkpt lat="37.401276" lon="-81.794336"></trkpt>
      <trkpt lat="37.401322" lon="-81.794676"></trkpt>
      <trkpt lat="37.401428" lon="-81.795078"></trkpt>
      <trkpt lat="37.401569" lon="-81.795527"></trkpt>
      <trkpt lat="37.401783" lon="-81.796135"></trkpt>
      <trkpt lat="37.402003" lon="-81.796619"></trkpt>
      <trkpt lat="37.402352" lon="-81.797448"></trkpt>
      <trkpt lat="37.402531" lon="-81.797831"></trkpt>
      <trkpt lat="37.402625" lon="-81.798087"></trkpt>
      <trkpt lat="37.402672" lon="-81.798303"></trkpt>
      <trkpt lat="37.402745" lon="-81.798566"></trkpt>
      <trkpt lat="37.402882" lon="-81.798970"></trkpt>
      <trkpt lat="37.402980" lon="-81.799333"></trkpt>
      <trkpt lat="37.403040" lon="-81.799664"></trkpt>
      <trkpt lat="37.403051" lon="-81.799931"></trkpt>
      <trkpt lat="37.403040" lon="-81.800220"></trkpt>
      <trkpt lat="37.402990" lon="-81.800491"></trkpt>
      <trkpt lat="37.402924" lon="-81.800732"></trkpt>
      <trkpt lat="37.402794" lon="-81.801024"></trkpt>
      <trkpt lat="37.402633" lon="-81.801315"></trkpt>
      <trkpt lat="37.402484" lon="-81.801492"></trkpt>
      <trkpt lat="37.402349" lon="-81.801597"></trkpt>
      <trkpt lat="37.402198" lon="-81.801689"></trkpt>
      <trkpt lat="37.401970" lon="-81.801767"></trkpt>
      <trkpt lat="37.401690" lon="-81.801813"></trkpt>
      <trkpt lat="37.401429" lon="-81.801820"></trkpt>
      <trkpt lat="37.401287" lon="-81.801791"></trkpt>
      <trkpt lat="37.401145" lon="-81.801758"></trkpt>
      <trkpt lat="37.399299" lon="-81.801432"></trkpt>
      <trkpt lat="37.399083" lon="-81.801440"></trkpt>
      <trkpt lat="37.398879" lon="-81.801472"></trkpt>
      <trkpt lat="37.398687" lon="-81.801517"></trkpt>
      <trkpt lat="37.398426" lon="-81.801608"></trkpt>
      <trkpt lat="37.396906" lon="-81.802370"></trkpt>
      <trkpt lat="37.395858" lon="-81.802771"></trkpt>
      <trkpt lat="37.395397" lon="-81.802950"></trkpt>
      <trkpt lat="37.395091" lon="-81.803068"></trkpt>
      <trkpt lat="37.394854" lon="-81.803182"></trkpt>
      <trkpt lat="37.394627" lon="-81.803286"></trkpt>
      <trkpt lat="37.394476" lon="-81.803337"></trkpt>
      <trkpt lat="37.394240" lon="-81.803389"></trkpt>
      <trkpt lat="37.394066" lon="-81.803437"></trkpt>
      <trkpt lat="37.393727" lon="-81.803615"></trkpt>
      <trkpt lat="37.393548" lon="-81.803686"></trkpt>
      <trkpt lat="37.393355" lon="-81.803738"></trkpt>
      <trkpt lat="37.393095" lon="-81.803773"></trkpt>
      <trkpt lat="37.392811" lon="-81.803880"></trkpt>
      <trkpt lat="37.392565" lon="-81.803995"></trkpt>
      <trkpt lat="37.392423" lon="-81.804089"></trkpt>
      <trkpt lat="37.392113" lon="-81.804323"></trkpt>
      <trkpt lat="37.391758" lon="-81.804546"></trkpt>
      <trkpt lat="37.391149" lon="-81.804925"></trkpt>
      <trkpt lat="37.390800" lon="-81.805169"></trkpt>
      <trkpt lat="37.390522" lon="-81.805404"></trkpt>
      <trkpt lat="37.390258" lon="-81.805669"></trkpt>
      <trkpt lat="37.389905" lon="-81.805980"></trkpt>
      <trkpt lat="37.389727" lon="-81.806160"></trkpt>
      <trkpt lat="37.389634" lon="-81.806325"></trkpt>
      <trkpt lat="37.389585" lon="-81.806443"></trkpt>
      <trkpt lat="37.389528" lon="-81.806623"></trkpt>
      <trkpt lat="37.389484" lon="-81.806839"></trkpt>
      <trkpt lat="37.389314" lon="-81.807731"></trkpt>
      <trkpt lat="37.389264" lon="-81.808018"></trkpt>
      <trkpt lat="37.389204" lon="-81.808299"></trkpt>
      <trkpt lat="37.388749" lon="-81.809954"></trkpt>
      <trkpt lat="37.388343" lon="-81.810792"></trkpt>
      <trkpt lat="37.387853" lon="-81.811522"></trkpt>
      <trkpt lat="37.387388" lon="-81.812069"></trkpt>
      <trkpt lat="37.387197" lon="-81.812270"></trkpt>
      <trkpt lat="37.386934" lon="-81.812490"></trkpt>
      <trkpt lat="37.386670" lon="-81.812619"></trkpt>
      <trkpt lat="37.386444" lon="-81.812691"></trkpt>
      <trkpt lat="37.386220" lon="-81.812753"></trkpt>
      <trkpt lat="37.386015" lon="-81.812802"></trkpt>
      <trkpt lat="37.385679" lon="-81.812856"></trkpt>
      <trkpt lat="37.385451" lon="-81.812853"></trkpt>
      <trkpt lat="37.385299" lon="-81.812809"></trkpt>
      <trkpt lat="37.385110" lon="-81.812725"></trkpt>
      <trkpt lat="37.384550" lon="-81.812338"></trkpt>
      <trkpt lat="37.384279" lon="-81.812102"></trkpt>
      <trkpt lat="37.384119" lon="-81.811903"></trkpt>
      <trkpt lat="37.383995" lon="-81.811699"></trkpt>
      <trkpt lat="37.383887" lon="-81.811457"></trkpt>
      <trkpt lat="37.383767" lon="-81.811133"></trkpt>
      <trkpt lat="37.383642" lon="-81.810582"></trkpt>
      <trkpt lat="37.383590" lon="-81.810190"></trkpt>
      <trkpt lat="37.383537" lon="-81.809898"></trkpt>
      <trkpt lat="37.383493" lon="-81.809730"></trkpt>
      <trkpt lat="37.383446" lon="-81.809410"></trkpt>
      <trkpt lat="37.383440" lon="-81.809234"></trkpt>
      <trkpt lat="37.383471" lon="-81.808968"></trkpt>
      <trkpt lat="37.383512" lon="-81.808781"></trkpt>
      <trkpt lat="37.383523" lon="-81.808579"></trkpt>
      <trkpt lat="37.383507" lon="-81.808339"></trkpt>
      <trkpt lat="37.383367" lon="-81.807629"></trkpt>
      <trkpt lat="37.383290" lon="-81.807284"></trkpt>
      <trkpt lat="37.383181" lon="-81.806983"></trkpt>
      <trkpt lat="37.383098" lon="-81.806814"></trkpt>
      <trkpt lat="37.382966" lon="-81.806586"></trkpt>
      <trkpt lat="37.382805" lon="-81.806381"></trkpt>
      <trkpt lat="37.382642" lon="-81.806227"></trkpt>
      <trkpt lat="37.382484" lon="-81.806114"></trkpt>
      <trkpt lat="37.382338" lon="-81.806053"></trkpt>
      <trkpt lat="37.382197" lon="-81.806029"></trkpt>
      <trkpt lat="37.381987" lon="-81.806047"></trkpt>
      <trkpt lat="37.381575" lon="-81.806129"></trkpt>
      <trkpt lat="37.381117" lon="-81.806226"></trkpt>
      <trkpt lat="37.380787" lon="-81.806310"></trkpt>
      <trkpt lat="37.380576" lon="-81.806371"></trkpt>
      <trkpt lat="37.380380" lon="-81.806447"></trkpt>
      <trkpt lat="37.379949" lon="-81.806758"></trkpt>
      <trkpt lat="37.379725" lon="-81.806958"></trkpt>
      <trkpt lat="37.379434" lon="-81.807270"></trkpt>
      <trkpt lat="37.379121" lon="-81.807665"></trkpt>
      <trkpt lat="37.378974" lon="-81.807887"></trkpt>
      <trkpt lat="37.378754" lon="-81.808115"></trkpt>
      <trkpt lat="37.378537" lon="-81.808374"></trkpt>
      <trkpt lat="37.378422" lon="-81.808485"></trkpt>
      <trkpt lat="37.378269" lon="-81.808599"></trkpt>
      <trkpt lat="37.378109" lon="-81.808660"></trkpt>
      <trkpt lat="37.377846" lon="-81.808708"></trkpt>
      <trkpt lat="37.377731" lon="-81.808727"></trkpt>
      <trkpt lat="37.377551" lon="-81.808704"></trkpt>
      <trkpt lat="37.377382" lon="-81.808630"></trkpt>
      <trkpt lat="37.377241" lon="-81.808569"></trkpt>
      <trkpt lat="37.377044" lon="-81.808441"></trkpt>
      <trkpt lat="37.376823" lon="-81.808270"></trkpt>
      <trkpt lat="37.376598" lon="-81.808066"></trkpt>
      <trkpt lat="37.376406" lon="-81.807806"></trkpt>
      <trkpt lat="37.376262" lon="-81.807614"></trkpt>
      <trkpt lat="37.376145" lon="-81.807462"></trkpt>
      <trkpt lat="37.376027" lon="-81.807352"></trkpt>
      <trkpt lat="37.375929" lon="-81.807287"></trkpt>
      <trkpt lat="37.375622" lon="-81.807067"></trkpt>
      <trkpt lat="37.375413" lon="-81.806903"></trkpt>
      <trkpt lat="37.375115" lon="-81.806629"></trkpt>
      <trkpt lat="37.374788" lon="-81.806396"></trkpt>
      <trkpt lat="37.374510" lon="-81.806126"></trkpt>
      <trkpt lat="37.374262" lon="-81.805807"></trkpt>
      <trkpt lat="37.373991" lon="-81.805554"></trkpt>
      <trkpt lat="37.373453" lon="-81.805075"></trkpt>
      <trkpt lat="37.373065" lon="-81.804738"></trkpt>
      <trkpt lat="37.371925" lon="-81.803846"></trkpt>
      <trkpt lat="37.371622" lon="-81.803479"></trkpt>
      <trkpt lat="37.371330" lon="-81.802979"></trkpt>
      <trkpt lat="37.371200" lon="-81.802734"></trkpt>
      <trkpt lat="37.371113" lon="-81.802541"></trkpt>
      <trkpt lat="37.371054" lon="-81.802338"></trkpt>
      <trkpt lat="37.370838" lon="-81.801182"></trkpt>
      <trkpt lat="37.370730" lon="-81.800728"></trkpt>
      <trkpt lat="37.370586" lon="-81.800282"></trkpt>
      <trkpt lat="37.370186" lon="-81.799388"></trkpt>
      <trkpt lat="37.369861" lon="-81.798598"></trkpt>
      <trkpt lat="37.369733" lon="-81.798257"></trkpt>
      <trkpt lat="37.369659" lon="-81.797786"></trkpt>
      <trkpt lat="37.369571" lon="-81.797344"></trkpt>
      <trkpt lat="37.369497" lon="-81.797082"></trkpt>
      <trkpt lat="37.369450" lon="-81.796983"></trkpt>
      <trkpt lat="37.369392" lon="-81.796897"></trkpt>
      <trkpt lat="37.369255" lon="-81.796790"></trkpt>
      <trkpt lat="37.369044" lon="-81.796720"></trkpt>
      <trkpt lat="37.368889" lon="-81.796685"></trkpt>
      <trkpt lat="37.368734" lon="-81.796672"></trkpt>
      <trkpt lat="37.368175" lon="-81.796707"></trkpt>
      <trkpt lat="37.367499" lon="-81.796791"></trkpt>
      <trkpt lat="37.367085" lon="-81.796882"></trkpt>
      <trkpt lat="37.366727" lon="-81.796952"></trkpt>
      <trkpt lat="37.366372" lon="-81.797004"></trkpt>
      <trkpt lat="37.366177" lon="-81.797062"></trkpt>
      <trkpt lat="37.365974" lon="-81.797145"></trkpt>
      <trkpt lat="37.365583" lon="-81.797335"></trkpt>
      <trkpt lat="37.365288" lon="-81.797419"></trkpt>
      <trkpt lat="37.365033" lon="-81.797563"></trkpt>
      <trkpt lat="37.364726" lon="-81.797803"></trkpt>
      <trkpt lat="37.364487" lon="-81.797953"></trkpt>
      <trkpt lat="37.364035" lon="-81.798161"></trkpt>
      <trkpt lat="37.363832" lon="-81.798310"></trkpt>
      <trkpt lat="37.363669" lon="-81.798518"></trkpt>
      <trkpt lat="37.363205" lon="-81.799315"></trkpt>
      <trkpt lat="37.363036" lon="-81.799642"></trkpt>
      <trkpt lat="37.362650" lon="-81.801025"></trkpt>
      <trkpt lat="37.362509" lon="-81.801400"></trkpt>
      <trkpt lat="37.362285" lon="-81.801800"></trkpt>
      <trkpt lat="37.361908" lon="-81.802326"></trkpt>
      <trkpt lat="37.361485" lon="-81.802815"></trkpt>
      <trkpt lat="37.360913" lon="-81.803130"></trkpt>
      <trkpt lat="37.360514" lon="-81.803221"></trkpt>
      <trkpt lat="37.360148" lon="-81.803237"></trkpt>
      <trkpt lat="37.359600" lon="-81.803185"></trkpt>
      <trkpt lat="37.359143" lon="-81.803123"></trkpt>
      <trkpt lat="37.358887" lon="-81.803136"></trkpt>
      <trkpt lat="37.358143" lon="-81.803375"></trkpt>
      <trkpt lat="37.358015" lon="-81.803372"></trkpt>
      <trkpt lat="37.357942" lon="-81.803340"></trkpt>
      <trkpt lat="37.357913" lon="-81.803313"></trkpt>
      <trkpt lat="37.357811" lon="-81.803218"></trkpt>
      <trkpt lat="37.357319" lon="-81.802149"></trkpt>
      <trkpt lat="37.357199" lon="-81.801972"></trkpt>
      <trkpt lat="37.357080" lon="-81.801849"></trkpt>
      <trkpt lat="37.356918" lon="-81.801676"></trkpt>
      <trkpt lat="37.356546" lon="-81.801513"></trkpt>
      <trkpt lat="37.356310" lon="-81.801475"></trkpt>
      <trkpt lat="37.356213" lon="-81.801460"></trkpt>
      <trkpt lat="37.355893" lon="-81.801526"></trkpt>
      <trkpt lat="37.354834" lon="-81.802114"></trkpt>
      <trkpt lat="37.354404" lon="-81.802259"></trkpt>
      <trkpt lat="37.354172" lon="-81.802274"></trkpt>
      <trkpt lat="37.353915" lon="-81.802244"></trkpt>
      <trkpt lat="37.353773" lon="-81.802179"></trkpt>
      <trkpt lat="37.353640" lon="-81.802085"></trkpt>
      <trkpt lat="37.352374" lon="-81.801527"></trkpt>
      <trkpt lat="37.352316" lon="-81.801483"></trkpt>
      <trkpt lat="37.352316" lon="-81.801483"></trkpt>
      <trkpt lat="37.352374" lon="-81.801527"></trkpt>
      <trkpt lat="37.353640" lon="-81.802085"></trkpt>
      <trkpt lat="37.353773" lon="-81.802179"></trkpt>
      <trkpt lat="37.353915" lon="-81.802244"></trkpt>
      <trkpt lat="37.354172" lon="-81.802274"></trkpt>
      <trkpt lat="37.354404" lon="-81.802259"></trkpt>
      <trkpt lat="37.354834" lon="-81.802114"></trkpt>
      <trkpt lat="37.355893" lon="-81.801526"></trkpt>
      <trkpt lat="37.356213" lon="-81.801460"></trkpt>
      <trkpt lat="37.356310" lon="-81.801475"></trkpt>
      <trkpt lat="37.356328" lon="-81.801223"></trkpt>
      <trkpt lat="37.356333" lon="-81.801152"></trkpt>
      <trkpt lat="37.356839" lon="-81.800767"></trkpt>
      <trkpt lat="37.356906" lon="-81.800801"></trkpt>
      <trkpt lat="37.356719" lon="-81.801307"></trkpt>
      <trkpt lat="37.356328" lon="-81.801223"></trkpt>
      <trkpt lat="37.356310" lon="-81.801475"></trkpt>
      <trkpt lat="37.356213" lon="-81.801460"></trkpt>
      <trkpt lat="37.355893" lon="-81.801526"></trkpt>
      <trkpt lat="37.354834" lon="-81.802114"></trkpt>
      <trkpt lat="37.354404" lon="-81.802259"></trkpt>
      <trkpt lat="37.354172" lon="-81.802274"></trkpt>
      <trkpt lat="37.353915" lon="-81.802244"></trkpt>
      <trkpt lat="37.353773" lon="-81.802179"></trkpt>
      <trkpt lat="37.353640" lon="-81.802085"></trkpt>
      <trkpt lat="37.353409" lon="-81.801890"></trkpt>
      <trkpt lat="37.353071" lon="-81.801565"></trkpt>
      <trkpt lat="37.352397" lon="-81.800898"></trkpt>
      <trkpt lat="37.352341" lon="-81.800851"></trkpt>
      <trkpt lat="37.352280" lon="-81.800810"></trkpt>
      <trkpt lat="37.352219" lon="-81.800779"></trkpt>
      <trkpt lat="37.352138" lon="-81.800756"></trkpt>
      <trkpt lat="37.352074" lon="-81.800755"></trkpt>
      <trkpt lat="37.352010" lon="-81.800764"></trkpt>
      <trkpt lat="37.351937" lon="-81.800791"></trkpt>
      <trkpt lat="37.351876" lon="-81.800823"></trkpt>
      <trkpt lat="37.351831" lon="-81.800837"></trkpt>
      <trkpt lat="37.351785" lon="-81.800848"></trkpt>
      <trkpt lat="37.351719" lon="-81.800844"></trkpt>
      <trkpt lat="37.351660" lon="-81.800816"></trkpt>
      <trkpt lat="37.351602" lon="-81.800768"></trkpt>
      <trkpt lat="37.351447" lon="-81.800637"></trkpt>
      <trkpt lat="37.351244" lon="-81.800482"></trkpt>
      <trkpt lat="37.351508" lon="-81.799994"></trkpt>
      <trkpt lat="37.351607" lon="-81.799811"></trkpt>
      <trkpt lat="37.351721" lon="-81.799599"></trkpt>
      <trkpt lat="37.352126" lon="-81.798867"></trkpt>
      <trkpt lat="37.352139" lon="-81.798799"></trkpt>
      <trkpt lat="37.352138" lon="-81.798752"></trkpt>
      <trkpt lat="37.352130" lon="-81.798715"></trkpt>
      <trkpt lat="37.352115" lon="-81.798679"></trkpt>
      <trkpt lat="37.352059" lon="-81.798609"></trkpt>
      <trkpt lat="37.351885" lon="-81.798459"></trkpt>
      <trkpt lat="37.351560" lon="-81.798195"></trkpt>
      <trkpt lat="37.351435" lon="-81.798133"></trkpt>
      <trkpt lat="37.351309" lon="-81.798098"></trkpt>
      <trkpt lat="37.351154" lon="-81.798091"></trkpt>
      <trkpt lat="37.351016" lon="-81.798104"></trkpt>
      <trkpt lat="37.350877" lon="-81.798130"></trkpt>
      <trkpt lat="37.350754" lon="-81.798166"></trkpt>
      <trkpt lat="37.350311" lon="-81.798373"></trkpt>
      <trkpt lat="37.350191" lon="-81.798421"></trkpt>
      <trkpt lat="37.350054" lon="-81.798463"></trkpt>
      <trkpt lat="37.349940" lon="-81.798489"></trkpt>
      <trkpt lat="37.349818" lon="-81.798498"></trkpt>
      <trkpt lat="37.349701" lon="-81.798492"></trkpt>
      <trkpt lat="37.349227" lon="-81.798460"></trkpt>
      <trkpt lat="37.349107" lon="-81.798433"></trkpt>
      <trkpt lat="37.348981" lon="-81.798385"></trkpt>
      <trkpt lat="37.348863" lon="-81.798334"></trkpt>
      <trkpt lat="37.348750" lon="-81.798273"></trkpt>
      <trkpt lat="37.348644" lon="-81.798205"></trkpt>
      <trkpt lat="37.348513" lon="-81.798105"></trkpt>
      <trkpt lat="37.348414" lon="-81.798011"></trkpt>
      <trkpt lat="37.348320" lon="-81.797898"></trkpt>
      <trkpt lat="37.348174" lon="-81.797710"></trkpt>
      <trkpt lat="37.347835" lon="-81.797344"></trkpt>
      <trkpt lat="37.347762" lon="-81.797240"></trkpt>
      <trkpt lat="37.347704" lon="-81.797126"></trkpt>
      <trkpt lat="37.347671" lon="-81.797028"></trkpt>
      <trkpt lat="37.347613" lon="-81.796834"></trkpt>
      <trkpt lat="37.347565" lon="-81.796690"></trkpt>
      <trkpt lat="37.347510" lon="-81.796542"></trkpt>
      <trkpt lat="37.347306" lon="-81.796110"></trkpt>
      <trkpt lat="37.347255" lon="-81.795997"></trkpt>
      <trkpt lat="37.347201" lon="-81.795842"></trkpt>
      <trkpt lat="37.347150" lon="-81.795677"></trkpt>
      <trkpt lat="37.347112" lon="-81.795499"></trkpt>
      <trkpt lat="37.347080" lon="-81.795282"></trkpt>
      <trkpt lat="37.347063" lon="-81.795080"></trkpt>
      <trkpt lat="37.347061" lon="-81.794895"></trkpt>
      <trkpt lat="37.347070" lon="-81.794712"></trkpt>
      <trkpt lat="37.347084" lon="-81.794560"></trkpt>
      <trkpt lat="37.347106" lon="-81.794423"></trkpt>
      <trkpt lat="37.347144" lon="-81.794280"></trkpt>
      <trkpt lat="37.347208" lon="-81.794111"></trkpt>
      <trkpt lat="37.347334" lon="-81.793785"></trkpt>
      <trkpt lat="37.347372" lon="-81.793664"></trkpt>
      <trkpt lat="37.347396" lon="-81.793548"></trkpt>
      <trkpt lat="37.347414" lon="-81.793421"></trkpt>
      <trkpt lat="37.347426" lon="-81.793279"></trkpt>
      <trkpt lat="37.347432" lon="-81.792688"></trkpt>
      <trkpt lat="37.347437" lon="-81.792485"></trkpt>
      <trkpt lat="37.347504" lon="-81.791406"></trkpt>
      <trkpt lat="37.347510" lon="-81.791235"></trkpt>
      <trkpt lat="37.347498" lon="-81.790250"></trkpt>
      <trkpt lat="37.347488" lon="-81.790046"></trkpt>
      <trkpt lat="37.347475" lon="-81.789893"></trkpt>
      <trkpt lat="37.347457" lon="-81.789747"></trkpt>
      <trkpt lat="37.347424" lon="-81.789597"></trkpt>
      <trkpt lat="37.347347" lon="-81.789286"></trkpt>
      <trkpt lat="37.347283" lon="-81.789068"></trkpt>
      <trkpt lat="37.347219" lon="-81.788859"></trkpt>
      <trkpt lat="37.347137" lon="-81.788658"></trkpt>
      <trkpt lat="37.347068" lon="-81.788517"></trkpt>
      <trkpt lat="37.346989" lon="-81.788384"></trkpt>
      <trkpt lat="37.346905" lon="-81.788264"></trkpt>
      <trkpt lat="37.346791" lon="-81.788145"></trkpt>
      <trkpt lat="37.345141" lon="-81.786528"></trkpt>
      <trkpt lat="37.344592" lon="-81.785995"></trkpt>
      <trkpt lat="37.344251" lon="-81.785577"></trkpt>
      <trkpt lat="37.344038" lon="-81.785255"></trkpt>
      <trkpt lat="37.343914" lon="-81.784971"></trkpt>
      <trkpt lat="37.343864" lon="-81.784787"></trkpt>
      <trkpt lat="37.343840" lon="-81.784652"></trkpt>
      <trkpt lat="37.343808" lon="-81.784195"></trkpt>
      <trkpt lat="37.343774" lon="-81.783696"></trkpt>
      <trkpt lat="37.343720" lon="-81.783286"></trkpt>
      <trkpt lat="37.343639" lon="-81.782680"></trkpt>
      <trkpt lat="37.343632" lon="-81.782499"></trkpt>
      <trkpt lat="37.343642" lon="-81.782320"></trkpt>
      <trkpt lat="37.343675" lon="-81.782106"></trkpt>
      <trkpt lat="37.343730" lon="-81.781913"></trkpt>
      <trkpt lat="37.343825" lon="-81.781634"></trkpt>
      <trkpt lat="37.344020" lon="-81.781164"></trkpt>
      <trkpt lat="37.344099" lon="-81.780956"></trkpt>
      <trkpt lat="37.344211" lon="-81.780663"></trkpt>
      <trkpt lat="37.344364" lon="-81.780285"></trkpt>
      <trkpt lat="37.344449" lon="-81.780129"></trkpt>
      <trkpt lat="37.344586" lon="-81.780027"></trkpt>
      <trkpt lat="37.344685" lon="-81.779976"></trkpt>
      <trkpt lat="37.345039" lon="-81.779906"></trkpt>
      <trkpt lat="37.345215" lon="-81.779850"></trkpt>
      <trkpt lat="37.345308" lon="-81.779778"></trkpt>
      <trkpt lat="37.345441" lon="-81.779646"></trkpt>
      <trkpt lat="37.345650" lon="-81.779359"></trkpt>
      <trkpt lat="37.345752" lon="-81.779284"></trkpt>
      <trkpt lat="37.345999" lon="-81.779112"></trkpt>
      <trkpt lat="37.346185" lon="-81.778984"></trkpt>
      <trkpt lat="37.346546" lon="-81.778716"></trkpt>
      <trkpt lat="37.346929" lon="-81.778388"></trkpt>
      <trkpt lat="37.347241" lon="-81.778117"></trkpt>
      <trkpt lat="37.347453" lon="-81.777884"></trkpt>
      <trkpt lat="37.347726" lon="-81.777460"></trkpt>
      <trkpt lat="37.347884" lon="-81.777138"></trkpt>
      <trkpt lat="37.348143" lon="-81.776657"></trkpt>
      <trkpt lat="37.348460" lon="-81.775899"></trkpt>
      <trkpt lat="37.348681" lon="-81.775317"></trkpt>
      <trkpt lat="37.348759" lon="-81.774985"></trkpt>
      <trkpt lat="37.348809" lon="-81.774649"></trkpt>
      <trkpt lat="37.348847" lon="-81.773722"></trkpt>
      <trkpt lat="37.348848" lon="-81.773270"></trkpt>
      <trkpt lat="37.348822" lon="-81.772966"></trkpt>
      <trkpt lat="37.348758" lon="-81.772723"></trkpt>
      <trkpt lat="37.348619" lon="-81.772520"></trkpt>
      <trkpt lat="37.348178" lon="-81.772053"></trkpt>
      <trkpt lat="37.347791" lon="-81.771610"></trkpt>
      <trkpt lat="37.347631" lon="-81.771458"></trkpt>
      <trkpt lat="37.347432" lon="-81.771333"></trkpt>
      <trkpt lat="37.346713" lon="-81.771025"></trkpt>
      <trkpt lat="37.346321" lon="-81.770790"></trkpt>
      <trkpt lat="37.346008" lon="-81.770540"></trkpt>
      <trkpt lat="37.345722" lon="-81.770248"></trkpt>
      <trkpt lat="37.345462" lon="-81.769865"></trkpt>
      <trkpt lat="37.345232" lon="-81.769459"></trkpt>
      <trkpt lat="37.345070" lon="-81.769009"></trkpt>
      <trkpt lat="37.344982" lon="-81.768510"></trkpt>
      <trkpt lat="37.344938" lon="-81.768041"></trkpt>
      <trkpt lat="37.344972" lon="-81.767431"></trkpt>
      <trkpt lat="37.345082" lon="-81.767123"></trkpt>
      <trkpt lat="37.345300" lon="-81.766834"></trkpt>
      <trkpt lat="37.345898" lon="-81.766279"></trkpt>
      <trkpt lat="37.346063" lon="-81.765830"></trkpt>
      <trkpt lat="37.346158" lon="-81.765638"></trkpt>
      <trkpt lat="37.346305" lon="-81.765441"></trkpt>
      <trkpt lat="37.346604" lon="-81.765281"></trkpt>
      <trkpt lat="37.347031" lon="-81.765138"></trkpt>
      <trkpt lat="37.347649" lon="-81.764784"></trkpt>
      <trkpt lat="37.348016" lon="-81.764580"></trkpt>
      <trkpt lat="37.348145" lon="-81.764481"></trkpt>
      <trkpt lat="37.348218" lon="-81.764394"></trkpt>
      <trkpt lat="37.348255" lon="-81.764307"></trkpt>
      <trkpt lat="37.348281" lon="-81.764195"></trkpt>
      <trkpt lat="37.348281" lon="-81.764049"></trkpt>
      <trkpt lat="37.348201" lon="-81.763817"></trkpt>
      <trkpt lat="37.348048" lon="-81.763615"></trkpt>
      <trkpt lat="37.347863" lon="-81.763405"></trkpt>
      <trkpt lat="37.347648" lon="-81.763212"></trkpt>
      <trkpt lat="37.347503" lon="-81.763121"></trkpt>
      <trkpt lat="37.345636" lon="-81.761849"></trkpt>
      <trkpt lat="37.345285" lon="-81.761478"></trkpt>
      <trkpt lat="37.344910" lon="-81.760964"></trkpt>
      <trkpt lat="37.344627" lon="-81.760558"></trkpt>
      <trkpt lat="37.344482" lon="-81.760240"></trkpt>
      <trkpt lat="37.344402" lon="-81.760066"></trkpt>
      <trkpt lat="37.344315" lon="-81.759939"></trkpt>
      <trkpt lat="37.344171" lon="-81.759775"></trkpt>
      <trkpt lat="37.344012" lon="-81.759568"></trkpt>
      <trkpt lat="37.343853" lon="-81.759008"></trkpt>
      <trkpt lat="37.343759" lon="-81.758466"></trkpt>
      <trkpt lat="37.343778" lon="-81.757308"></trkpt>
      <trkpt lat="37.343850" lon="-81.756620"></trkpt>
      <trkpt lat="37.343906" lon="-81.756247"></trkpt>
      <trkpt lat="37.343923" lon="-81.755863"></trkpt>
      <trkpt lat="37.343897" lon="-81.755490"></trkpt>
      <trkpt lat="37.343808" lon="-81.754772"></trkpt>
      <trkpt lat="37.343718" lon="-81.754372"></trkpt>
      <trkpt lat="37.343614" lon="-81.754045"></trkpt>
      <trkpt lat="37.343531" lon="-81.753876"></trkpt>
      <trkpt lat="37.343339" lon="-81.753666"></trkpt>
      <trkpt lat="37.343014" lon="-81.753245"></trkpt>
      <trkpt lat="37.342801" lon="-81.753033"></trkpt>
      <trkpt lat="37.342588" lon="-81.752913"></trkpt>
      <trkpt lat="37.342430" lon="-81.752846"></trkpt>
      <trkpt lat="37.342055" lon="-81.752763"></trkpt>
      <trkpt lat="37.341786" lon="-81.752698"></trkpt>
      <trkpt lat="37.341575" lon="-81.752671"></trkpt>
      <trkpt lat="37.341387" lon="-81.752685"></trkpt>
      <trkpt lat="37.341146" lon="-81.752755"></trkpt>
      <trkpt lat="37.340991" lon="-81.752776"></trkpt>
      <trkpt lat="37.340833" lon="-81.752787"></trkpt>
      <trkpt lat="37.340479" lon="-81.752743"></trkpt>
      <trkpt lat="37.339911" lon="-81.752652"></trkpt>
      <trkpt lat="37.339689" lon="-81.752625"></trkpt>
      <trkpt lat="37.339468" lon="-81.752621"></trkpt>
      <trkpt lat="37.339285" lon="-81.752586"></trkpt>
      <trkpt lat="37.339136" lon="-81.752522"></trkpt>
      <trkpt lat="37.338880" lon="-81.752379"></trkpt>
      <trkpt lat="37.338600" lon="-81.752234"></trkpt>
      <trkpt lat="37.338201" lon="-81.752027"></trkpt>
      <trkpt lat="37.338060" lon="-81.751922"></trkpt>
      <trkpt lat="37.337855" lon="-81.751701"></trkpt>
      <trkpt lat="37.337668" lon="-81.751488"></trkpt>
      <trkpt lat="37.337557" lon="-81.751360"></trkpt>
      <trkpt lat="37.337469" lon="-81.751225"></trkpt>
      <trkpt lat="37.337401" lon="-81.751000"></trkpt>
      <trkpt lat="37.337334" lon="-81.750676"></trkpt>
      <trkpt lat="37.337235" lon="-81.750352"></trkpt>
      <trkpt lat="37.337095" lon="-81.749701"></trkpt>
      <trkpt lat="37.337050" lon="-81.749306"></trkpt>
      <trkpt lat="37.337076" lon="-81.748917"></trkpt>
      <trkpt lat="37.337126" lon="-81.748423"></trkpt>
      <trkpt lat="37.337222" lon="-81.748042"></trkpt>
      <trkpt lat="37.337357" lon="-81.747688"></trkpt>
      <trkpt lat="37.337515" lon="-81.747372"></trkpt>
      <trkpt lat="37.337723" lon="-81.747170"></trkpt>
      <trkpt lat="37.338150" lon="-81.746801"></trkpt>
      <trkpt lat="37.338583" lon="-81.746358"></trkpt>
      <trkpt lat="37.338728" lon="-81.746268"></trkpt>
      <trkpt lat="37.338897" lon="-81.746192"></trkpt>
      <trkpt lat="37.339525" lon="-81.745926"></trkpt>
      <trkpt lat="37.339714" lon="-81.745863"></trkpt>
      <trkpt lat="37.339899" lon="-81.745833"></trkpt>
      <trkpt lat="37.340664" lon="-81.745763"></trkpt>
      <trkpt lat="37.341097" lon="-81.745754"></trkpt>
      <trkpt lat="37.342503" lon="-81.745743"></trkpt>
      <trkpt lat="37.343016" lon="-81.745707"></trkpt>
      <trkpt lat="37.343418" lon="-81.745621"></trkpt>
      <trkpt lat="37.343736" lon="-81.745531"></trkpt>
      <trkpt lat="37.343866" lon="-81.745469"></trkpt>
      <trkpt lat="37.344003" lon="-81.745368"></trkpt>
      <trkpt lat="37.344147" lon="-81.745221"></trkpt>
      <trkpt lat="37.344279" lon="-81.745038"></trkpt>
      <trkpt lat="37.344426" lon="-81.744774"></trkpt>
      <trkpt lat="37.344539" lon="-81.744508"></trkpt>
      <trkpt lat="37.344615" lon="-81.744278"></trkpt>
      <trkpt lat="37.344691" lon="-81.743981"></trkpt>
      <trkpt lat="37.344757" lon="-81.743618"></trkpt>
      <trkpt lat="37.344789" lon="-81.743286"></trkpt>
      <trkpt lat="37.344791" lon="-81.743072"></trkpt>
      <trkpt lat="37.344781" lon="-81.742914"></trkpt>
      <trkpt lat="37.344740" lon="-81.742660"></trkpt>
      <trkpt lat="37.344706" lon="-81.742509"></trkpt>
      <trkpt lat="37.344596" lon="-81.742100"></trkpt>
      <trkpt lat="37.344525" lon="-81.741887"></trkpt>
      <trkpt lat="37.344410" lon="-81.741576"></trkpt>
      <trkpt lat="37.344270" lon="-81.741273"></trkpt>
      <trkpt lat="37.344151" lon="-81.741061"></trkpt>
      <trkpt lat="37.344010" lon="-81.740843"></trkpt>
      <trkpt lat="37.343775" lon="-81.740550"></trkpt>
      <trkpt lat="37.343487" lon="-81.740260"></trkpt>
      <trkpt lat="37.343166" lon="-81.739963"></trkpt>
      <trkpt lat="37.342842" lon="-81.739651"></trkpt>
      <trkpt lat="37.342629" lon="-81.739464"></trkpt>
      <trkpt lat="37.342409" lon="-81.739313"></trkpt>
      <trkpt lat="37.342244" lon="-81.739213"></trkpt>
      <trkpt lat="37.341890" lon="-81.739067"></trkpt>
      <trkpt lat="37.341527" lon="-81.738948"></trkpt>
      <trkpt lat="37.341274" lon="-81.738863"></trkpt>
      <trkpt lat="37.341039" lon="-81.738776"></trkpt>
      <trkpt lat="37.340920" lon="-81.738710"></trkpt>
      <trkpt lat="37.340789" lon="-81.738620"></trkpt>
      <trkpt lat="37.340708" lon="-81.738555"></trkpt>
      <trkpt lat="37.340619" lon="-81.738445"></trkpt>
      <trkpt lat="37.340525" lon="-81.738363"></trkpt>
      <trkpt lat="37.340428" lon="-81.738297"></trkpt>
      <trkpt lat="37.340346" lon="-81.738254"></trkpt>
      <trkpt lat="37.340284" lon="-81.738225"></trkpt>
      <trkpt lat="37.340217" lon="-81.738194"></trkpt>
      <trkpt lat="37.340154" lon="-81.738149"></trkpt>
      <trkpt lat="37.340100" lon="-81.738096"></trkpt>
      <trkpt lat="37.339962" lon="-81.737890"></trkpt>
      <trkpt lat="37.339817" lon="-81.737653"></trkpt>
      <trkpt lat="37.339620" lon="-81.737287"></trkpt>
      <trkpt lat="37.339517" lon="-81.737029"></trkpt>
      <trkpt lat="37.339397" lon="-81.736724"></trkpt>
      <trkpt lat="37.339357" lon="-81.736624"></trkpt>
      <trkpt lat="37.339213" lon="-81.736299"></trkpt>
      <trkpt lat="37.338885" lon="-81.735627"></trkpt>
      <trkpt lat="37.338719" lon="-81.735187"></trkpt>
      <trkpt lat="37.338606" lon="-81.734823"></trkpt>
      <trkpt lat="37.338540" lon="-81.734567"></trkpt>
      <trkpt lat="37.338477" lon="-81.734305"></trkpt>
      <trkpt lat="37.338426" lon="-81.734085"></trkpt>
      <trkpt lat="37.338130" lon="-81.732752"></trkpt>
      <trkpt lat="37.337899" lon="-81.731458"></trkpt>
      <trkpt lat="37.337859" lon="-81.731099"></trkpt>
      <trkpt lat="37.337848" lon="-81.730806"></trkpt>
      <trkpt lat="37.337853" lon="-81.730608"></trkpt>
      <trkpt lat="37.337872" lon="-81.730444"></trkpt>
      <trkpt lat="37.337907" lon="-81.730260"></trkpt>
      <trkpt lat="37.337954" lon="-81.730111"></trkpt>
      <trkpt lat="37.338061" lon="-81.729873"></trkpt>
      <trkpt lat="37.338145" lon="-81.729669"></trkpt>
      <trkpt lat="37.338227" lon="-81.729503"></trkpt>
      <trkpt lat="37.338325" lon="-81.729352"></trkpt>
      <trkpt lat="37.338925" lon="-81.728479"></trkpt>
      <trkpt lat="37.339279" lon="-81.727981"></trkpt>
      <trkpt lat="37.339383" lon="-81.727882"></trkpt>
      <trkpt lat="37.339456" lon="-81.727842"></trkpt>
      <trkpt lat="37.339574" lon="-81.727801"></trkpt>
      <trkpt lat="37.339702" lon="-81.727754"></trkpt>
      <trkpt lat="37.339804" lon="-81.727691"></trkpt>
      <trkpt lat="37.339892" lon="-81.727617"></trkpt>
      <trkpt lat="37.339987" lon="-81.727524"></trkpt>
      <trkpt lat="37.340083" lon="-81.727414"></trkpt>
      <trkpt lat="37.340197" lon="-81.727306"></trkpt>
      <trkpt lat="37.340329" lon="-81.727209"></trkpt>
      <trkpt lat="37.340481" lon="-81.727132"></trkpt>
      <trkpt lat="37.340922" lon="-81.726937"></trkpt>
      <trkpt lat="37.341236" lon="-81.726774"></trkpt>
      <trkpt lat="37.341324" lon="-81.726706"></trkpt>
      <trkpt lat="37.341403" lon="-81.726633"></trkpt>
      <trkpt lat="37.341470" lon="-81.726533"></trkpt>
      <trkpt lat="37.341525" lon="-81.726403"></trkpt>
      <trkpt lat="37.341643" lon="-81.725889"></trkpt>
      <trkpt lat="37.341726" lon="-81.725503"></trkpt>
      <trkpt lat="37.341729" lon="-81.725405"></trkpt>
      <trkpt lat="37.341707" lon="-81.725320"></trkpt>
      <trkpt lat="37.341677" lon="-81.725246"></trkpt>
      <trkpt lat="37.341630" lon="-81.725182"></trkpt>
      <trkpt lat="37.341189" lon="-81.724688"></trkpt>
      <trkpt lat="37.341038" lon="-81.724531"></trkpt>
      <trkpt lat="37.340855" lon="-81.724358"></trkpt>
      <trkpt lat="37.340355" lon="-81.723923"></trkpt>
      <trkpt lat="37.340128" lon="-81.723720"></trkpt>
      <trkpt lat="37.339989" lon="-81.723589"></trkpt>
      <trkpt lat="37.339854" lon="-81.723428"></trkpt>
      <trkpt lat="37.339748" lon="-81.723266"></trkpt>
      <trkpt lat="37.339679" lon="-81.723113"></trkpt>
      <trkpt lat="37.339630" lon="-81.722955"></trkpt>
      <trkpt lat="37.339307" lon="-81.721890"></trkpt>
      <trkpt lat="37.339232" lon="-81.721523"></trkpt>
      <trkpt lat="37.339142" lon="-81.720868"></trkpt>
      <trkpt lat="37.339088" lon="-81.720478"></trkpt>
      <trkpt lat="37.339090" lon="-81.720224"></trkpt>
      <trkpt lat="37.339121" lon="-81.720008"></trkpt>
      <trkpt lat="37.339197" lon="-81.719796"></trkpt>
      <trkpt lat="37.339297" lon="-81.719628"></trkpt>
      <trkpt lat="37.339413" lon="-81.719492"></trkpt>
      <trkpt lat="37.339767" lon="-81.719088"></trkpt>
      <trkpt lat="37.339909" lon="-81.718902"></trkpt>
      <trkpt lat="37.340039" lon="-81.718702"></trkpt>
      <trkpt lat="37.340158" lon="-81.718469"></trkpt>
      <trkpt lat="37.340523" lon="-81.717572"></trkpt>
      <trkpt lat="37.340611" lon="-81.717340"></trkpt>
      <trkpt lat="37.340674" lon="-81.717137"></trkpt>
      <trkpt lat="37.340714" lon="-81.716962"></trkpt>
      <trkpt lat="37.340727" lon="-81.716793"></trkpt>
      <trkpt lat="37.340718" lon="-81.716622"></trkpt>
      <trkpt lat="37.340652" lon="-81.716158"></trkpt>
      <trkpt lat="37.340614" lon="-81.715952"></trkpt>
      <trkpt lat="37.340548" lon="-81.715745"></trkpt>
      <trkpt lat="37.340432" lon="-81.715533"></trkpt>
      <trkpt lat="37.340297" lon="-81.715374"></trkpt>
      <trkpt lat="37.340159" lon="-81.715280"></trkpt>
      <trkpt lat="37.340023" lon="-81.715227"></trkpt>
      <trkpt lat="37.339922" lon="-81.715205"></trkpt>
      <trkpt lat="37.339762" lon="-81.715184"></trkpt>
      <trkpt lat="37.339225" lon="-81.715159"></trkpt>
      <trkpt lat="37.339171" lon="-81.715156"></trkpt>
      <trkpt lat="37.338842" lon="-81.715133"></trkpt>
      <trkpt lat="37.338615" lon="-81.715123"></trkpt>
      <trkpt lat="37.338515" lon="-81.715143"></trkpt>
      <trkpt lat="37.338405" lon="-81.715191"></trkpt>
      <trkpt lat="37.338281" lon="-81.715297"></trkpt>
      <trkpt lat="37.338203" lon="-81.715349"></trkpt>
      <trkpt lat="37.338137" lon="-81.715358"></trkpt>
      <trkpt lat="37.338066" lon="-81.715350"></trkpt>
      <trkpt lat="37.337942" lon="-81.715366"></trkpt>
      <trkpt lat="37.337889" lon="-81.715404"></trkpt>
      <trkpt lat="37.337613" lon="-81.715703"></trkpt>
      <trkpt lat="37.337201" lon="-81.716092"></trkpt>
      <trkpt lat="37.336852" lon="-81.716417"></trkpt>
      <trkpt lat="37.336692" lon="-81.716539"></trkpt>
      <trkpt lat="37.336581" lon="-81.716622"></trkpt>
      <trkpt lat="37.336445" lon="-81.716707"></trkpt>
      <trkpt lat="37.336243" lon="-81.716801"></trkpt>
      <trkpt lat="37.335889" lon="-81.716941"></trkpt>
      <trkpt lat="37.335701" lon="-81.716997"></trkpt>
      <trkpt lat="37.335438" lon="-81.717058"></trkpt>
      <trkpt lat="37.335129" lon="-81.717106"></trkpt>
      <trkpt lat="37.334639" lon="-81.717153"></trkpt>
      <trkpt lat="37.334357" lon="-81.717149"></trkpt>
      <trkpt lat="37.334128" lon="-81.717151"></trkpt>
      <trkpt lat="37.333680" lon="-81.717190"></trkpt>
      <trkpt lat="37.333335" lon="-81.717170"></trkpt>
      <trkpt lat="37.333096" lon="-81.717126"></trkpt>
      <trkpt lat="37.332895" lon="-81.717065"></trkpt>
      <trkpt lat="37.332840" lon="-81.717039"></trkpt>
      <trkpt lat="37.332757" lon="-81.717003"></trkpt>
      <trkpt lat="37.332620" lon="-81.716934"></trkpt>
      <trkpt lat="37.332471" lon="-81.716896"></trkpt>
      <trkpt lat="37.332275" lon="-81.716891"></trkpt>
      <trkpt lat="37.332064" lon="-81.716904"></trkpt>
      <trkpt lat="37.331899" lon="-81.716861"></trkpt>
      <trkpt lat="37.331733" lon="-81.716791"></trkpt>
      <trkpt lat="37.330972" lon="-81.716453"></trkpt>
      <trkpt lat="37.330102" lon="-81.716051"></trkpt>
      <trkpt lat="37.329859" lon="-81.715965"></trkpt>
      <trkpt lat="37.329376" lon="-81.715778"></trkpt>
      <trkpt lat="37.328828" lon="-81.715563"></trkpt>
      <trkpt lat="37.328404" lon="-81.715389"></trkpt>
      <trkpt lat="37.328035" lon="-81.715257"></trkpt>
      <trkpt lat="37.327581" lon="-81.715128"></trkpt>
      <trkpt lat="37.327372" lon="-81.715086"></trkpt>
      <trkpt lat="37.326766" lon="-81.714935"></trkpt>
      <trkpt lat="37.326369" lon="-81.714852"></trkpt>
      <trkpt lat="37.326135" lon="-81.714777"></trkpt>
      <trkpt lat="37.325964" lon="-81.714742"></trkpt>
      <trkpt lat="37.325693" lon="-81.714750"></trkpt>
      <trkpt lat="37.325452" lon="-81.714788"></trkpt>
      <trkpt lat="37.325040" lon="-81.714761"></trkpt>
      <trkpt lat="37.324723" lon="-81.714809"></trkpt>
      <trkpt lat="37.324185" lon="-81.715061"></trkpt>
      <trkpt lat="37.323671" lon="-81.715568"></trkpt>
      <trkpt lat="37.323099" lon="-81.716022"></trkpt>
      <trkpt lat="37.322867" lon="-81.716360"></trkpt>
      <trkpt lat="37.322549" lon="-81.717065"></trkpt>
      <trkpt lat="37.322402" lon="-81.717451"></trkpt>
      <trkpt lat="37.322189" lon="-81.717655"></trkpt>
      <trkpt lat="37.321850" lon="-81.717931"></trkpt>
      <trkpt lat="37.321419" lon="-81.718114"></trkpt>
      <trkpt lat="37.320988" lon="-81.718232"></trkpt>
      <trkpt lat="37.320629" lon="-81.718304"></trkpt>
      <trkpt lat="37.320094" lon="-81.718390"></trkpt>
      <trkpt lat="37.319721" lon="-81.718462"></trkpt>
      <trkpt lat="37.319495" lon="-81.718473"></trkpt>
      <trkpt lat="37.319258" lon="-81.718438"></trkpt>
      <trkpt lat="37.318955" lon="-81.718261"></trkpt>
      <trkpt lat="37.318652" lon="-81.718028"></trkpt>
      <trkpt lat="37.318415" lon="-81.717749"></trkpt>
      <trkpt lat="37.318264" lon="-81.717411"></trkpt>
      <trkpt lat="37.318093" lon="-81.716950"></trkpt>
      <trkpt lat="37.318023" lon="-81.716604"></trkpt>
      <trkpt lat="37.317969" lon="-81.716089"></trkpt>
      <trkpt lat="37.317946" lon="-81.715252"></trkpt>
      <trkpt lat="37.317935" lon="-81.714667"></trkpt>
      <trkpt lat="37.317893" lon="-81.714064"></trkpt>
      <trkpt lat="37.317820" lon="-81.713503"></trkpt>
      <trkpt lat="37.317797" lon="-81.713184"></trkpt>
      <trkpt lat="37.317814" lon="-81.712846"></trkpt>
      <trkpt lat="37.317918" lon="-81.712441"></trkpt>
      <trkpt lat="37.317916" lon="-81.712186"></trkpt>
      <trkpt lat="37.317903" lon="-81.711840"></trkpt>
      <trkpt lat="37.317935" lon="-81.711465"></trkpt>
      <trkpt lat="37.318100" lon="-81.710813"></trkpt>
      <trkpt lat="37.318208" lon="-81.710215"></trkpt>
      <trkpt lat="37.318351" lon="-81.709740"></trkpt>
      <trkpt lat="37.318747" lon="-81.707759"></trkpt>
      <trkpt lat="37.318825" lon="-81.707372"></trkpt>
      <trkpt lat="37.318834" lon="-81.707277"></trkpt>
      <trkpt lat="37.319079" lon="-81.706408"></trkpt>
      <trkpt lat="37.319303" lon="-81.705622"></trkpt>
      <trkpt lat="37.319457" lon="-81.705123"></trkpt>
      <trkpt lat="37.319651" lon="-81.704656"></trkpt>
      <trkpt lat="37.319901" lon="-81.704074"></trkpt>
      <trkpt lat="37.320182" lon="-81.703629"></trkpt>
      <trkpt lat="37.320918" lon="-81.702255"></trkpt>
      <trkpt lat="37.321368" lon="-81.701384"></trkpt>
      <trkpt lat="37.321519" lon="-81.700854"></trkpt>
      <trkpt lat="37.321600" lon="-81.700387"></trkpt>
      <trkpt lat="37.321651" lon="-81.700127"></trkpt>
      <trkpt lat="37.321660" lon="-81.699899"></trkpt>
      <trkpt lat="37.321636" lon="-81.699725"></trkpt>
      <trkpt lat="37.321610" lon="-81.699378"></trkpt>
      <trkpt lat="37.321574" lon="-81.698772"></trkpt>
      <trkpt lat="37.321525" lon="-81.698531"></trkpt>
      <trkpt lat="37.321429" lon="-81.698139"></trkpt>
      <trkpt lat="37.321271" lon="-81.697691"></trkpt>
      <trkpt lat="37.320927" lon="-81.696780"></trkpt>
      <trkpt lat="37.320862" lon="-81.696578"></trkpt>
      <trkpt lat="37.320829" lon="-81.696380"></trkpt>
      <trkpt lat="37.320820" lon="-81.696123"></trkpt>
      <trkpt lat="37.320833" lon="-81.695830"></trkpt>
      <trkpt lat="37.320917" lon="-81.695361"></trkpt>
      <trkpt lat="37.321099" lon="-81.694545"></trkpt>
      <trkpt lat="37.321152" lon="-81.694170"></trkpt>
      <trkpt lat="37.321175" lon="-81.693660"></trkpt>
      <trkpt lat="37.321212" lon="-81.692944"></trkpt>
      <trkpt lat="37.321246" lon="-81.692496"></trkpt>
      <trkpt lat="37.321294" lon="-81.692245"></trkpt>
      <trkpt lat="37.321364" lon="-81.691931"></trkpt>
      <trkpt lat="37.321480" lon="-81.691587"></trkpt>
      <trkpt lat="37.321601" lon="-81.691321"></trkpt>
      <trkpt lat="37.321748" lon="-81.691048"></trkpt>
      <trkpt lat="37.321827" lon="-81.690932"></trkpt>
      <trkpt lat="37.321908" lon="-81.690817"></trkpt>
      <trkpt lat="37.322116" lon="-81.690574"></trkpt>
      <trkpt lat="37.322215" lon="-81.690446"></trkpt>
      <trkpt lat="37.322247" lon="-81.690384"></trkpt>
      <trkpt lat="37.322223" lon="-81.690261"></trkpt>
      <trkpt lat="37.322171" lon="-81.690192"></trkpt>
      <trkpt lat="37.322050" lon="-81.690113"></trkpt>
      <trkpt lat="37.321889" lon="-81.690145"></trkpt>
      <trkpt lat="37.321792" lon="-81.690190"></trkpt>
      <trkpt lat="37.321707" lon="-81.690240"></trkpt>
      <trkpt lat="37.321621" lon="-81.690320"></trkpt>
      <trkpt lat="37.321441" lon="-81.690646"></trkpt>
      <trkpt lat="37.321301" lon="-81.690866"></trkpt>
      <trkpt lat="37.320948" lon="-81.691204"></trkpt>
      <trkpt lat="37.320780" lon="-81.691437"></trkpt>
      <trkpt lat="37.320694" lon="-81.691634"></trkpt>
      <trkpt lat="37.320631" lon="-81.691848"></trkpt>
      <trkpt lat="37.320599" lon="-81.692044"></trkpt>
      <trkpt lat="37.320576" lon="-81.692343"></trkpt>
      <trkpt lat="37.320560" lon="-81.692496"></trkpt>
      <trkpt lat="37.320467" lon="-81.692930"></trkpt>
      <trkpt lat="37.320436" lon="-81.693157"></trkpt>
      <trkpt lat="37.320421" lon="-81.693439"></trkpt>
      <trkpt lat="37.320391" lon="-81.693710"></trkpt>
      <trkpt lat="37.320332" lon="-81.694050"></trkpt>
      <trkpt lat="37.320316" lon="-81.694278"></trkpt>
      <trkpt lat="37.320320" lon="-81.694619"></trkpt>
      <trkpt lat="37.320303" lon="-81.694771"></trkpt>
      <trkpt lat="37.320254" lon="-81.694868"></trkpt>
      <trkpt lat="37.320199" lon="-81.694923"></trkpt>
      <trkpt lat="37.320152" lon="-81.694948"></trkpt>
      <trkpt lat="37.320083" lon="-81.694959"></trkpt>
      <trkpt lat="37.319986" lon="-81.694955"></trkpt>
      <trkpt lat="37.319606" lon="-81.694895"></trkpt>
      <trkpt lat="37.319498" lon="-81.694865"></trkpt>
      <trkpt lat="37.319379" lon="-81.694853"></trkpt>
      <trkpt lat="37.319270" lon="-81.694844"></trkpt>
      <trkpt lat="37.319195" lon="-81.694840"></trkpt>
      <trkpt lat="37.319129" lon="-81.694844"></trkpt>
      <trkpt lat="37.319008" lon="-81.694862"></trkpt>
      <trkpt lat="37.318913" lon="-81.694871"></trkpt>
      <trkpt lat="37.318835" lon="-81.694871"></trkpt>
      <trkpt lat="37.318778" lon="-81.694869"></trkpt>
      <trkpt lat="37.318710" lon="-81.694862"></trkpt>
      <trkpt lat="37.318642" lon="-81.694860"></trkpt>
      <trkpt lat="37.318560" lon="-81.694860"></trkpt>
      <trkpt lat="37.318480" lon="-81.694874"></trkpt>
      <trkpt lat="37.318430" lon="-81.694889"></trkpt>
      <trkpt lat="37.318364" lon="-81.694921"></trkpt>
      <trkpt lat="37.318234" lon="-81.694979"></trkpt>
      <trkpt lat="37.318048" lon="-81.695049"></trkpt>
      <trkpt lat="37.317732" lon="-81.695138"></trkpt>
      <trkpt lat="37.317525" lon="-81.695203"></trkpt>
      <trkpt lat="37.317329" lon="-81.695266"></trkpt>
      <trkpt lat="37.317231" lon="-81.695295"></trkpt>
      <trkpt lat="37.317103" lon="-81.695318"></trkpt>
      <trkpt lat="37.317010" lon="-81.695331"></trkpt>
      <trkpt lat="37.316914" lon="-81.695338"></trkpt>
      <trkpt lat="37.316837" lon="-81.695345"></trkpt>
      <trkpt lat="37.316766" lon="-81.695345"></trkpt>
      <trkpt lat="37.316689" lon="-81.695338"></trkpt>
      <trkpt lat="37.316630" lon="-81.695338"></trkpt>
      <trkpt lat="37.316566" lon="-81.695349"></trkpt>
      <trkpt lat="37.316494" lon="-81.695363"></trkpt>
      <trkpt lat="37.316437" lon="-81.695387"></trkpt>
      <trkpt lat="37.316362" lon="-81.695421"></trkpt>
      <trkpt lat="37.316252" lon="-81.695499"></trkpt>
      <trkpt lat="37.315256" lon="-81.696226"></trkpt>
      <trkpt lat="37.315142" lon="-81.696307"></trkpt>
      <trkpt lat="37.315050" lon="-81.696365"></trkpt>
      <trkpt lat="37.314910" lon="-81.696437"></trkpt>
      <trkpt lat="37.314666" lon="-81.696582"></trkpt>
      <trkpt lat="37.314513" lon="-81.696658"></trkpt>
      <trkpt lat="37.314429" lon="-81.696673"></trkpt>
      <trkpt lat="37.314350" lon="-81.696667"></trkpt>
      <trkpt lat="37.314258" lon="-81.696644"></trkpt>
      <trkpt lat="37.314183" lon="-81.696597"></trkpt>
      <trkpt lat="37.314113" lon="-81.696543"></trkpt>
      <trkpt lat="37.314027" lon="-81.696458"></trkpt>
      <trkpt lat="37.313930" lon="-81.696333"></trkpt>
      <trkpt lat="37.313346" lon="-81.695443"></trkpt>
      <trkpt lat="37.313300" lon="-81.695360"></trkpt>
      <trkpt lat="37.313285" lon="-81.695293"></trkpt>
      <trkpt lat="37.313276" lon="-81.695235"></trkpt>
      <trkpt lat="37.313276" lon="-81.695174"></trkpt>
      <trkpt lat="37.313284" lon="-81.695067"></trkpt>
      <trkpt lat="37.313276" lon="-81.695017"></trkpt>
      <trkpt lat="37.313264" lon="-81.694963"></trkpt>
      <trkpt lat="37.313239" lon="-81.694923"></trkpt>
      <trkpt lat="37.313205" lon="-81.694889"></trkpt>
      <trkpt lat="37.313032" lon="-81.694766"></trkpt>
      <trkpt lat="37.312986" lon="-81.694728"></trkpt>
      <trkpt lat="37.312943" lon="-81.694676"></trkpt>
      <trkpt lat="37.312919" lon="-81.694620"></trkpt>
      <trkpt lat="37.312895" lon="-81.694548"></trkpt>
      <trkpt lat="37.312832" lon="-81.694409"></trkpt>
      <trkpt lat="37.312793" lon="-81.694338"></trkpt>
      <trkpt lat="37.312654" lon="-81.694127"></trkpt>
      <trkpt lat="37.312485" lon="-81.693893"></trkpt>
      <trkpt lat="37.312315" lon="-81.693710"></trkpt>
      <trkpt lat="37.312251" lon="-81.693667"></trkpt>
      <trkpt lat="37.312188" lon="-81.693633"></trkpt>
      <trkpt lat="37.312108" lon="-81.693613"></trkpt>
      <trkpt lat="37.312035" lon="-81.693614"></trkpt>
      <trkpt lat="37.311956" lon="-81.693631"></trkpt>
      <trkpt lat="37.311736" lon="-81.693716"></trkpt>
      <trkpt lat="37.311664" lon="-81.693735"></trkpt>
      <trkpt lat="37.311591" lon="-81.693738"></trkpt>
      <trkpt lat="37.311514" lon="-81.693722"></trkpt>
      <trkpt lat="37.311034" lon="-81.693534"></trkpt>
      <trkpt lat="37.310591" lon="-81.693360"></trkpt>
      <trkpt lat="37.310354" lon="-81.693279"></trkpt>
      <trkpt lat="37.310122" lon="-81.693241"></trkpt>
      <trkpt lat="37.309944" lon="-81.693169"></trkpt>
      <trkpt lat="37.309707" lon="-81.693038"></trkpt>
      <trkpt lat="37.309541" lon="-81.692987"></trkpt>
      <trkpt lat="37.309227" lon="-81.692944"></trkpt>
      <trkpt lat="37.309018" lon="-81.692889"></trkpt>
      <trkpt lat="37.308852" lon="-81.692819"></trkpt>
      <trkpt lat="37.308802" lon="-81.692778"></trkpt>
      <trkpt lat="37.308767" lon="-81.692734"></trkpt>
      <trkpt lat="37.308739" lon="-81.692656"></trkpt>
      <trkpt lat="37.308726" lon="-81.692541"></trkpt>
      <trkpt lat="37.308721" lon="-81.692446"></trkpt>
      <trkpt lat="37.308701" lon="-81.692374"></trkpt>
      <trkpt lat="37.308667" lon="-81.692303"></trkpt>
      <trkpt lat="37.308618" lon="-81.692244"></trkpt>
      <trkpt lat="37.308556" lon="-81.692185"></trkpt>
      <trkpt lat="37.308496" lon="-81.692143"></trkpt>
      <trkpt lat="37.308414" lon="-81.692123"></trkpt>
      <trkpt lat="37.308368" lon="-81.692118"></trkpt>
      <trkpt lat="37.308319" lon="-81.692137"></trkpt>
      <trkpt lat="37.308228" lon="-81.692225"></trkpt>
      <trkpt lat="37.308158" lon="-81.692319"></trkpt>
      <trkpt lat="37.308090" lon="-81.692433"></trkpt>
      <trkpt lat="37.308018" lon="-81.692576"></trkpt>
      <trkpt lat="37.307894" lon="-81.692724"></trkpt>
      <trkpt lat="37.307767" lon="-81.692808"></trkpt>
      <trkpt lat="37.307693" lon="-81.692830"></trkpt>
      <trkpt lat="37.307504" lon="-81.692856"></trkpt>
      <trkpt lat="37.306599" lon="-81.692857"></trkpt>
      <trkpt lat="37.306427" lon="-81.692840"></trkpt>
      <trkpt lat="37.306062" lon="-81.692773"></trkpt>
      <trkpt lat="37.306035" lon="-81.692768"></trkpt>
      <trkpt lat="37.305665" lon="-81.692695"></trkpt>
      <trkpt lat="37.305289" lon="-81.692533"></trkpt>
      <trkpt lat="37.305109" lon="-81.692445"></trkpt>
      <trkpt lat="37.304946" lon="-81.692365"></trkpt>
      <trkpt lat="37.304793" lon="-81.692305"></trkpt>
      <trkpt lat="37.304716" lon="-81.692268"></trkpt>
      <trkpt lat="37.304648" lon="-81.692199"></trkpt>
      <trkpt lat="37.304486" lon="-81.691986"></trkpt>
      <trkpt lat="37.304374" lon="-81.691833"></trkpt>
      <trkpt lat="37.304193" lon="-81.691581"></trkpt>
      <trkpt lat="37.304073" lon="-81.691399"></trkpt>
      <trkpt lat="37.303954" lon="-81.691213"></trkpt>
      <trkpt lat="37.303869" lon="-81.691057"></trkpt>
      <trkpt lat="37.303664" lon="-81.690592"></trkpt>
      <trkpt lat="37.303459" lon="-81.690209"></trkpt>
      <trkpt lat="37.303333" lon="-81.689990"></trkpt>
      <trkpt lat="37.303252" lon="-81.689849"></trkpt>
      <trkpt lat="37.303178" lon="-81.689706"></trkpt>
      <trkpt lat="37.303077" lon="-81.689552"></trkpt>
      <trkpt lat="37.302988" lon="-81.689485"></trkpt>
      <trkpt lat="37.302820" lon="-81.689379"></trkpt>
      <trkpt lat="37.302750" lon="-81.689330"></trkpt>
      <trkpt lat="37.302673" lon="-81.689271"></trkpt>
      <trkpt lat="37.302628" lon="-81.689217"></trkpt>
      <trkpt lat="37.302548" lon="-81.689105"></trkpt>
      <trkpt lat="37.302410" lon="-81.688797"></trkpt>
      <trkpt lat="37.302309" lon="-81.688580"></trkpt>
      <trkpt lat="37.301989" lon="-81.687754"></trkpt>
      <trkpt lat="37.301836" lon="-81.687414"></trkpt>
      <trkpt lat="37.301654" lon="-81.686991"></trkpt>
      <trkpt lat="37.301559" lon="-81.686723"></trkpt>
      <trkpt lat="37.301500" lon="-81.686528"></trkpt>
      <trkpt lat="37.301493" lon="-81.686469"></trkpt>
      <trkpt lat="37.301443" lon="-81.686041"></trkpt>
      <trkpt lat="37.301438" lon="-81.685998"></trkpt>
      <trkpt lat="37.301416" lon="-81.685582"></trkpt>
      <trkpt lat="37.301424" lon="-81.684630"></trkpt>
      <trkpt lat="37.301442" lon="-81.684187"></trkpt>
      <trkpt lat="37.301442" lon="-81.684187"></trkpt>
      <trkpt lat="37.301444" lon="-81.684125"></trkpt>
      <trkpt lat="37.301488" lon="-81.683818"></trkpt>
      <trkpt lat="37.301623" lon="-81.683264"></trkpt>
      <trkpt lat="37.301820" lon="-81.682429"></trkpt>
      <trkpt lat="37.302152" lon="-81.681521"></trkpt>
      <trkpt lat="37.302361" lon="-81.680920"></trkpt>
      <trkpt lat="37.302384" lon="-81.680852"></trkpt>
      <trkpt lat="37.302438" lon="-81.680696"></trkpt>
      <trkpt lat="37.302557" lon="-81.680387"></trkpt>
      <trkpt lat="37.302646" lon="-81.680083"></trkpt>
      <trkpt lat="37.302686" lon="-81.679894"></trkpt>
      <trkpt lat="37.302699" lon="-81.679740"></trkpt>
      <trkpt lat="37.302675" lon="-81.679207"></trkpt>
      <trkpt lat="37.302671" lon="-81.679104"></trkpt>
      <trkpt lat="37.302691" lon="-81.679006"></trkpt>
      <trkpt lat="37.302712" lon="-81.678944"></trkpt>
      <trkpt lat="37.302752" lon="-81.678865"></trkpt>
      <trkpt lat="37.302840" lon="-81.678724"></trkpt>
      <trkpt lat="37.303025" lon="-81.678506"></trkpt>
      <trkpt lat="37.303356" lon="-81.678169"></trkpt>
      <trkpt lat="37.303605" lon="-81.677921"></trkpt>
      <trkpt lat="37.303873" lon="-81.677619"></trkpt>
      <trkpt lat="37.304096" lon="-81.677311"></trkpt>
      <trkpt lat="37.304802" lon="-81.675854"></trkpt>
      <trkpt lat="37.304860" lon="-81.675732"></trkpt>
      <trkpt lat="37.305078" lon="-81.675272"></trkpt>
      <trkpt lat="37.305135" lon="-81.675152"></trkpt>
      <trkpt lat="37.305421" lon="-81.674571"></trkpt>
      <trkpt lat="37.305428" lon="-81.674548"></trkpt>
      <trkpt lat="37.305684" lon="-81.674019"></trkpt>
      <trkpt lat="37.305772" lon="-81.673848"></trkpt>
      <trkpt lat="37.305835" lon="-81.673681"></trkpt>
      <trkpt lat="37.305863" lon="-81.673570"></trkpt>
      <trkpt lat="37.305877" lon="-81.673451"></trkpt>
      <trkpt lat="37.305883" lon="-81.673322"></trkpt>
      <trkpt lat="37.305871" lon="-81.673198"></trkpt>
      <trkpt lat="37.305845" lon="-81.673053"></trkpt>
      <trkpt lat="37.305793" lon="-81.672921"></trkpt>
      <trkpt lat="37.305744" lon="-81.672806"></trkpt>
      <trkpt lat="37.305719" lon="-81.672765"></trkpt>
      <trkpt lat="37.305680" lon="-81.672702"></trkpt>
      <trkpt lat="37.305613" lon="-81.672618"></trkpt>
      <trkpt lat="37.305474" lon="-81.672487"></trkpt>
      <trkpt lat="37.305378" lon="-81.672428"></trkpt>
      <trkpt lat="37.305307" lon="-81.672398"></trkpt>
      <trkpt lat="37.305239" lon="-81.672388"></trkpt>
      <trkpt lat="37.305175" lon="-81.672389"></trkpt>
      <trkpt lat="37.305070" lon="-81.672418"></trkpt>
      <trkpt lat="37.304977" lon="-81.672457"></trkpt>
      <trkpt lat="37.304746" lon="-81.672585"></trkpt>
      <trkpt lat="37.304601" lon="-81.672649"></trkpt>
      <trkpt lat="37.304455" lon="-81.672704"></trkpt>
      <trkpt lat="37.303628" lon="-81.672981"></trkpt>
      <trkpt lat="37.303532" lon="-81.673013"></trkpt>
      <trkpt lat="37.303431" lon="-81.673043"></trkpt>
      <trkpt lat="37.303306" lon="-81.673065"></trkpt>
      <trkpt lat="37.303131" lon="-81.673061"></trkpt>
      <trkpt lat="37.303011" lon="-81.673046"></trkpt>
      <trkpt lat="37.302414" lon="-81.672952"></trkpt>
      <trkpt lat="37.302330" lon="-81.672960"></trkpt>
      <trkpt lat="37.302262" lon="-81.672980"></trkpt>
      <trkpt lat="37.302191" lon="-81.673028"></trkpt>
      <trkpt lat="37.301962" lon="-81.673286"></trkpt>
      <trkpt lat="37.301912" lon="-81.673339"></trkpt>
      <trkpt lat="37.301839" lon="-81.673365"></trkpt>
      <trkpt lat="37.301779" lon="-81.673371"></trkpt>
      <trkpt lat="37.301719" lon="-81.673359"></trkpt>
      <trkpt lat="37.301640" lon="-81.673322"></trkpt>
      <trkpt lat="37.301509" lon="-81.673248"></trkpt>
      <trkpt lat="37.301334" lon="-81.673122"></trkpt>
      <trkpt lat="37.301194" lon="-81.673000"></trkpt>
      <trkpt lat="37.301084" lon="-81.672889"></trkpt>
      <trkpt lat="37.300960" lon="-81.672732"></trkpt>
      <trkpt lat="37.300768" lon="-81.672499"></trkpt>
      <trkpt lat="37.300545" lon="-81.672236"></trkpt>
      <trkpt lat="37.299945" lon="-81.671590"></trkpt>
      <trkpt lat="37.299418" lon="-81.671077"></trkpt>
      <trkpt lat="37.299339" lon="-81.671011"></trkpt>
      <trkpt lat="37.299329" lon="-81.671003"></trkpt>
      <trkpt lat="37.299233" lon="-81.670942"></trkpt>
      <trkpt lat="37.299076" lon="-81.670906"></trkpt>
      <trkpt lat="37.298694" lon="-81.670833"></trkpt>
      <trkpt lat="37.298413" lon="-81.670811"></trkpt>
      <trkpt lat="37.298115" lon="-81.670875"></trkpt>
      <trkpt lat="37.297958" lon="-81.670889"></trkpt>
      <trkpt lat="37.297837" lon="-81.670886"></trkpt>
      <trkpt lat="37.297757" lon="-81.670859"></trkpt>
      <trkpt lat="37.297714" lon="-81.670823"></trkpt>
      <trkpt lat="37.297671" lon="-81.670760"></trkpt>
      <trkpt lat="37.297527" lon="-81.670472"></trkpt>
      <trkpt lat="37.297461" lon="-81.670336"></trkpt>
      <trkpt lat="37.297377" lon="-81.670124"></trkpt>
      <trkpt lat="37.297264" lon="-81.669872"></trkpt>
      <trkpt lat="37.297180" lon="-81.669648"></trkpt>
      <trkpt lat="37.297140" lon="-81.669456"></trkpt>
      <trkpt lat="37.297099" lon="-81.669279"></trkpt>
      <trkpt lat="37.297064" lon="-81.669191"></trkpt>
      <trkpt lat="37.297026" lon="-81.669122"></trkpt>
      <trkpt lat="37.296989" lon="-81.669071"></trkpt>
      <trkpt lat="37.296928" lon="-81.669030"></trkpt>
      <trkpt lat="37.296698" lon="-81.668945"></trkpt>
      <trkpt lat="37.296617" lon="-81.668876"></trkpt>
      <trkpt lat="37.296427" lon="-81.668642"></trkpt>
      <trkpt lat="37.296285" lon="-81.668536"></trkpt>
      <trkpt lat="37.296185" lon="-81.668438"></trkpt>
      <trkpt lat="37.296128" lon="-81.668306"></trkpt>
      <trkpt lat="37.296108" lon="-81.668156"></trkpt>
      <trkpt lat="37.296047" lon="-81.667805"></trkpt>
      <trkpt lat="37.295997" lon="-81.667727"></trkpt>
      <trkpt lat="37.295929" lon="-81.667685"></trkpt>
      <trkpt lat="37.295866" lon="-81.667671"></trkpt>
      <trkpt lat="37.295801" lon="-81.667681"></trkpt>
      <trkpt lat="37.295162" lon="-81.667946"></trkpt>
      <trkpt lat="37.295084" lon="-81.667969"></trkpt>
      <trkpt lat="37.295019" lon="-81.667972"></trkpt>
      <trkpt lat="37.294962" lon="-81.667950"></trkpt>
      <trkpt lat="37.294901" lon="-81.667920"></trkpt>
      <trkpt lat="37.294839" lon="-81.667856"></trkpt>
      <trkpt lat="37.294390" lon="-81.667095"></trkpt>
      <trkpt lat="37.294319" lon="-81.667000"></trkpt>
      <trkpt lat="37.294248" lon="-81.666896"></trkpt>
      <trkpt lat="37.294211" lon="-81.666858"></trkpt>
      <trkpt lat="37.294179" lon="-81.666832"></trkpt>
      <trkpt lat="37.294153" lon="-81.666814"></trkpt>
      <trkpt lat="37.294122" lon="-81.666800"></trkpt>
      <trkpt lat="37.294094" lon="-81.666790"></trkpt>
      <trkpt lat="37.294055" lon="-81.666786"></trkpt>
      <trkpt lat="37.294027" lon="-81.666788"></trkpt>
      <trkpt lat="37.293999" lon="-81.666798"></trkpt>
      <trkpt lat="37.293977" lon="-81.666814"></trkpt>
      <trkpt lat="37.293946" lon="-81.666841"></trkpt>
      <trkpt lat="37.293921" lon="-81.666876"></trkpt>
      <trkpt lat="37.293897" lon="-81.666922"></trkpt>
      <trkpt lat="37.293881" lon="-81.666968"></trkpt>
      <trkpt lat="37.293869" lon="-81.667016"></trkpt>
      <trkpt lat="37.293668" lon="-81.668121"></trkpt>
      <trkpt lat="37.293610" lon="-81.668345"></trkpt>
      <trkpt lat="37.293547" lon="-81.668457"></trkpt>
      <trkpt lat="37.293500" lon="-81.668500"></trkpt>
      <trkpt lat="37.293449" lon="-81.668526"></trkpt>
      <trkpt lat="37.293152" lon="-81.668533"></trkpt>
      <trkpt lat="37.293016" lon="-81.668529"></trkpt>
      <trkpt lat="37.292920" lon="-81.668548"></trkpt>
      <trkpt lat="37.292852" lon="-81.668595"></trkpt>
      <trkpt lat="37.292779" lon="-81.668679"></trkpt>
      <trkpt lat="37.292718" lon="-81.668791"></trkpt>
      <trkpt lat="37.292561" lon="-81.669166"></trkpt>
      <trkpt lat="37.292474" lon="-81.669305"></trkpt>
      <trkpt lat="37.292378" lon="-81.669402"></trkpt>
      <trkpt lat="37.292305" lon="-81.669472"></trkpt>
      <trkpt lat="37.292223" lon="-81.669558"></trkpt>
      <trkpt lat="37.292173" lon="-81.669669"></trkpt>
      <trkpt lat="37.292160" lon="-81.669861"></trkpt>
      <trkpt lat="37.292196" lon="-81.670066"></trkpt>
      <trkpt lat="37.292255" lon="-81.670320"></trkpt>
      <trkpt lat="37.292256" lon="-81.670438"></trkpt>
      <trkpt lat="37.292236" lon="-81.670565"></trkpt>
      <trkpt lat="37.292099" lon="-81.670847"></trkpt>
      <trkpt lat="37.291986" lon="-81.671037"></trkpt>
      <trkpt lat="37.291903" lon="-81.671130"></trkpt>
      <trkpt lat="37.291788" lon="-81.671215"></trkpt>
      <trkpt lat="37.291617" lon="-81.671294"></trkpt>
      <trkpt lat="37.291187" lon="-81.671457"></trkpt>
      <trkpt lat="37.291046" lon="-81.671506"></trkpt>
      <trkpt lat="37.290973" lon="-81.671556"></trkpt>
      <trkpt lat="37.290911" lon="-81.671647"></trkpt>
      <trkpt lat="37.290906" lon="-81.671780"></trkpt>
      <trkpt lat="37.290960" lon="-81.671944"></trkpt>
      <trkpt lat="37.291038" lon="-81.672099"></trkpt>
      <trkpt lat="37.291147" lon="-81.672235"></trkpt>
      <trkpt lat="37.291261" lon="-81.672327"></trkpt>
      <trkpt lat="37.291331" lon="-81.672413"></trkpt>
      <trkpt lat="37.291374" lon="-81.672487"></trkpt>
      <trkpt lat="37.291389" lon="-81.672559"></trkpt>
      <trkpt lat="37.291391" lon="-81.672638"></trkpt>
      <trkpt lat="37.291366" lon="-81.672759"></trkpt>
      <trkpt lat="37.291265" lon="-81.672927"></trkpt>
      <trkpt lat="37.291115" lon="-81.673250"></trkpt>
      <trkpt lat="37.290902" lon="-81.673872"></trkpt>
      <trkpt lat="37.290859" lon="-81.674065"></trkpt>
      <trkpt lat="37.290813" lon="-81.674241"></trkpt>
      <trkpt lat="37.290689" lon="-81.674465"></trkpt>
      <trkpt lat="37.290605" lon="-81.674579"></trkpt>
      <trkpt lat="37.290482" lon="-81.674742"></trkpt>
      <trkpt lat="37.290414" lon="-81.674878"></trkpt>
      <trkpt lat="37.290395" lon="-81.675021"></trkpt>
      <trkpt lat="37.290380" lon="-81.675308"></trkpt>
      <trkpt lat="37.290334" lon="-81.675554"></trkpt>
      <trkpt lat="37.290280" lon="-81.675715"></trkpt>
      <trkpt lat="37.290031" lon="-81.676190"></trkpt>
      <trkpt lat="37.289654" lon="-81.676868"></trkpt>
      <trkpt lat="37.289546" lon="-81.677001"></trkpt>
      <trkpt lat="37.289468" lon="-81.677075"></trkpt>
      <trkpt lat="37.289410" lon="-81.677107"></trkpt>
      <trkpt lat="37.289360" lon="-81.677132"></trkpt>
      <trkpt lat="37.289306" lon="-81.677135"></trkpt>
      <trkpt lat="37.289249" lon="-81.677128"></trkpt>
      <trkpt lat="37.289177" lon="-81.677088"></trkpt>
      <trkpt lat="37.289094" lon="-81.676989"></trkpt>
      <trkpt lat="37.288967" lon="-81.676759"></trkpt>
      <trkpt lat="37.288864" lon="-81.676509"></trkpt>
      <trkpt lat="37.288742" lon="-81.676255"></trkpt>
      <trkpt lat="37.288168" lon="-81.675358"></trkpt>
      <trkpt lat="37.288081" lon="-81.675183"></trkpt>
      <trkpt lat="37.287986" lon="-81.674950"></trkpt>
      <trkpt lat="37.287892" lon="-81.674838"></trkpt>
      <trkpt lat="37.287782" lon="-81.674768"></trkpt>
      <trkpt lat="37.287702" lon="-81.674698"></trkpt>
      <trkpt lat="37.287474" lon="-81.674397"></trkpt>
      <trkpt lat="37.287364" lon="-81.674280"></trkpt>
      <trkpt lat="37.287136" lon="-81.674132"></trkpt>
      <trkpt lat="37.286969" lon="-81.673973"></trkpt>
      <trkpt lat="37.286901" lon="-81.673915"></trkpt>
      <trkpt lat="37.286825" lon="-81.673870"></trkpt>
      <trkpt lat="37.286668" lon="-81.673837"></trkpt>
      <trkpt lat="37.286538" lon="-81.673792"></trkpt>
      <trkpt lat="37.286367" lon="-81.673680"></trkpt>
      <trkpt lat="37.286141" lon="-81.673544"></trkpt>
      <trkpt lat="37.285910" lon="-81.673447"></trkpt>
      <trkpt lat="37.285741" lon="-81.673392"></trkpt>
      <trkpt lat="37.285443" lon="-81.673341"></trkpt>
      <trkpt lat="37.285166" lon="-81.673236"></trkpt>
      <trkpt lat="37.285063" lon="-81.673188"></trkpt>
      <trkpt lat="37.284986" lon="-81.673134"></trkpt>
      <trkpt lat="37.284938" lon="-81.673070"></trkpt>
      <trkpt lat="37.284903" lon="-81.672992"></trkpt>
      <trkpt lat="37.284887" lon="-81.672900"></trkpt>
      <trkpt lat="37.284881" lon="-81.672735"></trkpt>
      <trkpt lat="37.284917" lon="-81.672490"></trkpt>
      <trkpt lat="37.284979" lon="-81.672271"></trkpt>
      <trkpt lat="37.285071" lon="-81.672103"></trkpt>
      <trkpt lat="37.285194" lon="-81.671915"></trkpt>
      <trkpt lat="37.285286" lon="-81.671747"></trkpt>
      <trkpt lat="37.285329" lon="-81.671556"></trkpt>
      <trkpt lat="37.285341" lon="-81.671268"></trkpt>
      <trkpt lat="37.285360" lon="-81.670695"></trkpt>
      <trkpt lat="37.285351" lon="-81.670499"></trkpt>
      <trkpt lat="37.285315" lon="-81.670225"></trkpt>
      <trkpt lat="37.285319" lon="-81.670103"></trkpt>
      <trkpt lat="37.285347" lon="-81.670011"></trkpt>
      <trkpt lat="37.285364" lon="-81.669958"></trkpt>
      <trkpt lat="37.285482" lon="-81.669755"></trkpt>
      <trkpt lat="37.285568" lon="-81.669604"></trkpt>
      <trkpt lat="37.285702" lon="-81.669298"></trkpt>
      <trkpt lat="37.285749" lon="-81.669165"></trkpt>
      <trkpt lat="37.285778" lon="-81.669045"></trkpt>
      <trkpt lat="37.285776" lon="-81.668921"></trkpt>
      <trkpt lat="37.285741" lon="-81.668809"></trkpt>
      <trkpt lat="37.285680" lon="-81.668724"></trkpt>
      <trkpt lat="37.285560" lon="-81.668571"></trkpt>
      <trkpt lat="37.285506" lon="-81.668491"></trkpt>
      <trkpt lat="37.285462" lon="-81.668398"></trkpt>
      <trkpt lat="37.285428" lon="-81.668297"></trkpt>
      <trkpt lat="37.285376" lon="-81.668014"></trkpt>
      <trkpt lat="37.285335" lon="-81.667927"></trkpt>
      <trkpt lat="37.285287" lon="-81.667859"></trkpt>
      <trkpt lat="37.285225" lon="-81.667814"></trkpt>
      <trkpt lat="37.285155" lon="-81.667780"></trkpt>
      <trkpt lat="37.284824" lon="-81.667685"></trkpt>
      <trkpt lat="37.284730" lon="-81.667646"></trkpt>
      <trkpt lat="37.284621" lon="-81.667564"></trkpt>
      <trkpt lat="37.284561" lon="-81.667462"></trkpt>
      <trkpt lat="37.284491" lon="-81.667293"></trkpt>
      <trkpt lat="37.284409" lon="-81.667171"></trkpt>
      <trkpt lat="37.284299" lon="-81.667075"></trkpt>
      <trkpt lat="37.284248" lon="-81.667015"></trkpt>
      <trkpt lat="37.284168" lon="-81.666877"></trkpt>
      <trkpt lat="37.284042" lon="-81.666535"></trkpt>
      <trkpt lat="37.283994" lon="-81.666426"></trkpt>
      <trkpt lat="37.283965" lon="-81.666370"></trkpt>
      <trkpt lat="37.283923" lon="-81.666322"></trkpt>
      <trkpt lat="37.283855" lon="-81.666282"></trkpt>
      <trkpt lat="37.283793" lon="-81.666272"></trkpt>
      <trkpt lat="37.283709" lon="-81.666273"></trkpt>
      <trkpt lat="37.283562" lon="-81.666302"></trkpt>
      <trkpt lat="37.283464" lon="-81.666302"></trkpt>
      <trkpt lat="37.283368" lon="-81.666270"></trkpt>
      <trkpt lat="37.283286" lon="-81.666211"></trkpt>
      <trkpt lat="37.283220" lon="-81.666127"></trkpt>
      <trkpt lat="37.283174" lon="-81.666003"></trkpt>
      <trkpt lat="37.283146" lon="-81.665797"></trkpt>
      <trkpt lat="37.283125" lon="-81.665558"></trkpt>
      <trkpt lat="37.283106" lon="-81.665463"></trkpt>
      <trkpt lat="37.283067" lon="-81.665380"></trkpt>
      <trkpt lat="37.282951" lon="-81.665215"></trkpt>
      <trkpt lat="37.282514" lon="-81.664865"></trkpt>
      <trkpt lat="37.282396" lon="-81.664721"></trkpt>
      <trkpt lat="37.282328" lon="-81.664609"></trkpt>
      <trkpt lat="37.282296" lon="-81.664464"></trkpt>
      <trkpt lat="37.282309" lon="-81.664307"></trkpt>
      <trkpt lat="37.282361" lon="-81.664183"></trkpt>
      <trkpt lat="37.282462" lon="-81.664066"></trkpt>
      <trkpt lat="37.282540" lon="-81.663998"></trkpt>
      <trkpt lat="37.282635" lon="-81.663954"></trkpt>
      <trkpt lat="37.282871" lon="-81.663916"></trkpt>
      <trkpt lat="37.283013" lon="-81.663878"></trkpt>
      <trkpt lat="37.283133" lon="-81.663812"></trkpt>
      <trkpt lat="37.283282" lon="-81.663725"></trkpt>
      <trkpt lat="37.283393" lon="-81.663666"></trkpt>
      <trkpt lat="37.283725" lon="-81.663615"></trkpt>
      <trkpt lat="37.284006" lon="-81.663523"></trkpt>
      <trkpt lat="37.284392" lon="-81.663349"></trkpt>
      <trkpt lat="37.284732" lon="-81.663111"></trkpt>
      <trkpt lat="37.284914" lon="-81.662962"></trkpt>
      <trkpt lat="37.285091" lon="-81.662762"></trkpt>
      <trkpt lat="37.285373" lon="-81.662455"></trkpt>
      <trkpt lat="37.285508" lon="-81.662274"></trkpt>
      <trkpt lat="37.285627" lon="-81.662061"></trkpt>
      <trkpt lat="37.285762" lon="-81.661767"></trkpt>
      <trkpt lat="37.285975" lon="-81.661311"></trkpt>
      <trkpt lat="37.286144" lon="-81.660936"></trkpt>
      <trkpt lat="37.286290" lon="-81.660605"></trkpt>
      <trkpt lat="37.286363" lon="-81.660496"></trkpt>
      <trkpt lat="37.286470" lon="-81.660356"></trkpt>
      <trkpt lat="37.286831" lon="-81.659976"></trkpt>
      <trkpt lat="37.287142" lon="-81.659695"></trkpt>
      <trkpt lat="37.287535" lon="-81.659395"></trkpt>
      <trkpt lat="37.287727" lon="-81.659251"></trkpt>
      <trkpt lat="37.287883" lon="-81.659131"></trkpt>
      <trkpt lat="37.289548" lon="-81.657845"></trkpt>
      <trkpt lat="37.289913" lon="-81.657525"></trkpt>
      <trkpt lat="37.290112" lon="-81.657284"></trkpt>
      <trkpt lat="37.290213" lon="-81.657162"></trkpt>
      <trkpt lat="37.290319" lon="-81.657001"></trkpt>
      <trkpt lat="37.290423" lon="-81.656794"></trkpt>
      <trkpt lat="37.290463" lon="-81.656670"></trkpt>
      <trkpt lat="37.290512" lon="-81.656442"></trkpt>
      <trkpt lat="37.290556" lon="-81.656206"></trkpt>
      <trkpt lat="37.290559" lon="-81.655884"></trkpt>
      <trkpt lat="37.290542" lon="-81.655573"></trkpt>
      <trkpt lat="37.290508" lon="-81.655239"></trkpt>
      <trkpt lat="37.290445" lon="-81.654898"></trkpt>
      <trkpt lat="37.290370" lon="-81.654551"></trkpt>
      <trkpt lat="37.290268" lon="-81.653994"></trkpt>
      <trkpt lat="37.290168" lon="-81.653481"></trkpt>
      <trkpt lat="37.290115" lon="-81.652990"></trkpt>
      <trkpt lat="37.290093" lon="-81.652497"></trkpt>
      <trkpt lat="37.290090" lon="-81.652245"></trkpt>
      <trkpt lat="37.290083" lon="-81.651810"></trkpt>
      <trkpt lat="37.290076" lon="-81.651364"></trkpt>
      <trkpt lat="37.290056" lon="-81.651001"></trkpt>
      <trkpt lat="37.290038" lon="-81.650542"></trkpt>
      <trkpt lat="37.290017" lon="-81.649960"></trkpt>
      <trkpt lat="37.290030" lon="-81.649357"></trkpt>
      <trkpt lat="37.290022" lon="-81.649182"></trkpt>
      <trkpt lat="37.290003" lon="-81.648961"></trkpt>
      <trkpt lat="37.289937" lon="-81.648700"></trkpt>
      <trkpt lat="37.289904" lon="-81.648587"></trkpt>
      <trkpt lat="37.289816" lon="-81.648402"></trkpt>
      <trkpt lat="37.289673" lon="-81.648172"></trkpt>
      <trkpt lat="37.289493" lon="-81.647915"></trkpt>
      <trkpt lat="37.289019" lon="-81.647030"></trkpt>
      <trkpt lat="37.288927" lon="-81.646784"></trkpt>
      <trkpt lat="37.288718" lon="-81.646033"></trkpt>
      <trkpt lat="37.288046" lon="-81.643330"></trkpt>
      <trkpt lat="37.287987" lon="-81.643091"></trkpt>
      <trkpt lat="37.287879" lon="-81.642707"></trkpt>
      <trkpt lat="37.287719" lon="-81.642355"></trkpt>
      <trkpt lat="37.287237" lon="-81.641402"></trkpt>
      <trkpt lat="37.286932" lon="-81.640510"></trkpt>
      <trkpt lat="37.286748" lon="-81.639918"></trkpt>
      <trkpt lat="37.286677" lon="-81.639577"></trkpt>
      <trkpt lat="37.286667" lon="-81.639331"></trkpt>
      <trkpt lat="37.286686" lon="-81.638995"></trkpt>
      <trkpt lat="37.286736" lon="-81.638551"></trkpt>
      <trkpt lat="37.286785" lon="-81.638323"></trkpt>
      <trkpt lat="37.286784" lon="-81.638095"></trkpt>
      <trkpt lat="37.286768" lon="-81.637904"></trkpt>
      <trkpt lat="37.286645" lon="-81.637524"></trkpt>
      <trkpt lat="37.286031" lon="-81.636517"></trkpt>
      <trkpt lat="37.285924" lon="-81.636306"></trkpt>
      <trkpt lat="37.285860" lon="-81.636140"></trkpt>
      <trkpt lat="37.285798" lon="-81.635919"></trkpt>
      <trkpt lat="37.285753" lon="-81.635621"></trkpt>
      <trkpt lat="37.285715" lon="-81.635420"></trkpt>
      <trkpt lat="37.285678" lon="-81.635213"></trkpt>
      <trkpt lat="37.285592" lon="-81.634896"></trkpt>
      <trkpt lat="37.285454" lon="-81.634610"></trkpt>
      <trkpt lat="37.285115" lon="-81.634191"></trkpt>
      <trkpt lat="37.284939" lon="-81.633994"></trkpt>
      <trkpt lat="37.284631" lon="-81.633710"></trkpt>
      <trkpt lat="37.284007" lon="-81.633078"></trkpt>
      <trkpt lat="37.283887" lon="-81.632888"></trkpt>
      <trkpt lat="37.283703" lon="-81.632569"></trkpt>
      <trkpt lat="37.283596" lon="-81.632292"></trkpt>
      <trkpt lat="37.283491" lon="-81.631929"></trkpt>
      <trkpt lat="37.283442" lon="-81.631688"></trkpt>
      <trkpt lat="37.283381" lon="-81.631172"></trkpt>
      <trkpt lat="37.283340" lon="-81.630682"></trkpt>
      <trkpt lat="37.283339" lon="-81.630338"></trkpt>
      <trkpt lat="37.283326" lon="-81.630080"></trkpt>
      <trkpt lat="37.283350" lon="-81.629852"></trkpt>
      <trkpt lat="37.283380" lon="-81.629632"></trkpt>
      <trkpt lat="37.283530" lon="-81.629030"></trkpt>
      <trkpt lat="37.283632" lon="-81.628685"></trkpt>
      <trkpt lat="37.283664" lon="-81.628549"></trkpt>
      <trkpt lat="37.283674" lon="-81.628470"></trkpt>
      <trkpt lat="37.283679" lon="-81.628364"></trkpt>
      <trkpt lat="37.283664" lon="-81.628211"></trkpt>
      <trkpt lat="37.283639" lon="-81.628087"></trkpt>
      <trkpt lat="37.283596" lon="-81.627938"></trkpt>
      <trkpt lat="37.283559" lon="-81.627825"></trkpt>
      <trkpt lat="37.283505" lon="-81.627710"></trkpt>
      <trkpt lat="37.283421" lon="-81.627578"></trkpt>
      <trkpt lat="37.283285" lon="-81.627426"></trkpt>
      <trkpt lat="37.283185" lon="-81.627350"></trkpt>
      <trkpt lat="37.283099" lon="-81.627279"></trkpt>
      <trkpt lat="37.282956" lon="-81.627216"></trkpt>
      <trkpt lat="37.282888" lon="-81.627186"></trkpt>
      <trkpt lat="37.282793" lon="-81.627172"></trkpt>
      <trkpt lat="37.282639" lon="-81.627161"></trkpt>
      <trkpt lat="37.282405" lon="-81.627171"></trkpt>
      <trkpt lat="37.282183" lon="-81.627208"></trkpt>
      <trkpt lat="37.281634" lon="-81.627330"></trkpt>
      <trkpt lat="37.281184" lon="-81.627450"></trkpt>
      <trkpt lat="37.281015" lon="-81.627489"></trkpt>
      <trkpt lat="37.280761" lon="-81.627558"></trkpt>
      <trkpt lat="37.280710" lon="-81.627572"></trkpt>
      <trkpt lat="37.280602" lon="-81.627616"></trkpt>
      <trkpt lat="37.280464" lon="-81.627685"></trkpt>
      <trkpt lat="37.280205" lon="-81.627872"></trkpt>
      <trkpt lat="37.280105" lon="-81.627940"></trkpt>
      <trkpt lat="37.279946" lon="-81.628019"></trkpt>
      <trkpt lat="37.279793" lon="-81.628096"></trkpt>
      <trkpt lat="37.279594" lon="-81.628203"></trkpt>
      <trkpt lat="37.279388" lon="-81.628256"></trkpt>
      <trkpt lat="37.279245" lon="-81.628261"></trkpt>
      <trkpt lat="37.279204" lon="-81.628248"></trkpt>
      <trkpt lat="37.279178" lon="-81.628246"></trkpt>
      <trkpt lat="37.279071" lon="-81.628214"></trkpt>
      <trkpt lat="37.278994" lon="-81.628185"></trkpt>
      <trkpt lat="37.278898" lon="-81.628118"></trkpt>
      <trkpt lat="37.278827" lon="-81.628065"></trkpt>
      <trkpt lat="37.278778" lon="-81.628026"></trkpt>
      <trkpt lat="37.278690" lon="-81.627953"></trkpt>
      <trkpt lat="37.278659" lon="-81.627897"></trkpt>
      <trkpt lat="37.278593" lon="-81.627778"></trkpt>
      <trkpt lat="37.278531" lon="-81.627646"></trkpt>
      <trkpt lat="37.278439" lon="-81.627397"></trkpt>
      <trkpt lat="37.278360" lon="-81.627196"></trkpt>
      <trkpt lat="37.278257" lon="-81.626868"></trkpt>
      <trkpt lat="37.278209" lon="-81.626672"></trkpt>
      <trkpt lat="37.278190" lon="-81.626552"></trkpt>
      <trkpt lat="37.278174" lon="-81.626457"></trkpt>
      <trkpt lat="37.278156" lon="-81.626244"></trkpt>
      <trkpt lat="37.278154" lon="-81.626086"></trkpt>
      <trkpt lat="37.278162" lon="-81.625871"></trkpt>
      <trkpt lat="37.278195" lon="-81.625513"></trkpt>
      <trkpt lat="37.278213" lon="-81.625230"></trkpt>
      <trkpt lat="37.278215" lon="-81.625111"></trkpt>
      <trkpt lat="37.278201" lon="-81.624976"></trkpt>
      <trkpt lat="37.278180" lon="-81.624833"></trkpt>
      <trkpt lat="37.278116" lon="-81.624480"></trkpt>
      <trkpt lat="37.278092" lon="-81.624356"></trkpt>
      <trkpt lat="37.278063" lon="-81.624273"></trkpt>
      <trkpt lat="37.278026" lon="-81.624195"></trkpt>
      <trkpt lat="37.277964" lon="-81.624114"></trkpt>
      <trkpt lat="37.277896" lon="-81.624057"></trkpt>
      <trkpt lat="37.277809" lon="-81.623982"></trkpt>
      <trkpt lat="37.277377" lon="-81.623645"></trkpt>
      <trkpt lat="37.277303" lon="-81.623588"></trkpt>
      <trkpt lat="37.277223" lon="-81.623528"></trkpt>
      <trkpt lat="37.277188" lon="-81.623510"></trkpt>
      <trkpt lat="37.277152" lon="-81.623492"></trkpt>
      <trkpt lat="37.277080" lon="-81.623463"></trkpt>
      <trkpt lat="37.276979" lon="-81.623445"></trkpt>
      <trkpt lat="37.276723" lon="-81.623390"></trkpt>
      <trkpt lat="37.276514" lon="-81.623359"></trkpt>
      <trkpt lat="37.276391" lon="-81.623349"></trkpt>
      <trkpt lat="37.276289" lon="-81.623354"></trkpt>
      <trkpt lat="37.276194" lon="-81.623375"></trkpt>
      <trkpt lat="37.276087" lon="-81.623406"></trkpt>
      <trkpt lat="37.276011" lon="-81.623419"></trkpt>
      <trkpt lat="37.275930" lon="-81.623419"></trkpt>
      <trkpt lat="37.275581" lon="-81.623393"></trkpt>
      <trkpt lat="37.275203" lon="-81.623355"></trkpt>
      <trkpt lat="37.273849" lon="-81.623004"></trkpt>
      <trkpt lat="37.272545" lon="-81.622516"></trkpt>
      <trkpt lat="37.272173" lon="-81.622307"></trkpt>
      <trkpt lat="37.271886" lon="-81.622136"></trkpt>
      <trkpt lat="37.271367" lon="-81.621676"></trkpt>
      <trkpt lat="37.271083" lon="-81.621436"></trkpt>
      <trkpt lat="37.270838" lon="-81.621283"></trkpt>
      <trkpt lat="37.270702" lon="-81.621213"></trkpt>
      <trkpt lat="37.270464" lon="-81.621161"></trkpt>
      <trkpt lat="37.270229" lon="-81.621153"></trkpt>
      <trkpt lat="37.270026" lon="-81.621175"></trkpt>
      <trkpt lat="37.269857" lon="-81.621247"></trkpt>
      <trkpt lat="37.269611" lon="-81.621358"></trkpt>
      <trkpt lat="37.269300" lon="-81.621643"></trkpt>
      <trkpt lat="37.268708" lon="-81.622198"></trkpt>
      <trkpt lat="37.268136" lon="-81.622846"></trkpt>
      <trkpt lat="37.267747" lon="-81.623294"></trkpt>
      <trkpt lat="37.267410" lon="-81.623673"></trkpt>
      <trkpt lat="37.267369" lon="-81.623713"></trkpt>
      <trkpt lat="37.267317" lon="-81.623747"></trkpt>
      <trkpt lat="37.267109" lon="-81.623811"></trkpt>
      <trkpt lat="37.267044" lon="-81.623835"></trkpt>
      <trkpt lat="37.266915" lon="-81.623947"></trkpt>
      <trkpt lat="37.266777" lon="-81.624099"></trkpt>
      <trkpt lat="37.266607" lon="-81.624189"></trkpt>
      <trkpt lat="37.266498" lon="-81.624182"></trkpt>
      <trkpt lat="37.266396" lon="-81.624118"></trkpt>
      <trkpt lat="37.266302" lon="-81.624008"></trkpt>
      <trkpt lat="37.266136" lon="-81.623749"></trkpt>
      <trkpt lat="37.266026" lon="-81.623531"></trkpt>
      <trkpt lat="37.265983" lon="-81.623448"></trkpt>
      <trkpt lat="37.265968" lon="-81.623248"></trkpt>
      <trkpt lat="37.265986" lon="-81.622998"></trkpt>
      <trkpt lat="37.266071" lon="-81.622184"></trkpt>
      <trkpt lat="37.266183" lon="-81.621043"></trkpt>
      <trkpt lat="37.266172" lon="-81.620931"></trkpt>
      <trkpt lat="37.266157" lon="-81.620861"></trkpt>
      <trkpt lat="37.266108" lon="-81.620617"></trkpt>
      <trkpt lat="37.266076" lon="-81.620511"></trkpt>
      <trkpt lat="37.266032" lon="-81.620433"></trkpt>
      <trkpt lat="37.265940" lon="-81.620323"></trkpt>
      <trkpt lat="37.265643" lon="-81.619994"></trkpt>
      <trkpt lat="37.265557" lon="-81.619862"></trkpt>
      <trkpt lat="37.265501" lon="-81.619719"></trkpt>
      <trkpt lat="37.265344" lon="-81.619357"></trkpt>
      <trkpt lat="37.265180" lon="-81.619138"></trkpt>
      <trkpt lat="37.265123" lon="-81.619083"></trkpt>
      <trkpt lat="37.265022" lon="-81.618981"></trkpt>
      <trkpt lat="37.264858" lon="-81.618858"></trkpt>
      <trkpt lat="37.264541" lon="-81.618741"></trkpt>
      <trkpt lat="37.264292" lon="-81.618666"></trkpt>
      <trkpt lat="37.264106" lon="-81.618604"></trkpt>
      <trkpt lat="37.263886" lon="-81.618542"></trkpt>
      <trkpt lat="37.263713" lon="-81.618502"></trkpt>
      <trkpt lat="37.263472" lon="-81.618478"></trkpt>
      <trkpt lat="37.263327" lon="-81.618488"></trkpt>
      <trkpt lat="37.263145" lon="-81.618526"></trkpt>
      <trkpt lat="37.262919" lon="-81.618617"></trkpt>
      <trkpt lat="37.262742" lon="-81.618727"></trkpt>
      <trkpt lat="37.262460" lon="-81.618942"></trkpt>
      <trkpt lat="37.261781" lon="-81.619658"></trkpt>
      <trkpt lat="37.261593" lon="-81.619813"></trkpt>
      <trkpt lat="37.261429" lon="-81.619838"></trkpt>
      <trkpt lat="37.261318" lon="-81.619808"></trkpt>
      <trkpt lat="37.261181" lon="-81.619728"></trkpt>
      <trkpt lat="37.261036" lon="-81.619594"></trkpt>
      <trkpt lat="37.260539" lon="-81.618958"></trkpt>
      <trkpt lat="37.260257" lon="-81.618641"></trkpt>
      <trkpt lat="37.260091" lon="-81.618483"></trkpt>
      <trkpt lat="37.259913" lon="-81.618311"></trkpt>
      <trkpt lat="37.258722" lon="-81.617287"></trkpt>
      <trkpt lat="37.258611" lon="-81.617188"></trkpt>
      <trkpt lat="37.257828" lon="-81.616514"></trkpt>
      <trkpt lat="37.257578" lon="-81.616260"></trkpt>
      <trkpt lat="37.257339" lon="-81.615986"></trkpt>
      <trkpt lat="37.257183" lon="-81.615737"></trkpt>
      <trkpt lat="37.257024" lon="-81.615455"></trkpt>
      <trkpt lat="37.256896" lon="-81.615104"></trkpt>
      <trkpt lat="37.256553" lon="-81.614090"></trkpt>
      <trkpt lat="37.256476" lon="-81.613843"></trkpt>
      <trkpt lat="37.255980" lon="-81.611474"></trkpt>
      <trkpt lat="37.255913" lon="-81.611167"></trkpt>
      <trkpt lat="37.255866" lon="-81.611010"></trkpt>
      <trkpt lat="37.255795" lon="-81.610836"></trkpt>
      <trkpt lat="37.255715" lon="-81.610694"></trkpt>
      <trkpt lat="37.255581" lon="-81.610520"></trkpt>
      <trkpt lat="37.255474" lon="-81.610435"></trkpt>
      <trkpt lat="37.255346" lon="-81.610355"></trkpt>
      <trkpt lat="37.255163" lon="-81.610249"></trkpt>
      <trkpt lat="37.254996" lon="-81.610210"></trkpt>
      <trkpt lat="37.254829" lon="-81.610204"></trkpt>
      <trkpt lat="37.254656" lon="-81.610226"></trkpt>
      <trkpt lat="37.254401" lon="-81.610343"></trkpt>
      <trkpt lat="37.252683" lon="-81.611166"></trkpt>
      <trkpt lat="37.252242" lon="-81.611388"></trkpt>
      <trkpt lat="37.251970" lon="-81.611448"></trkpt>
      <trkpt lat="37.251633" lon="-81.611469"></trkpt>
      <trkpt lat="37.250028" lon="-81.611466"></trkpt>
      <trkpt lat="37.249141" lon="-81.611447"></trkpt>
      <trkpt lat="37.248934" lon="-81.611375"></trkpt>
      <trkpt lat="37.248767" lon="-81.611250"></trkpt>
      <trkpt lat="37.248599" lon="-81.611032"></trkpt>
      <trkpt lat="37.248372" lon="-81.610674"></trkpt>
      <trkpt lat="37.248182" lon="-81.610380"></trkpt>
      <trkpt lat="37.247832" lon="-81.609787"></trkpt>
      <trkpt lat="37.247612" lon="-81.609503"></trkpt>
      <trkpt lat="37.247469" lon="-81.609401"></trkpt>
      <trkpt lat="37.247356" lon="-81.609326"></trkpt>
      <trkpt lat="37.247264" lon="-81.609302"></trkpt>
      <trkpt lat="37.247189" lon="-81.609289"></trkpt>
      <trkpt lat="37.247093" lon="-81.609302"></trkpt>
      <trkpt lat="37.246979" lon="-81.609338"></trkpt>
      <trkpt lat="37.246869" lon="-81.609380"></trkpt>
      <trkpt lat="37.246748" lon="-81.609478"></trkpt>
      <trkpt lat="37.246641" lon="-81.609580"></trkpt>
      <trkpt lat="37.246520" lon="-81.609738"></trkpt>
      <trkpt lat="37.246247" lon="-81.610185"></trkpt>
      <trkpt lat="37.246110" lon="-81.610298"></trkpt>
      <trkpt lat="37.245955" lon="-81.610398"></trkpt>
      <trkpt lat="37.245767" lon="-81.610449"></trkpt>
      <trkpt lat="37.245533" lon="-81.610460"></trkpt>
      <trkpt lat="37.245246" lon="-81.610366"></trkpt>
      <trkpt lat="37.244761" lon="-81.610082"></trkpt>
      <trkpt lat="37.244338" lon="-81.609892"></trkpt>
      <trkpt lat="37.243953" lon="-81.609770"></trkpt>
      <trkpt lat="37.243717" lon="-81.609739"></trkpt>
      <trkpt lat="37.243598" lon="-81.609739"></trkpt>
      <trkpt lat="37.243332" lon="-81.609751"></trkpt>
      <trkpt lat="37.242927" lon="-81.609803"></trkpt>
      <trkpt lat="37.242543" lon="-81.609923"></trkpt>
      <trkpt lat="37.242069" lon="-81.610175"></trkpt>
      <trkpt lat="37.241776" lon="-81.610349"></trkpt>
      <trkpt lat="37.241654" lon="-81.610410"></trkpt>
      <trkpt lat="37.241535" lon="-81.610462"></trkpt>
      <trkpt lat="37.241398" lon="-81.610485"></trkpt>
      <trkpt lat="37.241256" lon="-81.610483"></trkpt>
      <trkpt lat="37.241100" lon="-81.610453"></trkpt>
      <trkpt lat="37.241023" lon="-81.610426"></trkpt>
      <trkpt lat="37.240942" lon="-81.610375"></trkpt>
      <trkpt lat="37.240655" lon="-81.610150"></trkpt>
      <trkpt lat="37.240516" lon="-81.609922"></trkpt>
      <trkpt lat="37.240365" lon="-81.609734"></trkpt>
      <trkpt lat="37.240234" lon="-81.609570"></trkpt>
      <trkpt lat="37.240095" lon="-81.609444"></trkpt>
      <trkpt lat="37.239942" lon="-81.609372"></trkpt>
      <trkpt lat="37.239822" lon="-81.609348"></trkpt>
      <trkpt lat="37.239770" lon="-81.609346"></trkpt>
      <trkpt lat="37.239686" lon="-81.609343"></trkpt>
      <trkpt lat="37.239425" lon="-81.609398"></trkpt>
      <trkpt lat="37.238524" lon="-81.609715"></trkpt>
      <trkpt lat="37.238283" lon="-81.609793"></trkpt>
      <trkpt lat="37.238120" lon="-81.609845"></trkpt>
      <trkpt lat="37.237956" lon="-81.609861"></trkpt>
      <trkpt lat="37.237811" lon="-81.609798"></trkpt>
      <trkpt lat="37.237654" lon="-81.609692"></trkpt>
      <trkpt lat="37.235314" lon="-81.607446"></trkpt>
      <trkpt lat="37.234875" lon="-81.606995"></trkpt>
      <trkpt lat="37.234472" lon="-81.606522"></trkpt>
      <trkpt lat="37.234031" lon="-81.605917"></trkpt>
      <trkpt lat="37.233535" lon="-81.605319"></trkpt>
      <trkpt lat="37.232978" lon="-81.604698"></trkpt>
      <trkpt lat="37.232833" lon="-81.604544"></trkpt>
      <trkpt lat="37.232368" lon="-81.604051"></trkpt>
      <trkpt lat="37.232112" lon="-81.603879"></trkpt>
      <trkpt lat="37.231840" lon="-81.603756"></trkpt>
      <trkpt lat="37.231574" lon="-81.603671"></trkpt>
      <trkpt lat="37.231485" lon="-81.603654"></trkpt>
      <trkpt lat="37.231315" lon="-81.603622"></trkpt>
      <trkpt lat="37.231084" lon="-81.603635"></trkpt>
      <trkpt lat="37.230982" lon="-81.603653"></trkpt>
      <trkpt lat="37.230646" lon="-81.603751"></trkpt>
      <trkpt lat="37.230499" lon="-81.603782"></trkpt>
      <trkpt lat="37.230341" lon="-81.603775"></trkpt>
      <trkpt lat="37.230235" lon="-81.603759"></trkpt>
      <trkpt lat="37.230133" lon="-81.603727"></trkpt>
      <trkpt lat="37.230009" lon="-81.603684"></trkpt>
      <trkpt lat="37.229886" lon="-81.603614"></trkpt>
      <trkpt lat="37.229705" lon="-81.603459"></trkpt>
      <trkpt lat="37.229496" lon="-81.603193"></trkpt>
      <trkpt lat="37.229133" lon="-81.602652"></trkpt>
      <trkpt lat="37.228817" lon="-81.602186"></trkpt>
      <trkpt lat="37.228655" lon="-81.602015"></trkpt>
      <trkpt lat="37.228518" lon="-81.601900"></trkpt>
      <trkpt lat="37.228269" lon="-81.601745"></trkpt>
      <trkpt lat="37.227765" lon="-81.601505"></trkpt>
      <trkpt lat="37.227581" lon="-81.601404"></trkpt>
      <trkpt lat="37.227390" lon="-81.601275"></trkpt>
      <trkpt lat="37.227241" lon="-81.601116"></trkpt>
      <trkpt lat="37.227132" lon="-81.600945"></trkpt>
      <trkpt lat="37.227019" lon="-81.600708"></trkpt>
      <trkpt lat="37.226950" lon="-81.600452"></trkpt>
      <trkpt lat="37.226734" lon="-81.599229"></trkpt>
      <trkpt lat="37.226573" lon="-81.598314"></trkpt>
      <trkpt lat="37.226553" lon="-81.598184"></trkpt>
      <trkpt lat="37.226501" lon="-81.597854"></trkpt>
      <trkpt lat="37.226486" lon="-81.597626"></trkpt>
      <trkpt lat="37.226484" lon="-81.597411"></trkpt>
      <trkpt lat="37.226519" lon="-81.597090"></trkpt>
      <trkpt lat="37.226596" lon="-81.596760"></trkpt>
      <trkpt lat="37.226690" lon="-81.596536"></trkpt>
      <trkpt lat="37.226795" lon="-81.596336"></trkpt>
      <trkpt lat="37.226870" lon="-81.596218"></trkpt>
      <trkpt lat="37.226931" lon="-81.596120"></trkpt>
      <trkpt lat="37.227005" lon="-81.596021"></trkpt>
      <trkpt lat="37.227583" lon="-81.595242"></trkpt>
      <trkpt lat="37.227836" lon="-81.594885"></trkpt>
      <trkpt lat="37.227939" lon="-81.594740"></trkpt>
      <trkpt lat="37.228006" lon="-81.594636"></trkpt>
      <trkpt lat="37.228065" lon="-81.594540"></trkpt>
      <trkpt lat="37.228114" lon="-81.594442"></trkpt>
      <trkpt lat="37.228154" lon="-81.594343"></trkpt>
      <trkpt lat="37.228189" lon="-81.594239"></trkpt>
      <trkpt lat="37.228216" lon="-81.594127"></trkpt>
      <trkpt lat="37.228234" lon="-81.594037"></trkpt>
      <trkpt lat="37.228245" lon="-81.593920"></trkpt>
      <trkpt lat="37.228252" lon="-81.593796"></trkpt>
      <trkpt lat="37.228247" lon="-81.593670"></trkpt>
      <trkpt lat="37.228236" lon="-81.593556"></trkpt>
      <trkpt lat="37.228213" lon="-81.593449"></trkpt>
      <trkpt lat="37.228197" lon="-81.593395"></trkpt>
      <trkpt lat="37.228180" lon="-81.593335"></trkpt>
      <trkpt lat="37.228148" lon="-81.593239"></trkpt>
      <trkpt lat="37.228087" lon="-81.593117"></trkpt>
      <trkpt lat="37.228033" lon="-81.593016"></trkpt>
      <trkpt lat="37.227966" lon="-81.592924"></trkpt>
      <trkpt lat="37.227908" lon="-81.592854"></trkpt>
      <trkpt lat="37.227854" lon="-81.592800"></trkpt>
      <trkpt lat="37.227781" lon="-81.592740"></trkpt>
      <trkpt lat="37.227706" lon="-81.592686"></trkpt>
      <trkpt lat="37.227632" lon="-81.592635"></trkpt>
      <trkpt lat="37.227538" lon="-81.592589"></trkpt>
      <trkpt lat="37.227463" lon="-81.592555"></trkpt>
      <trkpt lat="37.227375" lon="-81.592539"></trkpt>
      <trkpt lat="37.227299" lon="-81.592529"></trkpt>
      <trkpt lat="37.227212" lon="-81.592529"></trkpt>
      <trkpt lat="37.227112" lon="-81.592547"></trkpt>
      <trkpt lat="37.227022" lon="-81.592559"></trkpt>
      <trkpt lat="37.226935" lon="-81.592573"></trkpt>
      <trkpt lat="37.226831" lon="-81.592593"></trkpt>
      <trkpt lat="37.226733" lon="-81.592603"></trkpt>
      <trkpt lat="37.226630" lon="-81.592611"></trkpt>
      <trkpt lat="37.226526" lon="-81.592603"></trkpt>
      <trkpt lat="37.226413" lon="-81.592583"></trkpt>
      <trkpt lat="37.226320" lon="-81.592559"></trkpt>
      <trkpt lat="37.226220" lon="-81.592531"></trkpt>
      <trkpt lat="37.226135" lon="-81.592499"></trkpt>
      <trkpt lat="37.226020" lon="-81.592444"></trkpt>
      <trkpt lat="37.225937" lon="-81.592399"></trkpt>
      <trkpt lat="37.225806" lon="-81.592309"></trkpt>
      <trkpt lat="37.225680" lon="-81.592206"></trkpt>
      <trkpt lat="37.225595" lon="-81.592118"></trkpt>
      <trkpt lat="37.225523" lon="-81.592040"></trkpt>
      <trkpt lat="37.225449" lon="-81.591946"></trkpt>
      <trkpt lat="37.225364" lon="-81.591819"></trkpt>
      <trkpt lat="37.225297" lon="-81.591699"></trkpt>
      <trkpt lat="37.225239" lon="-81.591581"></trkpt>
      <trkpt lat="37.225177" lon="-81.591441"></trkpt>
      <trkpt lat="37.225048" lon="-81.591124"></trkpt>
      <trkpt lat="37.224322" lon="-81.589279"></trkpt>
      <trkpt lat="37.223547" lon="-81.587275"></trkpt>
      <trkpt lat="37.223420" lon="-81.586895"></trkpt>
      <trkpt lat="37.223313" lon="-81.586462"></trkpt>
      <trkpt lat="37.223082" lon="-81.585393"></trkpt>
      <trkpt lat="37.222998" lon="-81.585065"></trkpt>
      <trkpt lat="37.222908" lon="-81.584792"></trkpt>
      <trkpt lat="37.222705" lon="-81.584333"></trkpt>
      <trkpt lat="37.222222" lon="-81.583380"></trkpt>
      <trkpt lat="37.221920" lon="-81.582748"></trkpt>
      <trkpt lat="37.221808" lon="-81.582540"></trkpt>
      <trkpt lat="37.221690" lon="-81.582395"></trkpt>
      <trkpt lat="37.221589" lon="-81.582295"></trkpt>
      <trkpt lat="37.221416" lon="-81.582178"></trkpt>
      <trkpt lat="37.221178" lon="-81.582071"></trkpt>
      <trkpt lat="37.220986" lon="-81.582015"></trkpt>
      <trkpt lat="37.220684" lon="-81.581989"></trkpt>
      <trkpt lat="37.220351" lon="-81.581999"></trkpt>
      <trkpt lat="37.220109" lon="-81.582007"></trkpt>
      <trkpt lat="37.219930" lon="-81.581996"></trkpt>
      <trkpt lat="37.219835" lon="-81.581969"></trkpt>
      <trkpt lat="37.219732" lon="-81.581921"></trkpt>
      <trkpt lat="37.219634" lon="-81.581828"></trkpt>
      <trkpt lat="37.219550" lon="-81.581693"></trkpt>
      <trkpt lat="37.219493" lon="-81.581531"></trkpt>
      <trkpt lat="37.219476" lon="-81.581348"></trkpt>
      <trkpt lat="37.219495" lon="-81.581117"></trkpt>
      <trkpt lat="37.219763" lon="-81.579035"></trkpt>
      <trkpt lat="37.219794" lon="-81.578709"></trkpt>
      <trkpt lat="37.219810" lon="-81.578493"></trkpt>
      <trkpt lat="37.219783" lon="-81.578213"></trkpt>
      <trkpt lat="37.219708" lon="-81.577953"></trkpt>
      <trkpt lat="37.219577" lon="-81.577671"></trkpt>
      <trkpt lat="37.219403" lon="-81.577387"></trkpt>
      <trkpt lat="37.219201" lon="-81.577113"></trkpt>
      <trkpt lat="37.218929" lon="-81.576850"></trkpt>
      <trkpt lat="37.218754" lon="-81.576730"></trkpt>
      <trkpt lat="37.218450" lon="-81.576626"></trkpt>
      <trkpt lat="37.218192" lon="-81.576575"></trkpt>
      <trkpt lat="37.217930" lon="-81.576558"></trkpt>
      <trkpt lat="37.217463" lon="-81.576529"></trkpt>
      <trkpt lat="37.217300" lon="-81.576500"></trkpt>
      <trkpt lat="37.217137" lon="-81.576442"></trkpt>
      <trkpt lat="37.216970" lon="-81.576334"></trkpt>
      <trkpt lat="37.216827" lon="-81.576181"></trkpt>
      <trkpt lat="37.216725" lon="-81.575993"></trkpt>
      <trkpt lat="37.216636" lon="-81.575750"></trkpt>
      <trkpt lat="37.216590" lon="-81.575498"></trkpt>
      <trkpt lat="37.216545" lon="-81.575141"></trkpt>
      <trkpt lat="37.216450" lon="-81.574555"></trkpt>
      <trkpt lat="37.216343" lon="-81.573874"></trkpt>
      <trkpt lat="37.216181" lon="-81.573407"></trkpt>
      <trkpt lat="37.215942" lon="-81.572956"></trkpt>
      <trkpt lat="37.214720" lon="-81.571111"></trkpt>
      <trkpt lat="37.213451" lon="-81.569191"></trkpt>
      <trkpt lat="37.212097" lon="-81.567207"></trkpt>
      <trkpt lat="37.211712" lon="-81.566641"></trkpt>
      <trkpt lat="37.211375" lon="-81.566239"></trkpt>
      <trkpt lat="37.210911" lon="-81.565880"></trkpt>
      <trkpt lat="37.210369" lon="-81.565584"></trkpt>
      <trkpt lat="37.210305" lon="-81.565542"></trkpt>
      <trkpt lat="37.210136" lon="-81.565459"></trkpt>
      <trkpt lat="37.209702" lon="-81.565252"></trkpt>
      <trkpt lat="37.209374" lon="-81.565110"></trkpt>
      <trkpt lat="37.208948" lon="-81.564964"></trkpt>
      <trkpt lat="37.208864" lon="-81.564933"></trkpt>
      <trkpt lat="37.208709" lon="-81.564876"></trkpt>
      <trkpt lat="37.208328" lon="-81.564720"></trkpt>
      <trkpt lat="37.208132" lon="-81.564598"></trkpt>
      <trkpt lat="37.207931" lon="-81.564423"></trkpt>
      <trkpt lat="37.207788" lon="-81.564195"></trkpt>
      <trkpt lat="37.207649" lon="-81.563954"></trkpt>
      <trkpt lat="37.207557" lon="-81.563653"></trkpt>
      <trkpt lat="37.207474" lon="-81.563277"></trkpt>
      <trkpt lat="37.207538" lon="-81.563123"></trkpt>
      <trkpt lat="37.207795" lon="-81.562498"></trkpt>
      <trkpt lat="37.207881" lon="-81.562311"></trkpt>
      <trkpt lat="37.208022" lon="-81.562031"></trkpt>
      <trkpt lat="37.208246" lon="-81.561616"></trkpt>
      <trkpt lat="37.208303" lon="-81.561503"></trkpt>
      <trkpt lat="37.208365" lon="-81.561365"></trkpt>
      <trkpt lat="37.208406" lon="-81.561253"></trkpt>
      <trkpt lat="37.208427" lon="-81.561185"></trkpt>
      <trkpt lat="37.208452" lon="-81.561087"></trkpt>
      <trkpt lat="37.208470" lon="-81.560995"></trkpt>
      <trkpt lat="37.208483" lon="-81.560906"></trkpt>
      <trkpt lat="37.208493" lon="-81.560815"></trkpt>
      <trkpt lat="37.208498" lon="-81.560711"></trkpt>
      <trkpt lat="37.208502" lon="-81.560628"></trkpt>
      <trkpt lat="37.208504" lon="-81.559991"></trkpt>
      <trkpt lat="37.208503" lon="-81.559328"></trkpt>
      <trkpt lat="37.208499" lon="-81.559215"></trkpt>
      <trkpt lat="37.208490" lon="-81.559107"></trkpt>
      <trkpt lat="37.208479" lon="-81.559032"></trkpt>
      <trkpt lat="37.208464" lon="-81.558953"></trkpt>
      <trkpt lat="37.208446" lon="-81.558883"></trkpt>
      <trkpt lat="37.208428" lon="-81.558817"></trkpt>
      <trkpt lat="37.208408" lon="-81.558759"></trkpt>
      <trkpt lat="37.208388" lon="-81.558702"></trkpt>
      <trkpt lat="37.208361" lon="-81.558635"></trkpt>
      <trkpt lat="37.208333" lon="-81.558576"></trkpt>
      <trkpt lat="37.208311" lon="-81.558534"></trkpt>
      <trkpt lat="37.208282" lon="-81.558491"></trkpt>
      <trkpt lat="37.208235" lon="-81.558420"></trkpt>
      <trkpt lat="37.208204" lon="-81.558373"></trkpt>
      <trkpt lat="37.208169" lon="-81.558325"></trkpt>
      <trkpt lat="37.208136" lon="-81.558282"></trkpt>
      <trkpt lat="37.208092" lon="-81.558237"></trkpt>
      <trkpt lat="37.208020" lon="-81.558170"></trkpt>
      <trkpt lat="37.207971" lon="-81.558129"></trkpt>
      <trkpt lat="37.207926" lon="-81.558097"></trkpt>
      <trkpt lat="37.207881" lon="-81.558069"></trkpt>
      <trkpt lat="37.207823" lon="-81.558035"></trkpt>
      <trkpt lat="37.207728" lon="-81.557985"></trkpt>
      <trkpt lat="37.207581" lon="-81.557911"></trkpt>
      <trkpt lat="37.207520" lon="-81.557878"></trkpt>
      <trkpt lat="37.207469" lon="-81.557843"></trkpt>
      <trkpt lat="37.207430" lon="-81.557810"></trkpt>
      <trkpt lat="37.207399" lon="-81.557774"></trkpt>
      <trkpt lat="37.207370" lon="-81.557727"></trkpt>
      <trkpt lat="37.207348" lon="-81.557683"></trkpt>
      <trkpt lat="37.207322" lon="-81.557617"></trkpt>
      <trkpt lat="37.207303" lon="-81.557546"></trkpt>
      <trkpt lat="37.207288" lon="-81.557487"></trkpt>
      <trkpt lat="37.207276" lon="-81.557421"></trkpt>
      <trkpt lat="37.207270" lon="-81.557349"></trkpt>
      <trkpt lat="37.207267" lon="-81.557281"></trkpt>
      <trkpt lat="37.207268" lon="-81.557211"></trkpt>
      <trkpt lat="37.207274" lon="-81.557153"></trkpt>
      <trkpt lat="37.207285" lon="-81.557083"></trkpt>
      <trkpt lat="37.207303" lon="-81.556996"></trkpt>
      <trkpt lat="37.207327" lon="-81.556897"></trkpt>
      <trkpt lat="37.207368" lon="-81.556755"></trkpt>
      <trkpt lat="37.207415" lon="-81.556596"></trkpt>
      <trkpt lat="37.207590" lon="-81.556038"></trkpt>
      <trkpt lat="37.207816" lon="-81.555387"></trkpt>
      <trkpt lat="37.207961" lon="-81.554973"></trkpt>
      <trkpt lat="37.208039" lon="-81.554767"></trkpt>
      <trkpt lat="37.208111" lon="-81.554596"></trkpt>
      <trkpt lat="37.208169" lon="-81.554476"></trkpt>
      <trkpt lat="37.208237" lon="-81.554345"></trkpt>
      <trkpt lat="37.208291" lon="-81.554259"></trkpt>
      <trkpt lat="37.208356" lon="-81.554183"></trkpt>
      <trkpt lat="37.208460" lon="-81.554099"></trkpt>
      <trkpt lat="37.208644" lon="-81.553979"></trkpt>
      <trkpt lat="37.208757" lon="-81.553919"></trkpt>
      <trkpt lat="37.208902" lon="-81.553850"></trkpt>
      <trkpt lat="37.209015" lon="-81.553807"></trkpt>
      <trkpt lat="37.209142" lon="-81.553772"></trkpt>
      <trkpt lat="37.209255" lon="-81.553747"></trkpt>
      <trkpt lat="37.209394" lon="-81.553728"></trkpt>
      <trkpt lat="37.209508" lon="-81.553706"></trkpt>
      <trkpt lat="37.209652" lon="-81.553660"></trkpt>
      <trkpt lat="37.209786" lon="-81.553606"></trkpt>
      <trkpt lat="37.209904" lon="-81.553545"></trkpt>
      <trkpt lat="37.210066" lon="-81.553456"></trkpt>
      <trkpt lat="37.210208" lon="-81.553355"></trkpt>
      <trkpt lat="37.210408" lon="-81.553203"></trkpt>
      <trkpt lat="37.210546" lon="-81.553083"></trkpt>
      <trkpt lat="37.210694" lon="-81.552949"></trkpt>
      <trkpt lat="37.210803" lon="-81.552824"></trkpt>
      <trkpt lat="37.211084" lon="-81.552502"></trkpt>
      <trkpt lat="37.211597" lon="-81.551868"></trkpt>
      <trkpt lat="37.211759" lon="-81.551683"></trkpt>
      <trkpt lat="37.211871" lon="-81.551571"></trkpt>
      <trkpt lat="37.211965" lon="-81.551485"></trkpt>
      <trkpt lat="37.212177" lon="-81.551282"></trkpt>
      <trkpt lat="37.213154" lon="-81.550362"></trkpt>
      <trkpt lat="37.213429" lon="-81.550093"></trkpt>
      <trkpt lat="37.213796" lon="-81.549744"></trkpt>
      <trkpt lat="37.214275" lon="-81.549299"></trkpt>
      <trkpt lat="37.214588" lon="-81.549028"></trkpt>
      <trkpt lat="37.214856" lon="-81.548828"></trkpt>
      <trkpt lat="37.214992" lon="-81.548717"></trkpt>
      <trkpt lat="37.215166" lon="-81.548567"></trkpt>
      <trkpt lat="37.215496" lon="-81.548266"></trkpt>
      <trkpt lat="37.215707" lon="-81.548058"></trkpt>
      <trkpt lat="37.215889" lon="-81.547841"></trkpt>
      <trkpt lat="37.216079" lon="-81.547605"></trkpt>
      <trkpt lat="37.216177" lon="-81.547494"></trkpt>
      <trkpt lat="37.216253" lon="-81.547421"></trkpt>
      <trkpt lat="37.216322" lon="-81.547369"></trkpt>
      <trkpt lat="37.216398" lon="-81.547328"></trkpt>
      <trkpt lat="37.217941" lon="-81.546845"></trkpt>
      <trkpt lat="37.218074" lon="-81.546812"></trkpt>
      <trkpt lat="37.218252" lon="-81.546750"></trkpt>
      <trkpt lat="37.219216" lon="-81.546332"></trkpt>
      <trkpt lat="37.219427" lon="-81.546260"></trkpt>
      <trkpt lat="37.219623" lon="-81.546208"></trkpt>
      <trkpt lat="37.219825" lon="-81.546172"></trkpt>
      <trkpt lat="37.220005" lon="-81.546130"></trkpt>
      <trkpt lat="37.220080" lon="-81.546103"></trkpt>
      <trkpt lat="37.220128" lon="-81.546076"></trkpt>
      <trkpt lat="37.220183" lon="-81.546028"></trkpt>
      <trkpt lat="37.220243" lon="-81.545965"></trkpt>
      <trkpt lat="37.220327" lon="-81.545893"></trkpt>
      <trkpt lat="37.220628" lon="-81.545646"></trkpt>
      <trkpt lat="37.220769" lon="-81.545520"></trkpt>
      <trkpt lat="37.220832" lon="-81.545435"></trkpt>
      <trkpt lat="37.220886" lon="-81.545338"></trkpt>
      <trkpt lat="37.220947" lon="-81.545194"></trkpt>
      <trkpt lat="37.221019" lon="-81.544992"></trkpt>
      <trkpt lat="37.221075" lon="-81.544827"></trkpt>
      <trkpt lat="37.221114" lon="-81.544686"></trkpt>
      <trkpt lat="37.221149" lon="-81.544534"></trkpt>
      <trkpt lat="37.221161" lon="-81.544405"></trkpt>
      <trkpt lat="37.221166" lon="-81.544258"></trkpt>
      <trkpt lat="37.221159" lon="-81.544144"></trkpt>
      <trkpt lat="37.221143" lon="-81.544047"></trkpt>
      <trkpt lat="37.221120" lon="-81.543960"></trkpt>
      <trkpt lat="37.221092" lon="-81.543879"></trkpt>
      <trkpt lat="37.221016" lon="-81.543728"></trkpt>
      <trkpt lat="37.220965" lon="-81.543622"></trkpt>
      <trkpt lat="37.220929" lon="-81.543530"></trkpt>
      <trkpt lat="37.220898" lon="-81.543429"></trkpt>
      <trkpt lat="37.220871" lon="-81.543281"></trkpt>
      <trkpt lat="37.220844" lon="-81.543174"></trkpt>
      <trkpt lat="37.220812" lon="-81.543053"></trkpt>
      <trkpt lat="37.220735" lon="-81.542799"></trkpt>
      <trkpt lat="37.220642" lon="-81.542457"></trkpt>
      <trkpt lat="37.220502" lon="-81.541856"></trkpt>
      <trkpt lat="37.220443" lon="-81.541597"></trkpt>
      <trkpt lat="37.220426" lon="-81.541498"></trkpt>
      <trkpt lat="37.220418" lon="-81.541403"></trkpt>
      <trkpt lat="37.220419" lon="-81.541315"></trkpt>
      <trkpt lat="37.220433" lon="-81.541237"></trkpt>
      <trkpt lat="37.220450" lon="-81.541169"></trkpt>
      <trkpt lat="37.220488" lon="-81.541100"></trkpt>
      <trkpt lat="37.220540" lon="-81.541043"></trkpt>
      <trkpt lat="37.220687" lon="-81.540910"></trkpt>
      <trkpt lat="37.221064" lon="-81.540558"></trkpt>
      <trkpt lat="37.221664" lon="-81.539983"></trkpt>
      <trkpt lat="37.221799" lon="-81.539850"></trkpt>
      <trkpt lat="37.221893" lon="-81.539726"></trkpt>
      <trkpt lat="37.221952" lon="-81.539626"></trkpt>
      <trkpt lat="37.222008" lon="-81.539510"></trkpt>
      <trkpt lat="37.222052" lon="-81.539416"></trkpt>
      <trkpt lat="37.222099" lon="-81.539329"></trkpt>
      <trkpt lat="37.222152" lon="-81.539258"></trkpt>
      <trkpt lat="37.222220" lon="-81.539170"></trkpt>
      <trkpt lat="37.222278" lon="-81.539079"></trkpt>
      <trkpt lat="37.222308" lon="-81.539004"></trkpt>
      <trkpt lat="37.222325" lon="-81.538920"></trkpt>
      <trkpt lat="37.222323" lon="-81.538824"></trkpt>
      <trkpt lat="37.222310" lon="-81.538740"></trkpt>
      <trkpt lat="37.222296" lon="-81.538598"></trkpt>
      <trkpt lat="37.222270" lon="-81.538198"></trkpt>
      <trkpt lat="37.222264" lon="-81.537981"></trkpt>
      <trkpt lat="37.222265" lon="-81.537737"></trkpt>
      <trkpt lat="37.222275" lon="-81.537568"></trkpt>
      <trkpt lat="37.222288" lon="-81.537464"></trkpt>
      <trkpt lat="37.222306" lon="-81.537369"></trkpt>
      <trkpt lat="37.222327" lon="-81.537321"></trkpt>
      <trkpt lat="37.222366" lon="-81.537261"></trkpt>
      <trkpt lat="37.222408" lon="-81.537218"></trkpt>
      <trkpt lat="37.222485" lon="-81.537161"></trkpt>
      <trkpt lat="37.222580" lon="-81.537107"></trkpt>
      <trkpt lat="37.222689" lon="-81.537065"></trkpt>
      <trkpt lat="37.222800" lon="-81.537005"></trkpt>
      <trkpt lat="37.222893" lon="-81.536948"></trkpt>
      <trkpt lat="37.223002" lon="-81.536863"></trkpt>
      <trkpt lat="37.223139" lon="-81.536744"></trkpt>
      <trkpt lat="37.223220" lon="-81.536654"></trkpt>
      <trkpt lat="37.223301" lon="-81.536541"></trkpt>
      <trkpt lat="37.223397" lon="-81.536376"></trkpt>
      <trkpt lat="37.223501" lon="-81.536168"></trkpt>
      <trkpt lat="37.223560" lon="-81.536024"></trkpt>
      <trkpt lat="37.223596" lon="-81.535911"></trkpt>
      <trkpt lat="37.223613" lon="-81.535833"></trkpt>
      <trkpt lat="37.223621" lon="-81.535764"></trkpt>
      <trkpt lat="37.223628" lon="-81.535665"></trkpt>
      <trkpt lat="37.223653" lon="-81.535467"></trkpt>
      <trkpt lat="37.223729" lon="-81.534908"></trkpt>
      <trkpt lat="37.223840" lon="-81.534171"></trkpt>
      <trkpt lat="37.223871" lon="-81.533940"></trkpt>
      <trkpt lat="37.223900" lon="-81.533630"></trkpt>
      <trkpt lat="37.223921" lon="-81.533433"></trkpt>
      <trkpt lat="37.223949" lon="-81.533251"></trkpt>
      <trkpt lat="37.223971" lon="-81.533148"></trkpt>
      <trkpt lat="37.224004" lon="-81.533043"></trkpt>
      <trkpt lat="37.224037" lon="-81.532949"></trkpt>
      <trkpt lat="37.224075" lon="-81.532869"></trkpt>
      <trkpt lat="37.224123" lon="-81.532778"></trkpt>
      <trkpt lat="37.224189" lon="-81.532670"></trkpt>
      <trkpt lat="37.224284" lon="-81.532543"></trkpt>
      <trkpt lat="37.224362" lon="-81.532451"></trkpt>
      <trkpt lat="37.224439" lon="-81.532356"></trkpt>
      <trkpt lat="37.224509" lon="-81.532263"></trkpt>
      <trkpt lat="37.224603" lon="-81.532157"></trkpt>
      <trkpt lat="37.224719" lon="-81.532019"></trkpt>
      <trkpt lat="37.224837" lon="-81.531876"></trkpt>
      <trkpt lat="37.224961" lon="-81.531726"></trkpt>
      <trkpt lat="37.225096" lon="-81.531533"></trkpt>
      <trkpt lat="37.225162" lon="-81.531420"></trkpt>
      <trkpt lat="37.225265" lon="-81.531221"></trkpt>
      <trkpt lat="37.225652" lon="-81.530515"></trkpt>
      <trkpt lat="37.225686" lon="-81.530443"></trkpt>
      <trkpt lat="37.225731" lon="-81.530328"></trkpt>
      <trkpt lat="37.225757" lon="-81.530228"></trkpt>
      <trkpt lat="37.225775" lon="-81.530112"></trkpt>
      <trkpt lat="37.225782" lon="-81.529979"></trkpt>
      <trkpt lat="37.225787" lon="-81.529742"></trkpt>
      <trkpt lat="37.225785" lon="-81.529638"></trkpt>
      <trkpt lat="37.225776" lon="-81.529468"></trkpt>
      <trkpt lat="37.225771" lon="-81.529320"></trkpt>
      <trkpt lat="37.225779" lon="-81.529080"></trkpt>
      <trkpt lat="37.225791" lon="-81.528710"></trkpt>
      <trkpt lat="37.225803" lon="-81.528592"></trkpt>
      <trkpt lat="37.225859" lon="-81.528115"></trkpt>
      <trkpt lat="37.225881" lon="-81.528004"></trkpt>
      <trkpt lat="37.225914" lon="-81.527890"></trkpt>
      <trkpt lat="37.225981" lon="-81.527728"></trkpt>
      <trkpt lat="37.226080" lon="-81.527524"></trkpt>
      <trkpt lat="37.226192" lon="-81.527321"></trkpt>
      <trkpt lat="37.226428" lon="-81.526974"></trkpt>
      <trkpt lat="37.226531" lon="-81.526824"></trkpt>
      <trkpt lat="37.226641" lon="-81.526643"></trkpt>
      <trkpt lat="37.226750" lon="-81.526478"></trkpt>
      <trkpt lat="37.226875" lon="-81.526311"></trkpt>
      <trkpt lat="37.226969" lon="-81.526204"></trkpt>
      <trkpt lat="37.227066" lon="-81.526106"></trkpt>
      <trkpt lat="37.227146" lon="-81.526043"></trkpt>
      <trkpt lat="37.227489" lon="-81.525820"></trkpt>
      <trkpt lat="37.227738" lon="-81.525661"></trkpt>
      <trkpt lat="37.227899" lon="-81.525546"></trkpt>
      <trkpt lat="37.227998" lon="-81.525470"></trkpt>
      <trkpt lat="37.228127" lon="-81.525342"></trkpt>
      <trkpt lat="37.228223" lon="-81.525222"></trkpt>
      <trkpt lat="37.228270" lon="-81.525156"></trkpt>
      <trkpt lat="37.228383" lon="-81.524984"></trkpt>
      <trkpt lat="37.228440" lon="-81.524894"></trkpt>
      <trkpt lat="37.228478" lon="-81.524819"></trkpt>
      <trkpt lat="37.228498" lon="-81.524758"></trkpt>
      <trkpt lat="37.228513" lon="-81.524680"></trkpt>
      <trkpt lat="37.228516" lon="-81.524584"></trkpt>
      <trkpt lat="37.228509" lon="-81.524525"></trkpt>
      <trkpt lat="37.228495" lon="-81.524455"></trkpt>
      <trkpt lat="37.228453" lon="-81.524289"></trkpt>
      <trkpt lat="37.228434" lon="-81.524190"></trkpt>
      <trkpt lat="37.228424" lon="-81.524111"></trkpt>
      <trkpt lat="37.228423" lon="-81.524034"></trkpt>
      <trkpt lat="37.228432" lon="-81.523662"></trkpt>
      <trkpt lat="37.228436" lon="-81.523386"></trkpt>
      <trkpt lat="37.228432" lon="-81.523303"></trkpt>
      <trkpt lat="37.228364" lon="-81.522575"></trkpt>
      <trkpt lat="37.228346" lon="-81.522424"></trkpt>
      <trkpt lat="37.228320" lon="-81.522288"></trkpt>
      <trkpt lat="37.228278" lon="-81.522109"></trkpt>
      <trkpt lat="37.228219" lon="-81.521882"></trkpt>
      <trkpt lat="37.228188" lon="-81.521798"></trkpt>
      <trkpt lat="37.228149" lon="-81.521700"></trkpt>
      <trkpt lat="37.228123" lon="-81.521655"></trkpt>
      <trkpt lat="37.227844" lon="-81.521263"></trkpt>
      <trkpt lat="37.227734" lon="-81.521100"></trkpt>
      <trkpt lat="37.227681" lon="-81.520986"></trkpt>
      <trkpt lat="37.227654" lon="-81.520884"></trkpt>
      <trkpt lat="37.227646" lon="-81.520797"></trkpt>
      <trkpt lat="37.227649" lon="-81.520709"></trkpt>
      <trkpt lat="37.227662" lon="-81.520624"></trkpt>
      <trkpt lat="37.227684" lon="-81.520545"></trkpt>
      <trkpt lat="37.227722" lon="-81.520444"></trkpt>
      <trkpt lat="37.227776" lon="-81.520336"></trkpt>
      <trkpt lat="37.227910" lon="-81.520109"></trkpt>
      <trkpt lat="37.227973" lon="-81.520016"></trkpt>
      <trkpt lat="37.228045" lon="-81.519926"></trkpt>
      <trkpt lat="37.228126" lon="-81.519842"></trkpt>
      <trkpt lat="37.228328" lon="-81.519677"></trkpt>
      <trkpt lat="37.228411" lon="-81.519608"></trkpt>
      <trkpt lat="37.228515" lon="-81.519516"></trkpt>
      <trkpt lat="37.228574" lon="-81.519457"></trkpt>
      <trkpt lat="37.228648" lon="-81.519381"></trkpt>
      <trkpt lat="37.228738" lon="-81.519272"></trkpt>
      <trkpt lat="37.228821" lon="-81.519164"></trkpt>
      <trkpt lat="37.228905" lon="-81.519045"></trkpt>
      <trkpt lat="37.228982" lon="-81.518899"></trkpt>
      <trkpt lat="37.229027" lon="-81.518788"></trkpt>
      <trkpt lat="37.229069" lon="-81.518647"></trkpt>
      <trkpt lat="37.229109" lon="-81.518477"></trkpt>
      <trkpt lat="37.229144" lon="-81.518235"></trkpt>
      <trkpt lat="37.229306" lon="-81.516876"></trkpt>
      <trkpt lat="37.229327" lon="-81.516726"></trkpt>
      <trkpt lat="37.229356" lon="-81.516594"></trkpt>
      <trkpt lat="37.229392" lon="-81.516477"></trkpt>
      <trkpt lat="37.229435" lon="-81.516372"></trkpt>
      <trkpt lat="37.229484" lon="-81.516279"></trkpt>
      <trkpt lat="37.229536" lon="-81.516214"></trkpt>
      <trkpt lat="37.229606" lon="-81.516145"></trkpt>
      <trkpt lat="37.229819" lon="-81.515977"></trkpt>
      <trkpt lat="37.229993" lon="-81.515841"></trkpt>
      <trkpt lat="37.230109" lon="-81.515737"></trkpt>
      <trkpt lat="37.230191" lon="-81.515657"></trkpt>
      <trkpt lat="37.230275" lon="-81.515572"></trkpt>
      <trkpt lat="37.230381" lon="-81.515430"></trkpt>
      <trkpt lat="37.230624" lon="-81.515081"></trkpt>
      <trkpt lat="37.230691" lon="-81.514975"></trkpt>
      <trkpt lat="37.230762" lon="-81.514841"></trkpt>
      <trkpt lat="37.230863" lon="-81.514636"></trkpt>
      <trkpt lat="37.230912" lon="-81.514538"></trkpt>
      <trkpt lat="37.231101" lon="-81.514186"></trkpt>
      <trkpt lat="37.231206" lon="-81.513989"></trkpt>
      <trkpt lat="37.231298" lon="-81.513777"></trkpt>
      <trkpt lat="37.231420" lon="-81.513481"></trkpt>
      <trkpt lat="37.231559" lon="-81.513097"></trkpt>
      <trkpt lat="37.231703" lon="-81.512659"></trkpt>
      <trkpt lat="37.231775" lon="-81.512357"></trkpt>
      <trkpt lat="37.231844" lon="-81.512017"></trkpt>
      <trkpt lat="37.231914" lon="-81.511584"></trkpt>
      <trkpt lat="37.231966" lon="-81.511250"></trkpt>
      <trkpt lat="37.231999" lon="-81.511087"></trkpt>
      <trkpt lat="37.232028" lon="-81.510960"></trkpt>
      <trkpt lat="37.232102" lon="-81.510719"></trkpt>
      <trkpt lat="37.232155" lon="-81.510521"></trkpt>
      <trkpt lat="37.232225" lon="-81.510249"></trkpt>
      <trkpt lat="37.232287" lon="-81.509942"></trkpt>
      <trkpt lat="37.232316" lon="-81.509842"></trkpt>
      <trkpt lat="37.232342" lon="-81.509776"></trkpt>
      <trkpt lat="37.232385" lon="-81.509694"></trkpt>
      <trkpt lat="37.232446" lon="-81.509593"></trkpt>
      <trkpt lat="37.232611" lon="-81.509406"></trkpt>
      <trkpt lat="37.232702" lon="-81.509303"></trkpt>
      <trkpt lat="37.232797" lon="-81.509187"></trkpt>
      <trkpt lat="37.232953" lon="-81.509007"></trkpt>
      <trkpt lat="37.233232" lon="-81.508673"></trkpt>
      <trkpt lat="37.233375" lon="-81.508515"></trkpt>
      <trkpt lat="37.233569" lon="-81.508267"></trkpt>
      <trkpt lat="37.233681" lon="-81.508097"></trkpt>
      <trkpt lat="37.233796" lon="-81.507917"></trkpt>
      <trkpt lat="37.233871" lon="-81.507799"></trkpt>
      <trkpt lat="37.233932" lon="-81.507721"></trkpt>
      <trkpt lat="37.233973" lon="-81.507677"></trkpt>
      <trkpt lat="37.234022" lon="-81.507635"></trkpt>
      <trkpt lat="37.234204" lon="-81.507505"></trkpt>
      <trkpt lat="37.234399" lon="-81.507391"></trkpt>
      <trkpt lat="37.234644" lon="-81.507261"></trkpt>
      <trkpt lat="37.234783" lon="-81.507200"></trkpt>
      <trkpt lat="37.234988" lon="-81.507131"></trkpt>
      <trkpt lat="37.235127" lon="-81.507096"></trkpt>
      <trkpt lat="37.235332" lon="-81.507055"></trkpt>
      <trkpt lat="37.235487" lon="-81.507035"></trkpt>
      <trkpt lat="37.235654" lon="-81.507028"></trkpt>
      <trkpt lat="37.235919" lon="-81.507027"></trkpt>
      <trkpt lat="37.236170" lon="-81.507018"></trkpt>
      <trkpt lat="37.236359" lon="-81.507005"></trkpt>
      <trkpt lat="37.236477" lon="-81.506988"></trkpt>
      <trkpt lat="37.236589" lon="-81.506966"></trkpt>
      <trkpt lat="37.236758" lon="-81.506929"></trkpt>
      <trkpt lat="37.237065" lon="-81.506865"></trkpt>
      <trkpt lat="37.237262" lon="-81.506829"></trkpt>
      <trkpt lat="37.237423" lon="-81.506807"></trkpt>
      <trkpt lat="37.237579" lon="-81.506801"></trkpt>
      <trkpt lat="37.237790" lon="-81.506797"></trkpt>
      <trkpt lat="37.237971" lon="-81.506785"></trkpt>
      <trkpt lat="37.238081" lon="-81.506768"></trkpt>
      <trkpt lat="37.238289" lon="-81.506709"></trkpt>
      <trkpt lat="37.238432" lon="-81.506649"></trkpt>
      <trkpt lat="37.238617" lon="-81.506584"></trkpt>
      <trkpt lat="37.238700" lon="-81.506565"></trkpt>
      <trkpt lat="37.238859" lon="-81.506558"></trkpt>
      <trkpt lat="37.239033" lon="-81.506571"></trkpt>
      <trkpt lat="37.239154" lon="-81.506585"></trkpt>
      <trkpt lat="37.239331" lon="-81.506617"></trkpt>
      <trkpt lat="37.239648" lon="-81.506683"></trkpt>
      <trkpt lat="37.239825" lon="-81.506736"></trkpt>
      <trkpt lat="37.239962" lon="-81.506801"></trkpt>
      <trkpt lat="37.240051" lon="-81.506850"></trkpt>
      <trkpt lat="37.240174" lon="-81.506941"></trkpt>
      <trkpt lat="37.240282" lon="-81.507029"></trkpt>
      <trkpt lat="37.240329" lon="-81.507065"></trkpt>
      <trkpt lat="37.240381" lon="-81.507094"></trkpt>
      <trkpt lat="37.240418" lon="-81.507109"></trkpt>
      <trkpt lat="37.240460" lon="-81.507115"></trkpt>
      <trkpt lat="37.240500" lon="-81.507115"></trkpt>
      <trkpt lat="37.240555" lon="-81.507103"></trkpt>
      <trkpt lat="37.240629" lon="-81.507071"></trkpt>
      <trkpt lat="37.240796" lon="-81.506965"></trkpt>
      <trkpt lat="37.240859" lon="-81.506930"></trkpt>
      <trkpt lat="37.240949" lon="-81.506893"></trkpt>
      <trkpt lat="37.241078" lon="-81.506858"></trkpt>
      <trkpt lat="37.241163" lon="-81.506844"></trkpt>
      <trkpt lat="37.241262" lon="-81.506836"></trkpt>
      <trkpt lat="37.241353" lon="-81.506835"></trkpt>
      <trkpt lat="37.241452" lon="-81.506842"></trkpt>
      <trkpt lat="37.241575" lon="-81.506857"></trkpt>
      <trkpt lat="37.241759" lon="-81.506900"></trkpt>
      <trkpt lat="37.242355" lon="-81.507083"></trkpt>
      <trkpt lat="37.242464" lon="-81.507114"></trkpt>
      <trkpt lat="37.242551" lon="-81.507127"></trkpt>
      <trkpt lat="37.242673" lon="-81.507143"></trkpt>
      <trkpt lat="37.242791" lon="-81.507143"></trkpt>
      <trkpt lat="37.242911" lon="-81.507134"></trkpt>
      <trkpt lat="37.243077" lon="-81.507133"></trkpt>
      <trkpt lat="37.243209" lon="-81.507142"></trkpt>
      <trkpt lat="37.243376" lon="-81.507145"></trkpt>
      <trkpt lat="37.243902" lon="-81.507130"></trkpt>
      <trkpt lat="37.244346" lon="-81.507129"></trkpt>
      <trkpt lat="37.244474" lon="-81.507120"></trkpt>
      <trkpt lat="37.244554" lon="-81.507103"></trkpt>
      <trkpt lat="37.244647" lon="-81.507072"></trkpt>
      <trkpt lat="37.244757" lon="-81.507022"></trkpt>
      <trkpt lat="37.244865" lon="-81.506954"></trkpt>
      <trkpt lat="37.244972" lon="-81.506887"></trkpt>
      <trkpt lat="37.245214" lon="-81.506767"></trkpt>
      <trkpt lat="37.245472" lon="-81.506649"></trkpt>
      <trkpt lat="37.245834" lon="-81.506486"></trkpt>
      <trkpt lat="37.245922" lon="-81.506443"></trkpt>
      <trkpt lat="37.246080" lon="-81.506331"></trkpt>
      <trkpt lat="37.246681" lon="-81.505903"></trkpt>
      <trkpt lat="37.246900" lon="-81.505757"></trkpt>
      <trkpt lat="37.247033" lon="-81.505681"></trkpt>
      <trkpt lat="37.247182" lon="-81.505604"></trkpt>
      <trkpt lat="37.247333" lon="-81.505533"></trkpt>
      <trkpt lat="37.247481" lon="-81.505477"></trkpt>
      <trkpt lat="37.247699" lon="-81.505387"></trkpt>
      <trkpt lat="37.247828" lon="-81.505324"></trkpt>
      <trkpt lat="37.248002" lon="-81.505234"></trkpt>
      <trkpt lat="37.248288" lon="-81.505066"></trkpt>
      <trkpt lat="37.248394" lon="-81.505003"></trkpt>
      <trkpt lat="37.248503" lon="-81.504955"></trkpt>
      <trkpt lat="37.248634" lon="-81.504917"></trkpt>
      <trkpt lat="37.248717" lon="-81.504903"></trkpt>
      <trkpt lat="37.248795" lon="-81.504902"></trkpt>
      <trkpt lat="37.248909" lon="-81.504914"></trkpt>
      <trkpt lat="37.249305" lon="-81.504965"></trkpt>
      <trkpt lat="37.249415" lon="-81.504973"></trkpt>
      <trkpt lat="37.249538" lon="-81.504970"></trkpt>
      <trkpt lat="37.249704" lon="-81.504956"></trkpt>
      <trkpt lat="37.249862" lon="-81.504932"></trkpt>
      <trkpt lat="37.251055" lon="-81.504709"></trkpt>
      <trkpt lat="37.251172" lon="-81.504693"></trkpt>
      <trkpt lat="37.251299" lon="-81.504685"></trkpt>
      <trkpt lat="37.251438" lon="-81.504681"></trkpt>
      <trkpt lat="37.251545" lon="-81.504682"></trkpt>
      <trkpt lat="37.251632" lon="-81.504673"></trkpt>
      <trkpt lat="37.251732" lon="-81.504652"></trkpt>
      <trkpt lat="37.251833" lon="-81.504621"></trkpt>
      <trkpt lat="37.251949" lon="-81.504569"></trkpt>
      <trkpt lat="37.252977" lon="-81.504087"></trkpt>
      <trkpt lat="37.253247" lon="-81.503939"></trkpt>
      <trkpt lat="37.253459" lon="-81.503815"></trkpt>
      <trkpt lat="37.253628" lon="-81.503698"></trkpt>
      <trkpt lat="37.253839" lon="-81.503545"></trkpt>
      <trkpt lat="37.254030" lon="-81.503390"></trkpt>
      <trkpt lat="37.254305" lon="-81.503135"></trkpt>
      <trkpt lat="37.254544" lon="-81.502882"></trkpt>
      <trkpt lat="37.255057" lon="-81.502345"></trkpt>
      <trkpt lat="37.255163" lon="-81.502246"></trkpt>
      <trkpt lat="37.255466" lon="-81.501985"></trkpt>
      <trkpt lat="37.255620" lon="-81.501867"></trkpt>
      <trkpt lat="37.255767" lon="-81.501753"></trkpt>
      <trkpt lat="37.255878" lon="-81.501663"></trkpt>
      <trkpt lat="37.255977" lon="-81.501578"></trkpt>
      <trkpt lat="37.256099" lon="-81.501463"></trkpt>
      <trkpt lat="37.256267" lon="-81.501296"></trkpt>
      <trkpt lat="37.256532" lon="-81.501023"></trkpt>
      <trkpt lat="37.256849" lon="-81.500676"></trkpt>
      <trkpt lat="37.256940" lon="-81.500559"></trkpt>
      <trkpt lat="37.257070" lon="-81.500390"></trkpt>
      <trkpt lat="37.257110" lon="-81.500324"></trkpt>
      <trkpt lat="37.257227" lon="-81.500137"></trkpt>
      <trkpt lat="37.257300" lon="-81.500013"></trkpt>
      <trkpt lat="37.257384" lon="-81.499895"></trkpt>
      <trkpt lat="37.257475" lon="-81.499788"></trkpt>
      <trkpt lat="37.257543" lon="-81.499721"></trkpt>
      <trkpt lat="37.257864" lon="-81.499416"></trkpt>
      <trkpt lat="37.258207" lon="-81.499088"></trkpt>
      <trkpt lat="37.258321" lon="-81.498981"></trkpt>
      <trkpt lat="37.258472" lon="-81.498850"></trkpt>
      <trkpt lat="37.258665" lon="-81.498693"></trkpt>
      <trkpt lat="37.258765" lon="-81.498611"></trkpt>
      <trkpt lat="37.258860" lon="-81.498521"></trkpt>
      <trkpt lat="37.259455" lon="-81.497984"></trkpt>
      <trkpt lat="37.259595" lon="-81.497858"></trkpt>
      <trkpt lat="37.259708" lon="-81.497747"></trkpt>
      <trkpt lat="37.259765" lon="-81.497684"></trkpt>
      <trkpt lat="37.259807" lon="-81.497621"></trkpt>
      <trkpt lat="37.259976" lon="-81.497333"></trkpt>
      <trkpt lat="37.260128" lon="-81.497056"></trkpt>
      <trkpt lat="37.260224" lon="-81.496862"></trkpt>
      <trkpt lat="37.260302" lon="-81.496675"></trkpt>
      <trkpt lat="37.260411" lon="-81.496365"></trkpt>
      <trkpt lat="37.260461" lon="-81.496192"></trkpt>
      <trkpt lat="37.260503" lon="-81.496016"></trkpt>
      <trkpt lat="37.260533" lon="-81.495835"></trkpt>
      <trkpt lat="37.260557" lon="-81.495669"></trkpt>
      <trkpt lat="37.260573" lon="-81.495477"></trkpt>
      <trkpt lat="37.260580" lon="-81.495310"></trkpt>
      <trkpt lat="37.260583" lon="-81.495167"></trkpt>
      <trkpt lat="37.260582" lon="-81.495046"></trkpt>
      <trkpt lat="37.260579" lon="-81.494731"></trkpt>
      <trkpt lat="37.260580" lon="-81.494500"></trkpt>
      <trkpt lat="37.260584" lon="-81.494348"></trkpt>
      <trkpt lat="37.260589" lon="-81.494150"></trkpt>
      <trkpt lat="37.260597" lon="-81.493974"></trkpt>
      <trkpt lat="37.260615" lon="-81.493663"></trkpt>
      <trkpt lat="37.260637" lon="-81.493378"></trkpt>
      <trkpt lat="37.260651" lon="-81.493206"></trkpt>
      <trkpt lat="37.260670" lon="-81.493030"></trkpt>
      <trkpt lat="37.260695" lon="-81.492817"></trkpt>
      <trkpt lat="37.260720" lon="-81.492630"></trkpt>
      <trkpt lat="37.260784" lon="-81.492187"></trkpt>
      <trkpt lat="37.260808" lon="-81.492037"></trkpt>
      <trkpt lat="37.260838" lon="-81.491859"></trkpt>
      <trkpt lat="37.260865" lon="-81.491723"></trkpt>
      <trkpt lat="37.260892" lon="-81.491601"></trkpt>
      <trkpt lat="37.260914" lon="-81.491512"></trkpt>
      <trkpt lat="37.260939" lon="-81.491418"></trkpt>
      <trkpt lat="37.261001" lon="-81.491212"></trkpt>
      <trkpt lat="37.261056" lon="-81.491043"></trkpt>
      <trkpt lat="37.261091" lon="-81.490956"></trkpt>
      <trkpt lat="37.261132" lon="-81.490864"></trkpt>
      <trkpt lat="37.261187" lon="-81.490762"></trkpt>
      <trkpt lat="37.261254" lon="-81.490650"></trkpt>
      <trkpt lat="37.261398" lon="-81.490440"></trkpt>
      <trkpt lat="37.261598" lon="-81.490156"></trkpt>
      <trkpt lat="37.261774" lon="-81.489929"></trkpt>
      <trkpt lat="37.261913" lon="-81.489768"></trkpt>
      <trkpt lat="37.262017" lon="-81.489655"></trkpt>
      <trkpt lat="37.262110" lon="-81.489567"></trkpt>
      <trkpt lat="37.262266" lon="-81.489433"></trkpt>
      <trkpt lat="37.262410" lon="-81.489318"></trkpt>
      <trkpt lat="37.262719" lon="-81.489103"></trkpt>
      <trkpt lat="37.262916" lon="-81.488954"></trkpt>
      <trkpt lat="37.263077" lon="-81.488820"></trkpt>
      <trkpt lat="37.263207" lon="-81.488697"></trkpt>
      <trkpt lat="37.263338" lon="-81.488568"></trkpt>
      <trkpt lat="37.263784" lon="-81.488109"></trkpt>
      <trkpt lat="37.264399" lon="-81.487482"></trkpt>
      <trkpt lat="37.264620" lon="-81.487253"></trkpt>
      <trkpt lat="37.264826" lon="-81.487033"></trkpt>
      <trkpt lat="37.264942" lon="-81.486889"></trkpt>
      <trkpt lat="37.265035" lon="-81.486742"></trkpt>
      <trkpt lat="37.265097" lon="-81.486635"></trkpt>
      <trkpt lat="37.265159" lon="-81.486514"></trkpt>
      <trkpt lat="37.265272" lon="-81.486278"></trkpt>
      <trkpt lat="37.265365" lon="-81.486035"></trkpt>
      <trkpt lat="37.265568" lon="-81.485455"></trkpt>
      <trkpt lat="37.265657" lon="-81.485251"></trkpt>
      <trkpt lat="37.265737" lon="-81.485079"></trkpt>
      <trkpt lat="37.265819" lon="-81.484936"></trkpt>
      <trkpt lat="37.265943" lon="-81.484757"></trkpt>
      <trkpt lat="37.266025" lon="-81.484654"></trkpt>
      <trkpt lat="37.266110" lon="-81.484551"></trkpt>
      <trkpt lat="37.266199" lon="-81.484464"></trkpt>
      <trkpt lat="37.266267" lon="-81.484405"></trkpt>
      <trkpt lat="37.266356" lon="-81.484329"></trkpt>
      <trkpt lat="37.266437" lon="-81.484274"></trkpt>
      <trkpt lat="37.266566" lon="-81.484217"></trkpt>
      <trkpt lat="37.266663" lon="-81.484195"></trkpt>
      <trkpt lat="37.266759" lon="-81.484190"></trkpt>
      <trkpt lat="37.266860" lon="-81.484199"></trkpt>
      <trkpt lat="37.268525" lon="-81.484537"></trkpt>
      <trkpt lat="37.269189" lon="-81.484451"></trkpt>
      <trkpt lat="37.269991" lon="-81.484194"></trkpt>
      <trkpt lat="37.271135" lon="-81.484137"></trkpt>
      <trkpt lat="37.271822" lon="-81.483822"></trkpt>
      <trkpt lat="37.272372" lon="-81.483193"></trkpt>
      <trkpt lat="37.274205" lon="-81.479383"></trkpt>
      <trkpt lat="37.274801" lon="-81.478581"></trkpt>
      <trkpt lat="37.275763" lon="-81.477952"></trkpt>
      <trkpt lat="37.276999" lon="-81.477494"></trkpt>
      <trkpt lat="37.278340" lon="-81.476674"></trkpt>
      <trkpt lat="37.278522" lon="-81.476596"></trkpt>
      <trkpt lat="37.278750" lon="-81.476582"></trkpt>
      <trkpt lat="37.281249" lon="-81.476734"></trkpt>
      <trkpt lat="37.282262" lon="-81.476881"></trkpt>
      <trkpt lat="37.282516" lon="-81.476907"></trkpt>
      <trkpt lat="37.282791" lon="-81.476881"></trkpt>
      <trkpt lat="37.283049" lon="-81.476763"></trkpt>
      <trkpt lat="37.283308" lon="-81.476597"></trkpt>
      <trkpt lat="37.284154" lon="-81.476025"></trkpt>
      <trkpt lat="37.284398" lon="-81.475820"></trkpt>
      <trkpt lat="37.285060" lon="-81.475200"></trkpt>
      <trkpt lat="37.285298" lon="-81.475067"></trkpt>
      <trkpt lat="37.285604" lon="-81.474950"></trkpt>
      <trkpt lat="37.286720" lon="-81.474774"></trkpt>
      <trkpt lat="37.287049" lon="-81.474714"></trkpt>
      <trkpt lat="37.287502" lon="-81.474554"></trkpt>
      <trkpt lat="37.287863" lon="-81.474362"></trkpt>
      <trkpt lat="37.288807" lon="-81.473833"></trkpt>
      <trkpt lat="37.289130" lon="-81.473735"></trkpt>
      <trkpt lat="37.290132" lon="-81.473576"></trkpt>
      <trkpt lat="37.290567" lon="-81.473506"></trkpt>
      <trkpt lat="37.292147" lon="-81.473390"></trkpt>
      <trkpt lat="37.292888" lon="-81.473378"></trkpt>
      <trkpt lat="37.293177" lon="-81.473418"></trkpt>
      <trkpt lat="37.293437" lon="-81.473508"></trkpt>
      <trkpt lat="37.294512" lon="-81.474095"></trkpt>
      <trkpt lat="37.294793" lon="-81.474263"></trkpt>
      <trkpt lat="37.294997" lon="-81.474456"></trkpt>
      <trkpt lat="37.295138" lon="-81.474688"></trkpt>
      <trkpt lat="37.295211" lon="-81.474946"></trkpt>
      <trkpt lat="37.295295" lon="-81.475219"></trkpt>
      <trkpt lat="37.295400" lon="-81.475355"></trkpt>
      <trkpt lat="37.295522" lon="-81.475448"></trkpt>
      <trkpt lat="37.295644" lon="-81.475498"></trkpt>
      <trkpt lat="37.295774" lon="-81.475486"></trkpt>
      <trkpt lat="37.296847" lon="-81.475545"></trkpt>
      <trkpt lat="37.297374" lon="-81.475623"></trkpt>
      <trkpt lat="37.297717" lon="-81.475724"></trkpt>
      <trkpt lat="37.298196" lon="-81.475915"></trkpt>
      <trkpt lat="37.298627" lon="-81.476002"></trkpt>
      <trkpt lat="37.298988" lon="-81.476003"></trkpt>
      <trkpt lat="37.299236" lon="-81.475954"></trkpt>
      <trkpt lat="37.299585" lon="-81.475823"></trkpt>
      <trkpt lat="37.299807" lon="-81.475698"></trkpt>
      <trkpt lat="37.299927" lon="-81.475613"></trkpt>
      <trkpt lat="37.300123" lon="-81.475443"></trkpt>
      <trkpt lat="37.300299" lon="-81.475271"></trkpt>
      <trkpt lat="37.300582" lon="-81.474899"></trkpt>
      <trkpt lat="37.301756" lon="-81.472847"></trkpt>
      <trkpt lat="37.302231" lon="-81.472273"></trkpt>
      <trkpt lat="37.302504" lon="-81.472124"></trkpt>
      <trkpt lat="37.302898" lon="-81.472025"></trkpt>
      <trkpt lat="37.303159" lon="-81.472041"></trkpt>
      <trkpt lat="37.303724" lon="-81.472182"></trkpt>
      <trkpt lat="37.304087" lon="-81.472187"></trkpt>
      <trkpt lat="37.304331" lon="-81.472079"></trkpt>
      <trkpt lat="37.304507" lon="-81.471945"></trkpt>
      <trkpt lat="37.304672" lon="-81.471725"></trkpt>
      <trkpt lat="37.304756" lon="-81.471497"></trkpt>
      <trkpt lat="37.304817" lon="-81.471146"></trkpt>
      <trkpt lat="37.304801" lon="-81.470771"></trkpt>
      <trkpt lat="37.304645" lon="-81.469197"></trkpt>
      <trkpt lat="37.304716" lon="-81.468831"></trkpt>
      <trkpt lat="37.304807" lon="-81.468518"></trkpt>
      <trkpt lat="37.304996" lon="-81.468286"></trkpt>
      <trkpt lat="37.305303" lon="-81.468016"></trkpt>
      <trkpt lat="37.305708" lon="-81.467682"></trkpt>
      <trkpt lat="37.306104" lon="-81.467373"></trkpt>
      <trkpt lat="37.306360" lon="-81.467290"></trkpt>
      <trkpt lat="37.306664" lon="-81.467239"></trkpt>
      <trkpt lat="37.307961" lon="-81.467194"></trkpt>
      <trkpt lat="37.308496" lon="-81.467136"></trkpt>
      <trkpt lat="37.309131" lon="-81.466993"></trkpt>
      <trkpt lat="37.309531" lon="-81.466957"></trkpt>
      <trkpt lat="37.309945" lon="-81.466942"></trkpt>
      <trkpt lat="37.310352" lon="-81.466971"></trkpt>
      <trkpt lat="37.311101" lon="-81.467078"></trkpt>
      <trkpt lat="37.311383" lon="-81.467169"></trkpt>
      <trkpt lat="37.311681" lon="-81.467372"></trkpt>
      <trkpt lat="37.312179" lon="-81.467848"></trkpt>
      <trkpt lat="37.312433" lon="-81.468128"></trkpt>
      <trkpt lat="37.312595" lon="-81.468376"></trkpt>
      <trkpt lat="37.312770" lon="-81.468674"></trkpt>
      <trkpt lat="37.312865" lon="-81.468966"></trkpt>
      <trkpt lat="37.312955" lon="-81.469389"></trkpt>
      <trkpt lat="37.313034" lon="-81.469912"></trkpt>
      <trkpt lat="37.313145" lon="-81.470575"></trkpt>
      <trkpt lat="37.313194" lon="-81.470848"></trkpt>
      <trkpt lat="37.313279" lon="-81.471040"></trkpt>
      <trkpt lat="37.313429" lon="-81.471247"></trkpt>
      <trkpt lat="37.313666" lon="-81.471475"></trkpt>
      <trkpt lat="37.314236" lon="-81.471913"></trkpt>
      <trkpt lat="37.314539" lon="-81.472135"></trkpt>
      <trkpt lat="37.314901" lon="-81.472307"></trkpt>
      <trkpt lat="37.317411" lon="-81.473273"></trkpt>
      <trkpt lat="37.317497" lon="-81.473298"></trkpt>
      <trkpt lat="37.319391" lon="-81.473962"></trkpt>
      <trkpt lat="37.319700" lon="-81.473997"></trkpt>
      <trkpt lat="37.319960" lon="-81.473992"></trkpt>
      <trkpt lat="37.320426" lon="-81.474012"></trkpt>
      <trkpt lat="37.320640" lon="-81.474045"></trkpt>
      <trkpt lat="37.321313" lon="-81.474271"></trkpt>
      <trkpt lat="37.321529" lon="-81.474346"></trkpt>
      <trkpt lat="37.321878" lon="-81.474470"></trkpt>
      <trkpt lat="37.322046" lon="-81.474568"></trkpt>
      <trkpt lat="37.322208" lon="-81.474679"></trkpt>
      <trkpt lat="37.322434" lon="-81.474904"></trkpt>
      <trkpt lat="37.322966" lon="-81.475518"></trkpt>
      <trkpt lat="37.323195" lon="-81.475783"></trkpt>
      <trkpt lat="37.323070" lon="-81.475794"></trkpt>
      <trkpt lat="37.322925" lon="-81.475722"></trkpt>
      <trkpt lat="37.322543" lon="-81.475429"></trkpt>
      <trkpt lat="37.322391" lon="-81.475400"></trkpt>
      <trkpt lat="37.322165" lon="-81.475484"></trkpt>
      <trkpt lat="37.322060" lon="-81.475526"></trkpt>
      <trkpt lat="37.321889" lon="-81.475756"></trkpt>
      <trkpt lat="37.321699" lon="-81.476111"></trkpt>
      <trkpt lat="37.321630" lon="-81.476371"></trkpt>
      <trkpt lat="37.321534" lon="-81.476559"></trkpt>
      <trkpt lat="37.321534" lon="-81.476559"></trkpt>
      <trkpt lat="37.321630" lon="-81.476371"></trkpt>
      <trkpt lat="37.321699" lon="-81.476111"></trkpt>
      <trkpt lat="37.321889" lon="-81.475756"></trkpt>
      <trkpt lat="37.322060" lon="-81.475526"></trkpt>
      <trkpt lat="37.322165" lon="-81.475484"></trkpt>
      <trkpt lat="37.322391" lon="-81.475400"></trkpt>
      <trkpt lat="37.322543" lon="-81.475429"></trkpt>
      <trkpt lat="37.322925" lon="-81.475722"></trkpt>
      <trkpt lat="37.323070" lon="-81.475794"></trkpt>
      <trkpt lat="37.323195" lon="-81.475783"></trkpt>
      <trkpt lat="37.323311" lon="-81.475918"></trkpt>
      <trkpt lat="37.323386" lon="-81.475990"></trkpt>
      <trkpt lat="37.323468" lon="-81.476045"></trkpt>
      <trkpt lat="37.323540" lon="-81.476083"></trkpt>
      <trkpt lat="37.323619" lon="-81.476109"></trkpt>
      <trkpt lat="37.323691" lon="-81.476124"></trkpt>
      <trkpt lat="37.323773" lon="-81.476135"></trkpt>
      <trkpt lat="37.323917" lon="-81.476131"></trkpt>
      <trkpt lat="37.325601" lon="-81.476029"></trkpt>
      <trkpt lat="37.325866" lon="-81.476041"></trkpt>
      <trkpt lat="37.326115" lon="-81.476104"></trkpt>
      <trkpt lat="37.326600" lon="-81.476363"></trkpt>
      <trkpt lat="37.326954" lon="-81.476517"></trkpt>
      <trkpt lat="37.327290" lon="-81.476570"></trkpt>
      <trkpt lat="37.327744" lon="-81.476691"></trkpt>
      <trkpt lat="37.328493" lon="-81.477016"></trkpt>
      <trkpt lat="37.328980" lon="-81.477336"></trkpt>
      <trkpt lat="37.329218" lon="-81.477482"></trkpt>
      <trkpt lat="37.329953" lon="-81.477758"></trkpt>
      <trkpt lat="37.330604" lon="-81.478042"></trkpt>
      <trkpt lat="37.330783" lon="-81.478104"></trkpt>
      <trkpt lat="37.330928" lon="-81.478135"></trkpt>
      <trkpt lat="37.331075" lon="-81.478123"></trkpt>
      <trkpt lat="37.331729" lon="-81.478040"></trkpt>
      <trkpt lat="37.331971" lon="-81.478059"></trkpt>
      <trkpt lat="37.332219" lon="-81.478101"></trkpt>
      <trkpt lat="37.332393" lon="-81.478160"></trkpt>
      <trkpt lat="37.332508" lon="-81.478245"></trkpt>
      <trkpt lat="37.332590" lon="-81.478327"></trkpt>
      <trkpt lat="37.332715" lon="-81.478480"></trkpt>
      <trkpt lat="37.332793" lon="-81.478580"></trkpt>
      <trkpt lat="37.332894" lon="-81.478774"></trkpt>
      <trkpt lat="37.332939" lon="-81.478934"></trkpt>
      <trkpt lat="37.332952" lon="-81.479083"></trkpt>
      <trkpt lat="37.332925" lon="-81.479265"></trkpt>
      <trkpt lat="37.332874" lon="-81.479436"></trkpt>
      <trkpt lat="37.332742" lon="-81.479686"></trkpt>
      <trkpt lat="37.332587" lon="-81.479959"></trkpt>
      <trkpt lat="37.332496" lon="-81.480111"></trkpt>
      <trkpt lat="37.332378" lon="-81.480239"></trkpt>
      <trkpt lat="37.332273" lon="-81.480349"></trkpt>
      <trkpt lat="37.331973" lon="-81.480553"></trkpt>
      <trkpt lat="37.331786" lon="-81.480686"></trkpt>
      <trkpt lat="37.331708" lon="-81.480740"></trkpt>
      <trkpt lat="37.331652" lon="-81.480793"></trkpt>
      <trkpt lat="37.331616" lon="-81.480841"></trkpt>
      <trkpt lat="37.331595" lon="-81.480896"></trkpt>
      <trkpt lat="37.331586" lon="-81.480956"></trkpt>
      <trkpt lat="37.331592" lon="-81.481020"></trkpt>
      <trkpt lat="37.331628" lon="-81.481101"></trkpt>
      <trkpt lat="37.331681" lon="-81.481131"></trkpt>
      <trkpt lat="37.331731" lon="-81.481151"></trkpt>
      <trkpt lat="37.331824" lon="-81.481162"></trkpt>
      <trkpt lat="37.331889" lon="-81.481150"></trkpt>
      <trkpt lat="37.331930" lon="-81.481136"></trkpt>
      <trkpt lat="37.332238" lon="-81.481032"></trkpt>
      <trkpt lat="37.332382" lon="-81.480970"></trkpt>
      <trkpt lat="37.332963" lon="-81.480831"></trkpt>
      <trkpt lat="37.333151" lon="-81.480816"></trkpt>
      <trkpt lat="37.333277" lon="-81.480838"></trkpt>
      <trkpt lat="37.333417" lon="-81.480867"></trkpt>
      <trkpt lat="37.333491" lon="-81.480890"></trkpt>
      <trkpt lat="37.333559" lon="-81.480913"></trkpt>
      <trkpt lat="37.333635" lon="-81.480948"></trkpt>
      <trkpt lat="37.333681" lon="-81.480980"></trkpt>
      <trkpt lat="37.333724" lon="-81.481021"></trkpt>
      <trkpt lat="37.333751" lon="-81.481059"></trkpt>
      <trkpt lat="37.333828" lon="-81.481213"></trkpt>
      <trkpt lat="37.333919" lon="-81.481443"></trkpt>
      <trkpt lat="37.333995" lon="-81.481621"></trkpt>
      <trkpt lat="37.334156" lon="-81.482026"></trkpt>
      <trkpt lat="37.334240" lon="-81.482238"></trkpt>
      <trkpt lat="37.334311" lon="-81.482366"></trkpt>
      <trkpt lat="37.334479" lon="-81.482550"></trkpt>
      <trkpt lat="37.334656" lon="-81.482705"></trkpt>
      <trkpt lat="37.334810" lon="-81.482827"></trkpt>
      <trkpt lat="37.334922" lon="-81.482903"></trkpt>
      <trkpt lat="37.334948" lon="-81.482909"></trkpt>
      <trkpt lat="37.334948" lon="-81.482909"></trkpt>
      <trkpt lat="37.335010" lon="-81.482922"></trkpt>
      <trkpt lat="37.335195" lon="-81.483061"></trkpt>
      <trkpt lat="37.335538" lon="-81.483269"></trkpt>
      <trkpt lat="37.335629" lon="-81.483316"></trkpt>
      <trkpt lat="37.335629" lon="-81.483316"></trkpt>
      <trkpt lat="37.335538" lon="-81.483269"></trkpt>
      <trkpt lat="37.335195" lon="-81.483061"></trkpt>
      <trkpt lat="37.335010" lon="-81.482922"></trkpt>
      <trkpt lat="37.334926" lon="-81.482841"></trkpt>
      <trkpt lat="37.334754" lon="-81.482675"></trkpt>
      <trkpt lat="37.334595" lon="-81.482517"></trkpt>
      <trkpt lat="37.334526" lon="-81.482422"></trkpt>
      <trkpt lat="37.334414" lon="-81.482254"></trkpt>
      <trkpt lat="37.334380" lon="-81.482114"></trkpt>
      <trkpt lat="37.334367" lon="-81.482012"></trkpt>
      <trkpt lat="37.334388" lon="-81.481886"></trkpt>
      <trkpt lat="37.334421" lon="-81.481774"></trkpt>
      <trkpt lat="37.334469" lon="-81.481697"></trkpt>
      <trkpt lat="37.334564" lon="-81.481574"></trkpt>
      <trkpt lat="37.334803" lon="-81.481381"></trkpt>
      <trkpt lat="37.334883" lon="-81.481289"></trkpt>
      <trkpt lat="37.335035" lon="-81.481079"></trkpt>
      <trkpt lat="37.335168" lon="-81.480839"></trkpt>
      <trkpt lat="37.335575" lon="-81.479930"></trkpt>
      <trkpt lat="37.335645" lon="-81.479671"></trkpt>
      <trkpt lat="37.335681" lon="-81.479448"></trkpt>
      <trkpt lat="37.335747" lon="-81.478871"></trkpt>
      <trkpt lat="37.335781" lon="-81.478638"></trkpt>
      <trkpt lat="37.335843" lon="-81.478487"></trkpt>
      <trkpt lat="37.335916" lon="-81.478382"></trkpt>
      <trkpt lat="37.336070" lon="-81.478229"></trkpt>
      <trkpt lat="37.336513" lon="-81.477747"></trkpt>
      <trkpt lat="37.336694" lon="-81.477594"></trkpt>
      <trkpt lat="37.337030" lon="-81.477384"></trkpt>
      <trkpt lat="37.337569" lon="-81.477126"></trkpt>
      <trkpt lat="37.338609" lon="-81.476730"></trkpt>
      <trkpt lat="37.338984" lon="-81.476521"></trkpt>
      <trkpt lat="37.339191" lon="-81.476357"></trkpt>
      <trkpt lat="37.339491" lon="-81.476059"></trkpt>
      <trkpt lat="37.340306" lon="-81.475464"></trkpt>
      <trkpt lat="37.341268" lon="-81.475177"></trkpt>
      <trkpt lat="37.342235" lon="-81.474909"></trkpt>
      <trkpt lat="37.343418" lon="-81.474719"></trkpt>
      <trkpt lat="37.343878" lon="-81.474768"></trkpt>
      <trkpt lat="37.344449" lon="-81.474834"></trkpt>
      <trkpt lat="37.346597" lon="-81.474743"></trkpt>
      <trkpt lat="37.347008" lon="-81.474747"></trkpt>
      <trkpt lat="37.347306" lon="-81.474705"></trkpt>
      <trkpt lat="37.347478" lon="-81.474615"></trkpt>
      <trkpt lat="37.347571" lon="-81.474507"></trkpt>
      <trkpt lat="37.347731" lon="-81.474196"></trkpt>
      <trkpt lat="37.348000" lon="-81.473471"></trkpt>
      <trkpt lat="37.348633" lon="-81.471897"></trkpt>
      <trkpt lat="37.348746" lon="-81.471550"></trkpt>
      <trkpt lat="37.348806" lon="-81.471261"></trkpt>
      <trkpt lat="37.348846" lon="-81.470780"></trkpt>
      <trkpt lat="37.348900" lon="-81.469160"></trkpt>
      <trkpt lat="37.348975" lon="-81.467311"></trkpt>
      <trkpt lat="37.349000" lon="-81.466867"></trkpt>
      <trkpt lat="37.349031" lon="-81.466367"></trkpt>
      <trkpt lat="37.349105" lon="-81.465692"></trkpt>
      <trkpt lat="37.349161" lon="-81.465328"></trkpt>
      <trkpt lat="37.349207" lon="-81.465191"></trkpt>
      <trkpt lat="37.349256" lon="-81.465095"></trkpt>
      <trkpt lat="37.349318" lon="-81.465024"></trkpt>
      <trkpt lat="37.349397" lon="-81.464958"></trkpt>
      <trkpt lat="37.349549" lon="-81.464834"></trkpt>
      <trkpt lat="37.349684" lon="-81.464609"></trkpt>
      <trkpt lat="37.349752" lon="-81.464515"></trkpt>
      <trkpt lat="37.349925" lon="-81.464361"></trkpt>
      <trkpt lat="37.350028" lon="-81.464219"></trkpt>
      <trkpt lat="37.350187" lon="-81.463852"></trkpt>
      <trkpt lat="37.350332" lon="-81.463488"></trkpt>
      <trkpt lat="37.350481" lon="-81.463179"></trkpt>
      <trkpt lat="37.350580" lon="-81.463022"></trkpt>
      <trkpt lat="37.350643" lon="-81.462939"></trkpt>
      <trkpt lat="37.350724" lon="-81.462863"></trkpt>
      <trkpt lat="37.350862" lon="-81.462775"></trkpt>
      <trkpt lat="37.351021" lon="-81.462705"></trkpt>
      <trkpt lat="37.351188" lon="-81.462651"></trkpt>
      <trkpt lat="37.351542" lon="-81.462600"></trkpt>
      <trkpt lat="37.351726" lon="-81.462559"></trkpt>
      <trkpt lat="37.351996" lon="-81.462447"></trkpt>
      <trkpt lat="37.352398" lon="-81.462221"></trkpt>
      <trkpt lat="37.353108" lon="-81.461703"></trkpt>
      <trkpt lat="37.354000" lon="-81.460761"></trkpt>
      <trkpt lat="37.354413" lon="-81.460365"></trkpt>
      <trkpt lat="37.354526" lon="-81.460291"></trkpt>
      <trkpt lat="37.354647" lon="-81.460222"></trkpt>
      <trkpt lat="37.354820" lon="-81.460167"></trkpt>
      <trkpt lat="37.355146" lon="-81.460127"></trkpt>
      <trkpt lat="37.355510" lon="-81.460121"></trkpt>
      <trkpt lat="37.356932" lon="-81.460328"></trkpt>
      <trkpt lat="37.357298" lon="-81.460213"></trkpt>
      <trkpt lat="37.357905" lon="-81.459867"></trkpt>
      <trkpt lat="37.357969" lon="-81.459797"></trkpt>
      <trkpt lat="37.358030" lon="-81.459704"></trkpt>
      <trkpt lat="37.358074" lon="-81.459592"></trkpt>
      <trkpt lat="37.358201" lon="-81.459176"></trkpt>
      <trkpt lat="37.358266" lon="-81.458932"></trkpt>
      <trkpt lat="37.358298" lon="-81.458745"></trkpt>
      <trkpt lat="37.358305" lon="-81.458637"></trkpt>
      <trkpt lat="37.358286" lon="-81.458479"></trkpt>
      <trkpt lat="37.358261" lon="-81.458371"></trkpt>
      <trkpt lat="37.358198" lon="-81.458194"></trkpt>
      <trkpt lat="37.358150" lon="-81.458111"></trkpt>
      <trkpt lat="37.358099" lon="-81.458046"></trkpt>
      <trkpt lat="37.358022" lon="-81.457975"></trkpt>
      <trkpt lat="37.357912" lon="-81.457922"></trkpt>
      <trkpt lat="37.357559" lon="-81.457810"></trkpt>
      <trkpt lat="37.357320" lon="-81.457724"></trkpt>
      <trkpt lat="37.356947" lon="-81.457480"></trkpt>
      <trkpt lat="37.356849" lon="-81.457435"></trkpt>
      <trkpt lat="37.356769" lon="-81.457412"></trkpt>
      <trkpt lat="37.356469" lon="-81.457393"></trkpt>
      <trkpt lat="37.356281" lon="-81.457361"></trkpt>
      <trkpt lat="37.356125" lon="-81.457282"></trkpt>
      <trkpt lat="37.355655" lon="-81.456817"></trkpt>
      <trkpt lat="37.355555" lon="-81.456696"></trkpt>
      <trkpt lat="37.355472" lon="-81.456510"></trkpt>
      <trkpt lat="37.355428" lon="-81.456357"></trkpt>
      <trkpt lat="37.355414" lon="-81.456211"></trkpt>
      <trkpt lat="37.355417" lon="-81.456062"></trkpt>
      <trkpt lat="37.355480" lon="-81.455369"></trkpt>
      <trkpt lat="37.355805" lon="-81.452700"></trkpt>
      <trkpt lat="37.355985" lon="-81.451472"></trkpt>
      <trkpt lat="37.356092" lon="-81.451068"></trkpt>
      <trkpt lat="37.356225" lon="-81.450660"></trkpt>
      <trkpt lat="37.356245" lon="-81.450219"></trkpt>
      <trkpt lat="37.356222" lon="-81.449917"></trkpt>
      <trkpt lat="37.356147" lon="-81.449553"></trkpt>
      <trkpt lat="37.356157" lon="-81.449268"></trkpt>
      <trkpt lat="37.356197" lon="-81.449137"></trkpt>
      <trkpt lat="37.356223" lon="-81.448988"></trkpt>
      <trkpt lat="37.356217" lon="-81.448903"></trkpt>
      <trkpt lat="37.356193" lon="-81.448814"></trkpt>
      <trkpt lat="37.356140" lon="-81.448696"></trkpt>
      <trkpt lat="37.356060" lon="-81.448572"></trkpt>
      <trkpt lat="37.355921" lon="-81.448445"></trkpt>
      <trkpt lat="37.355543" lon="-81.448215"></trkpt>
      <trkpt lat="37.355523" lon="-81.447927"></trkpt>
      <trkpt lat="37.355543" lon="-81.447613"></trkpt>
      <trkpt lat="37.355567" lon="-81.447107"></trkpt>
      <trkpt lat="37.355505" lon="-81.446645"></trkpt>
      <trkpt lat="37.355494" lon="-81.446266"></trkpt>
      <trkpt lat="37.355567" lon="-81.446007"></trkpt>
      <trkpt lat="37.355656" lon="-81.445762"></trkpt>
      <trkpt lat="37.355975" lon="-81.445386"></trkpt>
      <trkpt lat="37.356210" lon="-81.445129"></trkpt>
      <trkpt lat="37.356387" lon="-81.444878"></trkpt>
      <trkpt lat="37.356589" lon="-81.444619"></trkpt>
      <trkpt lat="37.356798" lon="-81.444430"></trkpt>
      <trkpt lat="37.357044" lon="-81.444263"></trkpt>
      <trkpt lat="37.357184" lon="-81.444088"></trkpt>
      <trkpt lat="37.357388" lon="-81.443811"></trkpt>
      <trkpt lat="37.357758" lon="-81.443486"></trkpt>
      <trkpt lat="37.357960" lon="-81.443218"></trkpt>
      <trkpt lat="37.358246" lon="-81.442941"></trkpt>
      <trkpt lat="37.358599" lon="-81.442760"></trkpt>
      <trkpt lat="37.358851" lon="-81.442614"></trkpt>
      <trkpt lat="37.359011" lon="-81.442469"></trkpt>
      <trkpt lat="37.359364" lon="-81.442115"></trkpt>
      <trkpt lat="37.359653" lon="-81.441943"></trkpt>
      <trkpt lat="37.360327" lon="-81.441629"></trkpt>
      <trkpt lat="37.360965" lon="-81.441201"></trkpt>
      <trkpt lat="37.361234" lon="-81.441053"></trkpt>
      <trkpt lat="37.361837" lon="-81.440792"></trkpt>
      <trkpt lat="37.362371" lon="-81.440634"></trkpt>
      <trkpt lat="37.362644" lon="-81.440472"></trkpt>
      <trkpt lat="37.363397" lon="-81.439737"></trkpt>
      <trkpt lat="37.364016" lon="-81.439033"></trkpt>
      <trkpt lat="37.364121" lon="-81.438862"></trkpt>
      <trkpt lat="37.364290" lon="-81.438364"></trkpt>
      <trkpt lat="37.364460" lon="-81.438039"></trkpt>
      <trkpt lat="37.365383" lon="-81.436600"></trkpt>
      <trkpt lat="37.365570" lon="-81.436332"></trkpt>
      <trkpt lat="37.365659" lon="-81.436247"></trkpt>
      <trkpt lat="37.365730" lon="-81.436192"></trkpt>
      <trkpt lat="37.365941" lon="-81.436150"></trkpt>
      <trkpt lat="37.366807" lon="-81.436120"></trkpt>
      <trkpt lat="37.366870" lon="-81.436106"></trkpt>
      <trkpt lat="37.366937" lon="-81.436056"></trkpt>
      <trkpt lat="37.366974" lon="-81.436000"></trkpt>
      <trkpt lat="37.366989" lon="-81.435917"></trkpt>
      <trkpt lat="37.366987" lon="-81.435867"></trkpt>
      <trkpt lat="37.366973" lon="-81.435802"></trkpt>
      <trkpt lat="37.366942" lon="-81.435749"></trkpt>
      <trkpt lat="37.366901" lon="-81.435701"></trkpt>
      <trkpt lat="37.366611" lon="-81.435591"></trkpt>
      <trkpt lat="37.366301" lon="-81.435415"></trkpt>
      <trkpt lat="37.366076" lon="-81.435256"></trkpt>
      <trkpt lat="37.365913" lon="-81.435069"></trkpt>
      <trkpt lat="37.365854" lon="-81.434975"></trkpt>
      <trkpt lat="37.365820" lon="-81.434883"></trkpt>
      <trkpt lat="37.365775" lon="-81.434748"></trkpt>
      <trkpt lat="37.365745" lon="-81.434516"></trkpt>
      <trkpt lat="37.365652" lon="-81.434043"></trkpt>
      <trkpt lat="37.365626" lon="-81.433787"></trkpt>
      <trkpt lat="37.365632" lon="-81.433543"></trkpt>
      <trkpt lat="37.365648" lon="-81.433268"></trkpt>
      <trkpt lat="37.365670" lon="-81.432635"></trkpt>
      <trkpt lat="37.365687" lon="-81.432286"></trkpt>
      <trkpt lat="37.365699" lon="-81.432038"></trkpt>
      <trkpt lat="37.365682" lon="-81.431408"></trkpt>
      <trkpt lat="37.365716" lon="-81.430891"></trkpt>
      <trkpt lat="37.365729" lon="-81.430584"></trkpt>
      <trkpt lat="37.365665" lon="-81.430091"></trkpt>
      <trkpt lat="37.365671" lon="-81.429691"></trkpt>
      <trkpt lat="37.365759" lon="-81.429375"></trkpt>
      <trkpt lat="37.365872" lon="-81.429052"></trkpt>
      <trkpt lat="37.366003" lon="-81.428797"></trkpt>
      <trkpt lat="37.366079" lon="-81.428686"></trkpt>
      <trkpt lat="37.366209" lon="-81.428587"></trkpt>
      <trkpt lat="37.366578" lon="-81.428409"></trkpt>
      <trkpt lat="37.366740" lon="-81.428239"></trkpt>
      <trkpt lat="37.366885" lon="-81.428001"></trkpt>
      <trkpt lat="37.367146" lon="-81.427487"></trkpt>
      <trkpt lat="37.367652" lon="-81.426176"></trkpt>
      <trkpt lat="37.367705" lon="-81.426087"></trkpt>
      <trkpt lat="37.367768" lon="-81.426020"></trkpt>
      <trkpt lat="37.367825" lon="-81.425978"></trkpt>
      <trkpt lat="37.367890" lon="-81.425952"></trkpt>
      <trkpt lat="37.368182" lon="-81.425938"></trkpt>
      <trkpt lat="37.368246" lon="-81.425935"></trkpt>
      <trkpt lat="37.368303" lon="-81.425922"></trkpt>
      <trkpt lat="37.368339" lon="-81.425892"></trkpt>
      <trkpt lat="37.368361" lon="-81.425842"></trkpt>
      <trkpt lat="37.368388" lon="-81.425724"></trkpt>
      <trkpt lat="37.368434" lon="-81.425507"></trkpt>
      <trkpt lat="37.368495" lon="-81.425386"></trkpt>
      <trkpt lat="37.368600" lon="-81.425228"></trkpt>
      <trkpt lat="37.369246" lon="-81.424662"></trkpt>
      <trkpt lat="37.369382" lon="-81.424543"></trkpt>
      <trkpt lat="37.369529" lon="-81.424456"></trkpt>
      <trkpt lat="37.369708" lon="-81.424424"></trkpt>
      <trkpt lat="37.369858" lon="-81.424383"></trkpt>
      <trkpt lat="37.369976" lon="-81.424302"></trkpt>
      <trkpt lat="37.370042" lon="-81.424215"></trkpt>
      <trkpt lat="37.370122" lon="-81.423993"></trkpt>
      <trkpt lat="37.370189" lon="-81.423853"></trkpt>
      <trkpt lat="37.370278" lon="-81.423751"></trkpt>
      <trkpt lat="37.370591" lon="-81.423542"></trkpt>
      <trkpt lat="37.370825" lon="-81.423480"></trkpt>
      <trkpt lat="37.370917" lon="-81.423442"></trkpt>
      <trkpt lat="37.370958" lon="-81.423408"></trkpt>
      <trkpt lat="37.370990" lon="-81.423354"></trkpt>
      <trkpt lat="37.371080" lon="-81.423117"></trkpt>
      <trkpt lat="37.371150" lon="-81.422968"></trkpt>
      <trkpt lat="37.371258" lon="-81.422830"></trkpt>
      <trkpt lat="37.371415" lon="-81.422707"></trkpt>
      <trkpt lat="37.371921" lon="-81.422402"></trkpt>
      <trkpt lat="37.372078" lon="-81.422275"></trkpt>
      <trkpt lat="37.372159" lon="-81.422173"></trkpt>
      <trkpt lat="37.372190" lon="-81.422114"></trkpt>
      <trkpt lat="37.372206" lon="-81.422031"></trkpt>
      <trkpt lat="37.372184" lon="-81.421917"></trkpt>
      <trkpt lat="37.372096" lon="-81.421730"></trkpt>
      <trkpt lat="37.372021" lon="-81.421545"></trkpt>
      <trkpt lat="37.372003" lon="-81.421381"></trkpt>
      <trkpt lat="37.372019" lon="-81.421227"></trkpt>
      <trkpt lat="37.372074" lon="-81.421023"></trkpt>
      <trkpt lat="37.372164" lon="-81.420808"></trkpt>
      <trkpt lat="37.372287" lon="-81.420645"></trkpt>
      <trkpt lat="37.372653" lon="-81.420206"></trkpt>
      <trkpt lat="37.372727" lon="-81.420098"></trkpt>
      <trkpt lat="37.372740" lon="-81.420058"></trkpt>
      <trkpt lat="37.372750" lon="-81.420009"></trkpt>
      <trkpt lat="37.372745" lon="-81.419944"></trkpt>
      <trkpt lat="37.372721" lon="-81.419885"></trkpt>
      <trkpt lat="37.372630" lon="-81.419780"></trkpt>
      <trkpt lat="37.372247" lon="-81.419403"></trkpt>
      <trkpt lat="37.372105" lon="-81.419292"></trkpt>
      <trkpt lat="37.371958" lon="-81.419249"></trkpt>
      <trkpt lat="37.371317" lon="-81.419081"></trkpt>
      <trkpt lat="37.371102" lon="-81.419081"></trkpt>
      <trkpt lat="37.370780" lon="-81.419261"></trkpt>
      <trkpt lat="37.370424" lon="-81.419391"></trkpt>
      <trkpt lat="37.370296" lon="-81.419425"></trkpt>
      <trkpt lat="37.370240" lon="-81.419433"></trkpt>
      <trkpt lat="37.370187" lon="-81.419405"></trkpt>
      <trkpt lat="37.370166" lon="-81.419365"></trkpt>
      <trkpt lat="37.370164" lon="-81.419316"></trkpt>
      <trkpt lat="37.370184" lon="-81.419270"></trkpt>
      <trkpt lat="37.370224" lon="-81.419231"></trkpt>
      <trkpt lat="37.370527" lon="-81.419155"></trkpt>
      <trkpt lat="37.370764" lon="-81.419028"></trkpt>
      <trkpt lat="37.370901" lon="-81.418899"></trkpt>
      <trkpt lat="37.371025" lon="-81.418727"></trkpt>
      <trkpt lat="37.371141" lon="-81.418658"></trkpt>
      <trkpt lat="37.371255" lon="-81.418638"></trkpt>
      <trkpt lat="37.371610" lon="-81.418692"></trkpt>
      <trkpt lat="37.371756" lon="-81.418676"></trkpt>
      <trkpt lat="37.371884" lon="-81.418634"></trkpt>
      <trkpt lat="37.371968" lon="-81.418579"></trkpt>
      <trkpt lat="37.371999" lon="-81.418541"></trkpt>
      <trkpt lat="37.372028" lon="-81.418488"></trkpt>
      <trkpt lat="37.372051" lon="-81.418426"></trkpt>
      <trkpt lat="37.372047" lon="-81.418366"></trkpt>
      <trkpt lat="37.372026" lon="-81.418318"></trkpt>
      <trkpt lat="37.371971" lon="-81.418265"></trkpt>
      <trkpt lat="37.371765" lon="-81.418224"></trkpt>
      <trkpt lat="37.371465" lon="-81.418167"></trkpt>
      <trkpt lat="37.371179" lon="-81.418106"></trkpt>
      <trkpt lat="37.371078" lon="-81.418051"></trkpt>
      <trkpt lat="37.371005" lon="-81.417998"></trkpt>
      <trkpt lat="37.370895" lon="-81.417899"></trkpt>
      <trkpt lat="37.370756" lon="-81.417808"></trkpt>
      <trkpt lat="37.370564" lon="-81.417720"></trkpt>
      <trkpt lat="37.370449" lon="-81.417615"></trkpt>
      <trkpt lat="37.370264" lon="-81.417342"></trkpt>
      <trkpt lat="37.370110" lon="-81.417123"></trkpt>
      <trkpt lat="37.369924" lon="-81.416892"></trkpt>
      <trkpt lat="37.369854" lon="-81.416805"></trkpt>
      <trkpt lat="37.369833" lon="-81.416734"></trkpt>
      <trkpt lat="37.369842" lon="-81.416671"></trkpt>
      <trkpt lat="37.369862" lon="-81.416631"></trkpt>
      <trkpt lat="37.369896" lon="-81.416604"></trkpt>
      <trkpt lat="37.369937" lon="-81.416608"></trkpt>
      <trkpt lat="37.369981" lon="-81.416646"></trkpt>
      <trkpt lat="37.370036" lon="-81.416734"></trkpt>
      <trkpt lat="37.370128" lon="-81.416900"></trkpt>
      <trkpt lat="37.370303" lon="-81.417098"></trkpt>
      <trkpt lat="37.370523" lon="-81.417281"></trkpt>
      <trkpt lat="37.370766" lon="-81.417402"></trkpt>
      <trkpt lat="37.371108" lon="-81.417529"></trkpt>
      <trkpt lat="37.371275" lon="-81.417551"></trkpt>
      <trkpt lat="37.371469" lon="-81.417556"></trkpt>
      <trkpt lat="37.371675" lon="-81.417517"></trkpt>
      <trkpt lat="37.371987" lon="-81.417429"></trkpt>
      <trkpt lat="37.372107" lon="-81.417362"></trkpt>
      <trkpt lat="37.372196" lon="-81.417265"></trkpt>
      <trkpt lat="37.372328" lon="-81.417064"></trkpt>
      <trkpt lat="37.372390" lon="-81.416992"></trkpt>
      <trkpt lat="37.372464" lon="-81.416948"></trkpt>
      <trkpt lat="37.372536" lon="-81.416920"></trkpt>
      <trkpt lat="37.372616" lon="-81.416921"></trkpt>
      <trkpt lat="37.372713" lon="-81.416986"></trkpt>
      <trkpt lat="37.372922" lon="-81.417187"></trkpt>
      <trkpt lat="37.373037" lon="-81.417268"></trkpt>
      <trkpt lat="37.373202" lon="-81.417313"></trkpt>
      <trkpt lat="37.373383" lon="-81.417352"></trkpt>
      <trkpt lat="37.373514" lon="-81.417414"></trkpt>
      <trkpt lat="37.373616" lon="-81.417509"></trkpt>
      <trkpt lat="37.373760" lon="-81.417704"></trkpt>
      <trkpt lat="37.373852" lon="-81.417827"></trkpt>
      <trkpt lat="37.373952" lon="-81.417945"></trkpt>
      <trkpt lat="37.374065" lon="-81.417997"></trkpt>
      <trkpt lat="37.374167" lon="-81.418008"></trkpt>
      <trkpt lat="37.374276" lon="-81.417992"></trkpt>
      <trkpt lat="37.374423" lon="-81.417946"></trkpt>
      <trkpt lat="37.374599" lon="-81.417928"></trkpt>
      <trkpt lat="37.374726" lon="-81.417940"></trkpt>
      <trkpt lat="37.374861" lon="-81.417995"></trkpt>
      <trkpt lat="37.374974" lon="-81.418070"></trkpt>
      <trkpt lat="37.375184" lon="-81.418272"></trkpt>
      <trkpt lat="37.375578" lon="-81.418704"></trkpt>
      <trkpt lat="37.375746" lon="-81.418905"></trkpt>
      <trkpt lat="37.375909" lon="-81.419155"></trkpt>
      <trkpt lat="37.376227" lon="-81.419645"></trkpt>
      <trkpt lat="37.376368" lon="-81.419857"></trkpt>
      <trkpt lat="37.376409" lon="-81.419895"></trkpt>
      <trkpt lat="37.376451" lon="-81.419912"></trkpt>
      <trkpt lat="37.376494" lon="-81.419915"></trkpt>
      <trkpt lat="37.376541" lon="-81.419901"></trkpt>
      <trkpt lat="37.376723" lon="-81.419761"></trkpt>
      <trkpt lat="37.376866" lon="-81.419674"></trkpt>
      <trkpt lat="37.377061" lon="-81.419639"></trkpt>
      <trkpt lat="37.377259" lon="-81.419650"></trkpt>
      <trkpt lat="37.377427" lon="-81.419689"></trkpt>
      <trkpt lat="37.377560" lon="-81.419743"></trkpt>
      <trkpt lat="37.377708" lon="-81.419844"></trkpt>
      <trkpt lat="37.377896" lon="-81.419943"></trkpt>
      <trkpt lat="37.378010" lon="-81.420001"></trkpt>
      <trkpt lat="37.378124" lon="-81.420025"></trkpt>
      <trkpt lat="37.378264" lon="-81.420008"></trkpt>
      <trkpt lat="37.378439" lon="-81.419953"></trkpt>
      <trkpt lat="37.378563" lon="-81.419922"></trkpt>
      <trkpt lat="37.378686" lon="-81.419894"></trkpt>
      <trkpt lat="37.378847" lon="-81.419864"></trkpt>
      <trkpt lat="37.378947" lon="-81.419868"></trkpt>
      <trkpt lat="37.379139" lon="-81.419886"></trkpt>
      <trkpt lat="37.379366" lon="-81.419934"></trkpt>
      <trkpt lat="37.379549" lon="-81.419971"></trkpt>
      <trkpt lat="37.379680" lon="-81.419974"></trkpt>
      <trkpt lat="37.379770" lon="-81.419953"></trkpt>
      <trkpt lat="37.380011" lon="-81.419888"></trkpt>
      <trkpt lat="37.380295" lon="-81.419784"></trkpt>
      <trkpt lat="37.380540" lon="-81.419722"></trkpt>
      <trkpt lat="37.380748" lon="-81.419710"></trkpt>
      <trkpt lat="37.381170" lon="-81.419703"></trkpt>
      <trkpt lat="37.381324" lon="-81.419675"></trkpt>
      <trkpt lat="37.381448" lon="-81.419631"></trkpt>
      <trkpt lat="37.382875" lon="-81.418918"></trkpt>
      <trkpt lat="37.384098" lon="-81.418387"></trkpt>
      <trkpt lat="37.384800" lon="-81.418129"></trkpt>
      <trkpt lat="37.385044" lon="-81.418001"></trkpt>
      <trkpt lat="37.385328" lon="-81.417799"></trkpt>
      <trkpt lat="37.385408" lon="-81.417705"></trkpt>
      <trkpt lat="37.385453" lon="-81.417615"></trkpt>
      <trkpt lat="37.385476" lon="-81.417511"></trkpt>
      <trkpt lat="37.385475" lon="-81.417442"></trkpt>
      <trkpt lat="37.385434" lon="-81.417268"></trkpt>
      <trkpt lat="37.385330" lon="-81.416984"></trkpt>
      <trkpt lat="37.385221" lon="-81.416723"></trkpt>
      <trkpt lat="37.384825" lon="-81.415956"></trkpt>
      <trkpt lat="37.384717" lon="-81.415630"></trkpt>
      <trkpt lat="37.384672" lon="-81.415468"></trkpt>
      <trkpt lat="37.384664" lon="-81.415339"></trkpt>
      <trkpt lat="37.384515" lon="-81.415080"></trkpt>
      <trkpt lat="37.384331" lon="-81.414736"></trkpt>
      <trkpt lat="37.384256" lon="-81.414562"></trkpt>
      <trkpt lat="37.384197" lon="-81.414354"></trkpt>
      <trkpt lat="37.384181" lon="-81.414283"></trkpt>
      <trkpt lat="37.384148" lon="-81.414136"></trkpt>
      <trkpt lat="37.384123" lon="-81.413952"></trkpt>
      <trkpt lat="37.384104" lon="-81.413717"></trkpt>
      <trkpt lat="37.384117" lon="-81.413430"></trkpt>
      <trkpt lat="37.384147" lon="-81.413072"></trkpt>
      <trkpt lat="37.384207" lon="-81.412626"></trkpt>
      <trkpt lat="37.384250" lon="-81.412431"></trkpt>
      <trkpt lat="37.384321" lon="-81.412266"></trkpt>
      <trkpt lat="37.384519" lon="-81.411952"></trkpt>
      <trkpt lat="37.384912" lon="-81.411611"></trkpt>
      <trkpt lat="37.385156" lon="-81.411413"></trkpt>
      <trkpt lat="37.385400" lon="-81.411204"></trkpt>
      <trkpt lat="37.385540" lon="-81.411056"></trkpt>
      <trkpt lat="37.385633" lon="-81.410915"></trkpt>
      <trkpt lat="37.385633" lon="-81.410915"></trkpt>
      <trkpt lat="37.385540" lon="-81.411056"></trkpt>
      <trkpt lat="37.385400" lon="-81.411204"></trkpt>
      <trkpt lat="37.385156" lon="-81.411413"></trkpt>
      <trkpt lat="37.384912" lon="-81.411611"></trkpt>
      <trkpt lat="37.384519" lon="-81.411952"></trkpt>
      <trkpt lat="37.384321" lon="-81.412266"></trkpt>
      <trkpt lat="37.384250" lon="-81.412431"></trkpt>
      <trkpt lat="37.384207" lon="-81.412626"></trkpt>
      <trkpt lat="37.384147" lon="-81.413072"></trkpt>
      <trkpt lat="37.384117" lon="-81.413430"></trkpt>
      <trkpt lat="37.384104" lon="-81.413717"></trkpt>
      <trkpt lat="37.384123" lon="-81.413952"></trkpt>
      <trkpt lat="37.384148" lon="-81.414136"></trkpt>
      <trkpt lat="37.384181" lon="-81.414283"></trkpt>
      <trkpt lat="37.384197" lon="-81.414354"></trkpt>
      <trkpt lat="37.384256" lon="-81.414562"></trkpt>
      <trkpt lat="37.384331" lon="-81.414736"></trkpt>
      <trkpt lat="37.384515" lon="-81.415080"></trkpt>
      <trkpt lat="37.384664" lon="-81.415339"></trkpt>
      <trkpt lat="37.385780" lon="-81.417356"></trkpt>
      <trkpt lat="37.386098" lon="-81.417942"></trkpt>
      <trkpt lat="37.386335" lon="-81.418318"></trkpt>
      <trkpt lat="37.386657" lon="-81.418774"></trkpt>
      <trkpt lat="37.386881" lon="-81.419055"></trkpt>
      <trkpt lat="37.387142" lon="-81.419352"></trkpt>
      <trkpt lat="37.387729" lon="-81.420033"></trkpt>
      <trkpt lat="37.387998" lon="-81.420405"></trkpt>
      <trkpt lat="37.388274" lon="-81.420833"></trkpt>
      <trkpt lat="37.388346" lon="-81.420915"></trkpt>
      <trkpt lat="37.388412" lon="-81.420989"></trkpt>
      <trkpt lat="37.388582" lon="-81.421141"></trkpt>
      <trkpt lat="37.388729" lon="-81.421239"></trkpt>
      <trkpt lat="37.388874" lon="-81.421314"></trkpt>
      <trkpt lat="37.388955" lon="-81.421347"></trkpt>
      <trkpt lat="37.389067" lon="-81.421392"></trkpt>
      <trkpt lat="37.389404" lon="-81.421512"></trkpt>
      <trkpt lat="37.389742" lon="-81.421601"></trkpt>
      <trkpt lat="37.389849" lon="-81.421622"></trkpt>
      <trkpt lat="37.389977" lon="-81.421632"></trkpt>
      <trkpt lat="37.390104" lon="-81.421628"></trkpt>
      <trkpt lat="37.390252" lon="-81.421604"></trkpt>
      <trkpt lat="37.390472" lon="-81.421535"></trkpt>
      <trkpt lat="37.391235" lon="-81.421289"></trkpt>
      <trkpt lat="37.391968" lon="-81.421068"></trkpt>
      <trkpt lat="37.392037" lon="-81.421057"></trkpt>
      <trkpt lat="37.392165" lon="-81.421052"></trkpt>
      <trkpt lat="37.392308" lon="-81.421080"></trkpt>
      <trkpt lat="37.392429" lon="-81.421118"></trkpt>
      <trkpt lat="37.392635" lon="-81.421222"></trkpt>
      <trkpt lat="37.394209" lon="-81.422081"></trkpt>
      <trkpt lat="37.394418" lon="-81.422198"></trkpt>
      <trkpt lat="37.394653" lon="-81.422297"></trkpt>
      <trkpt lat="37.394845" lon="-81.422353"></trkpt>
      <trkpt lat="37.395065" lon="-81.422388"></trkpt>
      <trkpt lat="37.395630" lon="-81.422427"></trkpt>
      <trkpt lat="37.396495" lon="-81.422503"></trkpt>
      <trkpt lat="37.396851" lon="-81.422505"></trkpt>
      <trkpt lat="37.397152" lon="-81.422491"></trkpt>
      <trkpt lat="37.397711" lon="-81.422419"></trkpt>
      <trkpt lat="37.397942" lon="-81.422351"></trkpt>
      <trkpt lat="37.398164" lon="-81.422253"></trkpt>
      <trkpt lat="37.398381" lon="-81.422070"></trkpt>
      <trkpt lat="37.398648" lon="-81.421783"></trkpt>
      <trkpt lat="37.398904" lon="-81.421414"></trkpt>
      <trkpt lat="37.399054" lon="-81.421205"></trkpt>
      <trkpt lat="37.399216" lon="-81.421052"></trkpt>
      <trkpt lat="37.399407" lon="-81.420917"></trkpt>
      <trkpt lat="37.399554" lon="-81.420817"></trkpt>
      <trkpt lat="37.399920" lon="-81.420605"></trkpt>
      <trkpt lat="37.401326" lon="-81.419749"></trkpt>
      <trkpt lat="37.401954" lon="-81.419339"></trkpt>
      <trkpt lat="37.402239" lon="-81.419157"></trkpt>
      <trkpt lat="37.402481" lon="-81.419032"></trkpt>
      <trkpt lat="37.402660" lon="-81.419002"></trkpt>
      <trkpt lat="37.402809" lon="-81.419014"></trkpt>
      <trkpt lat="37.403032" lon="-81.419109"></trkpt>
      <trkpt lat="37.403149" lon="-81.419184"></trkpt>
      <trkpt lat="37.403290" lon="-81.419324"></trkpt>
      <trkpt lat="37.403871" lon="-81.419942"></trkpt>
      <trkpt lat="37.404251" lon="-81.420406"></trkpt>
      <trkpt lat="37.404578" lon="-81.420873"></trkpt>
      <trkpt lat="37.404899" lon="-81.421386"></trkpt>
      <trkpt lat="37.405126" lon="-81.421863"></trkpt>
      <trkpt lat="37.405218" lon="-81.422159"></trkpt>
      <trkpt lat="37.405384" lon="-81.422795"></trkpt>
      <trkpt lat="37.405615" lon="-81.423611"></trkpt>
      <trkpt lat="37.405761" lon="-81.424072"></trkpt>
      <trkpt lat="37.405963" lon="-81.424715"></trkpt>
      <trkpt lat="37.406096" lon="-81.425029"></trkpt>
      <trkpt lat="37.406279" lon="-81.425316"></trkpt>
      <trkpt lat="37.406418" lon="-81.425493"></trkpt>
      <trkpt lat="37.406582" lon="-81.425632"></trkpt>
      <trkpt lat="37.406730" lon="-81.425734"></trkpt>
      <trkpt lat="37.406832" lon="-81.425791"></trkpt>
      <trkpt lat="37.406953" lon="-81.425822"></trkpt>
      <trkpt lat="37.407311" lon="-81.425940"></trkpt>
      <trkpt lat="37.407331" lon="-81.425944"></trkpt>
      <trkpt lat="37.407908" lon="-81.426073"></trkpt>
      <trkpt lat="37.408051" lon="-81.426109"></trkpt>
      <trkpt lat="37.409527" lon="-81.426447"></trkpt>
      <trkpt lat="37.410342" lon="-81.426646"></trkpt>
      <trkpt lat="37.410499" lon="-81.426679"></trkpt>
      <trkpt lat="37.410630" lon="-81.426691"></trkpt>
      <trkpt lat="37.410788" lon="-81.426679"></trkpt>
      <trkpt lat="37.410932" lon="-81.426654"></trkpt>
      <trkpt lat="37.411359" lon="-81.426535"></trkpt>
      <trkpt lat="37.411684" lon="-81.426418"></trkpt>
      <trkpt lat="37.412187" lon="-81.426265"></trkpt>
      <trkpt lat="37.412320" lon="-81.426236"></trkpt>
      <trkpt lat="37.412419" lon="-81.426227"></trkpt>
      <trkpt lat="37.412516" lon="-81.426222"></trkpt>
      <trkpt lat="37.412719" lon="-81.426230"></trkpt>
      <trkpt lat="37.412838" lon="-81.426244"></trkpt>
      <trkpt lat="37.412938" lon="-81.426278"></trkpt>
      <trkpt lat="37.413036" lon="-81.426314"></trkpt>
      <trkpt lat="37.413127" lon="-81.426365"></trkpt>
      <trkpt lat="37.413238" lon="-81.426444"></trkpt>
      <trkpt lat="37.413323" lon="-81.426532"></trkpt>
      <trkpt lat="37.413509" lon="-81.426789"></trkpt>
      <trkpt lat="37.413709" lon="-81.427104"></trkpt>
      <trkpt lat="37.413790" lon="-81.427230"></trkpt>
      <trkpt lat="37.413866" lon="-81.427356"></trkpt>
      <trkpt lat="37.413920" lon="-81.427459"></trkpt>
      <trkpt lat="37.413934" lon="-81.427494"></trkpt>
      <trkpt lat="37.414151" lon="-81.428007"></trkpt>
      <trkpt lat="37.414234" lon="-81.428217"></trkpt>
      <trkpt lat="37.414292" lon="-81.428390"></trkpt>
      <trkpt lat="37.414340" lon="-81.428547"></trkpt>
      <trkpt lat="37.414378" lon="-81.428708"></trkpt>
      <trkpt lat="37.414407" lon="-81.428868"></trkpt>
      <trkpt lat="37.414420" lon="-81.429059"></trkpt>
      <trkpt lat="37.414404" lon="-81.429278"></trkpt>
      <trkpt lat="37.414313" lon="-81.429940"></trkpt>
      <trkpt lat="37.414248" lon="-81.430568"></trkpt>
      <trkpt lat="37.414240" lon="-81.430967"></trkpt>
      <trkpt lat="37.414254" lon="-81.431369"></trkpt>
      <trkpt lat="37.414269" lon="-81.432065"></trkpt>
      <trkpt lat="37.414237" lon="-81.432688"></trkpt>
      <trkpt lat="37.414150" lon="-81.433282"></trkpt>
      <trkpt lat="37.414149" lon="-81.433499"></trkpt>
      <trkpt lat="37.414177" lon="-81.433722"></trkpt>
      <trkpt lat="37.414497" lon="-81.434858"></trkpt>
      <trkpt lat="37.414602" lon="-81.435083"></trkpt>
      <trkpt lat="37.414713" lon="-81.435286"></trkpt>
      <trkpt lat="37.414838" lon="-81.435465"></trkpt>
      <trkpt lat="37.414931" lon="-81.435567"></trkpt>
      <trkpt lat="37.414986" lon="-81.435627"></trkpt>
      <trkpt lat="37.415232" lon="-81.435820"></trkpt>
      <trkpt lat="37.416047" lon="-81.436368"></trkpt>
      <trkpt lat="37.416563" lon="-81.436790"></trkpt>
      <trkpt lat="37.416592" lon="-81.436816"></trkpt>
      <trkpt lat="37.416965" lon="-81.437151"></trkpt>
      <trkpt lat="37.417175" lon="-81.437354"></trkpt>
      <trkpt lat="37.417549" lon="-81.437796"></trkpt>
      <trkpt lat="37.419042" lon="-81.439452"></trkpt>
      <trkpt lat="37.419836" lon="-81.440337"></trkpt>
      <trkpt lat="37.420147" lon="-81.440607"></trkpt>
      <trkpt lat="37.420355" lon="-81.440786"></trkpt>
      <trkpt lat="37.420573" lon="-81.441007"></trkpt>
      <trkpt lat="37.420658" lon="-81.441128"></trkpt>
      <trkpt lat="37.420733" lon="-81.441281"></trkpt>
      <trkpt lat="37.420786" lon="-81.441420"></trkpt>
      <trkpt lat="37.420835" lon="-81.441587"></trkpt>
      <trkpt lat="37.420869" lon="-81.441750"></trkpt>
      <trkpt lat="37.420892" lon="-81.441878"></trkpt>
      <trkpt lat="37.420893" lon="-81.441992"></trkpt>
      <trkpt lat="37.420884" lon="-81.442103"></trkpt>
      <trkpt lat="37.420869" lon="-81.442244"></trkpt>
      <trkpt lat="37.420848" lon="-81.442363"></trkpt>
      <trkpt lat="37.420813" lon="-81.442482"></trkpt>
      <trkpt lat="37.420757" lon="-81.442615"></trkpt>
      <trkpt lat="37.420704" lon="-81.442721"></trkpt>
      <trkpt lat="37.420650" lon="-81.442818"></trkpt>
      <trkpt lat="37.420582" lon="-81.442919"></trkpt>
      <trkpt lat="37.420500" lon="-81.443017"></trkpt>
      <trkpt lat="37.420385" lon="-81.443109"></trkpt>
      <trkpt lat="37.420269" lon="-81.443184"></trkpt>
      <trkpt lat="37.420131" lon="-81.443263"></trkpt>
      <trkpt lat="37.419986" lon="-81.443337"></trkpt>
      <trkpt lat="37.419723" lon="-81.443452"></trkpt>
      <trkpt lat="37.419487" lon="-81.443552"></trkpt>
      <trkpt lat="37.419163" lon="-81.443666"></trkpt>
      <trkpt lat="37.418815" lon="-81.443765"></trkpt>
      <trkpt lat="37.418480" lon="-81.443833"></trkpt>
      <trkpt lat="37.417906" lon="-81.443937"></trkpt>
      <trkpt lat="37.417360" lon="-81.444032"></trkpt>
      <trkpt lat="37.416828" lon="-81.444109"></trkpt>
      <trkpt lat="37.416636" lon="-81.444144"></trkpt>
      <trkpt lat="37.416469" lon="-81.444210"></trkpt>
      <trkpt lat="37.416287" lon="-81.444288"></trkpt>
      <trkpt lat="37.416151" lon="-81.444375"></trkpt>
      <trkpt lat="37.416029" lon="-81.444465"></trkpt>
      <trkpt lat="37.416000" lon="-81.444493"></trkpt>
      <trkpt lat="37.415865" lon="-81.444623"></trkpt>
      <trkpt lat="37.415765" lon="-81.444724"></trkpt>
      <trkpt lat="37.415687" lon="-81.444826"></trkpt>
      <trkpt lat="37.415666" lon="-81.444863"></trkpt>
      <trkpt lat="37.415599" lon="-81.444988"></trkpt>
      <trkpt lat="37.415550" lon="-81.445114"></trkpt>
      <trkpt lat="37.415488" lon="-81.445280"></trkpt>
      <trkpt lat="37.415453" lon="-81.445444"></trkpt>
      <trkpt lat="37.415409" lon="-81.445756"></trkpt>
      <trkpt lat="37.415408" lon="-81.446039"></trkpt>
      <trkpt lat="37.415427" lon="-81.446318"></trkpt>
      <trkpt lat="37.415448" lon="-81.446424"></trkpt>
      <trkpt lat="37.415488" lon="-81.446634"></trkpt>
      <trkpt lat="37.415600" lon="-81.446954"></trkpt>
      <trkpt lat="37.415757" lon="-81.447271"></trkpt>
      <trkpt lat="37.415932" lon="-81.447635"></trkpt>
      <trkpt lat="37.416039" lon="-81.447846"></trkpt>
      <trkpt lat="37.416092" lon="-81.447980"></trkpt>
      <trkpt lat="37.416103" lon="-81.448289"></trkpt>
      <trkpt lat="37.416130" lon="-81.448622"></trkpt>
      <trkpt lat="37.416151" lon="-81.448864"></trkpt>
      <trkpt lat="37.416195" lon="-81.449360"></trkpt>
      <trkpt lat="37.416172" lon="-81.449603"></trkpt>
      <trkpt lat="37.416151" lon="-81.449732"></trkpt>
      <trkpt lat="37.416129" lon="-81.449842"></trkpt>
      <trkpt lat="37.416078" lon="-81.449955"></trkpt>
      <trkpt lat="37.415999" lon="-81.450044"></trkpt>
      <trkpt lat="37.415610" lon="-81.450341"></trkpt>
      <trkpt lat="37.414980" lon="-81.450736"></trkpt>
      <trkpt lat="37.414156" lon="-81.451320"></trkpt>
      <trkpt lat="37.413925" lon="-81.451427"></trkpt>
      <trkpt lat="37.413670" lon="-81.451531"></trkpt>
      <trkpt lat="37.413298" lon="-81.451742"></trkpt>
      <trkpt lat="37.413086" lon="-81.451867"></trkpt>
      <trkpt lat="37.412905" lon="-81.451999"></trkpt>
      <trkpt lat="37.412757" lon="-81.452109"></trkpt>
      <trkpt lat="37.412573" lon="-81.452267"></trkpt>
      <trkpt lat="37.412453" lon="-81.452406"></trkpt>
      <trkpt lat="37.412254" lon="-81.452679"></trkpt>
      <trkpt lat="37.412129" lon="-81.452956"></trkpt>
      <trkpt lat="37.411998" lon="-81.453236"></trkpt>
      <trkpt lat="37.411844" lon="-81.453547"></trkpt>
      <trkpt lat="37.411468" lon="-81.454105"></trkpt>
      <trkpt lat="37.411300" lon="-81.454361"></trkpt>
      <trkpt lat="37.411094" lon="-81.454650"></trkpt>
      <trkpt lat="37.410822" lon="-81.455134"></trkpt>
      <trkpt lat="37.410662" lon="-81.455473"></trkpt>
      <trkpt lat="37.410499" lon="-81.455856"></trkpt>
      <trkpt lat="37.410266" lon="-81.456636"></trkpt>
      <trkpt lat="37.410023" lon="-81.457409"></trkpt>
      <trkpt lat="37.409747" lon="-81.458203"></trkpt>
      <trkpt lat="37.409446" lon="-81.458926"></trkpt>
      <trkpt lat="37.409139" lon="-81.459603"></trkpt>
      <trkpt lat="37.408896" lon="-81.460180"></trkpt>
      <trkpt lat="37.408640" lon="-81.461028"></trkpt>
      <trkpt lat="37.408349" lon="-81.462004"></trkpt>
      <trkpt lat="37.408266" lon="-81.462237"></trkpt>
      <trkpt lat="37.408177" lon="-81.462458"></trkpt>
      <trkpt lat="37.408074" lon="-81.462658"></trkpt>
      <trkpt lat="37.407967" lon="-81.462849"></trkpt>
      <trkpt lat="37.407748" lon="-81.463203"></trkpt>
      <trkpt lat="37.407479" lon="-81.463484"></trkpt>
      <trkpt lat="37.407010" lon="-81.463834"></trkpt>
      <trkpt lat="37.406265" lon="-81.464262"></trkpt>
      <trkpt lat="37.405886" lon="-81.464472"></trkpt>
      <trkpt lat="37.405658" lon="-81.464612"></trkpt>
      <trkpt lat="37.405474" lon="-81.464762"></trkpt>
      <trkpt lat="37.405391" lon="-81.464849"></trkpt>
      <trkpt lat="37.405312" lon="-81.464949"></trkpt>
      <trkpt lat="37.405225" lon="-81.465112"></trkpt>
      <trkpt lat="37.405183" lon="-81.465266"></trkpt>
      <trkpt lat="37.405160" lon="-81.465392"></trkpt>
      <trkpt lat="37.405148" lon="-81.465520"></trkpt>
      <trkpt lat="37.405148" lon="-81.465653"></trkpt>
      <trkpt lat="37.405172" lon="-81.465838"></trkpt>
      <trkpt lat="37.405235" lon="-81.466063"></trkpt>
      <trkpt lat="37.405309" lon="-81.466201"></trkpt>
      <trkpt lat="37.405411" lon="-81.466342"></trkpt>
      <trkpt lat="37.405651" lon="-81.466567"></trkpt>
      <trkpt lat="37.405963" lon="-81.466830"></trkpt>
      <trkpt lat="37.407023" lon="-81.467656"></trkpt>
      <trkpt lat="37.407277" lon="-81.467834"></trkpt>
      <trkpt lat="37.408089" lon="-81.468266"></trkpt>
      <trkpt lat="37.408360" lon="-81.468417"></trkpt>
      <trkpt lat="37.409274" lon="-81.468968"></trkpt>
      <trkpt lat="37.409437" lon="-81.469079"></trkpt>
      <trkpt lat="37.409677" lon="-81.469296"></trkpt>
      <trkpt lat="37.409837" lon="-81.469471"></trkpt>
      <trkpt lat="37.410271" lon="-81.470022"></trkpt>
      <trkpt lat="37.410469" lon="-81.470314"></trkpt>
      <trkpt lat="37.410567" lon="-81.470536"></trkpt>
      <trkpt lat="37.410626" lon="-81.470741"></trkpt>
      <trkpt lat="37.410670" lon="-81.470983"></trkpt>
      <trkpt lat="37.410675" lon="-81.471055"></trkpt>
      <trkpt lat="37.410730" lon="-81.471596"></trkpt>
      <trkpt lat="37.410753" lon="-81.471751"></trkpt>
      <trkpt lat="37.410803" lon="-81.471934"></trkpt>
      <trkpt lat="37.410838" lon="-81.472033"></trkpt>
      <trkpt lat="37.410897" lon="-81.472181"></trkpt>
      <trkpt lat="37.411415" lon="-81.473087"></trkpt>
      <trkpt lat="37.411587" lon="-81.473357"></trkpt>
      <trkpt lat="37.411754" lon="-81.473544"></trkpt>
      <trkpt lat="37.411905" lon="-81.473680"></trkpt>
      <trkpt lat="37.412001" lon="-81.473814"></trkpt>
      <trkpt lat="37.412049" lon="-81.473917"></trkpt>
      <trkpt lat="37.412364" lon="-81.475011"></trkpt>
      <trkpt lat="37.412696" lon="-81.476148"></trkpt>
      <trkpt lat="37.412792" lon="-81.476501"></trkpt>
      <trkpt lat="37.412891" lon="-81.476746"></trkpt>
      <trkpt lat="37.413114" lon="-81.477205"></trkpt>
      <trkpt lat="37.413186" lon="-81.477338"></trkpt>
      <trkpt lat="37.413423" lon="-81.477851"></trkpt>
      <trkpt lat="37.413514" lon="-81.478096"></trkpt>
      <trkpt lat="37.413598" lon="-81.478432"></trkpt>
      <trkpt lat="37.413673" lon="-81.478798"></trkpt>
      <trkpt lat="37.413753" lon="-81.479462"></trkpt>
      <trkpt lat="37.413918" lon="-81.481045"></trkpt>
      <trkpt lat="37.413992" lon="-81.481685"></trkpt>
      <trkpt lat="37.414097" lon="-81.482202"></trkpt>
      <trkpt lat="37.414237" lon="-81.482758"></trkpt>
      <trkpt lat="37.414363" lon="-81.483121"></trkpt>
      <trkpt lat="37.414542" lon="-81.483481"></trkpt>
      <trkpt lat="37.414696" lon="-81.483737"></trkpt>
      <trkpt lat="37.414893" lon="-81.483987"></trkpt>
      <trkpt lat="37.415125" lon="-81.484197"></trkpt>
      <trkpt lat="37.415313" lon="-81.484290"></trkpt>
      <trkpt lat="37.415512" lon="-81.484377"></trkpt>
      <trkpt lat="37.415736" lon="-81.484423"></trkpt>
      <trkpt lat="37.415974" lon="-81.484398"></trkpt>
      <trkpt lat="37.416272" lon="-81.484322"></trkpt>
      <trkpt lat="37.416691" lon="-81.484120"></trkpt>
      <trkpt lat="37.417056" lon="-81.483915"></trkpt>
      <trkpt lat="37.417375" lon="-81.483603"></trkpt>
      <trkpt lat="37.417642" lon="-81.483311"></trkpt>
      <trkpt lat="37.417885" lon="-81.482914"></trkpt>
      <trkpt lat="37.418110" lon="-81.482463"></trkpt>
      <trkpt lat="37.418380" lon="-81.482114"></trkpt>
      <trkpt lat="37.418866" lon="-81.481673"></trkpt>
      <trkpt lat="37.419365" lon="-81.481328"></trkpt>
      <trkpt lat="37.419585" lon="-81.481218"></trkpt>
      <trkpt lat="37.419833" lon="-81.481215"></trkpt>
      <trkpt lat="37.420068" lon="-81.481261"></trkpt>
      <trkpt lat="37.420232" lon="-81.481328"></trkpt>
      <trkpt lat="37.420513" lon="-81.481558"></trkpt>
      <trkpt lat="37.420681" lon="-81.481740"></trkpt>
      <trkpt lat="37.420844" lon="-81.481937"></trkpt>
      <trkpt lat="37.420951" lon="-81.482099"></trkpt>
      <trkpt lat="37.421057" lon="-81.482392"></trkpt>
      <trkpt lat="37.421244" lon="-81.483053"></trkpt>
      <trkpt lat="37.421354" lon="-81.483436"></trkpt>
      <trkpt lat="37.421365" lon="-81.483685"></trkpt>
      <trkpt lat="37.421343" lon="-81.483929"></trkpt>
      <trkpt lat="37.421255" lon="-81.484336"></trkpt>
      <trkpt lat="37.420700" lon="-81.486295"></trkpt>
      <trkpt lat="37.420510" lon="-81.486922"></trkpt>
      <trkpt lat="37.420376" lon="-81.487281"></trkpt>
      <trkpt lat="37.420224" lon="-81.487621"></trkpt>
      <trkpt lat="37.419909" lon="-81.488182"></trkpt>
      <trkpt lat="37.419389" lon="-81.489166"></trkpt>
      <trkpt lat="37.419121" lon="-81.489714"></trkpt>
      <trkpt lat="37.418859" lon="-81.490495"></trkpt>
      <trkpt lat="37.418319" lon="-81.492043"></trkpt>
      <trkpt lat="37.417941" lon="-81.493023"></trkpt>
      <trkpt lat="37.417825" lon="-81.493652"></trkpt>
      <trkpt lat="37.417798" lon="-81.494166"></trkpt>
      <trkpt lat="37.417807" lon="-81.494438"></trkpt>
      <trkpt lat="37.417832" lon="-81.494645"></trkpt>
      <trkpt lat="37.417880" lon="-81.494831"></trkpt>
      <trkpt lat="37.417946" lon="-81.495018"></trkpt>
      <trkpt lat="37.418021" lon="-81.495206"></trkpt>
      <trkpt lat="37.418176" lon="-81.495488"></trkpt>
      <trkpt lat="37.418680" lon="-81.496213"></trkpt>
      <trkpt lat="37.419141" lon="-81.496773"></trkpt>
      <trkpt lat="37.419353" lon="-81.497033"></trkpt>
      <trkpt lat="37.419768" lon="-81.497458"></trkpt>
      <trkpt lat="37.420068" lon="-81.497731"></trkpt>
      <trkpt lat="37.420637" lon="-81.498245"></trkpt>
      <trkpt lat="37.421758" lon="-81.499206"></trkpt>
      <trkpt lat="37.422147" lon="-81.499527"></trkpt>
      <trkpt lat="37.422523" lon="-81.499854"></trkpt>
      <trkpt lat="37.423419" lon="-81.500641"></trkpt>
      <trkpt lat="37.423562" lon="-81.500781"></trkpt>
      <trkpt lat="37.424020" lon="-81.501316"></trkpt>
      <trkpt lat="37.424349" lon="-81.501812"></trkpt>
      <trkpt lat="37.424586" lon="-81.502171"></trkpt>
      <trkpt lat="37.424671" lon="-81.502346"></trkpt>
      <trkpt lat="37.424737" lon="-81.502521"></trkpt>
      <trkpt lat="37.424794" lon="-81.502731"></trkpt>
      <trkpt lat="37.424822" lon="-81.502998"></trkpt>
      <trkpt lat="37.424833" lon="-81.503218"></trkpt>
      <trkpt lat="37.424849" lon="-81.504340"></trkpt>
      <trkpt lat="37.424868" lon="-81.505627"></trkpt>
      <trkpt lat="37.424888" lon="-81.505890"></trkpt>
      <trkpt lat="37.424914" lon="-81.506094"></trkpt>
      <trkpt lat="37.424935" lon="-81.506234"></trkpt>
      <trkpt lat="37.424963" lon="-81.506361"></trkpt>
      <trkpt lat="37.425012" lon="-81.506519"></trkpt>
      <trkpt lat="37.425051" lon="-81.506617"></trkpt>
      <trkpt lat="37.425093" lon="-81.506704"></trkpt>
      <trkpt lat="37.425143" lon="-81.506792"></trkpt>
      <trkpt lat="37.425193" lon="-81.506858"></trkpt>
      <trkpt lat="37.425270" lon="-81.506935"></trkpt>
      <trkpt lat="37.425335" lon="-81.506989"></trkpt>
      <trkpt lat="37.425404" lon="-81.507041"></trkpt>
      <trkpt lat="37.425484" lon="-81.507090"></trkpt>
      <trkpt lat="37.425568" lon="-81.507129"></trkpt>
      <trkpt lat="37.425676" lon="-81.507171"></trkpt>
      <trkpt lat="37.425751" lon="-81.507190"></trkpt>
      <trkpt lat="37.425858" lon="-81.507210"></trkpt>
      <trkpt lat="37.425963" lon="-81.507218"></trkpt>
      <trkpt lat="37.426048" lon="-81.507219"></trkpt>
      <trkpt lat="37.426169" lon="-81.507211"></trkpt>
      <trkpt lat="37.426257" lon="-81.507201"></trkpt>
      <trkpt lat="37.426315" lon="-81.507190"></trkpt>
      <trkpt lat="37.426360" lon="-81.507181"></trkpt>
      <trkpt lat="37.426380" lon="-81.507256"></trkpt>
      <trkpt lat="37.426389" lon="-81.507290"></trkpt>
      <trkpt lat="37.426411" lon="-81.507375"></trkpt>
      <trkpt lat="37.426432" lon="-81.507455"></trkpt>
      <trkpt lat="37.426440" lon="-81.507505"></trkpt>
      <trkpt lat="37.426440" lon="-81.507546"></trkpt>
      <trkpt lat="37.426434" lon="-81.507594"></trkpt>
      <trkpt lat="37.426537" lon="-81.507580"></trkpt>
      <trkpt lat="37.426662" lon="-81.507551"></trkpt>
      <trkpt lat="37.426698" lon="-81.507540"></trkpt>
    </trkseg>
  </trk>
</gpx>
