<?xml version="1.0" encoding="utf-8" ?>
<gpx xmlns="http://www.topografix.com/GPX/1/1" creator="http://furkot.com/" version="1.1" xmlns:xsi="http://www.w3.org/2001/XMLSchema-instance" xsi:schemaLocation="http://www.topografix.com/GPX/1/1 http://www.topografix.com/GPX/1/1/gpx.xsd">
  <metadata>
    <name>The Mountain Store Loop</name>
    <author>
      <name>Furkot - road trip planner</name>
      <email id="trips" domain="furkot.com"></email>
      <link href="https://trips.furkot.com">
        <text>Furkot</text>
      </link>
    </author>
  </metadata>
  <wpt lat="39.309531" lon="-78.596217">
    <time>2026-07-25T13:00:00.000Z</time>
    <cmt>463 Bloomery Pike, Augusta, WV</cmt>
    <desc>463 Bloomery Pike, Augusta, WV</desc>
    <sym>Flag, Blue</sym>
  </wpt>
  <wpt lat="39.373100" lon="-78.522800">
    <time>2026-07-25T14:07:53.000Z</time>
    <name>Slanesville General-Store</name>
    <cmt>West Virginia, USA</cmt>
    <desc>West Virginia, USA</desc>
  </wpt>
  <wpt lat="39.340873" lon="-78.755290">
    <time>2026-07-25T15:34:14.000Z</time>
    <name>Sheetz</name>
    <cmt>136 East Main Street, Romney, WV</cmt>
    <desc>136 East Main Street, Romney, WV</desc>
  </wpt>
  <wpt lat="39.410932" lon="-79.001827">
    <time>2026-07-25T17:02:03.000Z</time>
    <name>Keyser Inn</name>
    <cmt>51 Josie Drive, Keyser, WV</cmt>
    <desc>51 Josie Drive, Keyser, WV</desc>
    <link href="https://trips.furkot.com/book/bookingdotcom?alt=&amp;id=12487133&amp;url=https%3A%2F%2Fwww.booking.com%2Fhotel%2Fus%2Fkeyser-inn.html&amp;currency=USD"></link>
    <sym>Lodging</sym>
  </wpt>
  <wpt lat="39.553253" lon="-78.825880">
    <time>2026-07-26T13:28:19.000Z</time>
    <cmt>Waxler Road, WV</cmt>
    <desc>Waxler Road, WV</desc>
  </wpt>
  <wpt lat="39.426794" lon="-78.594102">
    <time>2026-07-26T14:55:43.000Z</time>
    <cmt>J R Rannells Road, WV</cmt>
    <desc>J R Rannells Road, WV</desc>
  </wpt>
  <trk>
    <name>Day 1 - Sat, Jul 25, 2026</name>
    <trkseg>
      <trkpt lat="39.309532" lon="-78.596220"></trkpt>
      <trkpt lat="39.309845" lon="-78.595979"></trkpt>
      <trkpt lat="39.310768" lon="-78.595171"></trkpt>
      <trkpt lat="39.311129" lon="-78.594887"></trkpt>
      <trkpt lat="39.311407" lon="-78.594656"></trkpt>
      <trkpt lat="39.311452" lon="-78.594619"></trkpt>
      <trkpt lat="39.311560" lon="-78.594539"></trkpt>
      <trkpt lat="39.311836" lon="-78.594331"></trkpt>
      <trkpt lat="39.315714" lon="-78.591160"></trkpt>
      <trkpt lat="39.316044" lon="-78.590890"></trkpt>
      <trkpt lat="39.316191" lon="-78.590769"></trkpt>
      <trkpt lat="39.317300" lon="-78.589862"></trkpt>
      <trkpt lat="39.319682" lon="-78.587914"></trkpt>
      <trkpt lat="39.319968" lon="-78.587681"></trkpt>
      <trkpt lat="39.320762" lon="-78.587033"></trkpt>
      <trkpt lat="39.324005" lon="-78.584388"></trkpt>
      <trkpt lat="39.325494" lon="-78.583174"></trkpt>
      <trkpt lat="39.325760" lon="-78.582974"></trkpt>
      <trkpt lat="39.328010" lon="-78.581143"></trkpt>
      <trkpt lat="39.329507" lon="-78.579886"></trkpt>
      <trkpt lat="39.329855" lon="-78.579617"></trkpt>
      <trkpt lat="39.334781" lon="-78.575626"></trkpt>
      <trkpt lat="39.339077" lon="-78.572055"></trkpt>
      <trkpt lat="39.340762" lon="-78.570743"></trkpt>
      <trkpt lat="39.340778" lon="-78.570729"></trkpt>
      <trkpt lat="39.340916" lon="-78.570607"></trkpt>
      <trkpt lat="39.341139" lon="-78.570410"></trkpt>
      <trkpt lat="39.341256" lon="-78.570334"></trkpt>
      <trkpt lat="39.341749" lon="-78.569930"></trkpt>
      <trkpt lat="39.341816" lon="-78.569875"></trkpt>
      <trkpt lat="39.344051" lon="-78.568044"></trkpt>
      <trkpt lat="39.344841" lon="-78.567397"></trkpt>
      <trkpt lat="39.345160" lon="-78.567136"></trkpt>
      <trkpt lat="39.345454" lon="-78.566896"></trkpt>
      <trkpt lat="39.346138" lon="-78.566336"></trkpt>
      <trkpt lat="39.346315" lon="-78.566192"></trkpt>
      <trkpt lat="39.346864" lon="-78.565743"></trkpt>
      <trkpt lat="39.347922" lon="-78.564878"></trkpt>
      <trkpt lat="39.348573" lon="-78.564345"></trkpt>
      <trkpt lat="39.351622" lon="-78.561929"></trkpt>
      <trkpt lat="39.357059" lon="-78.557499"></trkpt>
      <trkpt lat="39.357632" lon="-78.557032"></trkpt>
      <trkpt lat="39.357989" lon="-78.556737"></trkpt>
      <trkpt lat="39.358045" lon="-78.556691"></trkpt>
      <trkpt lat="39.359084" lon="-78.555700"></trkpt>
      <trkpt lat="39.360382" lon="-78.554462"></trkpt>
      <trkpt lat="39.360516" lon="-78.554334"></trkpt>
      <trkpt lat="39.360601" lon="-78.554234"></trkpt>
      <trkpt lat="39.360794" lon="-78.554006"></trkpt>
      <trkpt lat="39.361270" lon="-78.553537"></trkpt>
      <trkpt lat="39.361475" lon="-78.553335"></trkpt>
      <trkpt lat="39.361740" lon="-78.553013"></trkpt>
      <trkpt lat="39.361978" lon="-78.552713"></trkpt>
      <trkpt lat="39.362072" lon="-78.552595"></trkpt>
      <trkpt lat="39.362450" lon="-78.552064"></trkpt>
      <trkpt lat="39.362914" lon="-78.551366"></trkpt>
      <trkpt lat="39.363283" lon="-78.550792"></trkpt>
      <trkpt lat="39.363652" lon="-78.550192"></trkpt>
      <trkpt lat="39.364096" lon="-78.549414"></trkpt>
      <trkpt lat="39.364474" lon="-78.548690"></trkpt>
      <trkpt lat="39.364793" lon="-78.548051"></trkpt>
      <trkpt lat="39.365000" lon="-78.547563"></trkpt>
      <trkpt lat="39.365232" lon="-78.547016"></trkpt>
      <trkpt lat="39.365440" lon="-78.546512"></trkpt>
      <trkpt lat="39.365684" lon="-78.545889"></trkpt>
      <trkpt lat="39.365938" lon="-78.545176"></trkpt>
      <trkpt lat="39.366120" lon="-78.544634"></trkpt>
      <trkpt lat="39.366327" lon="-78.543958"></trkpt>
      <trkpt lat="39.366502" lon="-78.543331"></trkpt>
      <trkpt lat="39.366792" lon="-78.542140"></trkpt>
      <trkpt lat="39.367099" lon="-78.540772"></trkpt>
      <trkpt lat="39.367305" lon="-78.539758"></trkpt>
      <trkpt lat="39.367377" lon="-78.539409"></trkpt>
      <trkpt lat="39.367712" lon="-78.537811"></trkpt>
      <trkpt lat="39.367775" lon="-78.537532"></trkpt>
      <trkpt lat="39.367841" lon="-78.537280"></trkpt>
      <trkpt lat="39.367916" lon="-78.537043"></trkpt>
      <trkpt lat="39.368063" lon="-78.536681"></trkpt>
      <trkpt lat="39.368263" lon="-78.536271"></trkpt>
      <trkpt lat="39.368481" lon="-78.535888"></trkpt>
      <trkpt lat="39.369219" lon="-78.534524"></trkpt>
      <trkpt lat="39.369675" lon="-78.533666"></trkpt>
      <trkpt lat="39.369872" lon="-78.533295"></trkpt>
      <trkpt lat="39.370611" lon="-78.531970"></trkpt>
      <trkpt lat="39.370923" lon="-78.531393"></trkpt>
      <trkpt lat="39.371127" lon="-78.531007"></trkpt>
      <trkpt lat="39.371346" lon="-78.530587"></trkpt>
      <trkpt lat="39.371559" lon="-78.530119"></trkpt>
      <trkpt lat="39.371719" lon="-78.529504"></trkpt>
      <trkpt lat="39.371983" lon="-78.528280"></trkpt>
      <trkpt lat="39.372539" lon="-78.525876"></trkpt>
      <trkpt lat="39.372792" lon="-78.524782"></trkpt>
      <trkpt lat="39.373052" lon="-78.523660"></trkpt>
      <trkpt lat="39.373239" lon="-78.522854"></trkpt>
      <trkpt lat="39.373239" lon="-78.522854"></trkpt>
      <trkpt lat="39.373052" lon="-78.523660"></trkpt>
      <trkpt lat="39.372792" lon="-78.524782"></trkpt>
      <trkpt lat="39.372539" lon="-78.525876"></trkpt>
      <trkpt lat="39.371983" lon="-78.528280"></trkpt>
      <trkpt lat="39.371719" lon="-78.529504"></trkpt>
      <trkpt lat="39.371559" lon="-78.530119"></trkpt>
      <trkpt lat="39.371346" lon="-78.530587"></trkpt>
      <trkpt lat="39.371127" lon="-78.531007"></trkpt>
      <trkpt lat="39.370923" lon="-78.531393"></trkpt>
      <trkpt lat="39.370611" lon="-78.531970"></trkpt>
      <trkpt lat="39.369872" lon="-78.533295"></trkpt>
      <trkpt lat="39.369675" lon="-78.533666"></trkpt>
      <trkpt lat="39.369219" lon="-78.534524"></trkpt>
      <trkpt lat="39.368481" lon="-78.535888"></trkpt>
      <trkpt lat="39.368263" lon="-78.536271"></trkpt>
      <trkpt lat="39.368063" lon="-78.536681"></trkpt>
      <trkpt lat="39.367916" lon="-78.537043"></trkpt>
      <trkpt lat="39.367841" lon="-78.537280"></trkpt>
      <trkpt lat="39.367775" lon="-78.537532"></trkpt>
      <trkpt lat="39.367712" lon="-78.537811"></trkpt>
      <trkpt lat="39.367377" lon="-78.539409"></trkpt>
      <trkpt lat="39.367305" lon="-78.539758"></trkpt>
      <trkpt lat="39.367099" lon="-78.540772"></trkpt>
      <trkpt lat="39.366792" lon="-78.542140"></trkpt>
      <trkpt lat="39.366502" lon="-78.543331"></trkpt>
      <trkpt lat="39.366327" lon="-78.543958"></trkpt>
      <trkpt lat="39.366120" lon="-78.544634"></trkpt>
      <trkpt lat="39.365938" lon="-78.545176"></trkpt>
      <trkpt lat="39.365684" lon="-78.545889"></trkpt>
      <trkpt lat="39.365440" lon="-78.546512"></trkpt>
      <trkpt lat="39.365232" lon="-78.547016"></trkpt>
      <trkpt lat="39.365000" lon="-78.547563"></trkpt>
      <trkpt lat="39.364793" lon="-78.548051"></trkpt>
      <trkpt lat="39.364474" lon="-78.548690"></trkpt>
      <trkpt lat="39.364096" lon="-78.549414"></trkpt>
      <trkpt lat="39.363652" lon="-78.550192"></trkpt>
      <trkpt lat="39.363283" lon="-78.550792"></trkpt>
      <trkpt lat="39.362914" lon="-78.551366"></trkpt>
      <trkpt lat="39.362450" lon="-78.552064"></trkpt>
      <trkpt lat="39.362072" lon="-78.552595"></trkpt>
      <trkpt lat="39.361978" lon="-78.552713"></trkpt>
      <trkpt lat="39.361740" lon="-78.553013"></trkpt>
      <trkpt lat="39.361475" lon="-78.553335"></trkpt>
      <trkpt lat="39.361270" lon="-78.553537"></trkpt>
      <trkpt lat="39.360794" lon="-78.554006"></trkpt>
      <trkpt lat="39.360601" lon="-78.554234"></trkpt>
      <trkpt lat="39.360516" lon="-78.554334"></trkpt>
      <trkpt lat="39.360382" lon="-78.554462"></trkpt>
      <trkpt lat="39.359084" lon="-78.555700"></trkpt>
      <trkpt lat="39.358045" lon="-78.556691"></trkpt>
      <trkpt lat="39.357989" lon="-78.556737"></trkpt>
      <trkpt lat="39.357632" lon="-78.557032"></trkpt>
      <trkpt lat="39.357059" lon="-78.557499"></trkpt>
      <trkpt lat="39.351622" lon="-78.561929"></trkpt>
      <trkpt lat="39.348573" lon="-78.564345"></trkpt>
      <trkpt lat="39.347922" lon="-78.564878"></trkpt>
      <trkpt lat="39.346864" lon="-78.565743"></trkpt>
      <trkpt lat="39.346315" lon="-78.566192"></trkpt>
      <trkpt lat="39.346138" lon="-78.566336"></trkpt>
      <trkpt lat="39.345454" lon="-78.566896"></trkpt>
      <trkpt lat="39.345160" lon="-78.567136"></trkpt>
      <trkpt lat="39.344841" lon="-78.567397"></trkpt>
      <trkpt lat="39.344051" lon="-78.568044"></trkpt>
      <trkpt lat="39.341816" lon="-78.569875"></trkpt>
      <trkpt lat="39.341749" lon="-78.569930"></trkpt>
      <trkpt lat="39.341256" lon="-78.570334"></trkpt>
      <trkpt lat="39.341139" lon="-78.570410"></trkpt>
      <trkpt lat="39.340916" lon="-78.570607"></trkpt>
      <trkpt lat="39.340778" lon="-78.570729"></trkpt>
      <trkpt lat="39.340762" lon="-78.570743"></trkpt>
      <trkpt lat="39.339077" lon="-78.572055"></trkpt>
      <trkpt lat="39.334781" lon="-78.575626"></trkpt>
      <trkpt lat="39.329855" lon="-78.579617"></trkpt>
      <trkpt lat="39.329507" lon="-78.579886"></trkpt>
      <trkpt lat="39.328010" lon="-78.581143"></trkpt>
      <trkpt lat="39.325760" lon="-78.582974"></trkpt>
      <trkpt lat="39.325494" lon="-78.583174"></trkpt>
      <trkpt lat="39.324005" lon="-78.584388"></trkpt>
      <trkpt lat="39.320762" lon="-78.587033"></trkpt>
      <trkpt lat="39.319968" lon="-78.587681"></trkpt>
      <trkpt lat="39.319682" lon="-78.587914"></trkpt>
      <trkpt lat="39.317300" lon="-78.589862"></trkpt>
      <trkpt lat="39.316191" lon="-78.590769"></trkpt>
      <trkpt lat="39.316044" lon="-78.590890"></trkpt>
      <trkpt lat="39.315714" lon="-78.591160"></trkpt>
      <trkpt lat="39.311836" lon="-78.594331"></trkpt>
      <trkpt lat="39.311560" lon="-78.594539"></trkpt>
      <trkpt lat="39.311452" lon="-78.594619"></trkpt>
      <trkpt lat="39.311407" lon="-78.594656"></trkpt>
      <trkpt lat="39.311129" lon="-78.594887"></trkpt>
      <trkpt lat="39.310768" lon="-78.595171"></trkpt>
      <trkpt lat="39.309845" lon="-78.595979"></trkpt>
      <trkpt lat="39.308196" lon="-78.597246"></trkpt>
      <trkpt lat="39.307499" lon="-78.597830"></trkpt>
      <trkpt lat="39.306297" lon="-78.598890"></trkpt>
      <trkpt lat="39.305604" lon="-78.599458"></trkpt>
      <trkpt lat="39.302582" lon="-78.601937"></trkpt>
      <trkpt lat="39.302480" lon="-78.602021"></trkpt>
      <trkpt lat="39.300514" lon="-78.603544"></trkpt>
      <trkpt lat="39.300318" lon="-78.603727"></trkpt>
      <trkpt lat="39.300177" lon="-78.603972"></trkpt>
      <trkpt lat="39.300032" lon="-78.604337"></trkpt>
      <trkpt lat="39.299907" lon="-78.604729"></trkpt>
      <trkpt lat="39.299896" lon="-78.605077"></trkpt>
      <trkpt lat="39.299873" lon="-78.606513"></trkpt>
      <trkpt lat="39.299827" lon="-78.607036"></trkpt>
      <trkpt lat="39.299727" lon="-78.607578"></trkpt>
      <trkpt lat="39.299463" lon="-78.608798"></trkpt>
      <trkpt lat="39.299397" lon="-78.609150"></trkpt>
      <trkpt lat="39.299220" lon="-78.609907"></trkpt>
      <trkpt lat="39.298860" lon="-78.611607"></trkpt>
      <trkpt lat="39.298581" lon="-78.612651"></trkpt>
      <trkpt lat="39.298219" lon="-78.614001"></trkpt>
      <trkpt lat="39.297955" lon="-78.614875"></trkpt>
      <trkpt lat="39.297645" lon="-78.616023"></trkpt>
      <trkpt lat="39.297436" lon="-78.616749"></trkpt>
      <trkpt lat="39.297341" lon="-78.617282"></trkpt>
      <trkpt lat="39.297315" lon="-78.617426"></trkpt>
      <trkpt lat="39.297282" lon="-78.617725"></trkpt>
      <trkpt lat="39.297285" lon="-78.618241"></trkpt>
      <trkpt lat="39.297330" lon="-78.618709"></trkpt>
      <trkpt lat="39.297342" lon="-78.618831"></trkpt>
      <trkpt lat="39.297402" lon="-78.619172"></trkpt>
      <trkpt lat="39.297490" lon="-78.619477"></trkpt>
      <trkpt lat="39.297713" lon="-78.620087"></trkpt>
      <trkpt lat="39.297855" lon="-78.620343"></trkpt>
      <trkpt lat="39.298024" lon="-78.620623"></trkpt>
      <trkpt lat="39.298333" lon="-78.621095"></trkpt>
      <trkpt lat="39.298739" lon="-78.621664"></trkpt>
      <trkpt lat="39.299105" lon="-78.622211"></trkpt>
      <trkpt lat="39.299312" lon="-78.622498"></trkpt>
      <trkpt lat="39.299593" lon="-78.622901"></trkpt>
      <trkpt lat="39.299907" lon="-78.623486"></trkpt>
      <trkpt lat="39.300009" lon="-78.623743"></trkpt>
      <trkpt lat="39.300127" lon="-78.624106"></trkpt>
      <trkpt lat="39.300266" lon="-78.624706"></trkpt>
      <trkpt lat="39.300298" lon="-78.625061"></trkpt>
      <trkpt lat="39.300304" lon="-78.625636"></trkpt>
      <trkpt lat="39.300257" lon="-78.626160"></trkpt>
      <trkpt lat="39.300203" lon="-78.626503"></trkpt>
      <trkpt lat="39.300115" lon="-78.626924"></trkpt>
      <trkpt lat="39.299519" lon="-78.628954"></trkpt>
      <trkpt lat="39.299352" lon="-78.629531"></trkpt>
      <trkpt lat="39.299337" lon="-78.629578"></trkpt>
      <trkpt lat="39.299295" lon="-78.629711"></trkpt>
      <trkpt lat="39.299189" lon="-78.630042"></trkpt>
      <trkpt lat="39.298957" lon="-78.630587"></trkpt>
      <trkpt lat="39.298563" lon="-78.631515"></trkpt>
      <trkpt lat="39.298195" lon="-78.632261"></trkpt>
      <trkpt lat="39.297988" lon="-78.632680"></trkpt>
      <trkpt lat="39.297765" lon="-78.633144"></trkpt>
      <trkpt lat="39.297464" lon="-78.633771"></trkpt>
      <trkpt lat="39.297245" lon="-78.634203"></trkpt>
      <trkpt lat="39.296589" lon="-78.635546"></trkpt>
      <trkpt lat="39.296119" lon="-78.636381"></trkpt>
      <trkpt lat="39.295783" lon="-78.636972"></trkpt>
      <trkpt lat="39.295367" lon="-78.637746"></trkpt>
      <trkpt lat="39.295088" lon="-78.638296"></trkpt>
      <trkpt lat="39.294341" lon="-78.639786"></trkpt>
      <trkpt lat="39.294160" lon="-78.640132"></trkpt>
      <trkpt lat="39.293820" lon="-78.640823"></trkpt>
      <trkpt lat="39.293691" lon="-78.641113"></trkpt>
      <trkpt lat="39.293490" lon="-78.641566"></trkpt>
      <trkpt lat="39.293453" lon="-78.641692"></trkpt>
      <trkpt lat="39.293435" lon="-78.641750"></trkpt>
      <trkpt lat="39.293321" lon="-78.642418"></trkpt>
      <trkpt lat="39.293330" lon="-78.643025"></trkpt>
      <trkpt lat="39.293358" lon="-78.643322"></trkpt>
      <trkpt lat="39.293408" lon="-78.643602"></trkpt>
      <trkpt lat="39.293467" lon="-78.643814"></trkpt>
      <trkpt lat="39.293542" lon="-78.644002"></trkpt>
      <trkpt lat="39.293801" lon="-78.644533"></trkpt>
      <trkpt lat="39.294381" lon="-78.645498"></trkpt>
      <trkpt lat="39.294585" lon="-78.645825"></trkpt>
      <trkpt lat="39.294867" lon="-78.646218"></trkpt>
      <trkpt lat="39.295309" lon="-78.646691"></trkpt>
      <trkpt lat="39.295573" lon="-78.646961"></trkpt>
      <trkpt lat="39.296350" lon="-78.647742"></trkpt>
      <trkpt lat="39.297228" lon="-78.648649"></trkpt>
      <trkpt lat="39.297706" lon="-78.649232"></trkpt>
      <trkpt lat="39.298100" lon="-78.649836"></trkpt>
      <trkpt lat="39.298913" lon="-78.651238"></trkpt>
      <trkpt lat="39.299245" lon="-78.651807"></trkpt>
      <trkpt lat="39.299452" lon="-78.652156"></trkpt>
      <trkpt lat="39.300302" lon="-78.653608"></trkpt>
      <trkpt lat="39.300705" lon="-78.654324"></trkpt>
      <trkpt lat="39.301209" lon="-78.655148"></trkpt>
      <trkpt lat="39.301587" lon="-78.655752"></trkpt>
      <trkpt lat="39.301795" lon="-78.656050"></trkpt>
      <trkpt lat="39.302058" lon="-78.656259"></trkpt>
      <trkpt lat="39.302484" lon="-78.656476"></trkpt>
      <trkpt lat="39.302702" lon="-78.656546"></trkpt>
      <trkpt lat="39.302911" lon="-78.656551"></trkpt>
      <trkpt lat="39.303051" lon="-78.656569"></trkpt>
      <trkpt lat="39.303142" lon="-78.656581"></trkpt>
      <trkpt lat="39.305246" lon="-78.656820"></trkpt>
      <trkpt lat="39.307698" lon="-78.657095"></trkpt>
      <trkpt lat="39.311422" lon="-78.657528"></trkpt>
      <trkpt lat="39.311669" lon="-78.657559"></trkpt>
      <trkpt lat="39.312164" lon="-78.657622"></trkpt>
      <trkpt lat="39.312598" lon="-78.657666"></trkpt>
      <trkpt lat="39.313094" lon="-78.657732"></trkpt>
      <trkpt lat="39.313329" lon="-78.657767"></trkpt>
      <trkpt lat="39.313585" lon="-78.657810"></trkpt>
      <trkpt lat="39.313770" lon="-78.657855"></trkpt>
      <trkpt lat="39.313964" lon="-78.657932"></trkpt>
      <trkpt lat="39.314168" lon="-78.658040"></trkpt>
      <trkpt lat="39.314492" lon="-78.658324"></trkpt>
      <trkpt lat="39.314701" lon="-78.658573"></trkpt>
      <trkpt lat="39.314984" lon="-78.658986"></trkpt>
      <trkpt lat="39.315117" lon="-78.659378"></trkpt>
      <trkpt lat="39.315229" lon="-78.659753"></trkpt>
      <trkpt lat="39.315286" lon="-78.660148"></trkpt>
      <trkpt lat="39.315287" lon="-78.660551"></trkpt>
      <trkpt lat="39.315202" lon="-78.661353"></trkpt>
      <trkpt lat="39.315132" lon="-78.661913"></trkpt>
      <trkpt lat="39.315072" lon="-78.662377"></trkpt>
      <trkpt lat="39.314979" lon="-78.663112"></trkpt>
      <trkpt lat="39.314790" lon="-78.664585"></trkpt>
      <trkpt lat="39.314703" lon="-78.665290"></trkpt>
      <trkpt lat="39.314596" lon="-78.666124"></trkpt>
      <trkpt lat="39.314560" lon="-78.666457"></trkpt>
      <trkpt lat="39.314524" lon="-78.666723"></trkpt>
      <trkpt lat="39.314440" lon="-78.667361"></trkpt>
      <trkpt lat="39.314338" lon="-78.667989"></trkpt>
      <trkpt lat="39.314227" lon="-78.668604"></trkpt>
      <trkpt lat="39.314089" lon="-78.669261"></trkpt>
      <trkpt lat="39.313704" lon="-78.670590"></trkpt>
      <trkpt lat="39.313288" lon="-78.671899"></trkpt>
      <trkpt lat="39.312835" lon="-78.673317"></trkpt>
      <trkpt lat="39.312668" lon="-78.673846"></trkpt>
      <trkpt lat="39.312426" lon="-78.674599"></trkpt>
      <trkpt lat="39.312146" lon="-78.675513"></trkpt>
      <trkpt lat="39.312032" lon="-78.675903"></trkpt>
      <trkpt lat="39.311981" lon="-78.676088"></trkpt>
      <trkpt lat="39.311947" lon="-78.676294"></trkpt>
      <trkpt lat="39.311921" lon="-78.676633"></trkpt>
      <trkpt lat="39.311913" lon="-78.678540"></trkpt>
      <trkpt lat="39.311911" lon="-78.678776"></trkpt>
      <trkpt lat="39.311900" lon="-78.680337"></trkpt>
      <trkpt lat="39.311907" lon="-78.681114"></trkpt>
      <trkpt lat="39.311921" lon="-78.681483"></trkpt>
      <trkpt lat="39.311936" lon="-78.681608"></trkpt>
      <trkpt lat="39.312053" lon="-78.682139"></trkpt>
      <trkpt lat="39.312145" lon="-78.682431"></trkpt>
      <trkpt lat="39.312254" lon="-78.682711"></trkpt>
      <trkpt lat="39.312687" lon="-78.683693"></trkpt>
      <trkpt lat="39.313306" lon="-78.685113"></trkpt>
      <trkpt lat="39.313327" lon="-78.685160"></trkpt>
      <trkpt lat="39.313789" lon="-78.686211"></trkpt>
      <trkpt lat="39.314118" lon="-78.686982"></trkpt>
      <trkpt lat="39.314178" lon="-78.687110"></trkpt>
      <trkpt lat="39.314330" lon="-78.687453"></trkpt>
      <trkpt lat="39.314431" lon="-78.687668"></trkpt>
      <trkpt lat="39.314519" lon="-78.687869"></trkpt>
      <trkpt lat="39.314619" lon="-78.688100"></trkpt>
      <trkpt lat="39.314868" lon="-78.688628"></trkpt>
      <trkpt lat="39.315151" lon="-78.689138"></trkpt>
      <trkpt lat="39.315463" lon="-78.689610"></trkpt>
      <trkpt lat="39.315787" lon="-78.690040"></trkpt>
      <trkpt lat="39.316846" lon="-78.691109"></trkpt>
      <trkpt lat="39.317955" lon="-78.691815"></trkpt>
      <trkpt lat="39.318225" lon="-78.691992"></trkpt>
      <trkpt lat="39.318534" lon="-78.692206"></trkpt>
      <trkpt lat="39.319078" lon="-78.692546"></trkpt>
      <trkpt lat="39.319691" lon="-78.692920"></trkpt>
      <trkpt lat="39.320115" lon="-78.693116"></trkpt>
      <trkpt lat="39.320564" lon="-78.693234"></trkpt>
      <trkpt lat="39.321012" lon="-78.693185"></trkpt>
      <trkpt lat="39.321285" lon="-78.693110"></trkpt>
      <trkpt lat="39.321430" lon="-78.693057"></trkpt>
      <trkpt lat="39.321771" lon="-78.692890"></trkpt>
      <trkpt lat="39.321907" lon="-78.692787"></trkpt>
      <trkpt lat="39.322338" lon="-78.692556"></trkpt>
      <trkpt lat="39.322794" lon="-78.692352"></trkpt>
      <trkpt lat="39.323019" lon="-78.692281"></trkpt>
      <trkpt lat="39.323408" lon="-78.692240"></trkpt>
      <trkpt lat="39.323735" lon="-78.692263"></trkpt>
      <trkpt lat="39.324059" lon="-78.692351"></trkpt>
      <trkpt lat="39.324311" lon="-78.692468"></trkpt>
      <trkpt lat="39.324515" lon="-78.692595"></trkpt>
      <trkpt lat="39.324721" lon="-78.692749"></trkpt>
      <trkpt lat="39.325072" lon="-78.693054"></trkpt>
      <trkpt lat="39.325180" lon="-78.693136"></trkpt>
      <trkpt lat="39.325609" lon="-78.693529"></trkpt>
      <trkpt lat="39.326106" lon="-78.694132"></trkpt>
      <trkpt lat="39.326310" lon="-78.694476"></trkpt>
      <trkpt lat="39.326677" lon="-78.695202"></trkpt>
      <trkpt lat="39.326979" lon="-78.696014"></trkpt>
      <trkpt lat="39.327450" lon="-78.697806"></trkpt>
      <trkpt lat="39.327758" lon="-78.698962"></trkpt>
      <trkpt lat="39.327825" lon="-78.699271"></trkpt>
      <trkpt lat="39.327837" lon="-78.699339"></trkpt>
      <trkpt lat="39.327935" lon="-78.699709"></trkpt>
      <trkpt lat="39.328115" lon="-78.700400"></trkpt>
      <trkpt lat="39.328461" lon="-78.701710"></trkpt>
      <trkpt lat="39.328636" lon="-78.702386"></trkpt>
      <trkpt lat="39.328901" lon="-78.703447"></trkpt>
      <trkpt lat="39.329249" lon="-78.704737"></trkpt>
      <trkpt lat="39.329497" lon="-78.705662"></trkpt>
      <trkpt lat="39.329691" lon="-78.706386"></trkpt>
      <trkpt lat="39.330395" lon="-78.709048"></trkpt>
      <trkpt lat="39.330405" lon="-78.709104"></trkpt>
      <trkpt lat="39.330515" lon="-78.709705"></trkpt>
      <trkpt lat="39.330553" lon="-78.710264"></trkpt>
      <trkpt lat="39.330559" lon="-78.710343"></trkpt>
      <trkpt lat="39.330526" lon="-78.711213"></trkpt>
      <trkpt lat="39.330446" lon="-78.711752"></trkpt>
      <trkpt lat="39.330353" lon="-78.712164"></trkpt>
      <trkpt lat="39.330286" lon="-78.712411"></trkpt>
      <trkpt lat="39.330190" lon="-78.712685"></trkpt>
      <trkpt lat="39.330120" lon="-78.712867"></trkpt>
      <trkpt lat="39.329950" lon="-78.713228"></trkpt>
      <trkpt lat="39.329718" lon="-78.713644"></trkpt>
      <trkpt lat="39.329570" lon="-78.713849"></trkpt>
      <trkpt lat="39.329387" lon="-78.714102"></trkpt>
      <trkpt lat="39.328973" lon="-78.714561"></trkpt>
      <trkpt lat="39.328727" lon="-78.714792"></trkpt>
      <trkpt lat="39.326980" lon="-78.716337"></trkpt>
      <trkpt lat="39.326810" lon="-78.716526"></trkpt>
      <trkpt lat="39.326653" lon="-78.716733"></trkpt>
      <trkpt lat="39.325855" lon="-78.718122"></trkpt>
      <trkpt lat="39.325058" lon="-78.719495"></trkpt>
      <trkpt lat="39.324996" lon="-78.719604"></trkpt>
      <trkpt lat="39.324932" lon="-78.719714"></trkpt>
      <trkpt lat="39.324785" lon="-78.719971"></trkpt>
      <trkpt lat="39.324349" lon="-78.720824"></trkpt>
      <trkpt lat="39.324266" lon="-78.721041"></trkpt>
      <trkpt lat="39.324127" lon="-78.721617"></trkpt>
      <trkpt lat="39.324091" lon="-78.721926"></trkpt>
      <trkpt lat="39.324085" lon="-78.722273"></trkpt>
      <trkpt lat="39.324128" lon="-78.722651"></trkpt>
      <trkpt lat="39.324242" lon="-78.723173"></trkpt>
      <trkpt lat="39.324421" lon="-78.723677"></trkpt>
      <trkpt lat="39.324520" lon="-78.723884"></trkpt>
      <trkpt lat="39.324628" lon="-78.724069"></trkpt>
      <trkpt lat="39.326422" lon="-78.726791"></trkpt>
      <trkpt lat="39.326887" lon="-78.727617"></trkpt>
      <trkpt lat="39.327130" lon="-78.728132"></trkpt>
      <trkpt lat="39.327181" lon="-78.728259"></trkpt>
      <trkpt lat="39.327366" lon="-78.728719"></trkpt>
      <trkpt lat="39.327469" lon="-78.729052"></trkpt>
      <trkpt lat="39.327606" lon="-78.729568"></trkpt>
      <trkpt lat="39.327857" lon="-78.730679"></trkpt>
      <trkpt lat="39.327913" lon="-78.731061"></trkpt>
      <trkpt lat="39.328008" lon="-78.731496"></trkpt>
      <trkpt lat="39.328079" lon="-78.731823"></trkpt>
      <trkpt lat="39.328178" lon="-78.732284"></trkpt>
      <trkpt lat="39.328220" lon="-78.732510"></trkpt>
      <trkpt lat="39.328278" lon="-78.732757"></trkpt>
      <trkpt lat="39.328638" lon="-78.733649"></trkpt>
      <trkpt lat="39.328949" lon="-78.734271"></trkpt>
      <trkpt lat="39.330201" lon="-78.736494"></trkpt>
      <trkpt lat="39.330418" lon="-78.736898"></trkpt>
      <trkpt lat="39.330825" lon="-78.737658"></trkpt>
      <trkpt lat="39.331663" lon="-78.739079"></trkpt>
      <trkpt lat="39.331972" lon="-78.739714"></trkpt>
      <trkpt lat="39.332489" lon="-78.740939"></trkpt>
      <trkpt lat="39.333293" lon="-78.742405"></trkpt>
      <trkpt lat="39.333452" lon="-78.742679"></trkpt>
      <trkpt lat="39.333570" lon="-78.742882"></trkpt>
      <trkpt lat="39.334386" lon="-78.744293"></trkpt>
      <trkpt lat="39.334856" lon="-78.745137"></trkpt>
      <trkpt lat="39.334895" lon="-78.745206"></trkpt>
      <trkpt lat="39.335045" lon="-78.745474"></trkpt>
      <trkpt lat="39.335263" lon="-78.745859"></trkpt>
      <trkpt lat="39.335400" lon="-78.746110"></trkpt>
      <trkpt lat="39.335478" lon="-78.746244"></trkpt>
      <trkpt lat="39.335602" lon="-78.746457"></trkpt>
      <trkpt lat="39.336777" lon="-78.748477"></trkpt>
      <trkpt lat="39.336858" lon="-78.748613"></trkpt>
      <trkpt lat="39.337071" lon="-78.748974"></trkpt>
      <trkpt lat="39.337202" lon="-78.749155"></trkpt>
      <trkpt lat="39.337270" lon="-78.749230"></trkpt>
      <trkpt lat="39.337751" lon="-78.749763"></trkpt>
      <trkpt lat="39.338256" lon="-78.750316"></trkpt>
      <trkpt lat="39.338646" lon="-78.750738"></trkpt>
      <trkpt lat="39.338965" lon="-78.751085"></trkpt>
      <trkpt lat="39.339237" lon="-78.751380"></trkpt>
      <trkpt lat="39.339386" lon="-78.751547"></trkpt>
      <trkpt lat="39.339536" lon="-78.751709"></trkpt>
      <trkpt lat="39.339742" lon="-78.751936"></trkpt>
      <trkpt lat="39.339852" lon="-78.752052"></trkpt>
      <trkpt lat="39.340083" lon="-78.752298"></trkpt>
      <trkpt lat="39.340221" lon="-78.752446"></trkpt>
      <trkpt lat="39.340505" lon="-78.752752"></trkpt>
      <trkpt lat="39.340663" lon="-78.752922"></trkpt>
      <trkpt lat="39.340893" lon="-78.753199"></trkpt>
      <trkpt lat="39.340993" lon="-78.753387"></trkpt>
      <trkpt lat="39.341010" lon="-78.753419"></trkpt>
      <trkpt lat="39.341178" lon="-78.753935"></trkpt>
      <trkpt lat="39.341191" lon="-78.753974"></trkpt>
      <trkpt lat="39.341306" lon="-78.754328"></trkpt>
      <trkpt lat="39.341225" lon="-78.754370"></trkpt>
      <trkpt lat="39.340855" lon="-78.754559"></trkpt>
      <trkpt lat="39.340595" lon="-78.754692"></trkpt>
      <trkpt lat="39.340439" lon="-78.754769"></trkpt>
      <trkpt lat="39.340386" lon="-78.754799"></trkpt>
      <trkpt lat="39.340339" lon="-78.754823"></trkpt>
      <trkpt lat="39.340399" lon="-78.755029"></trkpt>
      <trkpt lat="39.340410" lon="-78.755065"></trkpt>
      <trkpt lat="39.340443" lon="-78.755178"></trkpt>
      <trkpt lat="39.340491" lon="-78.755344"></trkpt>
      <trkpt lat="39.340543" lon="-78.755317"></trkpt>
      <trkpt lat="39.340700" lon="-78.755237"></trkpt>
      <trkpt lat="39.340700" lon="-78.755237"></trkpt>
      <trkpt lat="39.340543" lon="-78.755317"></trkpt>
      <trkpt lat="39.340491" lon="-78.755344"></trkpt>
      <trkpt lat="39.340647" lon="-78.755879"></trkpt>
      <trkpt lat="39.340907" lon="-78.755752"></trkpt>
      <trkpt lat="39.341154" lon="-78.755631"></trkpt>
      <trkpt lat="39.341639" lon="-78.755394"></trkpt>
      <trkpt lat="39.341792" lon="-78.755875"></trkpt>
      <trkpt lat="39.341858" lon="-78.756088"></trkpt>
      <trkpt lat="39.341902" lon="-78.756231"></trkpt>
      <trkpt lat="39.341943" lon="-78.756362"></trkpt>
      <trkpt lat="39.341971" lon="-78.756448"></trkpt>
      <trkpt lat="39.341998" lon="-78.756540"></trkpt>
      <trkpt lat="39.342303" lon="-78.757571"></trkpt>
      <trkpt lat="39.342632" lon="-78.758678"></trkpt>
      <trkpt lat="39.342941" lon="-78.759693"></trkpt>
      <trkpt lat="39.342931" lon="-78.760043"></trkpt>
      <trkpt lat="39.342859" lon="-78.760646"></trkpt>
      <trkpt lat="39.342715" lon="-78.761889"></trkpt>
      <trkpt lat="39.342688" lon="-78.762118"></trkpt>
      <trkpt lat="39.342574" lon="-78.763103"></trkpt>
      <trkpt lat="39.342458" lon="-78.764001"></trkpt>
      <trkpt lat="39.342369" lon="-78.764545"></trkpt>
      <trkpt lat="39.342212" lon="-78.764960"></trkpt>
      <trkpt lat="39.341897" lon="-78.765743"></trkpt>
      <trkpt lat="39.341644" lon="-78.766370"></trkpt>
      <trkpt lat="39.341518" lon="-78.766741"></trkpt>
      <trkpt lat="39.340975" lon="-78.768201"></trkpt>
      <trkpt lat="39.340966" lon="-78.768226"></trkpt>
      <trkpt lat="39.340057" lon="-78.770566"></trkpt>
      <trkpt lat="39.339700" lon="-78.771482"></trkpt>
      <trkpt lat="39.339479" lon="-78.772148"></trkpt>
      <trkpt lat="39.339418" lon="-78.772505"></trkpt>
      <trkpt lat="39.339381" lon="-78.772865"></trkpt>
      <trkpt lat="39.339371" lon="-78.773223"></trkpt>
      <trkpt lat="39.339377" lon="-78.773407"></trkpt>
      <trkpt lat="39.339561" lon="-78.775809"></trkpt>
      <trkpt lat="39.339567" lon="-78.775897"></trkpt>
      <trkpt lat="39.339618" lon="-78.776699"></trkpt>
      <trkpt lat="39.339634" lon="-78.777192"></trkpt>
      <trkpt lat="39.339611" lon="-78.777543"></trkpt>
      <trkpt lat="39.339592" lon="-78.777777"></trkpt>
      <trkpt lat="39.339557" lon="-78.778006"></trkpt>
      <trkpt lat="39.339496" lon="-78.778283"></trkpt>
      <trkpt lat="39.339379" lon="-78.778656"></trkpt>
      <trkpt lat="39.339136" lon="-78.779324"></trkpt>
      <trkpt lat="39.338657" lon="-78.780517"></trkpt>
      <trkpt lat="39.338289" lon="-78.781493"></trkpt>
      <trkpt lat="39.337955" lon="-78.782366"></trkpt>
      <trkpt lat="39.337162" lon="-78.784474"></trkpt>
      <trkpt lat="39.337138" lon="-78.784533"></trkpt>
      <trkpt lat="39.336966" lon="-78.784957"></trkpt>
      <trkpt lat="39.336753" lon="-78.785401"></trkpt>
      <trkpt lat="39.336584" lon="-78.785675"></trkpt>
      <trkpt lat="39.336360" lon="-78.785963"></trkpt>
      <trkpt lat="39.335811" lon="-78.786577"></trkpt>
      <trkpt lat="39.335578" lon="-78.786778"></trkpt>
      <trkpt lat="39.335222" lon="-78.787049"></trkpt>
      <trkpt lat="39.334992" lon="-78.787237"></trkpt>
      <trkpt lat="39.333201" lon="-78.789240"></trkpt>
      <trkpt lat="39.332628" lon="-78.789932"></trkpt>
      <trkpt lat="39.332167" lon="-78.790357"></trkpt>
      <trkpt lat="39.331103" lon="-78.791171"></trkpt>
      <trkpt lat="39.330844" lon="-78.791394"></trkpt>
      <trkpt lat="39.330591" lon="-78.791660"></trkpt>
      <trkpt lat="39.329881" lon="-78.792586"></trkpt>
      <trkpt lat="39.329537" lon="-78.793036"></trkpt>
      <trkpt lat="39.329176" lon="-78.793448"></trkpt>
      <trkpt lat="39.328334" lon="-78.794313"></trkpt>
      <trkpt lat="39.328188" lon="-78.794520"></trkpt>
      <trkpt lat="39.328087" lon="-78.794710"></trkpt>
      <trkpt lat="39.327993" lon="-78.794892"></trkpt>
      <trkpt lat="39.327899" lon="-78.795117"></trkpt>
      <trkpt lat="39.327814" lon="-78.795419"></trkpt>
      <trkpt lat="39.327746" lon="-78.795774"></trkpt>
      <trkpt lat="39.327727" lon="-78.796252"></trkpt>
      <trkpt lat="39.327740" lon="-78.796514"></trkpt>
      <trkpt lat="39.327794" lon="-78.796849"></trkpt>
      <trkpt lat="39.328104" lon="-78.798178"></trkpt>
      <trkpt lat="39.328504" lon="-78.799678"></trkpt>
      <trkpt lat="39.328865" lon="-78.800711"></trkpt>
      <trkpt lat="39.329956" lon="-78.802424"></trkpt>
      <trkpt lat="39.330471" lon="-78.803075"></trkpt>
      <trkpt lat="39.332206" lon="-78.805178"></trkpt>
      <trkpt lat="39.332825" lon="-78.805914"></trkpt>
      <trkpt lat="39.333734" lon="-78.807124"></trkpt>
      <trkpt lat="39.334687" lon="-78.808264"></trkpt>
      <trkpt lat="39.335004" lon="-78.808781"></trkpt>
      <trkpt lat="39.335239" lon="-78.809396"></trkpt>
      <trkpt lat="39.335326" lon="-78.809715"></trkpt>
      <trkpt lat="39.335386" lon="-78.810058"></trkpt>
      <trkpt lat="39.335391" lon="-78.810182"></trkpt>
      <trkpt lat="39.335419" lon="-78.810839"></trkpt>
      <trkpt lat="39.335342" lon="-78.811410"></trkpt>
      <trkpt lat="39.335226" lon="-78.811901"></trkpt>
      <trkpt lat="39.335003" lon="-78.812484"></trkpt>
      <trkpt lat="39.334786" lon="-78.812844"></trkpt>
      <trkpt lat="39.334754" lon="-78.812888"></trkpt>
      <trkpt lat="39.334594" lon="-78.813106"></trkpt>
      <trkpt lat="39.334487" lon="-78.813214"></trkpt>
      <trkpt lat="39.334414" lon="-78.813288"></trkpt>
      <trkpt lat="39.334197" lon="-78.813475"></trkpt>
      <trkpt lat="39.333915" lon="-78.813708"></trkpt>
      <trkpt lat="39.333059" lon="-78.814063"></trkpt>
      <trkpt lat="39.332120" lon="-78.814376"></trkpt>
      <trkpt lat="39.331076" lon="-78.814745"></trkpt>
      <trkpt lat="39.329996" lon="-78.815137"></trkpt>
      <trkpt lat="39.329429" lon="-78.815319"></trkpt>
      <trkpt lat="39.328497" lon="-78.815711"></trkpt>
      <trkpt lat="39.328002" lon="-78.815968"></trkpt>
      <trkpt lat="39.327717" lon="-78.816155"></trkpt>
      <trkpt lat="39.327121" lon="-78.816636"></trkpt>
      <trkpt lat="39.326774" lon="-78.816943"></trkpt>
      <trkpt lat="39.326593" lon="-78.817103"></trkpt>
      <trkpt lat="39.326181" lon="-78.817472"></trkpt>
      <trkpt lat="39.325755" lon="-78.817776"></trkpt>
      <trkpt lat="39.324921" lon="-78.818490"></trkpt>
      <trkpt lat="39.324469" lon="-78.818798"></trkpt>
      <trkpt lat="39.324039" lon="-78.819177"></trkpt>
      <trkpt lat="39.323667" lon="-78.819690"></trkpt>
      <trkpt lat="39.323378" lon="-78.820045"></trkpt>
      <trkpt lat="39.322249" lon="-78.821144"></trkpt>
      <trkpt lat="39.321122" lon="-78.822302"></trkpt>
      <trkpt lat="39.319929" lon="-78.823479"></trkpt>
      <trkpt lat="39.319547" lon="-78.823796"></trkpt>
      <trkpt lat="39.319142" lon="-78.824095"></trkpt>
      <trkpt lat="39.318246" lon="-78.824665"></trkpt>
      <trkpt lat="39.317726" lon="-78.825132"></trkpt>
      <trkpt lat="39.317330" lon="-78.825603"></trkpt>
      <trkpt lat="39.317134" lon="-78.825911"></trkpt>
      <trkpt lat="39.316886" lon="-78.826416"></trkpt>
      <trkpt lat="39.315900" lon="-78.828364"></trkpt>
      <trkpt lat="39.315585" lon="-78.829171"></trkpt>
      <trkpt lat="39.315337" lon="-78.829997"></trkpt>
      <trkpt lat="39.315108" lon="-78.830915"></trkpt>
      <trkpt lat="39.315027" lon="-78.831389"></trkpt>
      <trkpt lat="39.314975" lon="-78.831833"></trkpt>
      <trkpt lat="39.314951" lon="-78.832468"></trkpt>
      <trkpt lat="39.314932" lon="-78.833022"></trkpt>
      <trkpt lat="39.314775" lon="-78.834131"></trkpt>
      <trkpt lat="39.314636" lon="-78.835210"></trkpt>
      <trkpt lat="39.314512" lon="-78.836239"></trkpt>
      <trkpt lat="39.314346" lon="-78.837040"></trkpt>
      <trkpt lat="39.313829" lon="-78.838859"></trkpt>
      <trkpt lat="39.313796" lon="-78.838986"></trkpt>
      <trkpt lat="39.313768" lon="-78.839220"></trkpt>
      <trkpt lat="39.313757" lon="-78.839467"></trkpt>
      <trkpt lat="39.313733" lon="-78.840444"></trkpt>
      <trkpt lat="39.313725" lon="-78.840768"></trkpt>
      <trkpt lat="39.313693" lon="-78.841627"></trkpt>
      <trkpt lat="39.313689" lon="-78.841723"></trkpt>
      <trkpt lat="39.313665" lon="-78.842581"></trkpt>
      <trkpt lat="39.313633" lon="-78.843117"></trkpt>
      <trkpt lat="39.313562" lon="-78.844321"></trkpt>
      <trkpt lat="39.313558" lon="-78.844458"></trkpt>
      <trkpt lat="39.313553" lon="-78.844623"></trkpt>
      <trkpt lat="39.313544" lon="-78.844898"></trkpt>
      <trkpt lat="39.313514" lon="-78.845799"></trkpt>
      <trkpt lat="39.313474" lon="-78.847002"></trkpt>
      <trkpt lat="39.313451" lon="-78.848352"></trkpt>
      <trkpt lat="39.313434" lon="-78.849406"></trkpt>
      <trkpt lat="39.313433" lon="-78.849497"></trkpt>
      <trkpt lat="39.313429" lon="-78.850103"></trkpt>
      <trkpt lat="39.313416" lon="-78.852405"></trkpt>
      <trkpt lat="39.313369" lon="-78.857767"></trkpt>
      <trkpt lat="39.313362" lon="-78.858500"></trkpt>
      <trkpt lat="39.313356" lon="-78.859068"></trkpt>
      <trkpt lat="39.313319" lon="-78.862603"></trkpt>
      <trkpt lat="39.313235" lon="-78.863247"></trkpt>
      <trkpt lat="39.313075" lon="-78.864058"></trkpt>
      <trkpt lat="39.313026" lon="-78.864364"></trkpt>
      <trkpt lat="39.313023" lon="-78.864587"></trkpt>
      <trkpt lat="39.313064" lon="-78.865095"></trkpt>
      <trkpt lat="39.313292" lon="-78.866403"></trkpt>
      <trkpt lat="39.313378" lon="-78.866835"></trkpt>
      <trkpt lat="39.313490" lon="-78.867110"></trkpt>
      <trkpt lat="39.313682" lon="-78.867492"></trkpt>
      <trkpt lat="39.314068" lon="-78.868083"></trkpt>
      <trkpt lat="39.314474" lon="-78.868620"></trkpt>
      <trkpt lat="39.314588" lon="-78.868756"></trkpt>
      <trkpt lat="39.314681" lon="-78.868850"></trkpt>
      <trkpt lat="39.314876" lon="-78.869054"></trkpt>
      <trkpt lat="39.315762" lon="-78.870086"></trkpt>
      <trkpt lat="39.315838" lon="-78.870174"></trkpt>
      <trkpt lat="39.316464" lon="-78.870964"></trkpt>
      <trkpt lat="39.316819" lon="-78.871411"></trkpt>
      <trkpt lat="39.317155" lon="-78.871889"></trkpt>
      <trkpt lat="39.317769" lon="-78.872912"></trkpt>
      <trkpt lat="39.317979" lon="-78.873258"></trkpt>
      <trkpt lat="39.318026" lon="-78.873318"></trkpt>
      <trkpt lat="39.318373" lon="-78.873772"></trkpt>
      <trkpt lat="39.318717" lon="-78.874210"></trkpt>
      <trkpt lat="39.319292" lon="-78.874958"></trkpt>
      <trkpt lat="39.319321" lon="-78.874996"></trkpt>
      <trkpt lat="39.319503" lon="-78.875282"></trkpt>
      <trkpt lat="39.319612" lon="-78.875528"></trkpt>
      <trkpt lat="39.319766" lon="-78.875833"></trkpt>
      <trkpt lat="39.319870" lon="-78.876116"></trkpt>
      <trkpt lat="39.319941" lon="-78.876365"></trkpt>
      <trkpt lat="39.320204" lon="-78.877377"></trkpt>
      <trkpt lat="39.320411" lon="-78.877699"></trkpt>
      <trkpt lat="39.320676" lon="-78.878049"></trkpt>
      <trkpt lat="39.320962" lon="-78.878284"></trkpt>
      <trkpt lat="39.321341" lon="-78.878528"></trkpt>
      <trkpt lat="39.321565" lon="-78.878658"></trkpt>
      <trkpt lat="39.321903" lon="-78.878853"></trkpt>
      <trkpt lat="39.322011" lon="-78.878925"></trkpt>
      <trkpt lat="39.322038" lon="-78.878942"></trkpt>
      <trkpt lat="39.322186" lon="-78.879042"></trkpt>
      <trkpt lat="39.322339" lon="-78.879145"></trkpt>
      <trkpt lat="39.322967" lon="-78.879568"></trkpt>
      <trkpt lat="39.323351" lon="-78.879837"></trkpt>
      <trkpt lat="39.323806" lon="-78.880154"></trkpt>
      <trkpt lat="39.323865" lon="-78.880194"></trkpt>
      <trkpt lat="39.324420" lon="-78.880572"></trkpt>
      <trkpt lat="39.324795" lon="-78.880809"></trkpt>
      <trkpt lat="39.325123" lon="-78.880923"></trkpt>
      <trkpt lat="39.325872" lon="-78.881111"></trkpt>
      <trkpt lat="39.326213" lon="-78.881230"></trkpt>
      <trkpt lat="39.326462" lon="-78.881384"></trkpt>
      <trkpt lat="39.326702" lon="-78.881583"></trkpt>
      <trkpt lat="39.326881" lon="-78.881712"></trkpt>
      <trkpt lat="39.327122" lon="-78.881882"></trkpt>
      <trkpt lat="39.327604" lon="-78.882236"></trkpt>
      <trkpt lat="39.327757" lon="-78.882402"></trkpt>
      <trkpt lat="39.327858" lon="-78.882539"></trkpt>
      <trkpt lat="39.327988" lon="-78.882834"></trkpt>
      <trkpt lat="39.328116" lon="-78.883147"></trkpt>
      <trkpt lat="39.328198" lon="-78.883298"></trkpt>
      <trkpt lat="39.328286" lon="-78.883407"></trkpt>
      <trkpt lat="39.328505" lon="-78.883584"></trkpt>
      <trkpt lat="39.328832" lon="-78.883734"></trkpt>
      <trkpt lat="39.328999" lon="-78.883903"></trkpt>
      <trkpt lat="39.329123" lon="-78.884085"></trkpt>
      <trkpt lat="39.329208" lon="-78.884367"></trkpt>
      <trkpt lat="39.329203" lon="-78.884602"></trkpt>
      <trkpt lat="39.329175" lon="-78.884849"></trkpt>
      <trkpt lat="39.329011" lon="-78.885412"></trkpt>
      <trkpt lat="39.328886" lon="-78.886172"></trkpt>
      <trkpt lat="39.328877" lon="-78.886566"></trkpt>
      <trkpt lat="39.328942" lon="-78.886817"></trkpt>
      <trkpt lat="39.329053" lon="-78.886954"></trkpt>
      <trkpt lat="39.329291" lon="-78.887123"></trkpt>
      <trkpt lat="39.329780" lon="-78.887323"></trkpt>
      <trkpt lat="39.330186" lon="-78.887511"></trkpt>
      <trkpt lat="39.330488" lon="-78.887652"></trkpt>
      <trkpt lat="39.330633" lon="-78.887756"></trkpt>
      <trkpt lat="39.330770" lon="-78.887878"></trkpt>
      <trkpt lat="39.330783" lon="-78.887896"></trkpt>
      <trkpt lat="39.330845" lon="-78.887967"></trkpt>
      <trkpt lat="39.330929" lon="-78.888085"></trkpt>
      <trkpt lat="39.331005" lon="-78.888251"></trkpt>
      <trkpt lat="39.331065" lon="-78.888474"></trkpt>
      <trkpt lat="39.331080" lon="-78.888713"></trkpt>
      <trkpt lat="39.331065" lon="-78.888917"></trkpt>
      <trkpt lat="39.331005" lon="-78.889166"></trkpt>
      <trkpt lat="39.330914" lon="-78.889400"></trkpt>
      <trkpt lat="39.330798" lon="-78.889628"></trkpt>
      <trkpt lat="39.330619" lon="-78.889981"></trkpt>
      <trkpt lat="39.330345" lon="-78.890444"></trkpt>
      <trkpt lat="39.330190" lon="-78.890700"></trkpt>
      <trkpt lat="39.330052" lon="-78.890908"></trkpt>
      <trkpt lat="39.329815" lon="-78.891211"></trkpt>
      <trkpt lat="39.329790" lon="-78.891244"></trkpt>
      <trkpt lat="39.329754" lon="-78.891289"></trkpt>
      <trkpt lat="39.329219" lon="-78.891963"></trkpt>
      <trkpt lat="39.329023" lon="-78.892204"></trkpt>
      <trkpt lat="39.328914" lon="-78.892339"></trkpt>
      <trkpt lat="39.328850" lon="-78.892451"></trkpt>
      <trkpt lat="39.328665" lon="-78.892716"></trkpt>
      <trkpt lat="39.328642" lon="-78.892749"></trkpt>
      <trkpt lat="39.328532" lon="-78.892927"></trkpt>
      <trkpt lat="39.328449" lon="-78.893166"></trkpt>
      <trkpt lat="39.328169" lon="-78.894134"></trkpt>
      <trkpt lat="39.328106" lon="-78.894537"></trkpt>
      <trkpt lat="39.328103" lon="-78.894852"></trkpt>
      <trkpt lat="39.328224" lon="-78.895645"></trkpt>
      <trkpt lat="39.328303" lon="-78.896358"></trkpt>
      <trkpt lat="39.328403" lon="-78.897055"></trkpt>
      <trkpt lat="39.328648" lon="-78.897648"></trkpt>
      <trkpt lat="39.328953" lon="-78.898158"></trkpt>
      <trkpt lat="39.329419" lon="-78.898703"></trkpt>
      <trkpt lat="39.329859" lon="-78.899141"></trkpt>
      <trkpt lat="39.330736" lon="-78.899747"></trkpt>
      <trkpt lat="39.331300" lon="-78.900032"></trkpt>
      <trkpt lat="39.331937" lon="-78.900237"></trkpt>
      <trkpt lat="39.332414" lon="-78.900343"></trkpt>
      <trkpt lat="39.332646" lon="-78.900418"></trkpt>
      <trkpt lat="39.333504" lon="-78.900617"></trkpt>
      <trkpt lat="39.333856" lon="-78.900748"></trkpt>
      <trkpt lat="39.334144" lon="-78.900944"></trkpt>
      <trkpt lat="39.334451" lon="-78.901364"></trkpt>
      <trkpt lat="39.334752" lon="-78.901864"></trkpt>
      <trkpt lat="39.334889" lon="-78.902167"></trkpt>
      <trkpt lat="39.335090" lon="-78.902897"></trkpt>
      <trkpt lat="39.335123" lon="-78.903041"></trkpt>
      <trkpt lat="39.335642" lon="-78.904977"></trkpt>
      <trkpt lat="39.335920" lon="-78.906014"></trkpt>
      <trkpt lat="39.336195" lon="-78.907038"></trkpt>
      <trkpt lat="39.336240" lon="-78.907204"></trkpt>
      <trkpt lat="39.336962" lon="-78.909908"></trkpt>
      <trkpt lat="39.337061" lon="-78.910251"></trkpt>
      <trkpt lat="39.337265" lon="-78.911147"></trkpt>
      <trkpt lat="39.337361" lon="-78.911933"></trkpt>
      <trkpt lat="39.337468" lon="-78.912817"></trkpt>
      <trkpt lat="39.337504" lon="-78.913287"></trkpt>
      <trkpt lat="39.337552" lon="-78.913911"></trkpt>
      <trkpt lat="39.337545" lon="-78.915552"></trkpt>
      <trkpt lat="39.337544" lon="-78.916934"></trkpt>
      <trkpt lat="39.337553" lon="-78.917513"></trkpt>
      <trkpt lat="39.337551" lon="-78.917652"></trkpt>
      <trkpt lat="39.337755" lon="-78.919003"></trkpt>
      <trkpt lat="39.337816" lon="-78.919303"></trkpt>
      <trkpt lat="39.337920" lon="-78.919600"></trkpt>
      <trkpt lat="39.338019" lon="-78.919784"></trkpt>
      <trkpt lat="39.338125" lon="-78.919910"></trkpt>
      <trkpt lat="39.338259" lon="-78.920038"></trkpt>
      <trkpt lat="39.338696" lon="-78.920334"></trkpt>
      <trkpt lat="39.338835" lon="-78.920505"></trkpt>
      <trkpt lat="39.338934" lon="-78.920712"></trkpt>
      <trkpt lat="39.339010" lon="-78.920994"></trkpt>
      <trkpt lat="39.339163" lon="-78.922262"></trkpt>
      <trkpt lat="39.339189" lon="-78.922541"></trkpt>
      <trkpt lat="39.339192" lon="-78.922854"></trkpt>
      <trkpt lat="39.339094" lon="-78.923673"></trkpt>
      <trkpt lat="39.339045" lon="-78.924027"></trkpt>
      <trkpt lat="39.338996" lon="-78.924308"></trkpt>
      <trkpt lat="39.338935" lon="-78.924609"></trkpt>
      <trkpt lat="39.338763" lon="-78.925133"></trkpt>
      <trkpt lat="39.338632" lon="-78.925670"></trkpt>
      <trkpt lat="39.338603" lon="-78.926079"></trkpt>
      <trkpt lat="39.338608" lon="-78.926374"></trkpt>
      <trkpt lat="39.338653" lon="-78.926627"></trkpt>
      <trkpt lat="39.338880" lon="-78.927434"></trkpt>
      <trkpt lat="39.338935" lon="-78.927678"></trkpt>
      <trkpt lat="39.338996" lon="-78.927902"></trkpt>
      <trkpt lat="39.339090" lon="-78.928274"></trkpt>
      <trkpt lat="39.339672" lon="-78.930538"></trkpt>
      <trkpt lat="39.339967" lon="-78.931682"></trkpt>
      <trkpt lat="39.340051" lon="-78.932034"></trkpt>
      <trkpt lat="39.340114" lon="-78.932315"></trkpt>
      <trkpt lat="39.340210" lon="-78.932895"></trkpt>
      <trkpt lat="39.340275" lon="-78.933504"></trkpt>
      <trkpt lat="39.340321" lon="-78.934236"></trkpt>
      <trkpt lat="39.340357" lon="-78.934581"></trkpt>
      <trkpt lat="39.340420" lon="-78.935001"></trkpt>
      <trkpt lat="39.340763" lon="-78.936877"></trkpt>
      <trkpt lat="39.340818" lon="-78.937246"></trkpt>
      <trkpt lat="39.340814" lon="-78.937583"></trkpt>
      <trkpt lat="39.340753" lon="-78.937958"></trkpt>
      <trkpt lat="39.340663" lon="-78.938381"></trkpt>
      <trkpt lat="39.340594" lon="-78.938788"></trkpt>
      <trkpt lat="39.340574" lon="-78.939261"></trkpt>
      <trkpt lat="39.340569" lon="-78.939728"></trkpt>
      <trkpt lat="39.340507" lon="-78.941364"></trkpt>
      <trkpt lat="39.340492" lon="-78.941943"></trkpt>
      <trkpt lat="39.340508" lon="-78.942307"></trkpt>
      <trkpt lat="39.340594" lon="-78.942788"></trkpt>
      <trkpt lat="39.340663" lon="-78.943168"></trkpt>
      <trkpt lat="39.340677" lon="-78.943444"></trkpt>
      <trkpt lat="39.340683" lon="-78.943647"></trkpt>
      <trkpt lat="39.340643" lon="-78.944071"></trkpt>
      <trkpt lat="39.340610" lon="-78.944410"></trkpt>
      <trkpt lat="39.340610" lon="-78.944876"></trkpt>
      <trkpt lat="39.340602" lon="-78.945055"></trkpt>
      <trkpt lat="39.340541" lon="-78.945352"></trkpt>
      <trkpt lat="39.340223" lon="-78.946369"></trkpt>
      <trkpt lat="39.340045" lon="-78.946715"></trkpt>
      <trkpt lat="39.339780" lon="-78.947042"></trkpt>
      <trkpt lat="39.339678" lon="-78.947158"></trkpt>
      <trkpt lat="39.339478" lon="-78.947444"></trkpt>
      <trkpt lat="39.339204" lon="-78.947962"></trkpt>
      <trkpt lat="39.339016" lon="-78.948289"></trkpt>
      <trkpt lat="39.338865" lon="-78.948501"></trkpt>
      <trkpt lat="39.338579" lon="-78.948786"></trkpt>
      <trkpt lat="39.338374" lon="-78.948955"></trkpt>
      <trkpt lat="39.337819" lon="-78.949379"></trkpt>
      <trkpt lat="39.337574" lon="-78.949595"></trkpt>
      <trkpt lat="39.337160" lon="-78.950055"></trkpt>
      <trkpt lat="39.337017" lon="-78.950251"></trkpt>
      <trkpt lat="39.336915" lon="-78.950454"></trkpt>
      <trkpt lat="39.336841" lon="-78.950715"></trkpt>
      <trkpt lat="39.336824" lon="-78.951108"></trkpt>
      <trkpt lat="39.336811" lon="-78.951382"></trkpt>
      <trkpt lat="39.336745" lon="-78.951646"></trkpt>
      <trkpt lat="39.336627" lon="-78.951866"></trkpt>
      <trkpt lat="39.336339" lon="-78.952268"></trkpt>
      <trkpt lat="39.336113" lon="-78.952617"></trkpt>
      <trkpt lat="39.335992" lon="-78.952898"></trkpt>
      <trkpt lat="39.335896" lon="-78.953204"></trkpt>
      <trkpt lat="39.335598" lon="-78.954597"></trkpt>
      <trkpt lat="39.335494" lon="-78.955140"></trkpt>
      <trkpt lat="39.335139" lon="-78.956782"></trkpt>
      <trkpt lat="39.335110" lon="-78.957022"></trkpt>
      <trkpt lat="39.335106" lon="-78.957224"></trkpt>
      <trkpt lat="39.335139" lon="-78.957464"></trkpt>
      <trkpt lat="39.335214" lon="-78.957743"></trkpt>
      <trkpt lat="39.335292" lon="-78.958075"></trkpt>
      <trkpt lat="39.335321" lon="-78.958396"></trkpt>
      <trkpt lat="39.335323" lon="-78.959222"></trkpt>
      <trkpt lat="39.335403" lon="-78.960078"></trkpt>
      <trkpt lat="39.335444" lon="-78.960573"></trkpt>
      <trkpt lat="39.335471" lon="-78.960992"></trkpt>
      <trkpt lat="39.335459" lon="-78.962177"></trkpt>
      <trkpt lat="39.335454" lon="-78.962928"></trkpt>
      <trkpt lat="39.335478" lon="-78.963907"></trkpt>
      <trkpt lat="39.335478" lon="-78.963985"></trkpt>
      <trkpt lat="39.335511" lon="-78.964479"></trkpt>
      <trkpt lat="39.335578" lon="-78.964844"></trkpt>
      <trkpt lat="39.335915" lon="-78.966054"></trkpt>
      <trkpt lat="39.336191" lon="-78.966991"></trkpt>
      <trkpt lat="39.336481" lon="-78.967755"></trkpt>
      <trkpt lat="39.336845" lon="-78.968543"></trkpt>
      <trkpt lat="39.337042" lon="-78.968927"></trkpt>
      <trkpt lat="39.337466" lon="-78.969653"></trkpt>
      <trkpt lat="39.337572" lon="-78.969918"></trkpt>
      <trkpt lat="39.337703" lon="-78.970368"></trkpt>
      <trkpt lat="39.337807" lon="-78.970743"></trkpt>
      <trkpt lat="39.337965" lon="-78.971084"></trkpt>
      <trkpt lat="39.339150" lon="-78.973441"></trkpt>
      <trkpt lat="39.339367" lon="-78.973866"></trkpt>
      <trkpt lat="39.339707" lon="-78.974704"></trkpt>
      <trkpt lat="39.339894" lon="-78.975291"></trkpt>
      <trkpt lat="39.340081" lon="-78.975879"></trkpt>
      <trkpt lat="39.340263" lon="-78.976508"></trkpt>
      <trkpt lat="39.340359" lon="-78.976976"></trkpt>
      <trkpt lat="39.340472" lon="-78.977670"></trkpt>
      <trkpt lat="39.340604" lon="-78.978541"></trkpt>
      <trkpt lat="39.340694" lon="-78.978908"></trkpt>
      <trkpt lat="39.340798" lon="-78.979141"></trkpt>
      <trkpt lat="39.340899" lon="-78.979297"></trkpt>
      <trkpt lat="39.341349" lon="-78.979879"></trkpt>
      <trkpt lat="39.341560" lon="-78.980203"></trkpt>
      <trkpt lat="39.341871" lon="-78.981019"></trkpt>
      <trkpt lat="39.342180" lon="-78.981972"></trkpt>
      <trkpt lat="39.342652" lon="-78.983299"></trkpt>
      <trkpt lat="39.342851" lon="-78.983719"></trkpt>
      <trkpt lat="39.343049" lon="-78.983963"></trkpt>
      <trkpt lat="39.343206" lon="-78.984131"></trkpt>
      <trkpt lat="39.343359" lon="-78.984353"></trkpt>
      <trkpt lat="39.343884" lon="-78.985383"></trkpt>
      <trkpt lat="39.344336" lon="-78.986379"></trkpt>
      <trkpt lat="39.344576" lon="-78.986763"></trkpt>
      <trkpt lat="39.345608" lon="-78.988011"></trkpt>
      <trkpt lat="39.346201" lon="-78.988758"></trkpt>
      <trkpt lat="39.346411" lon="-78.988916"></trkpt>
      <trkpt lat="39.346618" lon="-78.988986"></trkpt>
      <trkpt lat="39.346874" lon="-78.989025"></trkpt>
      <trkpt lat="39.347067" lon="-78.989067"></trkpt>
      <trkpt lat="39.347297" lon="-78.989154"></trkpt>
      <trkpt lat="39.347508" lon="-78.989303"></trkpt>
      <trkpt lat="39.347760" lon="-78.989567"></trkpt>
      <trkpt lat="39.347952" lon="-78.989816"></trkpt>
      <trkpt lat="39.348291" lon="-78.990442"></trkpt>
      <trkpt lat="39.348776" lon="-78.991293"></trkpt>
      <trkpt lat="39.349032" lon="-78.991652"></trkpt>
      <trkpt lat="39.349392" lon="-78.991994"></trkpt>
      <trkpt lat="39.349720" lon="-78.992279"></trkpt>
      <trkpt lat="39.351279" lon="-78.993650"></trkpt>
      <trkpt lat="39.352637" lon="-78.994851"></trkpt>
      <trkpt lat="39.352727" lon="-78.994922"></trkpt>
      <trkpt lat="39.354385" lon="-78.996378"></trkpt>
      <trkpt lat="39.354631" lon="-78.996587"></trkpt>
      <trkpt lat="39.354842" lon="-78.996654"></trkpt>
      <trkpt lat="39.355070" lon="-78.996648"></trkpt>
      <trkpt lat="39.355198" lon="-78.996605"></trkpt>
      <trkpt lat="39.355300" lon="-78.996571"></trkpt>
      <trkpt lat="39.356345" lon="-78.996170"></trkpt>
      <trkpt lat="39.356648" lon="-78.996058"></trkpt>
      <trkpt lat="39.356874" lon="-78.996039"></trkpt>
      <trkpt lat="39.357123" lon="-78.996101"></trkpt>
      <trkpt lat="39.357384" lon="-78.996277"></trkpt>
      <trkpt lat="39.357566" lon="-78.996507"></trkpt>
      <trkpt lat="39.357769" lon="-78.996954"></trkpt>
      <trkpt lat="39.357997" lon="-78.997522"></trkpt>
      <trkpt lat="39.358192" lon="-78.997884"></trkpt>
      <trkpt lat="39.358984" lon="-78.999265"></trkpt>
      <trkpt lat="39.359574" lon="-79.000267"></trkpt>
      <trkpt lat="39.360141" lon="-79.001119"></trkpt>
      <trkpt lat="39.360595" lon="-79.001802"></trkpt>
      <trkpt lat="39.361025" lon="-79.002422"></trkpt>
      <trkpt lat="39.361161" lon="-79.002579"></trkpt>
      <trkpt lat="39.361321" lon="-79.002727"></trkpt>
      <trkpt lat="39.361461" lon="-79.002886"></trkpt>
      <trkpt lat="39.361581" lon="-79.003070"></trkpt>
      <trkpt lat="39.361732" lon="-79.003370"></trkpt>
      <trkpt lat="39.362014" lon="-79.003974"></trkpt>
      <trkpt lat="39.362239" lon="-79.004475"></trkpt>
      <trkpt lat="39.362352" lon="-79.004508"></trkpt>
      <trkpt lat="39.362634" lon="-79.004709"></trkpt>
      <trkpt lat="39.362811" lon="-79.004887"></trkpt>
      <trkpt lat="39.363007" lon="-79.005145"></trkpt>
      <trkpt lat="39.363171" lon="-79.005415"></trkpt>
      <trkpt lat="39.363443" lon="-79.005822"></trkpt>
      <trkpt lat="39.363719" lon="-79.006193"></trkpt>
      <trkpt lat="39.364132" lon="-79.006521"></trkpt>
      <trkpt lat="39.364594" lon="-79.006767"></trkpt>
      <trkpt lat="39.365083" lon="-79.006980"></trkpt>
      <trkpt lat="39.365613" lon="-79.007120"></trkpt>
      <trkpt lat="39.366240" lon="-79.007080"></trkpt>
      <trkpt lat="39.366745" lon="-79.007072"></trkpt>
      <trkpt lat="39.367845" lon="-79.007272"></trkpt>
      <trkpt lat="39.369281" lon="-79.007338"></trkpt>
      <trkpt lat="39.369466" lon="-79.007378"></trkpt>
      <trkpt lat="39.369659" lon="-79.007455"></trkpt>
      <trkpt lat="39.369689" lon="-79.007489"></trkpt>
      <trkpt lat="39.369846" lon="-79.007666"></trkpt>
      <trkpt lat="39.369974" lon="-79.007882"></trkpt>
      <trkpt lat="39.370256" lon="-79.008606"></trkpt>
      <trkpt lat="39.370391" lon="-79.008941"></trkpt>
      <trkpt lat="39.370419" lon="-79.009005"></trkpt>
      <trkpt lat="39.370524" lon="-79.009233"></trkpt>
      <trkpt lat="39.370738" lon="-79.009475"></trkpt>
      <trkpt lat="39.370954" lon="-79.009605"></trkpt>
      <trkpt lat="39.371154" lon="-79.009705"></trkpt>
      <trkpt lat="39.371360" lon="-79.009751"></trkpt>
      <trkpt lat="39.371742" lon="-79.009729"></trkpt>
      <trkpt lat="39.372224" lon="-79.009751"></trkpt>
      <trkpt lat="39.372486" lon="-79.009757"></trkpt>
      <trkpt lat="39.372727" lon="-79.009720"></trkpt>
      <trkpt lat="39.374097" lon="-79.009246"></trkpt>
      <trkpt lat="39.374663" lon="-79.009050"></trkpt>
      <trkpt lat="39.375095" lon="-79.008833"></trkpt>
      <trkpt lat="39.376275" lon="-79.008255"></trkpt>
      <trkpt lat="39.376741" lon="-79.007988"></trkpt>
      <trkpt lat="39.377019" lon="-79.007854"></trkpt>
      <trkpt lat="39.377377" lon="-79.007762"></trkpt>
      <trkpt lat="39.377717" lon="-79.007744"></trkpt>
      <trkpt lat="39.378010" lon="-79.007811"></trkpt>
      <trkpt lat="39.378482" lon="-79.007964"></trkpt>
      <trkpt lat="39.378897" lon="-79.008034"></trkpt>
      <trkpt lat="39.379397" lon="-79.008063"></trkpt>
      <trkpt lat="39.379778" lon="-79.008053"></trkpt>
      <trkpt lat="39.380058" lon="-79.007999"></trkpt>
      <trkpt lat="39.380442" lon="-79.007881"></trkpt>
      <trkpt lat="39.380844" lon="-79.007629"></trkpt>
      <trkpt lat="39.381300" lon="-79.007342"></trkpt>
      <trkpt lat="39.381598" lon="-79.007127"></trkpt>
      <trkpt lat="39.381814" lon="-79.006972"></trkpt>
      <trkpt lat="39.381992" lon="-79.006830"></trkpt>
      <trkpt lat="39.382320" lon="-79.006588"></trkpt>
      <trkpt lat="39.382471" lon="-79.006484"></trkpt>
      <trkpt lat="39.382662" lon="-79.006347"></trkpt>
      <trkpt lat="39.382768" lon="-79.006285"></trkpt>
      <trkpt lat="39.382853" lon="-79.006231"></trkpt>
      <trkpt lat="39.382961" lon="-79.006171"></trkpt>
      <trkpt lat="39.383356" lon="-79.006028"></trkpt>
      <trkpt lat="39.384352" lon="-79.005802"></trkpt>
      <trkpt lat="39.384974" lon="-79.005666"></trkpt>
      <trkpt lat="39.388052" lon="-79.004938"></trkpt>
      <trkpt lat="39.388680" lon="-79.004872"></trkpt>
      <trkpt lat="39.388983" lon="-79.004880"></trkpt>
      <trkpt lat="39.389383" lon="-79.004949"></trkpt>
      <trkpt lat="39.389592" lon="-79.005011"></trkpt>
      <trkpt lat="39.390101" lon="-79.005192"></trkpt>
      <trkpt lat="39.390442" lon="-79.005388"></trkpt>
      <trkpt lat="39.390700" lon="-79.005576"></trkpt>
      <trkpt lat="39.391038" lon="-79.005844"></trkpt>
      <trkpt lat="39.391344" lon="-79.006077"></trkpt>
      <trkpt lat="39.391717" lon="-79.006394"></trkpt>
      <trkpt lat="39.392086" lon="-79.006706"></trkpt>
      <trkpt lat="39.392382" lon="-79.006982"></trkpt>
      <trkpt lat="39.392565" lon="-79.007208"></trkpt>
      <trkpt lat="39.392689" lon="-79.007420"></trkpt>
      <trkpt lat="39.392832" lon="-79.007793"></trkpt>
      <trkpt lat="39.392946" lon="-79.008206"></trkpt>
      <trkpt lat="39.393039" lon="-79.008600"></trkpt>
      <trkpt lat="39.393145" lon="-79.008927"></trkpt>
      <trkpt lat="39.393272" lon="-79.009236"></trkpt>
      <trkpt lat="39.393512" lon="-79.009624"></trkpt>
      <trkpt lat="39.393987" lon="-79.010359"></trkpt>
      <trkpt lat="39.394250" lon="-79.010770"></trkpt>
      <trkpt lat="39.394428" lon="-79.011105"></trkpt>
      <trkpt lat="39.394596" lon="-79.011443"></trkpt>
      <trkpt lat="39.394696" lon="-79.011699"></trkpt>
      <trkpt lat="39.394782" lon="-79.011930"></trkpt>
      <trkpt lat="39.394903" lon="-79.012284"></trkpt>
      <trkpt lat="39.394992" lon="-79.012554"></trkpt>
      <trkpt lat="39.395807" lon="-79.012489"></trkpt>
      <trkpt lat="39.395946" lon="-79.012472"></trkpt>
      <trkpt lat="39.396105" lon="-79.012431"></trkpt>
      <trkpt lat="39.396303" lon="-79.012363"></trkpt>
      <trkpt lat="39.396413" lon="-79.012314"></trkpt>
      <trkpt lat="39.396494" lon="-79.012268"></trkpt>
      <trkpt lat="39.396535" lon="-79.012244"></trkpt>
      <trkpt lat="39.396601" lon="-79.012203"></trkpt>
      <trkpt lat="39.396669" lon="-79.012156"></trkpt>
      <trkpt lat="39.396753" lon="-79.012096"></trkpt>
      <trkpt lat="39.396832" lon="-79.012034"></trkpt>
      <trkpt lat="39.396935" lon="-79.011934"></trkpt>
      <trkpt lat="39.397036" lon="-79.011822"></trkpt>
      <trkpt lat="39.397240" lon="-79.011584"></trkpt>
      <trkpt lat="39.397542" lon="-79.011226"></trkpt>
      <trkpt lat="39.397682" lon="-79.011063"></trkpt>
      <trkpt lat="39.397829" lon="-79.010919"></trkpt>
      <trkpt lat="39.397961" lon="-79.010804"></trkpt>
      <trkpt lat="39.398048" lon="-79.010734"></trkpt>
      <trkpt lat="39.398135" lon="-79.010667"></trkpt>
      <trkpt lat="39.398361" lon="-79.010511"></trkpt>
      <trkpt lat="39.398522" lon="-79.010382"></trkpt>
      <trkpt lat="39.398622" lon="-79.010294"></trkpt>
      <trkpt lat="39.398720" lon="-79.010197"></trkpt>
      <trkpt lat="39.398851" lon="-79.010038"></trkpt>
      <trkpt lat="39.398970" lon="-79.009881"></trkpt>
      <trkpt lat="39.399089" lon="-79.009693"></trkpt>
      <trkpt lat="39.399208" lon="-79.009475"></trkpt>
      <trkpt lat="39.399412" lon="-79.009080"></trkpt>
      <trkpt lat="39.399507" lon="-79.008932"></trkpt>
      <trkpt lat="39.399709" lon="-79.008659"></trkpt>
      <trkpt lat="39.399936" lon="-79.008391"></trkpt>
      <trkpt lat="39.400601" lon="-79.007672"></trkpt>
      <trkpt lat="39.400696" lon="-79.007568"></trkpt>
      <trkpt lat="39.400781" lon="-79.007463"></trkpt>
      <trkpt lat="39.400809" lon="-79.007430"></trkpt>
      <trkpt lat="39.400873" lon="-79.007344"></trkpt>
      <trkpt lat="39.400939" lon="-79.007250"></trkpt>
      <trkpt lat="39.401027" lon="-79.007120"></trkpt>
      <trkpt lat="39.401108" lon="-79.006985"></trkpt>
      <trkpt lat="39.401211" lon="-79.006789"></trkpt>
      <trkpt lat="39.401307" lon="-79.006582"></trkpt>
      <trkpt lat="39.401479" lon="-79.006193"></trkpt>
      <trkpt lat="39.401553" lon="-79.006049"></trkpt>
      <trkpt lat="39.401658" lon="-79.005871"></trkpt>
      <trkpt lat="39.401763" lon="-79.005714"></trkpt>
      <trkpt lat="39.401894" lon="-79.005553"></trkpt>
      <trkpt lat="39.402078" lon="-79.005347"></trkpt>
      <trkpt lat="39.402274" lon="-79.005172"></trkpt>
      <trkpt lat="39.402354" lon="-79.005109"></trkpt>
      <trkpt lat="39.402432" lon="-79.005050"></trkpt>
      <trkpt lat="39.402582" lon="-79.004961"></trkpt>
      <trkpt lat="39.402913" lon="-79.004795"></trkpt>
      <trkpt lat="39.403256" lon="-79.004646"></trkpt>
      <trkpt lat="39.403508" lon="-79.004530"></trkpt>
      <trkpt lat="39.403740" lon="-79.004415"></trkpt>
      <trkpt lat="39.404207" lon="-79.004132"></trkpt>
      <trkpt lat="39.404601" lon="-79.003889"></trkpt>
      <trkpt lat="39.405171" lon="-79.003546"></trkpt>
      <trkpt lat="39.406224" lon="-79.002898"></trkpt>
      <trkpt lat="39.406451" lon="-79.002763"></trkpt>
      <trkpt lat="39.406675" lon="-79.002618"></trkpt>
      <trkpt lat="39.407246" lon="-79.002236"></trkpt>
      <trkpt lat="39.407474" lon="-79.002084"></trkpt>
      <trkpt lat="39.407762" lon="-79.001942"></trkpt>
      <trkpt lat="39.409436" lon="-79.001337"></trkpt>
      <trkpt lat="39.409896" lon="-79.001173"></trkpt>
      <trkpt lat="39.410658" lon="-79.000902"></trkpt>
      <trkpt lat="39.410786" lon="-79.001168"></trkpt>
      <trkpt lat="39.410939" lon="-79.001487"></trkpt>
      <trkpt lat="39.410964" lon="-79.001540"></trkpt>
      <trkpt lat="39.411031" lon="-79.001679"></trkpt>
      <trkpt lat="39.410908" lon="-79.001729"></trkpt>
    </trkseg>
  </trk>
  <trk>
    <name>Day 2 - Sun, Jul 26, 2026</name>
    <trkseg>
      <trkpt lat="39.410908" lon="-79.001729"></trkpt>
      <trkpt lat="39.411031" lon="-79.001679"></trkpt>
      <trkpt lat="39.410964" lon="-79.001540"></trkpt>
      <trkpt lat="39.410939" lon="-79.001487"></trkpt>
      <trkpt lat="39.410786" lon="-79.001168"></trkpt>
      <trkpt lat="39.410658" lon="-79.000902"></trkpt>
      <trkpt lat="39.411454" lon="-79.000653"></trkpt>
      <trkpt lat="39.412233" lon="-79.000409"></trkpt>
      <trkpt lat="39.412337" lon="-79.000377"></trkpt>
      <trkpt lat="39.414931" lon="-78.999631"></trkpt>
      <trkpt lat="39.415491" lon="-78.999492"></trkpt>
      <trkpt lat="39.415748" lon="-78.999427"></trkpt>
      <trkpt lat="39.415847" lon="-78.999395"></trkpt>
      <trkpt lat="39.416096" lon="-78.999325"></trkpt>
      <trkpt lat="39.416353" lon="-78.999256"></trkpt>
      <trkpt lat="39.416519" lon="-78.999202"></trkpt>
      <trkpt lat="39.416802" lon="-78.999131"></trkpt>
      <trkpt lat="39.417688" lon="-78.998899"></trkpt>
      <trkpt lat="39.418467" lon="-78.998695"></trkpt>
      <trkpt lat="39.418753" lon="-78.998607"></trkpt>
      <trkpt lat="39.420319" lon="-78.998104"></trkpt>
      <trkpt lat="39.421028" lon="-78.997799"></trkpt>
      <trkpt lat="39.421562" lon="-78.997521"></trkpt>
      <trkpt lat="39.421924" lon="-78.997313"></trkpt>
      <trkpt lat="39.422422" lon="-78.997028"></trkpt>
      <trkpt lat="39.422577" lon="-78.996939"></trkpt>
      <trkpt lat="39.422651" lon="-78.996896"></trkpt>
      <trkpt lat="39.423295" lon="-78.996479"></trkpt>
      <trkpt lat="39.424206" lon="-78.995808"></trkpt>
      <trkpt lat="39.424450" lon="-78.995607"></trkpt>
      <trkpt lat="39.424606" lon="-78.995457"></trkpt>
      <trkpt lat="39.425080" lon="-78.995044"></trkpt>
      <trkpt lat="39.425518" lon="-78.994620"></trkpt>
      <trkpt lat="39.425676" lon="-78.994453"></trkpt>
      <trkpt lat="39.426008" lon="-78.994099"></trkpt>
      <trkpt lat="39.426117" lon="-78.993983"></trkpt>
      <trkpt lat="39.427093" lon="-78.992771"></trkpt>
      <trkpt lat="39.427771" lon="-78.991791"></trkpt>
      <trkpt lat="39.428232" lon="-78.991155"></trkpt>
      <trkpt lat="39.428370" lon="-78.990965"></trkpt>
      <trkpt lat="39.428412" lon="-78.990907"></trkpt>
      <trkpt lat="39.428727" lon="-78.990466"></trkpt>
      <trkpt lat="39.428979" lon="-78.990113"></trkpt>
      <trkpt lat="39.429075" lon="-78.989979"></trkpt>
      <trkpt lat="39.429338" lon="-78.989597"></trkpt>
      <trkpt lat="39.429461" lon="-78.989423"></trkpt>
      <trkpt lat="39.429859" lon="-78.988859"></trkpt>
      <trkpt lat="39.429955" lon="-78.988723"></trkpt>
      <trkpt lat="39.431638" lon="-78.986872"></trkpt>
      <trkpt lat="39.431863" lon="-78.986645"></trkpt>
      <trkpt lat="39.432206" lon="-78.986289"></trkpt>
      <trkpt lat="39.432685" lon="-78.985712"></trkpt>
      <trkpt lat="39.433320" lon="-78.984917"></trkpt>
      <trkpt lat="39.433528" lon="-78.984655"></trkpt>
      <trkpt lat="39.433564" lon="-78.984610"></trkpt>
      <trkpt lat="39.433856" lon="-78.984242"></trkpt>
      <trkpt lat="39.434144" lon="-78.983940"></trkpt>
      <trkpt lat="39.434431" lon="-78.983639"></trkpt>
      <trkpt lat="39.435018" lon="-78.983224"></trkpt>
      <trkpt lat="39.435115" lon="-78.983157"></trkpt>
      <trkpt lat="39.435557" lon="-78.982852"></trkpt>
      <trkpt lat="39.436034" lon="-78.982373"></trkpt>
      <trkpt lat="39.436871" lon="-78.981279"></trkpt>
      <trkpt lat="39.437411" lon="-78.980572"></trkpt>
      <trkpt lat="39.438277" lon="-78.979439"></trkpt>
      <trkpt lat="39.439172" lon="-78.978494"></trkpt>
      <trkpt lat="39.439277" lon="-78.978395"></trkpt>
      <trkpt lat="39.439496" lon="-78.978192"></trkpt>
      <trkpt lat="39.439960" lon="-78.977771"></trkpt>
      <trkpt lat="39.440016" lon="-78.977716"></trkpt>
      <trkpt lat="39.440086" lon="-78.977655"></trkpt>
      <trkpt lat="39.440195" lon="-78.977557"></trkpt>
      <trkpt lat="39.440319" lon="-78.977424"></trkpt>
      <trkpt lat="39.440397" lon="-78.977297"></trkpt>
      <trkpt lat="39.440603" lon="-78.976964"></trkpt>
      <trkpt lat="39.440692" lon="-78.976681"></trkpt>
      <trkpt lat="39.440799" lon="-78.976401"></trkpt>
      <trkpt lat="39.440853" lon="-78.976307"></trkpt>
      <trkpt lat="39.440971" lon="-78.976153"></trkpt>
      <trkpt lat="39.441555" lon="-78.975480"></trkpt>
      <trkpt lat="39.441570" lon="-78.975462"></trkpt>
      <trkpt lat="39.441647" lon="-78.975374"></trkpt>
      <trkpt lat="39.441526" lon="-78.975152"></trkpt>
      <trkpt lat="39.441283" lon="-78.974683"></trkpt>
      <trkpt lat="39.441063" lon="-78.974261"></trkpt>
      <trkpt lat="39.440874" lon="-78.973904"></trkpt>
      <trkpt lat="39.440835" lon="-78.973819"></trkpt>
      <trkpt lat="39.440614" lon="-78.973521"></trkpt>
      <trkpt lat="39.440369" lon="-78.973189"></trkpt>
      <trkpt lat="39.440233" lon="-78.973026"></trkpt>
      <trkpt lat="39.439986" lon="-78.972732"></trkpt>
      <trkpt lat="39.439749" lon="-78.972415"></trkpt>
      <trkpt lat="39.439509" lon="-78.972125"></trkpt>
      <trkpt lat="39.439417" lon="-78.972001"></trkpt>
      <trkpt lat="39.439219" lon="-78.971736"></trkpt>
      <trkpt lat="39.439151" lon="-78.971645"></trkpt>
      <trkpt lat="39.438784" lon="-78.971129"></trkpt>
      <trkpt lat="39.438654" lon="-78.970918"></trkpt>
      <trkpt lat="39.438563" lon="-78.970705"></trkpt>
      <trkpt lat="39.438481" lon="-78.970469"></trkpt>
      <trkpt lat="39.438273" lon="-78.969839"></trkpt>
      <trkpt lat="39.438148" lon="-78.969477"></trkpt>
      <trkpt lat="39.437990" lon="-78.969078"></trkpt>
      <trkpt lat="39.437744" lon="-78.968565"></trkpt>
      <trkpt lat="39.437504" lon="-78.968047"></trkpt>
      <trkpt lat="39.437374" lon="-78.967712"></trkpt>
      <trkpt lat="39.437243" lon="-78.967335"></trkpt>
      <trkpt lat="39.437118" lon="-78.966984"></trkpt>
      <trkpt lat="39.436918" lon="-78.966403"></trkpt>
      <trkpt lat="39.436881" lon="-78.966231"></trkpt>
      <trkpt lat="39.436861" lon="-78.966065"></trkpt>
      <trkpt lat="39.436863" lon="-78.965928"></trkpt>
      <trkpt lat="39.436874" lon="-78.965644"></trkpt>
      <trkpt lat="39.436939" lon="-78.964352"></trkpt>
      <trkpt lat="39.437018" lon="-78.963321"></trkpt>
      <trkpt lat="39.437106" lon="-78.962561"></trkpt>
      <trkpt lat="39.437417" lon="-78.960502"></trkpt>
      <trkpt lat="39.437460" lon="-78.960157"></trkpt>
      <trkpt lat="39.437476" lon="-78.959897"></trkpt>
      <trkpt lat="39.437472" lon="-78.959672"></trkpt>
      <trkpt lat="39.437443" lon="-78.959374"></trkpt>
      <trkpt lat="39.437365" lon="-78.958985"></trkpt>
      <trkpt lat="39.437446" lon="-78.958874"></trkpt>
      <trkpt lat="39.437528" lon="-78.958739"></trkpt>
      <trkpt lat="39.437588" lon="-78.958614"></trkpt>
      <trkpt lat="39.437616" lon="-78.958482"></trkpt>
      <trkpt lat="39.437636" lon="-78.958327"></trkpt>
      <trkpt lat="39.437668" lon="-78.957981"></trkpt>
      <trkpt lat="39.437698" lon="-78.957790"></trkpt>
      <trkpt lat="39.437735" lon="-78.957627"></trkpt>
      <trkpt lat="39.437819" lon="-78.957404"></trkpt>
      <trkpt lat="39.437944" lon="-78.957155"></trkpt>
      <trkpt lat="39.438900" lon="-78.955572"></trkpt>
      <trkpt lat="39.439121" lon="-78.955199"></trkpt>
      <trkpt lat="39.439762" lon="-78.954114"></trkpt>
      <trkpt lat="39.439909" lon="-78.953890"></trkpt>
      <trkpt lat="39.440036" lon="-78.953717"></trkpt>
      <trkpt lat="39.440191" lon="-78.953551"></trkpt>
      <trkpt lat="39.440353" lon="-78.953410"></trkpt>
      <trkpt lat="39.440509" lon="-78.953292"></trkpt>
      <trkpt lat="39.440675" lon="-78.953196"></trkpt>
      <trkpt lat="39.440843" lon="-78.953121"></trkpt>
      <trkpt lat="39.440998" lon="-78.953063"></trkpt>
      <trkpt lat="39.441189" lon="-78.953030"></trkpt>
      <trkpt lat="39.442632" lon="-78.952925"></trkpt>
      <trkpt lat="39.442956" lon="-78.952906"></trkpt>
      <trkpt lat="39.444570" lon="-78.952797"></trkpt>
      <trkpt lat="39.444770" lon="-78.952806"></trkpt>
      <trkpt lat="39.444949" lon="-78.952838"></trkpt>
      <trkpt lat="39.445110" lon="-78.952883"></trkpt>
      <trkpt lat="39.445281" lon="-78.952962"></trkpt>
      <trkpt lat="39.445455" lon="-78.953080"></trkpt>
      <trkpt lat="39.445688" lon="-78.953279"></trkpt>
      <trkpt lat="39.446428" lon="-78.954013"></trkpt>
      <trkpt lat="39.446550" lon="-78.954114"></trkpt>
      <trkpt lat="39.446629" lon="-78.954153"></trkpt>
      <trkpt lat="39.446717" lon="-78.954177"></trkpt>
      <trkpt lat="39.446805" lon="-78.954179"></trkpt>
      <trkpt lat="39.446890" lon="-78.954155"></trkpt>
      <trkpt lat="39.446971" lon="-78.954121"></trkpt>
      <trkpt lat="39.447098" lon="-78.954034"></trkpt>
      <trkpt lat="39.447264" lon="-78.953925"></trkpt>
      <trkpt lat="39.447302" lon="-78.953901"></trkpt>
      <trkpt lat="39.447401" lon="-78.953874"></trkpt>
      <trkpt lat="39.447535" lon="-78.953861"></trkpt>
      <trkpt lat="39.447921" lon="-78.953889"></trkpt>
      <trkpt lat="39.448034" lon="-78.953921"></trkpt>
      <trkpt lat="39.448173" lon="-78.953971"></trkpt>
      <trkpt lat="39.448305" lon="-78.954042"></trkpt>
      <trkpt lat="39.448619" lon="-78.954241"></trkpt>
      <trkpt lat="39.448816" lon="-78.954380"></trkpt>
      <trkpt lat="39.449291" lon="-78.954796"></trkpt>
      <trkpt lat="39.449387" lon="-78.954860"></trkpt>
      <trkpt lat="39.449474" lon="-78.954895"></trkpt>
      <trkpt lat="39.449570" lon="-78.954903"></trkpt>
      <trkpt lat="39.449664" lon="-78.954879"></trkpt>
      <trkpt lat="39.449815" lon="-78.954781"></trkpt>
      <trkpt lat="39.450110" lon="-78.954526"></trkpt>
      <trkpt lat="39.450226" lon="-78.954436"></trkpt>
      <trkpt lat="39.450363" lon="-78.954363"></trkpt>
      <trkpt lat="39.450510" lon="-78.954306"></trkpt>
      <trkpt lat="39.450672" lon="-78.954265"></trkpt>
      <trkpt lat="39.450880" lon="-78.954226"></trkpt>
      <trkpt lat="39.450983" lon="-78.954194"></trkpt>
      <trkpt lat="39.451084" lon="-78.954141"></trkpt>
      <trkpt lat="39.451164" lon="-78.954069"></trkpt>
      <trkpt lat="39.451232" lon="-78.953971"></trkpt>
      <trkpt lat="39.451297" lon="-78.953845"></trkpt>
      <trkpt lat="39.451349" lon="-78.953699"></trkpt>
      <trkpt lat="39.451467" lon="-78.953109"></trkpt>
      <trkpt lat="39.451678" lon="-78.952135"></trkpt>
      <trkpt lat="39.451742" lon="-78.951899"></trkpt>
      <trkpt lat="39.451796" lon="-78.951731"></trkpt>
      <trkpt lat="39.451872" lon="-78.951552"></trkpt>
      <trkpt lat="39.452236" lon="-78.950834"></trkpt>
      <trkpt lat="39.452331" lon="-78.950672"></trkpt>
      <trkpt lat="39.452435" lon="-78.950530"></trkpt>
      <trkpt lat="39.452561" lon="-78.950390"></trkpt>
      <trkpt lat="39.452751" lon="-78.950232"></trkpt>
      <trkpt lat="39.452919" lon="-78.950129"></trkpt>
      <trkpt lat="39.453133" lon="-78.950047"></trkpt>
      <trkpt lat="39.453380" lon="-78.949984"></trkpt>
      <trkpt lat="39.453926" lon="-78.949893"></trkpt>
      <trkpt lat="39.454107" lon="-78.949848"></trkpt>
      <trkpt lat="39.454282" lon="-78.949773"></trkpt>
      <trkpt lat="39.454444" lon="-78.949677"></trkpt>
      <trkpt lat="39.455515" lon="-78.948884"></trkpt>
      <trkpt lat="39.455608" lon="-78.948812"></trkpt>
      <trkpt lat="39.455851" lon="-78.948628"></trkpt>
      <trkpt lat="39.456205" lon="-78.948311"></trkpt>
      <trkpt lat="39.456313" lon="-78.948227"></trkpt>
      <trkpt lat="39.456515" lon="-78.948133"></trkpt>
      <trkpt lat="39.456683" lon="-78.948037"></trkpt>
      <trkpt lat="39.456790" lon="-78.947964"></trkpt>
      <trkpt lat="39.456898" lon="-78.947872"></trkpt>
      <trkpt lat="39.457041" lon="-78.947742"></trkpt>
      <trkpt lat="39.457173" lon="-78.947574"></trkpt>
      <trkpt lat="39.457275" lon="-78.947393"></trkpt>
      <trkpt lat="39.457389" lon="-78.947143"></trkpt>
      <trkpt lat="39.457574" lon="-78.946661"></trkpt>
      <trkpt lat="39.457751" lon="-78.946265"></trkpt>
      <trkpt lat="39.457945" lon="-78.945875"></trkpt>
      <trkpt lat="39.458046" lon="-78.945633"></trkpt>
      <trkpt lat="39.458160" lon="-78.945314"></trkpt>
      <trkpt lat="39.458211" lon="-78.945138"></trkpt>
      <trkpt lat="39.458258" lon="-78.944979"></trkpt>
      <trkpt lat="39.458295" lon="-78.944794"></trkpt>
      <trkpt lat="39.458302" lon="-78.944593"></trkpt>
      <trkpt lat="39.458294" lon="-78.944342"></trkpt>
      <trkpt lat="39.458246" lon="-78.944062"></trkpt>
      <trkpt lat="39.458179" lon="-78.943817"></trkpt>
      <trkpt lat="39.458099" lon="-78.943600"></trkpt>
      <trkpt lat="39.457944" lon="-78.943199"></trkpt>
      <trkpt lat="39.457794" lon="-78.942867"></trkpt>
      <trkpt lat="39.457723" lon="-78.942698"></trkpt>
      <trkpt lat="39.457650" lon="-78.942431"></trkpt>
      <trkpt lat="39.457610" lon="-78.942180"></trkpt>
      <trkpt lat="39.457577" lon="-78.941981"></trkpt>
      <trkpt lat="39.457572" lon="-78.941815"></trkpt>
      <trkpt lat="39.457593" lon="-78.941657"></trkpt>
      <trkpt lat="39.457631" lon="-78.941479"></trkpt>
      <trkpt lat="39.457708" lon="-78.941197"></trkpt>
      <trkpt lat="39.457736" lon="-78.941037"></trkpt>
      <trkpt lat="39.457760" lon="-78.940828"></trkpt>
      <trkpt lat="39.457806" lon="-78.940191"></trkpt>
      <trkpt lat="39.457828" lon="-78.939993"></trkpt>
      <trkpt lat="39.457864" lon="-78.939814"></trkpt>
      <trkpt lat="39.457900" lon="-78.939702"></trkpt>
      <trkpt lat="39.457958" lon="-78.939570"></trkpt>
      <trkpt lat="39.458031" lon="-78.939458"></trkpt>
      <trkpt lat="39.458118" lon="-78.939346"></trkpt>
      <trkpt lat="39.458233" lon="-78.939224"></trkpt>
      <trkpt lat="39.458969" lon="-78.938575"></trkpt>
      <trkpt lat="39.459579" lon="-78.937981"></trkpt>
      <trkpt lat="39.459710" lon="-78.937863"></trkpt>
      <trkpt lat="39.459853" lon="-78.937777"></trkpt>
      <trkpt lat="39.460021" lon="-78.937703"></trkpt>
      <trkpt lat="39.460581" lon="-78.937497"></trkpt>
      <trkpt lat="39.461081" lon="-78.937292"></trkpt>
      <trkpt lat="39.461287" lon="-78.937231"></trkpt>
      <trkpt lat="39.461475" lon="-78.937186"></trkpt>
      <trkpt lat="39.461641" lon="-78.937164"></trkpt>
      <trkpt lat="39.461778" lon="-78.937170"></trkpt>
      <trkpt lat="39.461898" lon="-78.937192"></trkpt>
      <trkpt lat="39.462104" lon="-78.937233"></trkpt>
      <trkpt lat="39.462191" lon="-78.937233"></trkpt>
      <trkpt lat="39.462267" lon="-78.937208"></trkpt>
      <trkpt lat="39.462333" lon="-78.937163"></trkpt>
      <trkpt lat="39.462602" lon="-78.936858"></trkpt>
      <trkpt lat="39.462694" lon="-78.936759"></trkpt>
      <trkpt lat="39.462806" lon="-78.936671"></trkpt>
      <trkpt lat="39.463065" lon="-78.936483"></trkpt>
      <trkpt lat="39.463201" lon="-78.936362"></trkpt>
      <trkpt lat="39.463314" lon="-78.936236"></trkpt>
      <trkpt lat="39.463612" lon="-78.935901"></trkpt>
      <trkpt lat="39.464094" lon="-78.935399"></trkpt>
      <trkpt lat="39.464475" lon="-78.935001"></trkpt>
      <trkpt lat="39.464724" lon="-78.934694"></trkpt>
      <trkpt lat="39.464939" lon="-78.934407"></trkpt>
      <trkpt lat="39.465655" lon="-78.933589"></trkpt>
      <trkpt lat="39.465985" lon="-78.933264"></trkpt>
      <trkpt lat="39.466106" lon="-78.933169"></trkpt>
      <trkpt lat="39.466209" lon="-78.933118"></trkpt>
      <trkpt lat="39.466367" lon="-78.933087"></trkpt>
      <trkpt lat="39.466570" lon="-78.933058"></trkpt>
      <trkpt lat="39.466693" lon="-78.933005"></trkpt>
      <trkpt lat="39.466793" lon="-78.932926"></trkpt>
      <trkpt lat="39.466861" lon="-78.932826"></trkpt>
      <trkpt lat="39.466908" lon="-78.932702"></trkpt>
      <trkpt lat="39.467050" lon="-78.932242"></trkpt>
      <trkpt lat="39.467094" lon="-78.932134"></trkpt>
      <trkpt lat="39.467166" lon="-78.932036"></trkpt>
      <trkpt lat="39.467254" lon="-78.931946"></trkpt>
      <trkpt lat="39.467363" lon="-78.931874"></trkpt>
      <trkpt lat="39.467617" lon="-78.931777"></trkpt>
      <trkpt lat="39.467765" lon="-78.931694"></trkpt>
      <trkpt lat="39.468250" lon="-78.931345"></trkpt>
      <trkpt lat="39.468350" lon="-78.931254"></trkpt>
      <trkpt lat="39.468459" lon="-78.931123"></trkpt>
      <trkpt lat="39.468616" lon="-78.930845"></trkpt>
      <trkpt lat="39.469051" lon="-78.930189"></trkpt>
      <trkpt lat="39.469586" lon="-78.929347"></trkpt>
      <trkpt lat="39.469943" lon="-78.928823"></trkpt>
      <trkpt lat="39.470009" lon="-78.928699"></trkpt>
      <trkpt lat="39.470030" lon="-78.928609"></trkpt>
      <trkpt lat="39.470032" lon="-78.928510"></trkpt>
      <trkpt lat="39.470021" lon="-78.928380"></trkpt>
      <trkpt lat="39.469946" lon="-78.927905"></trkpt>
      <trkpt lat="39.469890" lon="-78.927359"></trkpt>
      <trkpt lat="39.469845" lon="-78.926909"></trkpt>
      <trkpt lat="39.469813" lon="-78.926802"></trkpt>
      <trkpt lat="39.469785" lon="-78.926757"></trkpt>
      <trkpt lat="39.469737" lon="-78.926726"></trkpt>
      <trkpt lat="39.469680" lon="-78.926716"></trkpt>
      <trkpt lat="39.469621" lon="-78.926732"></trkpt>
      <trkpt lat="39.469569" lon="-78.926779"></trkpt>
      <trkpt lat="39.469438" lon="-78.926922"></trkpt>
      <trkpt lat="39.469313" lon="-78.927019"></trkpt>
      <trkpt lat="39.469140" lon="-78.927126"></trkpt>
      <trkpt lat="39.468921" lon="-78.927217"></trkpt>
      <trkpt lat="39.468771" lon="-78.927240"></trkpt>
      <trkpt lat="39.468651" lon="-78.927241"></trkpt>
      <trkpt lat="39.468564" lon="-78.927212"></trkpt>
      <trkpt lat="39.468467" lon="-78.927156"></trkpt>
      <trkpt lat="39.468389" lon="-78.927082"></trkpt>
      <trkpt lat="39.468300" lon="-78.926977"></trkpt>
      <trkpt lat="39.468141" lon="-78.926744"></trkpt>
      <trkpt lat="39.467530" lon="-78.925797"></trkpt>
      <trkpt lat="39.467484" lon="-78.925686"></trkpt>
      <trkpt lat="39.467458" lon="-78.925578"></trkpt>
      <trkpt lat="39.467460" lon="-78.925481"></trkpt>
      <trkpt lat="39.467480" lon="-78.925348"></trkpt>
      <trkpt lat="39.467578" lon="-78.924827"></trkpt>
      <trkpt lat="39.467607" lon="-78.924622"></trkpt>
      <trkpt lat="39.467615" lon="-78.924401"></trkpt>
      <trkpt lat="39.467611" lon="-78.924208"></trkpt>
      <trkpt lat="39.467586" lon="-78.924047"></trkpt>
      <trkpt lat="39.467556" lon="-78.923818"></trkpt>
      <trkpt lat="39.467544" lon="-78.923592"></trkpt>
      <trkpt lat="39.467546" lon="-78.923415"></trkpt>
      <trkpt lat="39.467570" lon="-78.923268"></trkpt>
      <trkpt lat="39.467616" lon="-78.923124"></trkpt>
      <trkpt lat="39.467688" lon="-78.922943"></trkpt>
      <trkpt lat="39.467699" lon="-78.922869"></trkpt>
      <trkpt lat="39.467700" lon="-78.922796"></trkpt>
      <trkpt lat="39.467674" lon="-78.922726"></trkpt>
      <trkpt lat="39.467636" lon="-78.922680"></trkpt>
      <trkpt lat="39.467585" lon="-78.922655"></trkpt>
      <trkpt lat="39.467515" lon="-78.922658"></trkpt>
      <trkpt lat="39.467391" lon="-78.922643"></trkpt>
      <trkpt lat="39.467305" lon="-78.922621"></trkpt>
      <trkpt lat="39.467190" lon="-78.922568"></trkpt>
      <trkpt lat="39.467076" lon="-78.922491"></trkpt>
      <trkpt lat="39.466996" lon="-78.922407"></trkpt>
      <trkpt lat="39.466907" lon="-78.922277"></trkpt>
      <trkpt lat="39.466783" lon="-78.921974"></trkpt>
      <trkpt lat="39.466693" lon="-78.921780"></trkpt>
      <trkpt lat="39.466568" lon="-78.921597"></trkpt>
      <trkpt lat="39.466417" lon="-78.921330"></trkpt>
      <trkpt lat="39.466339" lon="-78.921098"></trkpt>
      <trkpt lat="39.466268" lon="-78.920824"></trkpt>
      <trkpt lat="39.466236" lon="-78.920603"></trkpt>
      <trkpt lat="39.466218" lon="-78.920311"></trkpt>
      <trkpt lat="39.466201" lon="-78.920194"></trkpt>
      <trkpt lat="39.466188" lon="-78.920143"></trkpt>
      <trkpt lat="39.466159" lon="-78.920080"></trkpt>
      <trkpt lat="39.466102" lon="-78.920025"></trkpt>
      <trkpt lat="39.465799" lon="-78.919789"></trkpt>
      <trkpt lat="39.465717" lon="-78.919714"></trkpt>
      <trkpt lat="39.465658" lon="-78.919609"></trkpt>
      <trkpt lat="39.465603" lon="-78.919478"></trkpt>
      <trkpt lat="39.465539" lon="-78.919172"></trkpt>
      <trkpt lat="39.465499" lon="-78.918921"></trkpt>
      <trkpt lat="39.465482" lon="-78.918701"></trkpt>
      <trkpt lat="39.465488" lon="-78.918538"></trkpt>
      <trkpt lat="39.465513" lon="-78.918334"></trkpt>
      <trkpt lat="39.465549" lon="-78.918161"></trkpt>
      <trkpt lat="39.465656" lon="-78.917666"></trkpt>
      <trkpt lat="39.465697" lon="-78.917514"></trkpt>
      <trkpt lat="39.465763" lon="-78.917352"></trkpt>
      <trkpt lat="39.465892" lon="-78.917151"></trkpt>
      <trkpt lat="39.466036" lon="-78.916924"></trkpt>
      <trkpt lat="39.466432" lon="-78.916185"></trkpt>
      <trkpt lat="39.466603" lon="-78.915821"></trkpt>
      <trkpt lat="39.466763" lon="-78.915476"></trkpt>
      <trkpt lat="39.466870" lon="-78.915212"></trkpt>
      <trkpt lat="39.466932" lon="-78.914997"></trkpt>
      <trkpt lat="39.466956" lon="-78.914842"></trkpt>
      <trkpt lat="39.466980" lon="-78.914669"></trkpt>
      <trkpt lat="39.467027" lon="-78.914493"></trkpt>
      <trkpt lat="39.467181" lon="-78.914074"></trkpt>
      <trkpt lat="39.467257" lon="-78.913908"></trkpt>
      <trkpt lat="39.467382" lon="-78.913720"></trkpt>
      <trkpt lat="39.467648" lon="-78.913368"></trkpt>
      <trkpt lat="39.467872" lon="-78.913095"></trkpt>
      <trkpt lat="39.468132" lon="-78.912787"></trkpt>
      <trkpt lat="39.468297" lon="-78.912595"></trkpt>
      <trkpt lat="39.468399" lon="-78.912409"></trkpt>
      <trkpt lat="39.468493" lon="-78.912193"></trkpt>
      <trkpt lat="39.468678" lon="-78.911599"></trkpt>
      <trkpt lat="39.468741" lon="-78.911297"></trkpt>
      <trkpt lat="39.468795" lon="-78.911061"></trkpt>
      <trkpt lat="39.468808" lon="-78.910920"></trkpt>
      <trkpt lat="39.468802" lon="-78.910778"></trkpt>
      <trkpt lat="39.468788" lon="-78.910655"></trkpt>
      <trkpt lat="39.468785" lon="-78.910531"></trkpt>
      <trkpt lat="39.468805" lon="-78.910412"></trkpt>
      <trkpt lat="39.468844" lon="-78.910302"></trkpt>
      <trkpt lat="39.468879" lon="-78.910192"></trkpt>
      <trkpt lat="39.468890" lon="-78.910106"></trkpt>
      <trkpt lat="39.468871" lon="-78.909996"></trkpt>
      <trkpt lat="39.468829" lon="-78.909934"></trkpt>
      <trkpt lat="39.468740" lon="-78.909888"></trkpt>
      <trkpt lat="39.468568" lon="-78.909835"></trkpt>
      <trkpt lat="39.468398" lon="-78.909772"></trkpt>
      <trkpt lat="39.468281" lon="-78.909705"></trkpt>
      <trkpt lat="39.468149" lon="-78.909586"></trkpt>
      <trkpt lat="39.468039" lon="-78.909464"></trkpt>
      <trkpt lat="39.467972" lon="-78.909367"></trkpt>
      <trkpt lat="39.467944" lon="-78.909297"></trkpt>
      <trkpt lat="39.467927" lon="-78.909210"></trkpt>
      <trkpt lat="39.467927" lon="-78.909116"></trkpt>
      <trkpt lat="39.467953" lon="-78.909029"></trkpt>
      <trkpt lat="39.468007" lon="-78.908931"></trkpt>
      <trkpt lat="39.468090" lon="-78.908813"></trkpt>
      <trkpt lat="39.468337" lon="-78.908522"></trkpt>
      <trkpt lat="39.468616" lon="-78.908229"></trkpt>
      <trkpt lat="39.469130" lon="-78.907774"></trkpt>
      <trkpt lat="39.469518" lon="-78.907490"></trkpt>
      <trkpt lat="39.470587" lon="-78.906826"></trkpt>
      <trkpt lat="39.472413" lon="-78.905577"></trkpt>
      <trkpt lat="39.473380" lon="-78.904872"></trkpt>
      <trkpt lat="39.475241" lon="-78.903473"></trkpt>
      <trkpt lat="39.477445" lon="-78.901762"></trkpt>
      <trkpt lat="39.479254" lon="-78.900439"></trkpt>
      <trkpt lat="39.480939" lon="-78.899177"></trkpt>
      <trkpt lat="39.481777" lon="-78.898523"></trkpt>
      <trkpt lat="39.482589" lon="-78.897907"></trkpt>
      <trkpt lat="39.482589" lon="-78.897907"></trkpt>
      <trkpt lat="39.483046" lon="-78.897560"></trkpt>
      <trkpt lat="39.483528" lon="-78.897234"></trkpt>
      <trkpt lat="39.484159" lon="-78.896820"></trkpt>
      <trkpt lat="39.484491" lon="-78.896572"></trkpt>
      <trkpt lat="39.485575" lon="-78.895687"></trkpt>
      <trkpt lat="39.486156" lon="-78.895209"></trkpt>
      <trkpt lat="39.486539" lon="-78.894843"></trkpt>
      <trkpt lat="39.486908" lon="-78.894445"></trkpt>
      <trkpt lat="39.487350" lon="-78.894003"></trkpt>
      <trkpt lat="39.487456" lon="-78.893936"></trkpt>
      <trkpt lat="39.487545" lon="-78.893915"></trkpt>
      <trkpt lat="39.487811" lon="-78.893880"></trkpt>
      <trkpt lat="39.487958" lon="-78.893824"></trkpt>
      <trkpt lat="39.488135" lon="-78.893743"></trkpt>
      <trkpt lat="39.488328" lon="-78.893596"></trkpt>
      <trkpt lat="39.488520" lon="-78.893419"></trkpt>
      <trkpt lat="39.489491" lon="-78.892475"></trkpt>
      <trkpt lat="39.489950" lon="-78.891981"></trkpt>
      <trkpt lat="39.490291" lon="-78.891549"></trkpt>
      <trkpt lat="39.490767" lon="-78.890942"></trkpt>
      <trkpt lat="39.490972" lon="-78.890742"></trkpt>
      <trkpt lat="39.491246" lon="-78.890541"></trkpt>
      <trkpt lat="39.491711" lon="-78.890164"></trkpt>
      <trkpt lat="39.492058" lon="-78.889872"></trkpt>
      <trkpt lat="39.492379" lon="-78.889523"></trkpt>
      <trkpt lat="39.492642" lon="-78.889170"></trkpt>
      <trkpt lat="39.492789" lon="-78.888948"></trkpt>
      <trkpt lat="39.492845" lon="-78.888819"></trkpt>
      <trkpt lat="39.492909" lon="-78.888627"></trkpt>
      <trkpt lat="39.492974" lon="-78.888481"></trkpt>
      <trkpt lat="39.493072" lon="-78.888336"></trkpt>
      <trkpt lat="39.493190" lon="-78.888238"></trkpt>
      <trkpt lat="39.496240" lon="-78.886413"></trkpt>
      <trkpt lat="39.496598" lon="-78.886166"></trkpt>
      <trkpt lat="39.498527" lon="-78.884781"></trkpt>
      <trkpt lat="39.499309" lon="-78.884173"></trkpt>
      <trkpt lat="39.499851" lon="-78.883747"></trkpt>
      <trkpt lat="39.501716" lon="-78.882297"></trkpt>
      <trkpt lat="39.505071" lon="-78.879719"></trkpt>
      <trkpt lat="39.506103" lon="-78.878919"></trkpt>
      <trkpt lat="39.506404" lon="-78.878718"></trkpt>
      <trkpt lat="39.506839" lon="-78.878460"></trkpt>
      <trkpt lat="39.507638" lon="-78.878071"></trkpt>
      <trkpt lat="39.508026" lon="-78.877867"></trkpt>
      <trkpt lat="39.508420" lon="-78.877643"></trkpt>
      <trkpt lat="39.508848" lon="-78.877387"></trkpt>
      <trkpt lat="39.509285" lon="-78.877104"></trkpt>
      <trkpt lat="39.509707" lon="-78.876811"></trkpt>
      <trkpt lat="39.510245" lon="-78.876391"></trkpt>
      <trkpt lat="39.510790" lon="-78.875908"></trkpt>
      <trkpt lat="39.511389" lon="-78.875355"></trkpt>
      <trkpt lat="39.511835" lon="-78.874976"></trkpt>
      <trkpt lat="39.512283" lon="-78.874610"></trkpt>
      <trkpt lat="39.512536" lon="-78.874378"></trkpt>
      <trkpt lat="39.514133" lon="-78.872814"></trkpt>
      <trkpt lat="39.514619" lon="-78.872345"></trkpt>
      <trkpt lat="39.516193" lon="-78.870741"></trkpt>
      <trkpt lat="39.518234" lon="-78.868700"></trkpt>
      <trkpt lat="39.518372" lon="-78.868553"></trkpt>
      <trkpt lat="39.518469" lon="-78.868411"></trkpt>
      <trkpt lat="39.518505" lon="-78.868343"></trkpt>
      <trkpt lat="39.518553" lon="-78.868253"></trkpt>
      <trkpt lat="39.518641" lon="-78.868074"></trkpt>
      <trkpt lat="39.518728" lon="-78.867898"></trkpt>
      <trkpt lat="39.518796" lon="-78.867729"></trkpt>
      <trkpt lat="39.518849" lon="-78.867537"></trkpt>
      <trkpt lat="39.518882" lon="-78.867375"></trkpt>
      <trkpt lat="39.518917" lon="-78.867167"></trkpt>
      <trkpt lat="39.518959" lon="-78.866991"></trkpt>
      <trkpt lat="39.519012" lon="-78.866841"></trkpt>
      <trkpt lat="39.519095" lon="-78.866691"></trkpt>
      <trkpt lat="39.519331" lon="-78.866294"></trkpt>
      <trkpt lat="39.519464" lon="-78.866033"></trkpt>
      <trkpt lat="39.519573" lon="-78.865795"></trkpt>
      <trkpt lat="39.519647" lon="-78.865573"></trkpt>
      <trkpt lat="39.519670" lon="-78.865419"></trkpt>
      <trkpt lat="39.519682" lon="-78.865252"></trkpt>
      <trkpt lat="39.519709" lon="-78.865081"></trkpt>
      <trkpt lat="39.519749" lon="-78.864907"></trkpt>
      <trkpt lat="39.519815" lon="-78.864682"></trkpt>
      <trkpt lat="39.520076" lon="-78.863952"></trkpt>
      <trkpt lat="39.520141" lon="-78.863752"></trkpt>
      <trkpt lat="39.520274" lon="-78.863296"></trkpt>
      <trkpt lat="39.520517" lon="-78.862543"></trkpt>
      <trkpt lat="39.520638" lon="-78.862229"></trkpt>
      <trkpt lat="39.520742" lon="-78.861912"></trkpt>
      <trkpt lat="39.520847" lon="-78.861569"></trkpt>
      <trkpt lat="39.520941" lon="-78.861285"></trkpt>
      <trkpt lat="39.521017" lon="-78.861066"></trkpt>
      <trkpt lat="39.521111" lon="-78.860861"></trkpt>
      <trkpt lat="39.521228" lon="-78.860658"></trkpt>
      <trkpt lat="39.521400" lon="-78.860434"></trkpt>
      <trkpt lat="39.521820" lon="-78.859809"></trkpt>
      <trkpt lat="39.522207" lon="-78.859288"></trkpt>
      <trkpt lat="39.522664" lon="-78.858691"></trkpt>
      <trkpt lat="39.522743" lon="-78.858571"></trkpt>
      <trkpt lat="39.522799" lon="-78.858466"></trkpt>
      <trkpt lat="39.522833" lon="-78.858361"></trkpt>
      <trkpt lat="39.522849" lon="-78.858252"></trkpt>
      <trkpt lat="39.522857" lon="-78.858141"></trkpt>
      <trkpt lat="39.522861" lon="-78.857947"></trkpt>
      <trkpt lat="39.522878" lon="-78.857810"></trkpt>
      <trkpt lat="39.522912" lon="-78.857700"></trkpt>
      <trkpt lat="39.522958" lon="-78.857579"></trkpt>
      <trkpt lat="39.523023" lon="-78.857460"></trkpt>
      <trkpt lat="39.523136" lon="-78.857300"></trkpt>
      <trkpt lat="39.523558" lon="-78.856729"></trkpt>
      <trkpt lat="39.523643" lon="-78.856585"></trkpt>
      <trkpt lat="39.523710" lon="-78.856449"></trkpt>
      <trkpt lat="39.523798" lon="-78.856210"></trkpt>
      <trkpt lat="39.523878" lon="-78.856072"></trkpt>
      <trkpt lat="39.523955" lon="-78.855970"></trkpt>
      <trkpt lat="39.524048" lon="-78.855887"></trkpt>
      <trkpt lat="39.524347" lon="-78.855636"></trkpt>
      <trkpt lat="39.524430" lon="-78.855585"></trkpt>
      <trkpt lat="39.524518" lon="-78.855553"></trkpt>
      <trkpt lat="39.524608" lon="-78.855549"></trkpt>
      <trkpt lat="39.524703" lon="-78.855575"></trkpt>
      <trkpt lat="39.524770" lon="-78.855624"></trkpt>
      <trkpt lat="39.524895" lon="-78.855762"></trkpt>
      <trkpt lat="39.525117" lon="-78.856044"></trkpt>
      <trkpt lat="39.525425" lon="-78.856410"></trkpt>
      <trkpt lat="39.525589" lon="-78.856639"></trkpt>
      <trkpt lat="39.525698" lon="-78.856781"></trkpt>
      <trkpt lat="39.525807" lon="-78.856891"></trkpt>
      <trkpt lat="39.525932" lon="-78.856981"></trkpt>
      <trkpt lat="39.526067" lon="-78.857040"></trkpt>
      <trkpt lat="39.526323" lon="-78.857110"></trkpt>
      <trkpt lat="39.526458" lon="-78.857170"></trkpt>
      <trkpt lat="39.526581" lon="-78.857257"></trkpt>
      <trkpt lat="39.526725" lon="-78.857379"></trkpt>
      <trkpt lat="39.526845" lon="-78.857445"></trkpt>
      <trkpt lat="39.526988" lon="-78.857493"></trkpt>
      <trkpt lat="39.527106" lon="-78.857489"></trkpt>
      <trkpt lat="39.527263" lon="-78.857497"></trkpt>
      <trkpt lat="39.527393" lon="-78.857535"></trkpt>
      <trkpt lat="39.527560" lon="-78.857603"></trkpt>
      <trkpt lat="39.527864" lon="-78.857780"></trkpt>
      <trkpt lat="39.528025" lon="-78.857912"></trkpt>
      <trkpt lat="39.528108" lon="-78.857959"></trkpt>
      <trkpt lat="39.528188" lon="-78.857987"></trkpt>
      <trkpt lat="39.528260" lon="-78.857983"></trkpt>
      <trkpt lat="39.528340" lon="-78.857957"></trkpt>
      <trkpt lat="39.528399" lon="-78.857909"></trkpt>
      <trkpt lat="39.528478" lon="-78.857811"></trkpt>
      <trkpt lat="39.528696" lon="-78.857481"></trkpt>
      <trkpt lat="39.528892" lon="-78.857155"></trkpt>
      <trkpt lat="39.529063" lon="-78.856825"></trkpt>
      <trkpt lat="39.529312" lon="-78.856294"></trkpt>
      <trkpt lat="39.529738" lon="-78.855295"></trkpt>
      <trkpt lat="39.530070" lon="-78.854398"></trkpt>
      <trkpt lat="39.530172" lon="-78.854080"></trkpt>
      <trkpt lat="39.530245" lon="-78.853801"></trkpt>
      <trkpt lat="39.530322" lon="-78.853457"></trkpt>
      <trkpt lat="39.530365" lon="-78.853170"></trkpt>
      <trkpt lat="39.530434" lon="-78.852498"></trkpt>
      <trkpt lat="39.530478" lon="-78.852213"></trkpt>
      <trkpt lat="39.530527" lon="-78.852039"></trkpt>
      <trkpt lat="39.530604" lon="-78.851865"></trkpt>
      <trkpt lat="39.530749" lon="-78.851637"></trkpt>
      <trkpt lat="39.530895" lon="-78.851543"></trkpt>
      <trkpt lat="39.531040" lon="-78.851466"></trkpt>
      <trkpt lat="39.531210" lon="-78.851410"></trkpt>
      <trkpt lat="39.531445" lon="-78.851367"></trkpt>
      <trkpt lat="39.532161" lon="-78.851287"></trkpt>
      <trkpt lat="39.532447" lon="-78.851222"></trkpt>
      <trkpt lat="39.532727" lon="-78.851147"></trkpt>
      <trkpt lat="39.532906" lon="-78.851118"></trkpt>
      <trkpt lat="39.533053" lon="-78.851075"></trkpt>
      <trkpt lat="39.533494" lon="-78.850914"></trkpt>
      <trkpt lat="39.533658" lon="-78.850836"></trkpt>
      <trkpt lat="39.533750" lon="-78.850752"></trkpt>
      <trkpt lat="39.533853" lon="-78.850663"></trkpt>
      <trkpt lat="39.533995" lon="-78.850553"></trkpt>
      <trkpt lat="39.534184" lon="-78.850377"></trkpt>
      <trkpt lat="39.534318" lon="-78.850191"></trkpt>
      <trkpt lat="39.534508" lon="-78.849877"></trkpt>
      <trkpt lat="39.534648" lon="-78.849571"></trkpt>
      <trkpt lat="39.534815" lon="-78.849165"></trkpt>
      <trkpt lat="39.535089" lon="-78.848390"></trkpt>
      <trkpt lat="39.535163" lon="-78.848198"></trkpt>
      <trkpt lat="39.535237" lon="-78.848061"></trkpt>
      <trkpt lat="39.535351" lon="-78.847839"></trkpt>
      <trkpt lat="39.535457" lon="-78.847655"></trkpt>
      <trkpt lat="39.535647" lon="-78.847399"></trkpt>
      <trkpt lat="39.535839" lon="-78.847140"></trkpt>
      <trkpt lat="39.536089" lon="-78.846881"></trkpt>
      <trkpt lat="39.537144" lon="-78.845921"></trkpt>
      <trkpt lat="39.537318" lon="-78.845740"></trkpt>
      <trkpt lat="39.537454" lon="-78.845556"></trkpt>
      <trkpt lat="39.537741" lon="-78.845108"></trkpt>
      <trkpt lat="39.538224" lon="-78.844419"></trkpt>
      <trkpt lat="39.538382" lon="-78.844157"></trkpt>
      <trkpt lat="39.538492" lon="-78.843964"></trkpt>
      <trkpt lat="39.538558" lon="-78.843755"></trkpt>
      <trkpt lat="39.538658" lon="-78.843111"></trkpt>
      <trkpt lat="39.538795" lon="-78.842429"></trkpt>
      <trkpt lat="39.538900" lon="-78.842005"></trkpt>
      <trkpt lat="39.538992" lon="-78.841679"></trkpt>
      <trkpt lat="39.539078" lon="-78.841484"></trkpt>
      <trkpt lat="39.539188" lon="-78.841313"></trkpt>
      <trkpt lat="39.539302" lon="-78.841167"></trkpt>
      <trkpt lat="39.539474" lon="-78.841011"></trkpt>
      <trkpt lat="39.539707" lon="-78.840892"></trkpt>
      <trkpt lat="39.539974" lon="-78.840743"></trkpt>
      <trkpt lat="39.540545" lon="-78.840396"></trkpt>
      <trkpt lat="39.540901" lon="-78.840181"></trkpt>
      <trkpt lat="39.541017" lon="-78.840145"></trkpt>
      <trkpt lat="39.541178" lon="-78.840129"></trkpt>
      <trkpt lat="39.541324" lon="-78.840131"></trkpt>
      <trkpt lat="39.541556" lon="-78.839836"></trkpt>
      <trkpt lat="39.543355" lon="-78.837551"></trkpt>
      <trkpt lat="39.544915" lon="-78.835518"></trkpt>
      <trkpt lat="39.545548" lon="-78.834750"></trkpt>
      <trkpt lat="39.545953" lon="-78.834359"></trkpt>
      <trkpt lat="39.546111" lon="-78.834230"></trkpt>
      <trkpt lat="39.547798" lon="-78.833420"></trkpt>
      <trkpt lat="39.548118" lon="-78.833213"></trkpt>
      <trkpt lat="39.548437" lon="-78.832974"></trkpt>
      <trkpt lat="39.549223" lon="-78.832218"></trkpt>
      <trkpt lat="39.549684" lon="-78.831773"></trkpt>
      <trkpt lat="39.550143" lon="-78.831237"></trkpt>
      <trkpt lat="39.550702" lon="-78.830437"></trkpt>
      <trkpt lat="39.551719" lon="-78.828898"></trkpt>
      <trkpt lat="39.552228" lon="-78.828107"></trkpt>
      <trkpt lat="39.552390" lon="-78.827908"></trkpt>
      <trkpt lat="39.552770" lon="-78.827342"></trkpt>
      <trkpt lat="39.553208" lon="-78.826441"></trkpt>
      <trkpt lat="39.553334" lon="-78.825913"></trkpt>
      <trkpt lat="39.553334" lon="-78.825913"></trkpt>
      <trkpt lat="39.553349" lon="-78.825851"></trkpt>
      <trkpt lat="39.553411" lon="-78.825296"></trkpt>
      <trkpt lat="39.553416" lon="-78.824953"></trkpt>
      <trkpt lat="39.553391" lon="-78.824400"></trkpt>
      <trkpt lat="39.553312" lon="-78.823998"></trkpt>
      <trkpt lat="39.553188" lon="-78.823542"></trkpt>
      <trkpt lat="39.553076" lon="-78.823247"></trkpt>
      <trkpt lat="39.552894" lon="-78.822893"></trkpt>
      <trkpt lat="39.552476" lon="-78.822313"></trkpt>
      <trkpt lat="39.552075" lon="-78.821959"></trkpt>
      <trkpt lat="39.551680" lon="-78.821730"></trkpt>
      <trkpt lat="39.550777" lon="-78.821122"></trkpt>
      <trkpt lat="39.550516" lon="-78.820961"></trkpt>
      <trkpt lat="39.549933" lon="-78.820479"></trkpt>
      <trkpt lat="39.549416" lon="-78.819921"></trkpt>
      <trkpt lat="39.547890" lon="-78.817755"></trkpt>
      <trkpt lat="39.547120" lon="-78.816671"></trkpt>
      <trkpt lat="39.546083" lon="-78.814920"></trkpt>
      <trkpt lat="39.545950" lon="-78.814670"></trkpt>
      <trkpt lat="39.545816" lon="-78.814416"></trkpt>
      <trkpt lat="39.545622" lon="-78.814108"></trkpt>
      <trkpt lat="39.545131" lon="-78.813250"></trkpt>
      <trkpt lat="39.544946" lon="-78.812892"></trkpt>
      <trkpt lat="39.544870" lon="-78.812771"></trkpt>
      <trkpt lat="39.544667" lon="-78.812451"></trkpt>
      <trkpt lat="39.543923" lon="-78.811133"></trkpt>
      <trkpt lat="39.543726" lon="-78.810785"></trkpt>
      <trkpt lat="39.543496" lon="-78.810942"></trkpt>
      <trkpt lat="39.543211" lon="-78.811138"></trkpt>
      <trkpt lat="39.542957" lon="-78.811277"></trkpt>
      <trkpt lat="39.542806" lon="-78.811326"></trkpt>
      <trkpt lat="39.542707" lon="-78.811358"></trkpt>
      <trkpt lat="39.542641" lon="-78.811362"></trkpt>
      <trkpt lat="39.542511" lon="-78.811361"></trkpt>
      <trkpt lat="39.542367" lon="-78.811329"></trkpt>
      <trkpt lat="39.541650" lon="-78.811022"></trkpt>
      <trkpt lat="39.541403" lon="-78.810933"></trkpt>
      <trkpt lat="39.541045" lon="-78.810742"></trkpt>
      <trkpt lat="39.540830" lon="-78.810538"></trkpt>
      <trkpt lat="39.540608" lon="-78.810300"></trkpt>
      <trkpt lat="39.540323" lon="-78.810040"></trkpt>
      <trkpt lat="39.540116" lon="-78.809851"></trkpt>
      <trkpt lat="39.539672" lon="-78.809508"></trkpt>
      <trkpt lat="39.538740" lon="-78.808830"></trkpt>
      <trkpt lat="39.538632" lon="-78.808750"></trkpt>
      <trkpt lat="39.538449" lon="-78.808614"></trkpt>
      <trkpt lat="39.537835" lon="-78.808197"></trkpt>
      <trkpt lat="39.537396" lon="-78.807900"></trkpt>
      <trkpt lat="39.536703" lon="-78.807349"></trkpt>
      <trkpt lat="39.536424" lon="-78.807111"></trkpt>
      <trkpt lat="39.536138" lon="-78.806778"></trkpt>
      <trkpt lat="39.534479" lon="-78.804037"></trkpt>
      <trkpt lat="39.533345" lon="-78.802054"></trkpt>
      <trkpt lat="39.532511" lon="-78.800357"></trkpt>
      <trkpt lat="39.532078" lon="-78.799623"></trkpt>
      <trkpt lat="39.531806" lon="-78.799223"></trkpt>
      <trkpt lat="39.531709" lon="-78.799085"></trkpt>
      <trkpt lat="39.531520" lon="-78.798769"></trkpt>
      <trkpt lat="39.531322" lon="-78.798368"></trkpt>
      <trkpt lat="39.531265" lon="-78.798125"></trkpt>
      <trkpt lat="39.531237" lon="-78.797927"></trkpt>
      <trkpt lat="39.531219" lon="-78.797053"></trkpt>
      <trkpt lat="39.531170" lon="-78.796569"></trkpt>
      <trkpt lat="39.530921" lon="-78.795877"></trkpt>
      <trkpt lat="39.530611" lon="-78.795294"></trkpt>
      <trkpt lat="39.530192" lon="-78.794430"></trkpt>
      <trkpt lat="39.529987" lon="-78.793928"></trkpt>
      <trkpt lat="39.529956" lon="-78.793623"></trkpt>
      <trkpt lat="39.529996" lon="-78.792250"></trkpt>
      <trkpt lat="39.529903" lon="-78.791437"></trkpt>
      <trkpt lat="39.529587" lon="-78.790377"></trkpt>
      <trkpt lat="39.529472" lon="-78.790054"></trkpt>
      <trkpt lat="39.529334" lon="-78.789714"></trkpt>
      <trkpt lat="39.529138" lon="-78.789177"></trkpt>
      <trkpt lat="39.529126" lon="-78.789135"></trkpt>
      <trkpt lat="39.529102" lon="-78.789051"></trkpt>
      <trkpt lat="39.528911" lon="-78.788543"></trkpt>
      <trkpt lat="39.528764" lon="-78.788070"></trkpt>
      <trkpt lat="39.528685" lon="-78.787661"></trkpt>
      <trkpt lat="39.528587" lon="-78.786768"></trkpt>
      <trkpt lat="39.528364" lon="-78.785557"></trkpt>
      <trkpt lat="39.528235" lon="-78.785147"></trkpt>
      <trkpt lat="39.528103" lon="-78.784835"></trkpt>
      <trkpt lat="39.527952" lon="-78.784551"></trkpt>
      <trkpt lat="39.527529" lon="-78.783757"></trkpt>
      <trkpt lat="39.527159" lon="-78.783008"></trkpt>
      <trkpt lat="39.526759" lon="-78.782057"></trkpt>
      <trkpt lat="39.526553" lon="-78.781591"></trkpt>
      <trkpt lat="39.526323" lon="-78.781331"></trkpt>
      <trkpt lat="39.525047" lon="-78.779526"></trkpt>
      <trkpt lat="39.524455" lon="-78.778154"></trkpt>
      <trkpt lat="39.524104" lon="-78.777485"></trkpt>
      <trkpt lat="39.523588" lon="-78.776822"></trkpt>
      <trkpt lat="39.523179" lon="-78.776228"></trkpt>
      <trkpt lat="39.522338" lon="-78.775088"></trkpt>
      <trkpt lat="39.522113" lon="-78.774784"></trkpt>
      <trkpt lat="39.521584" lon="-78.774289"></trkpt>
      <trkpt lat="39.521380" lon="-78.774100"></trkpt>
      <trkpt lat="39.521101" lon="-78.773873"></trkpt>
      <trkpt lat="39.520989" lon="-78.773772"></trkpt>
      <trkpt lat="39.520835" lon="-78.773634"></trkpt>
      <trkpt lat="39.520567" lon="-78.773352"></trkpt>
      <trkpt lat="39.520048" lon="-78.772603"></trkpt>
      <trkpt lat="39.519557" lon="-78.771398"></trkpt>
      <trkpt lat="39.518807" lon="-78.769616"></trkpt>
      <trkpt lat="39.518349" lon="-78.768494"></trkpt>
      <trkpt lat="39.518329" lon="-78.768444"></trkpt>
      <trkpt lat="39.517734" lon="-78.766965"></trkpt>
      <trkpt lat="39.517567" lon="-78.766723"></trkpt>
      <trkpt lat="39.517279" lon="-78.766574"></trkpt>
      <trkpt lat="39.516819" lon="-78.766375"></trkpt>
      <trkpt lat="39.516270" lon="-78.766236"></trkpt>
      <trkpt lat="39.516084" lon="-78.766220"></trkpt>
      <trkpt lat="39.515881" lon="-78.766247"></trkpt>
      <trkpt lat="39.515737" lon="-78.766274"></trkpt>
      <trkpt lat="39.515542" lon="-78.766381"></trkpt>
      <trkpt lat="39.515281" lon="-78.766515"></trkpt>
      <trkpt lat="39.515083" lon="-78.766708"></trkpt>
      <trkpt lat="39.514992" lon="-78.766816"></trkpt>
      <trkpt lat="39.514157" lon="-78.767779"></trkpt>
      <trkpt lat="39.514118" lon="-78.767824"></trkpt>
      <trkpt lat="39.513166" lon="-78.768931"></trkpt>
      <trkpt lat="39.512997" lon="-78.769128"></trkpt>
      <trkpt lat="39.512339" lon="-78.769863"></trkpt>
      <trkpt lat="39.511721" lon="-78.770304"></trkpt>
      <trkpt lat="39.511237" lon="-78.770696"></trkpt>
      <trkpt lat="39.511209" lon="-78.770721"></trkpt>
      <trkpt lat="39.510210" lon="-78.771403"></trkpt>
      <trkpt lat="39.509727" lon="-78.771756"></trkpt>
      <trkpt lat="39.509550" lon="-78.771901"></trkpt>
      <trkpt lat="39.508708" lon="-78.772515"></trkpt>
      <trkpt lat="39.508528" lon="-78.772629"></trkpt>
      <trkpt lat="39.508351" lon="-78.772736"></trkpt>
      <trkpt lat="39.508177" lon="-78.772806"></trkpt>
      <trkpt lat="39.508003" lon="-78.772849"></trkpt>
      <trkpt lat="39.507913" lon="-78.772859"></trkpt>
      <trkpt lat="39.507787" lon="-78.772857"></trkpt>
      <trkpt lat="39.507705" lon="-78.772855"></trkpt>
      <trkpt lat="39.507509" lon="-78.772824"></trkpt>
      <trkpt lat="39.507279" lon="-78.772739"></trkpt>
      <trkpt lat="39.507176" lon="-78.772686"></trkpt>
      <trkpt lat="39.507074" lon="-78.772627"></trkpt>
      <trkpt lat="39.506942" lon="-78.772528"></trkpt>
      <trkpt lat="39.506827" lon="-78.772424"></trkpt>
      <trkpt lat="39.506604" lon="-78.772183"></trkpt>
      <trkpt lat="39.506400" lon="-78.771979"></trkpt>
      <trkpt lat="39.505680" lon="-78.771226"></trkpt>
      <trkpt lat="39.505629" lon="-78.771173"></trkpt>
      <trkpt lat="39.505384" lon="-78.770917"></trkpt>
      <trkpt lat="39.505092" lon="-78.770612"></trkpt>
      <trkpt lat="39.504853" lon="-78.770361"></trkpt>
      <trkpt lat="39.504540" lon="-78.770034"></trkpt>
      <trkpt lat="39.504170" lon="-78.769647"></trkpt>
      <trkpt lat="39.503973" lon="-78.769459"></trkpt>
      <trkpt lat="39.503650" lon="-78.769110"></trkpt>
      <trkpt lat="39.503131" lon="-78.768598"></trkpt>
      <trkpt lat="39.502624" lon="-78.768061"></trkpt>
      <trkpt lat="39.502169" lon="-78.767586"></trkpt>
      <trkpt lat="39.502111" lon="-78.767535"></trkpt>
      <trkpt lat="39.501865" lon="-78.767284"></trkpt>
      <trkpt lat="39.501735" lon="-78.767151"></trkpt>
      <trkpt lat="39.501421" lon="-78.766878"></trkpt>
      <trkpt lat="39.501258" lon="-78.766753"></trkpt>
      <trkpt lat="39.500967" lon="-78.766532"></trkpt>
      <trkpt lat="39.500675" lon="-78.766275"></trkpt>
      <trkpt lat="39.500409" lon="-78.766042"></trkpt>
      <trkpt lat="39.499451" lon="-78.765033"></trkpt>
      <trkpt lat="39.499313" lon="-78.764887"></trkpt>
      <trkpt lat="39.498687" lon="-78.764228"></trkpt>
      <trkpt lat="39.498624" lon="-78.764161"></trkpt>
      <trkpt lat="39.498114" lon="-78.763486"></trkpt>
      <trkpt lat="39.497723" lon="-78.762749"></trkpt>
      <trkpt lat="39.497293" lon="-78.762056"></trkpt>
      <trkpt lat="39.497110" lon="-78.761793"></trkpt>
      <trkpt lat="39.496184" lon="-78.760464"></trkpt>
      <trkpt lat="39.495851" lon="-78.759993"></trkpt>
      <trkpt lat="39.495566" lon="-78.759622"></trkpt>
      <trkpt lat="39.495076" lon="-78.758947"></trkpt>
      <trkpt lat="39.494759" lon="-78.758641"></trkpt>
      <trkpt lat="39.493375" lon="-78.757161"></trkpt>
      <trkpt lat="39.492420" lon="-78.756156"></trkpt>
      <trkpt lat="39.491594" lon="-78.755199"></trkpt>
      <trkpt lat="39.489960" lon="-78.753230"></trkpt>
      <trkpt lat="39.489270" lon="-78.752423"></trkpt>
      <trkpt lat="39.488545" lon="-78.751709"></trkpt>
      <trkpt lat="39.487573" lon="-78.750852"></trkpt>
      <trkpt lat="39.486301" lon="-78.749731"></trkpt>
      <trkpt lat="39.485679" lon="-78.749058"></trkpt>
      <trkpt lat="39.485538" lon="-78.748905"></trkpt>
      <trkpt lat="39.485505" lon="-78.748869"></trkpt>
      <trkpt lat="39.485213" lon="-78.748527"></trkpt>
      <trkpt lat="39.485066" lon="-78.748354"></trkpt>
      <trkpt lat="39.484755" lon="-78.747989"></trkpt>
      <trkpt lat="39.484611" lon="-78.747816"></trkpt>
      <trkpt lat="39.484332" lon="-78.747480"></trkpt>
      <trkpt lat="39.483698" lon="-78.746713"></trkpt>
      <trkpt lat="39.483313" lon="-78.746164"></trkpt>
      <trkpt lat="39.482269" lon="-78.744591"></trkpt>
      <trkpt lat="39.482123" lon="-78.744411"></trkpt>
      <trkpt lat="39.481851" lon="-78.744076"></trkpt>
      <trkpt lat="39.481309" lon="-78.743297"></trkpt>
      <trkpt lat="39.480403" lon="-78.741996"></trkpt>
      <trkpt lat="39.479281" lon="-78.740306"></trkpt>
      <trkpt lat="39.478881" lon="-78.739352"></trkpt>
      <trkpt lat="39.478593" lon="-78.738655"></trkpt>
      <trkpt lat="39.478536" lon="-78.738556"></trkpt>
      <trkpt lat="39.478206" lon="-78.737978"></trkpt>
      <trkpt lat="39.477736" lon="-78.737202"></trkpt>
      <trkpt lat="39.477474" lon="-78.736620"></trkpt>
      <trkpt lat="39.477086" lon="-78.735764"></trkpt>
      <trkpt lat="39.476980" lon="-78.735612"></trkpt>
      <trkpt lat="39.476110" lon="-78.734816"></trkpt>
      <trkpt lat="39.475485" lon="-78.734022"></trkpt>
      <trkpt lat="39.475145" lon="-78.733584"></trkpt>
      <trkpt lat="39.474800" lon="-78.733008"></trkpt>
      <trkpt lat="39.474694" lon="-78.732794"></trkpt>
      <trkpt lat="39.474542" lon="-78.732476"></trkpt>
      <trkpt lat="39.474005" lon="-78.731304"></trkpt>
      <trkpt lat="39.473420" lon="-78.730017"></trkpt>
      <trkpt lat="39.473263" lon="-78.729475"></trkpt>
      <trkpt lat="39.473157" lon="-78.728732"></trkpt>
      <trkpt lat="39.473129" lon="-78.728573"></trkpt>
      <trkpt lat="39.473080" lon="-78.728415"></trkpt>
      <trkpt lat="39.473038" lon="-78.728308"></trkpt>
      <trkpt lat="39.472907" lon="-78.728067"></trkpt>
      <trkpt lat="39.472714" lon="-78.727841"></trkpt>
      <trkpt lat="39.472507" lon="-78.727641"></trkpt>
      <trkpt lat="39.472191" lon="-78.727292"></trkpt>
      <trkpt lat="39.471466" lon="-78.726302"></trkpt>
      <trkpt lat="39.471387" lon="-78.726189"></trkpt>
      <trkpt lat="39.471004" lon="-78.725693"></trkpt>
      <trkpt lat="39.470637" lon="-78.725170"></trkpt>
      <trkpt lat="39.470271" lon="-78.724723"></trkpt>
      <trkpt lat="39.470115" lon="-78.724532"></trkpt>
      <trkpt lat="39.470053" lon="-78.724452"></trkpt>
      <trkpt lat="39.469872" lon="-78.724219"></trkpt>
      <trkpt lat="39.469544" lon="-78.723797"></trkpt>
      <trkpt lat="39.469110" lon="-78.723117"></trkpt>
      <trkpt lat="39.469068" lon="-78.723051"></trkpt>
      <trkpt lat="39.468946" lon="-78.722802"></trkpt>
      <trkpt lat="39.468926" lon="-78.722759"></trkpt>
      <trkpt lat="39.468699" lon="-78.722338"></trkpt>
      <trkpt lat="39.468264" lon="-78.721265"></trkpt>
      <trkpt lat="39.468103" lon="-78.720782"></trkpt>
      <trkpt lat="39.467674" lon="-78.719232"></trkpt>
      <trkpt lat="39.467548" lon="-78.718776"></trkpt>
      <trkpt lat="39.467076" lon="-78.717016"></trkpt>
      <trkpt lat="39.466821" lon="-78.716004"></trkpt>
      <trkpt lat="39.466618" lon="-78.715297"></trkpt>
      <trkpt lat="39.466475" lon="-78.714568"></trkpt>
      <trkpt lat="39.466220" lon="-78.712852"></trkpt>
      <trkpt lat="39.466185" lon="-78.712135"></trkpt>
      <trkpt lat="39.466215" lon="-78.711540"></trkpt>
      <trkpt lat="39.466315" lon="-78.710918"></trkpt>
      <trkpt lat="39.466401" lon="-78.710396"></trkpt>
      <trkpt lat="39.466447" lon="-78.710114"></trkpt>
      <trkpt lat="39.466445" lon="-78.709836"></trkpt>
      <trkpt lat="39.466431" lon="-78.709537"></trkpt>
      <trkpt lat="39.466382" lon="-78.709252"></trkpt>
      <trkpt lat="39.466269" lon="-78.708726"></trkpt>
      <trkpt lat="39.466030" lon="-78.707604"></trkpt>
      <trkpt lat="39.465937" lon="-78.707306"></trkpt>
      <trkpt lat="39.465793" lon="-78.706940"></trkpt>
      <trkpt lat="39.465185" lon="-78.705347"></trkpt>
      <trkpt lat="39.465055" lon="-78.705022"></trkpt>
      <trkpt lat="39.464953" lon="-78.704731"></trkpt>
      <trkpt lat="39.464924" lon="-78.704649"></trkpt>
      <trkpt lat="39.464612" lon="-78.703716"></trkpt>
      <trkpt lat="39.464459" lon="-78.702941"></trkpt>
      <trkpt lat="39.464342" lon="-78.702384"></trkpt>
      <trkpt lat="39.464205" lon="-78.701854"></trkpt>
      <trkpt lat="39.464058" lon="-78.701404"></trkpt>
      <trkpt lat="39.464033" lon="-78.701360"></trkpt>
      <trkpt lat="39.463964" lon="-78.701219"></trkpt>
      <trkpt lat="39.463881" lon="-78.701060"></trkpt>
      <trkpt lat="39.463758" lon="-78.700871"></trkpt>
      <trkpt lat="39.463192" lon="-78.700109"></trkpt>
      <trkpt lat="39.462815" lon="-78.699654"></trkpt>
      <trkpt lat="39.462233" lon="-78.698974"></trkpt>
      <trkpt lat="39.461851" lon="-78.698662"></trkpt>
      <trkpt lat="39.461451" lon="-78.698392"></trkpt>
      <trkpt lat="39.461160" lon="-78.698198"></trkpt>
      <trkpt lat="39.460786" lon="-78.697954"></trkpt>
      <trkpt lat="39.460466" lon="-78.697737"></trkpt>
      <trkpt lat="39.460139" lon="-78.697540"></trkpt>
      <trkpt lat="39.459771" lon="-78.697394"></trkpt>
      <trkpt lat="39.459371" lon="-78.697362"></trkpt>
      <trkpt lat="39.459017" lon="-78.697405"></trkpt>
      <trkpt lat="39.458503" lon="-78.697528"></trkpt>
      <trkpt lat="39.457671" lon="-78.697625"></trkpt>
      <trkpt lat="39.457270" lon="-78.697589"></trkpt>
      <trkpt lat="39.456742" lon="-78.697479"></trkpt>
      <trkpt lat="39.456176" lon="-78.697351"></trkpt>
      <trkpt lat="39.455020" lon="-78.697089"></trkpt>
      <trkpt lat="39.454288" lon="-78.696923"></trkpt>
      <trkpt lat="39.453319" lon="-78.696727"></trkpt>
      <trkpt lat="39.453080" lon="-78.696669"></trkpt>
      <trkpt lat="39.452722" lon="-78.696600"></trkpt>
      <trkpt lat="39.452336" lon="-78.696511"></trkpt>
      <trkpt lat="39.452253" lon="-78.696466"></trkpt>
      <trkpt lat="39.452196" lon="-78.696418"></trkpt>
      <trkpt lat="39.452100" lon="-78.696338"></trkpt>
      <trkpt lat="39.451964" lon="-78.696174"></trkpt>
      <trkpt lat="39.451651" lon="-78.695652"></trkpt>
      <trkpt lat="39.451407" lon="-78.695243"></trkpt>
      <trkpt lat="39.451120" lon="-78.694760"></trkpt>
      <trkpt lat="39.450837" lon="-78.694282"></trkpt>
      <trkpt lat="39.450642" lon="-78.693993"></trkpt>
      <trkpt lat="39.450538" lon="-78.693908"></trkpt>
      <trkpt lat="39.450529" lon="-78.693832"></trkpt>
      <trkpt lat="39.450513" lon="-78.693756"></trkpt>
      <trkpt lat="39.450483" lon="-78.693687"></trkpt>
      <trkpt lat="39.450447" lon="-78.693620"></trkpt>
      <trkpt lat="39.449505" lon="-78.692042"></trkpt>
      <trkpt lat="39.449063" lon="-78.691265"></trkpt>
      <trkpt lat="39.448483" lon="-78.690232"></trkpt>
      <trkpt lat="39.448308" lon="-78.689931"></trkpt>
      <trkpt lat="39.448169" lon="-78.689700"></trkpt>
      <trkpt lat="39.448038" lon="-78.689525"></trkpt>
      <trkpt lat="39.447899" lon="-78.689378"></trkpt>
      <trkpt lat="39.447235" lon="-78.688748"></trkpt>
      <trkpt lat="39.447086" lon="-78.688561"></trkpt>
      <trkpt lat="39.446993" lon="-78.688314"></trkpt>
      <trkpt lat="39.446865" lon="-78.687750"></trkpt>
      <trkpt lat="39.446496" lon="-78.686071"></trkpt>
      <trkpt lat="39.446380" lon="-78.685506"></trkpt>
      <trkpt lat="39.446284" lon="-78.685022"></trkpt>
      <trkpt lat="39.446229" lon="-78.684689"></trkpt>
      <trkpt lat="39.446023" lon="-78.683334"></trkpt>
      <trkpt lat="39.445712" lon="-78.681299"></trkpt>
      <trkpt lat="39.445600" lon="-78.680984"></trkpt>
      <trkpt lat="39.445335" lon="-78.680556"></trkpt>
      <trkpt lat="39.444960" lon="-78.680149"></trkpt>
      <trkpt lat="39.444285" lon="-78.679809"></trkpt>
      <trkpt lat="39.443652" lon="-78.679513"></trkpt>
      <trkpt lat="39.443107" lon="-78.679326"></trkpt>
      <trkpt lat="39.442671" lon="-78.679246"></trkpt>
      <trkpt lat="39.442414" lon="-78.679170"></trkpt>
      <trkpt lat="39.442224" lon="-78.679120"></trkpt>
      <trkpt lat="39.442026" lon="-78.679031"></trkpt>
      <trkpt lat="39.441710" lon="-78.678747"></trkpt>
      <trkpt lat="39.441429" lon="-78.678448"></trkpt>
      <trkpt lat="39.440408" lon="-78.677567"></trkpt>
      <trkpt lat="39.440173" lon="-78.677376"></trkpt>
      <trkpt lat="39.439752" lon="-78.677108"></trkpt>
      <trkpt lat="39.439599" lon="-78.676973"></trkpt>
      <trkpt lat="39.439497" lon="-78.676831"></trkpt>
      <trkpt lat="39.439423" lon="-78.676682"></trkpt>
      <trkpt lat="39.439387" lon="-78.676380"></trkpt>
      <trkpt lat="39.439386" lon="-78.676371"></trkpt>
      <trkpt lat="39.439383" lon="-78.676242"></trkpt>
      <trkpt lat="39.439372" lon="-78.675850"></trkpt>
      <trkpt lat="39.439422" lon="-78.675628"></trkpt>
      <trkpt lat="39.439623" lon="-78.675230"></trkpt>
      <trkpt lat="39.439711" lon="-78.675075"></trkpt>
      <trkpt lat="39.439968" lon="-78.674424"></trkpt>
      <trkpt lat="39.440688" lon="-78.673452"></trkpt>
      <trkpt lat="39.440899" lon="-78.673023"></trkpt>
      <trkpt lat="39.441460" lon="-78.671841"></trkpt>
      <trkpt lat="39.442447" lon="-78.670060"></trkpt>
      <trkpt lat="39.442843" lon="-78.669206"></trkpt>
      <trkpt lat="39.442944" lon="-78.668686"></trkpt>
      <trkpt lat="39.442981" lon="-78.667994"></trkpt>
      <trkpt lat="39.443042" lon="-78.666102"></trkpt>
      <trkpt lat="39.443078" lon="-78.665426"></trkpt>
      <trkpt lat="39.443113" lon="-78.664859"></trkpt>
      <trkpt lat="39.443214" lon="-78.664108"></trkpt>
      <trkpt lat="39.443402" lon="-78.663441"></trkpt>
      <trkpt lat="39.443641" lon="-78.663018"></trkpt>
      <trkpt lat="39.443980" lon="-78.662587"></trkpt>
      <trkpt lat="39.444212" lon="-78.662311"></trkpt>
      <trkpt lat="39.444664" lon="-78.661725"></trkpt>
      <trkpt lat="39.445386" lon="-78.660433"></trkpt>
      <trkpt lat="39.445882" lon="-78.659620"></trkpt>
      <trkpt lat="39.446114" lon="-78.659221"></trkpt>
      <trkpt lat="39.446410" lon="-78.658701"></trkpt>
      <trkpt lat="39.446560" lon="-78.658351"></trkpt>
      <trkpt lat="39.446692" lon="-78.657847"></trkpt>
      <trkpt lat="39.446924" lon="-78.656814"></trkpt>
      <trkpt lat="39.447000" lon="-78.656221"></trkpt>
      <trkpt lat="39.447073" lon="-78.655333"></trkpt>
      <trkpt lat="39.447104" lon="-78.655139"></trkpt>
      <trkpt lat="39.447149" lon="-78.654969"></trkpt>
      <trkpt lat="39.447229" lon="-78.654836"></trkpt>
      <trkpt lat="39.447383" lon="-78.654668"></trkpt>
      <trkpt lat="39.448190" lon="-78.653841"></trkpt>
      <trkpt lat="39.448419" lon="-78.653578"></trkpt>
      <trkpt lat="39.448579" lon="-78.653429"></trkpt>
      <trkpt lat="39.448673" lon="-78.653354"></trkpt>
      <trkpt lat="39.448818" lon="-78.653238"></trkpt>
      <trkpt lat="39.448965" lon="-78.653259"></trkpt>
      <trkpt lat="39.449178" lon="-78.653286"></trkpt>
      <trkpt lat="39.449568" lon="-78.653391"></trkpt>
      <trkpt lat="39.449750" lon="-78.653440"></trkpt>
      <trkpt lat="39.449963" lon="-78.653424"></trkpt>
      <trkpt lat="39.450095" lon="-78.653375"></trkpt>
      <trkpt lat="39.450378" lon="-78.653172"></trkpt>
      <trkpt lat="39.450540" lon="-78.653051"></trkpt>
      <trkpt lat="39.450957" lon="-78.652735"></trkpt>
      <trkpt lat="39.451277" lon="-78.652411"></trkpt>
      <trkpt lat="39.451414" lon="-78.652273"></trkpt>
      <trkpt lat="39.451631" lon="-78.652107"></trkpt>
      <trkpt lat="39.451899" lon="-78.651927"></trkpt>
      <trkpt lat="39.452034" lon="-78.651834"></trkpt>
      <trkpt lat="39.452166" lon="-78.651709"></trkpt>
      <trkpt lat="39.452630" lon="-78.651238"></trkpt>
      <trkpt lat="39.452801" lon="-78.651049"></trkpt>
      <trkpt lat="39.452933" lon="-78.650878"></trkpt>
      <trkpt lat="39.453354" lon="-78.650199"></trkpt>
      <trkpt lat="39.453710" lon="-78.649497"></trkpt>
      <trkpt lat="39.453975" lon="-78.648998"></trkpt>
      <trkpt lat="39.454150" lon="-78.648668"></trkpt>
      <trkpt lat="39.454316" lon="-78.648373"></trkpt>
      <trkpt lat="39.454349" lon="-78.648316"></trkpt>
      <trkpt lat="39.454739" lon="-78.647462"></trkpt>
      <trkpt lat="39.454927" lon="-78.646789"></trkpt>
      <trkpt lat="39.455002" lon="-78.646421"></trkpt>
      <trkpt lat="39.455029" lon="-78.646131"></trkpt>
      <trkpt lat="39.455076" lon="-78.645795"></trkpt>
      <trkpt lat="39.455178" lon="-78.645420"></trkpt>
      <trkpt lat="39.455245" lon="-78.645166"></trkpt>
      <trkpt lat="39.455330" lon="-78.644847"></trkpt>
      <trkpt lat="39.455569" lon="-78.643857"></trkpt>
      <trkpt lat="39.455715" lon="-78.643204"></trkpt>
      <trkpt lat="39.455914" lon="-78.642188"></trkpt>
      <trkpt lat="39.456016" lon="-78.641793"></trkpt>
      <trkpt lat="39.456068" lon="-78.641446"></trkpt>
      <trkpt lat="39.456039" lon="-78.641203"></trkpt>
      <trkpt lat="39.456008" lon="-78.641051"></trkpt>
      <trkpt lat="39.455942" lon="-78.640900"></trkpt>
      <trkpt lat="39.455697" lon="-78.640471"></trkpt>
      <trkpt lat="39.455109" lon="-78.639428"></trkpt>
      <trkpt lat="39.454500" lon="-78.638511"></trkpt>
      <trkpt lat="39.454097" lon="-78.638143"></trkpt>
      <trkpt lat="39.453330" lon="-78.637721"></trkpt>
      <trkpt lat="39.453115" lon="-78.637492"></trkpt>
      <trkpt lat="39.452988" lon="-78.637342"></trkpt>
      <trkpt lat="39.452868" lon="-78.636997"></trkpt>
      <trkpt lat="39.452685" lon="-78.636345"></trkpt>
      <trkpt lat="39.452422" lon="-78.635522"></trkpt>
      <trkpt lat="39.452158" lon="-78.635044"></trkpt>
      <trkpt lat="39.451554" lon="-78.634139"></trkpt>
      <trkpt lat="39.451344" lon="-78.633951"></trkpt>
      <trkpt lat="39.451134" lon="-78.633793"></trkpt>
      <trkpt lat="39.450468" lon="-78.633462"></trkpt>
      <trkpt lat="39.449958" lon="-78.633027"></trkpt>
      <trkpt lat="39.449737" lon="-78.632740"></trkpt>
      <trkpt lat="39.449648" lon="-78.632584"></trkpt>
      <trkpt lat="39.449574" lon="-78.632367"></trkpt>
      <trkpt lat="39.449474" lon="-78.631614"></trkpt>
      <trkpt lat="39.449231" lon="-78.630379"></trkpt>
      <trkpt lat="39.449208" lon="-78.630076"></trkpt>
      <trkpt lat="39.449217" lon="-78.629830"></trkpt>
      <trkpt lat="39.449259" lon="-78.629587"></trkpt>
      <trkpt lat="39.449368" lon="-78.629261"></trkpt>
      <trkpt lat="39.449494" lon="-78.628818"></trkpt>
      <trkpt lat="39.449532" lon="-78.628520"></trkpt>
      <trkpt lat="39.449532" lon="-78.628267"></trkpt>
      <trkpt lat="39.449498" lon="-78.627971"></trkpt>
      <trkpt lat="39.449342" lon="-78.627526"></trkpt>
      <trkpt lat="39.449260" lon="-78.626706"></trkpt>
      <trkpt lat="39.449188" lon="-78.626156"></trkpt>
      <trkpt lat="39.449126" lon="-78.626012"></trkpt>
      <trkpt lat="39.449013" lon="-78.625849"></trkpt>
      <trkpt lat="39.448655" lon="-78.625592"></trkpt>
      <trkpt lat="39.448389" lon="-78.625370"></trkpt>
      <trkpt lat="39.448083" lon="-78.625051"></trkpt>
      <trkpt lat="39.447802" lon="-78.624591"></trkpt>
      <trkpt lat="39.447650" lon="-78.624318"></trkpt>
      <trkpt lat="39.447508" lon="-78.624053"></trkpt>
      <trkpt lat="39.447459" lon="-78.623797"></trkpt>
      <trkpt lat="39.447494" lon="-78.623588"></trkpt>
      <trkpt lat="39.447555" lon="-78.623480"></trkpt>
      <trkpt lat="39.447719" lon="-78.623408"></trkpt>
      <trkpt lat="39.447921" lon="-78.623445"></trkpt>
      <trkpt lat="39.448172" lon="-78.623491"></trkpt>
      <trkpt lat="39.448400" lon="-78.623464"></trkpt>
      <trkpt lat="39.448627" lon="-78.623341"></trkpt>
      <trkpt lat="39.448806" lon="-78.623133"></trkpt>
      <trkpt lat="39.448872" lon="-78.623007"></trkpt>
      <trkpt lat="39.448904" lon="-78.622804"></trkpt>
      <trkpt lat="39.448877" lon="-78.622593"></trkpt>
      <trkpt lat="39.448806" lon="-78.622425"></trkpt>
      <trkpt lat="39.448509" lon="-78.621923"></trkpt>
      <trkpt lat="39.448083" lon="-78.621024"></trkpt>
      <trkpt lat="39.447765" lon="-78.619928"></trkpt>
      <trkpt lat="39.447709" lon="-78.619579"></trkpt>
      <trkpt lat="39.447712" lon="-78.619369"></trkpt>
      <trkpt lat="39.447746" lon="-78.619176"></trkpt>
      <trkpt lat="39.447798" lon="-78.619058"></trkpt>
      <trkpt lat="39.447870" lon="-78.618962"></trkpt>
      <trkpt lat="39.447957" lon="-78.618908"></trkpt>
      <trkpt lat="39.448077" lon="-78.618904"></trkpt>
      <trkpt lat="39.448668" lon="-78.619153"></trkpt>
      <trkpt lat="39.449172" lon="-78.619282"></trkpt>
      <trkpt lat="39.449519" lon="-78.619281"></trkpt>
      <trkpt lat="39.449679" lon="-78.619266"></trkpt>
      <trkpt lat="39.449843" lon="-78.619204"></trkpt>
      <trkpt lat="39.450183" lon="-78.618960"></trkpt>
      <trkpt lat="39.450400" lon="-78.618779"></trkpt>
      <trkpt lat="39.450798" lon="-78.618266"></trkpt>
      <trkpt lat="39.451049" lon="-78.617393"></trkpt>
      <trkpt lat="39.451102" lon="-78.616872"></trkpt>
      <trkpt lat="39.451127" lon="-78.616420"></trkpt>
      <trkpt lat="39.451075" lon="-78.616032"></trkpt>
      <trkpt lat="39.450937" lon="-78.615648"></trkpt>
      <trkpt lat="39.450861" lon="-78.615305"></trkpt>
      <trkpt lat="39.450835" lon="-78.614927"></trkpt>
      <trkpt lat="39.450790" lon="-78.614662"></trkpt>
      <trkpt lat="39.450703" lon="-78.614444"></trkpt>
      <trkpt lat="39.450563" lon="-78.614180"></trkpt>
      <trkpt lat="39.450528" lon="-78.613990"></trkpt>
      <trkpt lat="39.450535" lon="-78.613725"></trkpt>
      <trkpt lat="39.450709" lon="-78.612040"></trkpt>
      <trkpt lat="39.450704" lon="-78.611288"></trkpt>
      <trkpt lat="39.450675" lon="-78.610982"></trkpt>
      <trkpt lat="39.450597" lon="-78.610778"></trkpt>
      <trkpt lat="39.450552" lon="-78.610727"></trkpt>
      <trkpt lat="39.450485" lon="-78.610682"></trkpt>
      <trkpt lat="39.450290" lon="-78.610709"></trkpt>
      <trkpt lat="39.450113" lon="-78.610784"></trkpt>
      <trkpt lat="39.449439" lon="-78.611180"></trkpt>
      <trkpt lat="39.449411" lon="-78.611196"></trkpt>
      <trkpt lat="39.448697" lon="-78.611671"></trkpt>
      <trkpt lat="39.448558" lon="-78.611740"></trkpt>
      <trkpt lat="39.448428" lon="-78.611786"></trkpt>
      <trkpt lat="39.448349" lon="-78.611784"></trkpt>
      <trkpt lat="39.448279" lon="-78.611772"></trkpt>
      <trkpt lat="39.448225" lon="-78.611742"></trkpt>
      <trkpt lat="39.448180" lon="-78.611700"></trkpt>
      <trkpt lat="39.448149" lon="-78.611639"></trkpt>
      <trkpt lat="39.448128" lon="-78.611542"></trkpt>
      <trkpt lat="39.448146" lon="-78.610881"></trkpt>
      <trkpt lat="39.448133" lon="-78.610753"></trkpt>
      <trkpt lat="39.448106" lon="-78.610615"></trkpt>
      <trkpt lat="39.448057" lon="-78.610426"></trkpt>
      <trkpt lat="39.448005" lon="-78.610240"></trkpt>
      <trkpt lat="39.447934" lon="-78.610075"></trkpt>
      <trkpt lat="39.447859" lon="-78.609913"></trkpt>
      <trkpt lat="39.447757" lon="-78.609771"></trkpt>
      <trkpt lat="39.447640" lon="-78.609632"></trkpt>
      <trkpt lat="39.447559" lon="-78.609565"></trkpt>
      <trkpt lat="39.447483" lon="-78.609516"></trkpt>
      <trkpt lat="39.447374" lon="-78.609477"></trkpt>
      <trkpt lat="39.447233" lon="-78.609467"></trkpt>
      <trkpt lat="39.447079" lon="-78.609477"></trkpt>
      <trkpt lat="39.446944" lon="-78.609494"></trkpt>
      <trkpt lat="39.446730" lon="-78.609568"></trkpt>
      <trkpt lat="39.446495" lon="-78.609683"></trkpt>
      <trkpt lat="39.445956" lon="-78.610011"></trkpt>
      <trkpt lat="39.445752" lon="-78.610122"></trkpt>
      <trkpt lat="39.445220" lon="-78.610355"></trkpt>
      <trkpt lat="39.443779" lon="-78.610914"></trkpt>
      <trkpt lat="39.442315" lon="-78.610854"></trkpt>
      <trkpt lat="39.440058" lon="-78.610189"></trkpt>
      <trkpt lat="39.438535" lon="-78.609617"></trkpt>
      <trkpt lat="39.438502" lon="-78.609594"></trkpt>
      <trkpt lat="39.438458" lon="-78.609564"></trkpt>
      <trkpt lat="39.438373" lon="-78.609462"></trkpt>
      <trkpt lat="39.438215" lon="-78.609175"></trkpt>
      <trkpt lat="39.437928" lon="-78.608559"></trkpt>
      <trkpt lat="39.437748" lon="-78.608178"></trkpt>
      <trkpt lat="39.437594" lon="-78.607895"></trkpt>
      <trkpt lat="39.437400" lon="-78.607651"></trkpt>
      <trkpt lat="39.437117" lon="-78.607411"></trkpt>
      <trkpt lat="39.436455" lon="-78.606642"></trkpt>
      <trkpt lat="39.435654" lon="-78.605512"></trkpt>
      <trkpt lat="39.435039" lon="-78.604302"></trkpt>
      <trkpt lat="39.434870" lon="-78.603958"></trkpt>
      <trkpt lat="39.434690" lon="-78.603612"></trkpt>
      <trkpt lat="39.434530" lon="-78.603343"></trkpt>
      <trkpt lat="39.434348" lon="-78.603085"></trkpt>
      <trkpt lat="39.434118" lon="-78.602800"></trkpt>
      <trkpt lat="39.433863" lon="-78.602523"></trkpt>
      <trkpt lat="39.433384" lon="-78.602008"></trkpt>
      <trkpt lat="39.433233" lon="-78.601823"></trkpt>
      <trkpt lat="39.433088" lon="-78.601615"></trkpt>
      <trkpt lat="39.432955" lon="-78.601378"></trkpt>
      <trkpt lat="39.432835" lon="-78.601132"></trkpt>
      <trkpt lat="39.432725" lon="-78.600874"></trkpt>
      <trkpt lat="39.432637" lon="-78.600617"></trkpt>
      <trkpt lat="39.432552" lon="-78.600403"></trkpt>
      <trkpt lat="39.432436" lon="-78.600210"></trkpt>
      <trkpt lat="39.432348" lon="-78.600098"></trkpt>
      <trkpt lat="39.432256" lon="-78.599997"></trkpt>
      <trkpt lat="39.431910" lon="-78.599637"></trkpt>
      <trkpt lat="39.431629" lon="-78.599353"></trkpt>
      <trkpt lat="39.431262" lon="-78.599162"></trkpt>
      <trkpt lat="39.430948" lon="-78.599138"></trkpt>
      <trkpt lat="39.430791" lon="-78.599138"></trkpt>
      <trkpt lat="39.430596" lon="-78.599199"></trkpt>
      <trkpt lat="39.430425" lon="-78.599206"></trkpt>
      <trkpt lat="39.430301" lon="-78.599162"></trkpt>
      <trkpt lat="39.430196" lon="-78.599101"></trkpt>
      <trkpt lat="39.430087" lon="-78.598990"></trkpt>
      <trkpt lat="39.429876" lon="-78.598737"></trkpt>
      <trkpt lat="39.429476" lon="-78.598077"></trkpt>
      <trkpt lat="39.429332" lon="-78.597868"></trkpt>
      <trkpt lat="39.429180" lon="-78.597696"></trkpt>
      <trkpt lat="39.428815" lon="-78.597417"></trkpt>
      <trkpt lat="39.428503" lon="-78.597262"></trkpt>
      <trkpt lat="39.428348" lon="-78.597149"></trkpt>
      <trkpt lat="39.428169" lon="-78.596985"></trkpt>
      <trkpt lat="39.428034" lon="-78.596767"></trkpt>
      <trkpt lat="39.427933" lon="-78.596529"></trkpt>
      <trkpt lat="39.427174" lon="-78.594673"></trkpt>
      <trkpt lat="39.427114" lon="-78.594515"></trkpt>
      <trkpt lat="39.427026" lon="-78.594199"></trkpt>
      <trkpt lat="39.427003" lon="-78.594048"></trkpt>
      <trkpt lat="39.427003" lon="-78.594048"></trkpt>
      <trkpt lat="39.426873" lon="-78.593205"></trkpt>
      <trkpt lat="39.426612" lon="-78.592283"></trkpt>
      <trkpt lat="39.426374" lon="-78.591494"></trkpt>
      <trkpt lat="39.426272" lon="-78.591040"></trkpt>
      <trkpt lat="39.426156" lon="-78.590409"></trkpt>
      <trkpt lat="39.426035" lon="-78.589309"></trkpt>
      <trkpt lat="39.425941" lon="-78.588528"></trkpt>
      <trkpt lat="39.425856" lon="-78.587811"></trkpt>
      <trkpt lat="39.425794" lon="-78.587360"></trkpt>
      <trkpt lat="39.425732" lon="-78.586969"></trkpt>
      <trkpt lat="39.425623" lon="-78.586628"></trkpt>
      <trkpt lat="39.425349" lon="-78.586126"></trkpt>
      <trkpt lat="39.425214" lon="-78.585956"></trkpt>
      <trkpt lat="39.425030" lon="-78.585726"></trkpt>
      <trkpt lat="39.424481" lon="-78.585028"></trkpt>
      <trkpt lat="39.424270" lon="-78.584838"></trkpt>
      <trkpt lat="39.424057" lon="-78.584744"></trkpt>
      <trkpt lat="39.423791" lon="-78.584736"></trkpt>
      <trkpt lat="39.423400" lon="-78.584881"></trkpt>
      <trkpt lat="39.422805" lon="-78.585286"></trkpt>
      <trkpt lat="39.422312" lon="-78.585522"></trkpt>
      <trkpt lat="39.422101" lon="-78.585591"></trkpt>
      <trkpt lat="39.421849" lon="-78.585606"></trkpt>
      <trkpt lat="39.421652" lon="-78.585587"></trkpt>
      <trkpt lat="39.421320" lon="-78.585409"></trkpt>
      <trkpt lat="39.421088" lon="-78.585239"></trkpt>
      <trkpt lat="39.420919" lon="-78.585039"></trkpt>
      <trkpt lat="39.420723" lon="-78.584730"></trkpt>
      <trkpt lat="39.419558" lon="-78.582456"></trkpt>
      <trkpt lat="39.419103" lon="-78.581624"></trkpt>
      <trkpt lat="39.418640" lon="-78.580377"></trkpt>
      <trkpt lat="39.418370" lon="-78.579579"></trkpt>
      <trkpt lat="39.418410" lon="-78.579142"></trkpt>
      <trkpt lat="39.418520" lon="-78.578756"></trkpt>
      <trkpt lat="39.418740" lon="-78.578396"></trkpt>
      <trkpt lat="39.418919" lon="-78.578023"></trkpt>
      <trkpt lat="39.419254" lon="-78.577360"></trkpt>
      <trkpt lat="39.419392" lon="-78.577050"></trkpt>
      <trkpt lat="39.419484" lon="-78.576813"></trkpt>
      <trkpt lat="39.419581" lon="-78.576421"></trkpt>
      <trkpt lat="39.419575" lon="-78.576018"></trkpt>
      <trkpt lat="39.419473" lon="-78.575543"></trkpt>
      <trkpt lat="39.419237" lon="-78.574726"></trkpt>
      <trkpt lat="39.419018" lon="-78.574257"></trkpt>
      <trkpt lat="39.418018" lon="-78.572313"></trkpt>
      <trkpt lat="39.417932" lon="-78.572150"></trkpt>
      <trkpt lat="39.417414" lon="-78.570699"></trkpt>
      <trkpt lat="39.417359" lon="-78.569766"></trkpt>
      <trkpt lat="39.417475" lon="-78.568742"></trkpt>
      <trkpt lat="39.417578" lon="-78.568310"></trkpt>
      <trkpt lat="39.417666" lon="-78.567927"></trkpt>
      <trkpt lat="39.417843" lon="-78.567378"></trkpt>
      <trkpt lat="39.417888" lon="-78.567095"></trkpt>
      <trkpt lat="39.417883" lon="-78.566998"></trkpt>
      <trkpt lat="39.417830" lon="-78.566798"></trkpt>
      <trkpt lat="39.417669" lon="-78.566555"></trkpt>
      <trkpt lat="39.417002" lon="-78.566246"></trkpt>
      <trkpt lat="39.416803" lon="-78.566135"></trkpt>
      <trkpt lat="39.416556" lon="-78.566038"></trkpt>
      <trkpt lat="39.415869" lon="-78.565695"></trkpt>
      <trkpt lat="39.415273" lon="-78.565572"></trkpt>
      <trkpt lat="39.415043" lon="-78.565512"></trkpt>
      <trkpt lat="39.414771" lon="-78.565372"></trkpt>
      <trkpt lat="39.414243" lon="-78.564988"></trkpt>
      <trkpt lat="39.413879" lon="-78.564777"></trkpt>
      <trkpt lat="39.413581" lon="-78.564523"></trkpt>
      <trkpt lat="39.413199" lon="-78.564022"></trkpt>
      <trkpt lat="39.412556" lon="-78.563011"></trkpt>
      <trkpt lat="39.411995" lon="-78.562094"></trkpt>
      <trkpt lat="39.411652" lon="-78.561619"></trkpt>
      <trkpt lat="39.411099" lon="-78.560926"></trkpt>
      <trkpt lat="39.410795" lon="-78.560522"></trkpt>
      <trkpt lat="39.410465" lon="-78.560130"></trkpt>
      <trkpt lat="39.410223" lon="-78.559910"></trkpt>
      <trkpt lat="39.410002" lon="-78.559753"></trkpt>
      <trkpt lat="39.409801" lon="-78.559660"></trkpt>
      <trkpt lat="39.409552" lon="-78.559627"></trkpt>
      <trkpt lat="39.409266" lon="-78.559660"></trkpt>
      <trkpt lat="39.408974" lon="-78.559694"></trkpt>
      <trkpt lat="39.408729" lon="-78.559692"></trkpt>
      <trkpt lat="39.408520" lon="-78.559660"></trkpt>
      <trkpt lat="39.408369" lon="-78.559591"></trkpt>
      <trkpt lat="39.408188" lon="-78.559431"></trkpt>
      <trkpt lat="39.408033" lon="-78.559228"></trkpt>
      <trkpt lat="39.407744" lon="-78.558645"></trkpt>
      <trkpt lat="39.407380" lon="-78.557712"></trkpt>
      <trkpt lat="39.407336" lon="-78.557510"></trkpt>
      <trkpt lat="39.407306" lon="-78.557211"></trkpt>
      <trkpt lat="39.407328" lon="-78.556694"></trkpt>
      <trkpt lat="39.407346" lon="-78.555748"></trkpt>
      <trkpt lat="39.407317" lon="-78.555554"></trkpt>
      <trkpt lat="39.407273" lon="-78.555393"></trkpt>
      <trkpt lat="39.407164" lon="-78.555259"></trkpt>
      <trkpt lat="39.407043" lon="-78.555181"></trkpt>
      <trkpt lat="39.406811" lon="-78.555120"></trkpt>
      <trkpt lat="39.406336" lon="-78.555017"></trkpt>
      <trkpt lat="39.405962" lon="-78.554922"></trkpt>
      <trkpt lat="39.405692" lon="-78.554855"></trkpt>
      <trkpt lat="39.405362" lon="-78.554851"></trkpt>
      <trkpt lat="39.404843" lon="-78.554892"></trkpt>
      <trkpt lat="39.404661" lon="-78.554878"></trkpt>
      <trkpt lat="39.404493" lon="-78.554837"></trkpt>
      <trkpt lat="39.404322" lon="-78.554746"></trkpt>
      <trkpt lat="39.403824" lon="-78.554257"></trkpt>
      <trkpt lat="39.402740" lon="-78.552988"></trkpt>
      <trkpt lat="39.402275" lon="-78.552423"></trkpt>
      <trkpt lat="39.401823" lon="-78.551893"></trkpt>
      <trkpt lat="39.401574" lon="-78.551639"></trkpt>
      <trkpt lat="39.401303" lon="-78.551489"></trkpt>
      <trkpt lat="39.400853" lon="-78.551380"></trkpt>
      <trkpt lat="39.400303" lon="-78.551346"></trkpt>
      <trkpt lat="39.399849" lon="-78.551338"></trkpt>
      <trkpt lat="39.399240" lon="-78.551409"></trkpt>
      <trkpt lat="39.398895" lon="-78.551477"></trkpt>
      <trkpt lat="39.398450" lon="-78.551506"></trkpt>
      <trkpt lat="39.398065" lon="-78.551504"></trkpt>
      <trkpt lat="39.397470" lon="-78.551442"></trkpt>
      <trkpt lat="39.397181" lon="-78.551385"></trkpt>
      <trkpt lat="39.396548" lon="-78.551152"></trkpt>
      <trkpt lat="39.395832" lon="-78.550882"></trkpt>
      <trkpt lat="39.395436" lon="-78.550775"></trkpt>
      <trkpt lat="39.395073" lon="-78.550527"></trkpt>
      <trkpt lat="39.394887" lon="-78.550421"></trkpt>
      <trkpt lat="39.394665" lon="-78.550394"></trkpt>
      <trkpt lat="39.394411" lon="-78.550402"></trkpt>
      <trkpt lat="39.393681" lon="-78.550697"></trkpt>
      <trkpt lat="39.393298" lon="-78.550862"></trkpt>
      <trkpt lat="39.392851" lon="-78.550962"></trkpt>
      <trkpt lat="39.391177" lon="-78.551210"></trkpt>
      <trkpt lat="39.390854" lon="-78.551177"></trkpt>
      <trkpt lat="39.390493" lon="-78.551028"></trkpt>
      <trkpt lat="39.390246" lon="-78.550925"></trkpt>
      <trkpt lat="39.389965" lon="-78.550809"></trkpt>
      <trkpt lat="39.389875" lon="-78.550766"></trkpt>
      <trkpt lat="39.389552" lon="-78.550614"></trkpt>
      <trkpt lat="39.389325" lon="-78.550479"></trkpt>
      <trkpt lat="39.389059" lon="-78.550352"></trkpt>
      <trkpt lat="39.388887" lon="-78.550203"></trkpt>
      <trkpt lat="39.388564" lon="-78.549849"></trkpt>
      <trkpt lat="39.388479" lon="-78.549648"></trkpt>
      <trkpt lat="39.388378" lon="-78.549418"></trkpt>
      <trkpt lat="39.388026" lon="-78.548834"></trkpt>
      <trkpt lat="39.387963" lon="-78.548720"></trkpt>
      <trkpt lat="39.387904" lon="-78.548629"></trkpt>
      <trkpt lat="39.387628" lon="-78.548196"></trkpt>
      <trkpt lat="39.387597" lon="-78.548126"></trkpt>
      <trkpt lat="39.387017" lon="-78.546798"></trkpt>
      <trkpt lat="39.386453" lon="-78.545460"></trkpt>
      <trkpt lat="39.386336" lon="-78.545154"></trkpt>
      <trkpt lat="39.386238" lon="-78.544897"></trkpt>
      <trkpt lat="39.385958" lon="-78.543963"></trkpt>
      <trkpt lat="39.385554" lon="-78.542944"></trkpt>
      <trkpt lat="39.385287" lon="-78.542496"></trkpt>
      <trkpt lat="39.385176" lon="-78.542199"></trkpt>
      <trkpt lat="39.384903" lon="-78.541677"></trkpt>
      <trkpt lat="39.384659" lon="-78.541150"></trkpt>
      <trkpt lat="39.384478" lon="-78.540664"></trkpt>
      <trkpt lat="39.384499" lon="-78.539580"></trkpt>
      <trkpt lat="39.384469" lon="-78.538770"></trkpt>
      <trkpt lat="39.384193" lon="-78.537256"></trkpt>
      <trkpt lat="39.384028" lon="-78.535743"></trkpt>
      <trkpt lat="39.383970" lon="-78.535088"></trkpt>
      <trkpt lat="39.383903" lon="-78.534793"></trkpt>
      <trkpt lat="39.383887" lon="-78.534659"></trkpt>
      <trkpt lat="39.383688" lon="-78.534321"></trkpt>
      <trkpt lat="39.383451" lon="-78.534005"></trkpt>
      <trkpt lat="39.383139" lon="-78.533322"></trkpt>
      <trkpt lat="39.382699" lon="-78.532449"></trkpt>
      <trkpt lat="39.382678" lon="-78.532406"></trkpt>
      <trkpt lat="39.382409" lon="-78.531921"></trkpt>
      <trkpt lat="39.381985" lon="-78.531413"></trkpt>
      <trkpt lat="39.381961" lon="-78.531384"></trkpt>
      <trkpt lat="39.381732" lon="-78.531205"></trkpt>
      <trkpt lat="39.381439" lon="-78.531022"></trkpt>
      <trkpt lat="39.380980" lon="-78.530783"></trkpt>
      <trkpt lat="39.380661" lon="-78.530651"></trkpt>
      <trkpt lat="39.380394" lon="-78.530474"></trkpt>
      <trkpt lat="39.380199" lon="-78.530207"></trkpt>
      <trkpt lat="39.380090" lon="-78.529945"></trkpt>
      <trkpt lat="39.380018" lon="-78.529691"></trkpt>
      <trkpt lat="39.380046" lon="-78.529417"></trkpt>
      <trkpt lat="39.380231" lon="-78.529113"></trkpt>
      <trkpt lat="39.380467" lon="-78.528711"></trkpt>
      <trkpt lat="39.380522" lon="-78.528437"></trkpt>
      <trkpt lat="39.380427" lon="-78.528145"></trkpt>
      <trkpt lat="39.380216" lon="-78.527885"></trkpt>
      <trkpt lat="39.379884" lon="-78.527465"></trkpt>
      <trkpt lat="39.379681" lon="-78.527123"></trkpt>
      <trkpt lat="39.379417" lon="-78.526811"></trkpt>
      <trkpt lat="39.379163" lon="-78.526543"></trkpt>
      <trkpt lat="39.378696" lon="-78.526279"></trkpt>
      <trkpt lat="39.378032" lon="-78.526029"></trkpt>
      <trkpt lat="39.377660" lon="-78.525785"></trkpt>
      <trkpt lat="39.377103" lon="-78.525451"></trkpt>
      <trkpt lat="39.376480" lon="-78.525104"></trkpt>
      <trkpt lat="39.376006" lon="-78.524700"></trkpt>
      <trkpt lat="39.375412" lon="-78.524245"></trkpt>
      <trkpt lat="39.375172" lon="-78.524077"></trkpt>
      <trkpt lat="39.374849" lon="-78.523773"></trkpt>
      <trkpt lat="39.374598" lon="-78.523585"></trkpt>
      <trkpt lat="39.374514" lon="-78.523504"></trkpt>
      <trkpt lat="39.374340" lon="-78.523337"></trkpt>
      <trkpt lat="39.374007" lon="-78.523025"></trkpt>
      <trkpt lat="39.373333" lon="-78.522445"></trkpt>
      <trkpt lat="39.373052" lon="-78.523660"></trkpt>
      <trkpt lat="39.372792" lon="-78.524782"></trkpt>
      <trkpt lat="39.372539" lon="-78.525876"></trkpt>
      <trkpt lat="39.371983" lon="-78.528280"></trkpt>
      <trkpt lat="39.371719" lon="-78.529504"></trkpt>
      <trkpt lat="39.371559" lon="-78.530119"></trkpt>
      <trkpt lat="39.371346" lon="-78.530587"></trkpt>
      <trkpt lat="39.371127" lon="-78.531007"></trkpt>
      <trkpt lat="39.370923" lon="-78.531393"></trkpt>
      <trkpt lat="39.370611" lon="-78.531970"></trkpt>
      <trkpt lat="39.369872" lon="-78.533295"></trkpt>
      <trkpt lat="39.369675" lon="-78.533666"></trkpt>
      <trkpt lat="39.369219" lon="-78.534524"></trkpt>
      <trkpt lat="39.368481" lon="-78.535888"></trkpt>
      <trkpt lat="39.368263" lon="-78.536271"></trkpt>
      <trkpt lat="39.368063" lon="-78.536681"></trkpt>
      <trkpt lat="39.367916" lon="-78.537043"></trkpt>
      <trkpt lat="39.367841" lon="-78.537280"></trkpt>
      <trkpt lat="39.367775" lon="-78.537532"></trkpt>
      <trkpt lat="39.367712" lon="-78.537811"></trkpt>
      <trkpt lat="39.367377" lon="-78.539409"></trkpt>
      <trkpt lat="39.367305" lon="-78.539758"></trkpt>
      <trkpt lat="39.367099" lon="-78.540772"></trkpt>
      <trkpt lat="39.366792" lon="-78.542140"></trkpt>
      <trkpt lat="39.366502" lon="-78.543331"></trkpt>
      <trkpt lat="39.366327" lon="-78.543958"></trkpt>
      <trkpt lat="39.366120" lon="-78.544634"></trkpt>
      <trkpt lat="39.365938" lon="-78.545176"></trkpt>
      <trkpt lat="39.365684" lon="-78.545889"></trkpt>
      <trkpt lat="39.365440" lon="-78.546512"></trkpt>
      <trkpt lat="39.365232" lon="-78.547016"></trkpt>
      <trkpt lat="39.365000" lon="-78.547563"></trkpt>
      <trkpt lat="39.364793" lon="-78.548051"></trkpt>
      <trkpt lat="39.364474" lon="-78.548690"></trkpt>
      <trkpt lat="39.364096" lon="-78.549414"></trkpt>
      <trkpt lat="39.363652" lon="-78.550192"></trkpt>
      <trkpt lat="39.363283" lon="-78.550792"></trkpt>
      <trkpt lat="39.362914" lon="-78.551366"></trkpt>
      <trkpt lat="39.362450" lon="-78.552064"></trkpt>
      <trkpt lat="39.362072" lon="-78.552595"></trkpt>
      <trkpt lat="39.361978" lon="-78.552713"></trkpt>
      <trkpt lat="39.361740" lon="-78.553013"></trkpt>
      <trkpt lat="39.361475" lon="-78.553335"></trkpt>
      <trkpt lat="39.361270" lon="-78.553537"></trkpt>
      <trkpt lat="39.360794" lon="-78.554006"></trkpt>
      <trkpt lat="39.360601" lon="-78.554234"></trkpt>
      <trkpt lat="39.360516" lon="-78.554334"></trkpt>
      <trkpt lat="39.360382" lon="-78.554462"></trkpt>
      <trkpt lat="39.359084" lon="-78.555700"></trkpt>
      <trkpt lat="39.358045" lon="-78.556691"></trkpt>
      <trkpt lat="39.357989" lon="-78.556737"></trkpt>
      <trkpt lat="39.357632" lon="-78.557032"></trkpt>
      <trkpt lat="39.357059" lon="-78.557499"></trkpt>
      <trkpt lat="39.351622" lon="-78.561929"></trkpt>
      <trkpt lat="39.348573" lon="-78.564345"></trkpt>
      <trkpt lat="39.347922" lon="-78.564878"></trkpt>
      <trkpt lat="39.346864" lon="-78.565743"></trkpt>
      <trkpt lat="39.346315" lon="-78.566192"></trkpt>
      <trkpt lat="39.346138" lon="-78.566336"></trkpt>
      <trkpt lat="39.345454" lon="-78.566896"></trkpt>
      <trkpt lat="39.345160" lon="-78.567136"></trkpt>
      <trkpt lat="39.344841" lon="-78.567397"></trkpt>
      <trkpt lat="39.344051" lon="-78.568044"></trkpt>
      <trkpt lat="39.341816" lon="-78.569875"></trkpt>
      <trkpt lat="39.341749" lon="-78.569930"></trkpt>
      <trkpt lat="39.341256" lon="-78.570334"></trkpt>
      <trkpt lat="39.341139" lon="-78.570410"></trkpt>
      <trkpt lat="39.340916" lon="-78.570607"></trkpt>
      <trkpt lat="39.340778" lon="-78.570729"></trkpt>
      <trkpt lat="39.340762" lon="-78.570743"></trkpt>
      <trkpt lat="39.339077" lon="-78.572055"></trkpt>
      <trkpt lat="39.334781" lon="-78.575626"></trkpt>
      <trkpt lat="39.329855" lon="-78.579617"></trkpt>
      <trkpt lat="39.329507" lon="-78.579886"></trkpt>
      <trkpt lat="39.328010" lon="-78.581143"></trkpt>
      <trkpt lat="39.325760" lon="-78.582974"></trkpt>
      <trkpt lat="39.325494" lon="-78.583174"></trkpt>
      <trkpt lat="39.324005" lon="-78.584388"></trkpt>
      <trkpt lat="39.320762" lon="-78.587033"></trkpt>
      <trkpt lat="39.319968" lon="-78.587681"></trkpt>
      <trkpt lat="39.319682" lon="-78.587914"></trkpt>
      <trkpt lat="39.317300" lon="-78.589862"></trkpt>
      <trkpt lat="39.316191" lon="-78.590769"></trkpt>
      <trkpt lat="39.316044" lon="-78.590890"></trkpt>
      <trkpt lat="39.315714" lon="-78.591160"></trkpt>
      <trkpt lat="39.311836" lon="-78.594331"></trkpt>
      <trkpt lat="39.311560" lon="-78.594539"></trkpt>
      <trkpt lat="39.311452" lon="-78.594619"></trkpt>
      <trkpt lat="39.311407" lon="-78.594656"></trkpt>
      <trkpt lat="39.311129" lon="-78.594887"></trkpt>
      <trkpt lat="39.310768" lon="-78.595171"></trkpt>
      <trkpt lat="39.309845" lon="-78.595979"></trkpt>
      <trkpt lat="39.309532" lon="-78.596220"></trkpt>
    </trkseg>
  </trk>
</gpx>
